time,open,high,low,close,tick_volume,spread,real_volume
2026-07-23 00:00:00+00:00,4133.419,4134.587,4128.442,4130.73,1816,40,0
2026-07-23 00:05:00+00:00,4130.71,4131.234,4127.487,4128.956,887,40,0
2026-07-23 00:10:00+00:00,4129.104,4129.136,4126.359,4126.857,738,40,0
2026-07-23 00:15:00+00:00,4126.731,4129.457,4126.678,4128.5,809,40,0
2026-07-23 00:20:00+00:00,4128.306,4133.015,4127.548,4132.762,936,40,0
2026-07-23 00:25:00+00:00,4132.85,4134.839,4128.959,4129.43,887,40,0
2026-07-23 00:30:00+00:00,4129.378,4131.723,4128.201,4130.35,787,40,0
2026-07-23 00:35:00+00:00,4130.277,4132.437,4127.911,4128.572,789,40,0
2026-07-23 00:40:00+00:00,4128.427,4129.337,4127.293,4127.955,737,40,0
2026-07-23 00:45:00+00:00,4127.904,4130.178,4126.905,4127.36,741,40,0
2026-07-23 00:50:00+00:00,4127.157,4129.562,4125.124,4129.183,725,40,0
2026-07-23 00:55:00+00:00,4128.88,4133.58,4127.624,4132.379,798,40,0
2026-07-23 01:00:00+00:00,4132.318,4139.189,4129.718,4133.153,3402,40,0
2026-07-23 01:05:00+00:00,4133.103,4134.954,4130.689,4133.728,1642,40,0
2026-07-23 01:10:00+00:00,4133.685,4137.244,4131.979,4134.821,1768,40,0
2026-07-23 01:15:00+00:00,4134.764,4137.792,4133.65,4136.078,1229,40,0
2026-07-23 01:20:00+00:00,4136.052,4140.272,4134.775,4137.883,1316,40,0
2026-07-23 01:25:00+00:00,4137.738,4141.209,4136.743,4137.602,1150,40,0
2026-07-23 01:30:00+00:00,4137.731,4139.548,4128.844,4133.238,2279,40,0
2026-07-23 01:35:00+00:00,4133.312,4133.98,4122.866,4122.959,2039,40,0
2026-07-23 01:40:00+00:00,4123.078,4127.674,4121.489,4121.58,1547,40,0
2026-07-23 01:45:00+00:00,4121.515,4123.848,4117.792,4121.593,1617,40,0
2026-07-23 01:50:00+00:00,4121.481,4122.693,4118.114,4118.956,1404,40,0
2026-07-23 01:55:00+00:00,4118.836,4119.34,4114.393,4118.027,1702,40,0
2026-07-23 02:00:00+00:00,4117.971,4119.044,4112.961,4114.069,1572,40,0
2026-07-23 02:05:00+00:00,4114.027,4116.961,4112.289,4114.392,1352,40,0
2026-07-23 02:10:00+00:00,4114.292,4118.546,4114.292,4117.743,1039,40,0
2026-07-23 02:15:00+00:00,4117.983,4118.384,4113.249,4115.108,1144,40,0
2026-07-23 02:20:00+00:00,4115.042,4117.266,4113.79,4116.306,947,40,0
2026-07-23 02:25:00+00:00,4116.245,4117.192,4114.279,4116.553,989,40,0
2026-07-23 02:30:00+00:00,4116.5,4119.416,4113.904,4116.527,1522,40,0
2026-07-23 02:35:00+00:00,4116.726,4119.081,4115.002,4118.669,1165,40,0
2026-07-23 02:40:00+00:00,4118.781,4122.291,4117.88,4122.209,975,40,0
2026-07-23 02:45:00+00:00,4122.158,4125.59,4122.103,4122.734,1204,40,0
2026-07-23 02:50:00+00:00,4122.82,4128.972,4121.357,4125.566,1156,40,0
2026-07-23 02:55:00+00:00,4125.624,4128.467,4125.141,4128.08,734,40,0
2026-07-23 03:00:00+00:00,4128.028,4129.341,4125.993,4126.177,899,40,0
2026-07-23 03:05:00+00:00,4126.119,4127.694,4124.564,4125.122,909,40,0
2026-07-23 03:10:00+00:00,4125.25,4127.455,4124.018,4127.455,836,40,0
2026-07-23 03:15:00+00:00,4127.509,4131.236,4126.645,4131.042,1007,40,0
2026-07-23 03:20:00+00:00,4131.057,4133.393,4130.519,4132.691,786,40,0
2026-07-23 03:25:00+00:00,4132.618,4132.618,4129.684,4130.441,750,40,0
2026-07-23 03:30:00+00:00,4130.402,4130.575,4128.437,4130.513,717,40,0
2026-07-23 03:35:00+00:00,4130.464,4131.218,4128.686,4129.445,604,40,0
2026-07-23 03:40:00+00:00,4129.432,4130.321,4126.135,4128.824,912,40,0
2026-07-23 03:45:00+00:00,4128.89,4129.038,4125.079,4125.674,611,40,0
2026-07-23 03:50:00+00:00,4125.687,4126.327,4124.972,4125.971,433,40,0
2026-07-23 03:55:00+00:00,4125.919,4126.142,4124.01,4124.768,479,40,0
2026-07-23 04:00:00+00:00,4124.776,4125.415,4122.794,4123.775,442,40,0
2026-07-23 04:05:00+00:00,4123.723,4125.787,4122.494,4125.524,596,40,0
2026-07-23 04:10:00+00:00,4125.472,4127.661,4123.987,4127.661,712,40,0
2026-07-23 04:15:00+00:00,4127.7,4128.469,4125.085,4125.393,692,40,0
2026-07-23 04:20:00+00:00,4125.662,4129.315,4125.415,4128.165,632,40,0
2026-07-23 04:25:00+00:00,4128.355,4130.032,4127.262,4129.843,622,40,0
2026-07-23 04:30:00+00:00,4129.727,4130.55,4125.73,4126.824,835,40,0
2026-07-23 04:35:00+00:00,4126.93,4127.61,4125.817,4125.957,553,40,0
2026-07-23 04:40:00+00:00,4125.969,4125.969,4123.07,4123.391,540,40,0
2026-07-23 04:45:00+00:00,4123.329,4124.482,4121.547,4122.012,591,40,0
2026-07-23 04:50:00+00:00,4122.081,4122.95,4120.125,4121.017,525,40,0
2026-07-23 04:55:00+00:00,4120.95,4121.762,4120.169,4121.451,468,40,0
2026-07-23 05:00:00+00:00,4121.426,4122.737,4119.597,4120.677,792,40,0
2026-07-23 05:05:00+00:00,4120.729,4124.296,4120.505,4124.151,617,40,0
2026-07-23 05:10:00+00:00,4124.272,4124.947,4123.334,4124.45,597,40,0
2026-07-23 05:15:00+00:00,4124.289,4124.339,4121.402,4122.263,619,40,0
2026-07-23 05:20:00+00:00,4122.025,4122.951,4119.885,4121.403,603,40,0
2026-07-23 05:25:00+00:00,4121.629,4125.773,4121.089,4125.721,649,40,0
2026-07-23 05:30:00+00:00,4125.575,4128.618,4123.381,4127.528,1514,40,0
2026-07-23 05:35:00+00:00,4127.595,4128.499,4126.073,4126.356,904,40,0
2026-07-23 05:40:00+00:00,4126.303,4127.88,4124.533,4127.654,1003,40,0
2026-07-23 05:45:00+00:00,4127.604,4130.702,4126.118,4126.85,957,40,0
2026-07-23 05:50:00+00:00,4126.591,4127.564,4124.156,4125.421,853,40,0
2026-07-23 05:55:00+00:00,4125.223,4125.594,4120.588,4123.93,1013,40,0
2026-07-23 06:00:00+00:00,4123.991,4128.307,4123.351,4124.196,1449,40,0
2026-07-23 06:05:00+00:00,4124.187,4125.036,4121.195,4122.42,1091,40,0
2026-07-23 06:10:00+00:00,4122.401,4124.535,4121.744,4123.135,749,40,0
2026-07-23 06:15:00+00:00,4123.075,4127.714,4122.466,4126.813,870,40,0
2026-07-23 06:20:00+00:00,4126.876,4127.313,4123.45,4125.078,701,40,0
2026-07-23 06:25:00+00:00,4124.879,4125.107,4121.232,4122.142,816,40,0
2026-07-23 06:30:00+00:00,4122.174,4123.184,4120.535,4122.532,899,40,0
2026-07-23 06:35:00+00:00,4122.34,4123.881,4120.955,4121.04,883,40,0
2026-07-23 06:40:00+00:00,4120.979,4121.364,4116.978,4120.149,1015,40,0
2026-07-23 06:45:00+00:00,4120.148,4122.473,4119.024,4121.721,827,40,0
2026-07-23 06:50:00+00:00,4121.803,4122.296,4119.757,4120.381,750,40,0
2026-07-23 06:55:00+00:00,4120.305,4120.556,4117.836,4118.711,788,40,0
2026-07-23 07:00:00+00:00,4118.691,4119.61,4114.015,4115.514,1497,40,0
2026-07-23 07:05:00+00:00,4115.582,4116.411,4109.538,4110.725,1151,40,0
2026-07-23 07:10:00+00:00,4110.506,4110.714,4101.995,4106.674,1636,40,0
2026-07-23 07:15:00+00:00,4106.623,4111.913,4106.509,4109.506,1499,40,0
2026-07-23 07:20:00+00:00,4109.813,4109.835,4105.464,4105.882,1233,40,0
2026-07-23 07:25:00+00:00,4105.962,4110.739,4105.915,4108.703,954,40,0
2026-07-23 07:30:00+00:00,4108.699,4109.078,4102.086,4105.235,1141,40,0
2026-07-23 07:35:00+00:00,4105.479,4105.944,4099.382,4100.812,1209,40,0
2026-07-23 07:40:00+00:00,4100.925,4102.201,4091.349,4095.769,1535,40,0
2026-07-23 07:45:00+00:00,4095.824,4097.057,4091.237,4093.301,1499,40,0
2026-07-23 07:50:00+00:00,4093.082,4095.237,4090.038,4093.375,1336,40,0
2026-07-23 07:55:00+00:00,4093.317,4097.012,4092.263,4095.626,1473,40,0
2026-07-23 08:00:00+00:00,4095.577,4097.426,4090.146,4092.732,1600,40,0
2026-07-23 08:05:00+00:00,4092.789,4096.27,4092.276,4096.074,1082,40,0
2026-07-23 08:10:00+00:00,4096.126,4097.837,4090.192,4091.721,1101,40,0
2026-07-23 08:15:00+00:00,4091.671,4092.659,4089.381,4089.828,1023,40,0
2026-07-23 08:20:00+00:00,4089.855,4091.806,4088.469,4090.83,969,40,0
2026-07-23 08:25:00+00:00,4090.883,4092.249,4088.953,4092.112,868,40,0
2026-07-23 08:30:00+00:00,4092.049,4093.571,4090.004,4092.611,994,40,0
2026-07-23 08:35:00+00:00,4092.628,4093.8,4090.983,4091.931,844,40,0
2026-07-23 08:40:00+00:00,4091.945,4092.878,4088.537,4092.386,938,40,0
2026-07-23 08:45:00+00:00,4092.278,4092.317,4087.068,4089.741,945,40,0
2026-07-23 08:50:00+00:00,4089.621,4093.004,4088.164,4092.969,904,40,0
2026-07-23 08:55:00+00:00,4093.154,4094.84,4092.494,4093.392,664,40,0
2026-07-23 09:00:00+00:00,4093.283,4099.445,4092.845,4099.05,1297,40,0
2026-07-23 09:05:00+00:00,4099.16,4099.16,4096.668,4097.188,870,40,0
2026-07-23 09:10:00+00:00,4097.188,4098.811,4094.801,4095.109,798,40,0
2026-07-23 09:15:00+00:00,4095.049,4097.047,4094.205,4096.857,730,40,0
2026-07-23 09:20:00+00:00,4097.056,4097.056,4093.142,4093.687,784,40,0
2026-07-23 09:25:00+00:00,4093.426,4094.432,4089.434,4091.321,807,40,0
2026-07-23 09:30:00+00:00,4091.374,4092.285,4088.743,4092.068,1141,40,0
2026-07-23 09:35:00+00:00,4092.052,4092.997,4090.761,4091.99,796,40,0
2026-07-23 09:40:00+00:00,4091.937,4093.114,4090.508,4091.875,721,40,0
2026-07-23 09:45:00+00:00,4091.919,4094.443,4091.62,4093.403,703,40,0
2026-07-23 09:50:00+00:00,4093.207,4094.035,4089.793,4093.028,796,40,0
2026-07-23 09:55:00+00:00,4092.946,4093.233,4088.482,4090.129,718,40,0
2026-07-23 10:00:00+00:00,4090.076,4091.69,4088.053,4090.609,950,40,0
2026-07-23 10:05:00+00:00,4090.789,4091.435,4088.038,4089.126,884,40,0
2026-07-23 10:10:00+00:00,4089.155,4091.667,4088.423,4090.842,777,40,0
2026-07-23 10:15:00+00:00,4090.789,4092.668,4088.68,4088.68,827,40,0
2026-07-23 10:20:00+00:00,4088.869,4089.366,4086.035,4087.636,983,40,0
2026-07-23 10:25:00+00:00,4087.698,4090.514,4087.226,4089.953,698,40,0
2026-07-23 10:30:00+00:00,4089.937,4092.998,4086.655,4087.527,976,40,0
2026-07-23 10:35:00+00:00,4087.472,4090.226,4086.645,4089.901,775,40,0
2026-07-23 10:40:00+00:00,4090.056,4090.056,4087.554,4089.34,784,40,0
2026-07-23 10:45:00+00:00,4089.271,4093.5,4087.288,4093.371,710,40,0
2026-07-23 10:50:00+00:00,4093.321,4094.478,4091.861,4093.882,834,40,0
2026-07-23 10:55:00+00:00,4093.88,4095.519,4092.044,4093.418,672,40,0
2026-07-23 11:00:00+00:00,4093.221,4093.99,4090.645,4092.001,1075,40,0
2026-07-23 11:05:00+00:00,4092.064,4092.422,4088.572,4088.771,903,40,0
2026-07-23 11:10:00+00:00,4088.821,4089.714,4086.894,4087.891,813,40,0
2026-07-23 11:15:00+00:00,4087.83,4089.5,4084.286,4085.788,1147,40,0
2026-07-23 11:20:00+00:00,4085.734,4087.059,4080.882,4083.971,1299,40,0
2026-07-23 11:25:00+00:00,4083.919,4085.248,4081.4,4084.331,1147,40,0
2026-07-23 11:30:00+00:00,4084.193,4084.343,4079.491,4081.105,1439,40,0
2026-07-23 11:35:00+00:00,4081.056,4083.279,4079.276,4079.47,1495,40,0
2026-07-23 11:40:00+00:00,4079.417,4079.825,4072.811,4078.954,1757,40,0
2026-07-23 11:45:00+00:00,4078.904,4082.28,4077.869,4081.984,1187,40,0
2026-07-23 11:50:00+00:00,4081.908,4089.516,4081.557,4084.523,1328,40,0
2026-07-23 11:55:00+00:00,4084.473,4086.369,4082.976,4085.849,804,40,0
2026-07-23 12:00:00+00:00,4085.797,4086.18,4082.173,4083.341,955,40,0
2026-07-23 12:05:00+00:00,4083.65,4085.51,4081.81,4083.307,992,40,0
2026-07-23 12:10:00+00:00,4083.384,4085.608,4081.15,4081.448,887,40,0
2026-07-23 12:15:00+00:00,4081.707,4083.2,4072.803,4077.939,1501,40,0
2026-07-23 12:20:00+00:00,4077.824,4078.368,4070.395,4071.905,1970,40,0
2026-07-23 12:25:00+00:00,4071.916,4077.285,4071.225,4075.316,1581,40,0
2026-07-23 12:30:00+00:00,4074.891,4075.143,4067.64,4074.689,1524,40,0
2026-07-23 12:35:00+00:00,4074.607,4075.027,4063.999,4073.144,2152,40,0
2026-07-23 12:40:00+00:00,4073.092,4073.168,4066.281,4069.268,1877,40,0
2026-07-23 12:45:00+00:00,4069.324,4069.44,4063.021,4066.215,2326,40,0
2026-07-23 12:50:00+00:00,4066.1,4068.256,4061.905,4064.002,1715,40,0
2026-07-23 12:55:00+00:00,4064.198,4066.886,4060.918,4061.837,1684,40,0
2026-07-23 13:00:00+00:00,4061.865,4063.788,4054.475,4055.484,3736,40,0
2026-07-23 13:05:00+00:00,4055.785,4057.287,4044.861,4047.293,3864,40,0
2026-07-23 13:10:00+00:00,4047.345,4047.529,4040.388,4041.103,3275,40,0
2026-07-23 13:15:00+00:00,4041.177,4049.562,4040.606,4048.919,2624,40,0
2026-07-23 13:20:00+00:00,4048.869,4054.246,4048.488,4051.707,2054,40,0
2026-07-23 13:25:00+00:00,4051.51,4059.08,4051.51,4058.63,1868,40,0
2026-07-23 13:30:00+00:00,4058.575,4067.663,4058.366,4063.398,3519,40,0
2026-07-23 13:35:00+00:00,4063.23,4064.65,4055.463,4056.871,2828,40,0
2026-07-23 13:40:00+00:00,4056.92,4062.458,4055.474,4056.493,2305,40,0
2026-07-23 13:45:00+00:00,4056.542,4057.119,4049.973,4052.749,2406,40,0
2026-07-23 13:50:00+00:00,4052.798,4059.072,4051.782,4056.53,2138,40,0
2026-07-23 13:55:00+00:00,4056.479,4057.717,4042.781,4043.409,2795,40,0
2026-07-23 14:00:00+00:00,4043.603,4050.69,4042.829,4044.181,2198,40,0
2026-07-23 14:05:00+00:00,4044.257,4046.182,4040.186,4045.808,2503,40,0
2026-07-23 14:10:00+00:00,4045.577,4051.465,4041.803,4048.175,2684,40,0
2026-07-23 14:15:00+00:00,4047.852,4050.328,4042.291,4044.381,2732,40,0
2026-07-23 14:20:00+00:00,4044.43,4052.512,4042.816,4052.384,2322,40,0
2026-07-23 14:25:00+00:00,4052.143,4056.978,4051.175,4056.419,1881,40,0
2026-07-23 14:30:00+00:00,4056.354,4058.32,4051.771,4054.461,1933,40,0
2026-07-23 14:35:00+00:00,4054.511,4060.865,4051.653,4059.035,2157,40,0
2026-07-23 14:40:00+00:00,4058.983,4059.835,4056.014,4056.979,1750,40,0
2026-07-23 14:45:00+00:00,4057.154,4061.903,4055.979,4059.106,1602,40,0
2026-07-23 14:50:00+00:00,4059.162,4060.502,4056.713,4057.105,1486,40,0
2026-07-23 14:55:00+00:00,4057.057,4060.145,4056.621,4058.039,1290,40,0
2026-07-23 15:00:00+00:00,4058.096,4059.51,4055.599,4056.946,1469,40,0
2026-07-23 15:05:00+00:00,4056.896,4057.72,4051.688,4052.25,1513,40,0
2026-07-23 15:10:00+00:00,4052.31,4054.236,4049.457,4051.499,1731,40,0
2026-07-23 15:15:00+00:00,4051.422,4056.944,4050.197,4052.864,1727,40,0
2026-07-23 15:20:00+00:00,4052.913,4053.778,4045.504,4050.29,2195,40,0
2026-07-23 15:25:00+00:00,4050.103,4050.829,4046.444,4046.994,1623,40,0
2026-07-23 15:30:00+00:00,4047.182,4047.239,4042.288,4045.952,2123,40,0
2026-07-23 15:35:00+00:00,4045.898,4051.209,4045.563,4049.23,2079,40,0
2026-07-23 15:40:00+00:00,4049.117,4053.42,4047.965,4047.965,1595,40,0
2026-07-23 15:45:00+00:00,4048.194,4051.199,4047.321,4049.616,1256,40,0
2026-07-23 15:50:00+00:00,4049.314,4050.979,4046.84,4050.236,1140,40,0
2026-07-23 15:55:00+00:00,4050.471,4050.767,4046.827,4048.634,866,40,0
2026-07-23 16:00:00+00:00,4048.75,4050.831,4048.397,4048.397,968,40,0
2026-07-23 16:05:00+00:00,4048.651,4050.362,4047.439,4048.866,1000,40,0
2026-07-23 16:10:00+00:00,4048.749,4050.93,4047.925,4050.378,732,40,0
2026-07-23 16:15:00+00:00,4050.316,4050.775,4045.862,4046.734,800,40,0
2026-07-23 16:20:00+00:00,4046.805,4051.345,4046.605,4048.668,700,40,0
2026-07-23 16:25:00+00:00,4048.871,4051.322,4048.448,4050.229,674,40,0
2026-07-23 16:30:00+00:00,4050.281,4050.773,4047.94,4048.416,668,40,0
2026-07-23 16:35:00+00:00,4048.498,4050.749,4046.964,4050.389,817,40,0
2026-07-23 16:40:00+00:00,4050.271,4050.92,4049.135,4050.008,536,40,0
2026-07-23 16:45:00+00:00,4049.957,4050.91,4048.804,4049.258,623,40,0
2026-07-23 16:50:00+00:00,4049.181,4049.844,4047.945,4049.163,709,40,0
2026-07-23 16:55:00+00:00,4049.272,4051.942,4048.972,4051.404,633,40,0
2026-07-23 17:00:00+00:00,4051.457,4054.735,4050.533,4051.755,1063,40,0
2026-07-23 17:05:00+00:00,4051.869,4053.258,4046.932,4048.244,919,40,0
2026-07-23 17:10:00+00:00,4048.226,4049.545,4046.823,4047.401,884,40,0
2026-07-23 17:15:00+00:00,4047.454,4049.711,4046.144,4046.771,849,40,0
2026-07-23 17:20:00+00:00,4046.565,4050.63,4046.565,4048.774,1022,40,0
2026-07-23 17:25:00+00:00,4048.976,4049.775,4046.778,4047.499,1134,40,0
2026-07-23 17:30:00+00:00,4047.39,4049.165,4046.894,4047.622,960,40,0
2026-07-23 17:35:00+00:00,4047.569,4047.693,4044.147,4044.76,913,40,0
2026-07-23 17:40:00+00:00,4045.039,4045.623,4041.804,4043.051,901,40,0
2026-07-23 17:45:00+00:00,4042.992,4044.556,4042.158,4044.377,876,40,0
2026-07-23 17:50:00+00:00,4044.188,4044.451,4042.12,4043.217,746,40,0
2026-07-23 17:55:00+00:00,4043.242,4043.706,4041.739,4041.955,635,40,0
2026-07-23 18:00:00+00:00,4042.083,4043.658,4040.604,4041.719,811,40,0
2026-07-23 18:05:00+00:00,4041.907,4044.354,4040.824,4043.524,721,40,0
2026-07-23 18:10:00+00:00,4043.468,4044.183,4041.438,4042.122,842,40,0
2026-07-23 18:15:00+00:00,4042.137,4045.009,4040.829,4043.112,865,40,0
2026-07-23 18:20:00+00:00,4043.186,4043.835,4040.64,4042.084,791,40,0
2026-07-23 18:25:00+00:00,4042.133,4045.336,4041.169,4044.802,826,40,0
2026-07-23 18:30:00+00:00,4044.692,4048.311,4044.638,4045.718,775,40,0
2026-07-23 18:35:00+00:00,4045.74,4046.972,4044.515,4045.595,601,40,0
2026-07-23 18:40:00+00:00,4045.49,4047.011,4044.936,4046.472,573,40,0
2026-07-23 18:45:00+00:00,4046.494,4048.475,4046.413,4047.294,535,40,0
2026-07-23 18:50:00+00:00,4047.264,4047.63,4045.883,4046.394,550,40,0
2026-07-23 18:55:00+00:00,4046.406,4047.08,4044.781,4046.041,527,40,0
2026-07-23 19:00:00+00:00,4046.342,4048.639,4045.072,4045.398,605,40,0
2026-07-23 19:05:00+00:00,4045.449,4046.489,4043.53,4043.75,504,40,0
2026-07-23 19:10:00+00:00,4043.735,4044.647,4042.976,4043.456,495,40,0
2026-07-23 19:15:00+00:00,4043.375,4046.161,4043.149,4045.174,529,40,0
2026-07-23 19:20:00+00:00,4045.135,4048.532,4044.91,4047.999,523,40,0
2026-07-23 19:25:00+00:00,4048.017,4049.296,4047.037,4048.172,518,40,0
2026-07-23 19:30:00+00:00,4048.224,4051.1,4045.962,4047.424,706,40,0
2026-07-23 19:35:00+00:00,4047.51,4048.28,4046.736,4047.832,498,40,0
2026-07-23 19:40:00+00:00,4047.978,4048.422,4045.813,4045.813,506,40,0
2026-07-23 19:45:00+00:00,4045.867,4047.014,4044.953,4046.097,533,40,0
2026-07-23 19:50:00+00:00,4046.155,4050.435,4046.155,4050.371,763,40,0
2026-07-23 19:55:00+00:00,4050.423,4051.096,4049.611,4049.991,756,40,0
2026-07-23 20:00:00+00:00,4050.056,4051.315,4048.763,4049.168,614,40,0
2026-07-23 20:05:00+00:00,4048.927,4050.253,4048.24,4048.717,376,40,0
2026-07-23 20:10:00+00:00,4048.774,4050.219,4048.706,4049.495,343,40,0
2026-07-23 20:15:00+00:00,4049.443,4049.943,4047.959,4048.901,333,40,0
2026-07-23 20:20:00+00:00,4048.69,4049.325,4047.545,4049.002,338,40,0
2026-07-23 20:25:00+00:00,4049.004,4050.78,4048.848,4050.224,344,40,0
2026-07-23 20:30:00+00:00,4050.535,4050.535,4049.316,4049.958,329,40,0
2026-07-23 20:35:00+00:00,4049.95,4050.674,4049.824,4050.199,271,40,0
2026-07-23 20:40:00+00:00,4050.157,4050.253,4048.921,4049.918,344,40,0
2026-07-23 20:45:00+00:00,4049.901,4050.295,4049.065,4049.595,350,40,0
2026-07-23 20:50:00+00:00,4049.707,4049.962,4047.464,4048.414,338,40,0
2026-07-23 20:55:00+00:00,4048.303,4049.716,4048.303,4049.299,185,40,0
2026-07-23 22:00:00+00:00,4050.741,4050.838,4048.745,4048.9,291,40,0
2026-07-23 22:05:00+00:00,4048.929,4050.295,4048.657,4049.087,271,40,0
2026-07-23 22:10:00+00:00,4049.095,4049.734,4048.89,4049.122,167,40,0
2026-07-23 22:15:00+00:00,4049.213,4050.072,4049.213,4049.777,200,40,0
2026-07-23 22:20:00+00:00,4049.784,4050.349,4049.439,4050.177,187,40,0
2026-07-23 22:25:00+00:00,4050.065,4050.325,4049.326,4049.952,238,40,0
2026-07-23 22:30:00+00:00,4050.008,4050.699,4049.717,4050.531,217,40,0
2026-07-23 22:35:00+00:00,4050.279,4050.511,4049.758,4049.991,226,40,0
2026-07-23 22:40:00+00:00,4049.988,4050.244,4048.994,4049.426,310,40,0
2026-07-23 22:45:00+00:00,4049.383,4050.141,4048.746,4048.939,223,40,0
2026-07-23 22:50:00+00:00,4048.673,4050.661,4048.673,4049.757,215,40,0
2026-07-23 22:55:00+00:00,4050.01,4050.354,4048.757,4049.539,235,40,0
2026-07-23 23:00:00+00:00,4049.539,4050.021,4048.805,4048.984,257,40,0
2026-07-23 23:05:00+00:00,4048.732,4049.341,4047.691,4048.501,287,40,0
2026-07-23 23:10:00+00:00,4048.642,4048.735,4047.426,4048.5,281,40,0
2026-07-23 23:15:00+00:00,4048.536,4049.414,4047.392,4047.508,325,40,0
2026-07-23 23:20:00+00:00,4047.46,4049.424,4047.083,4049.189,262,40,0
2026-07-23 23:25:00+00:00,4049.197,4050.127,4048.892,4049.228,272,40,0
2026-07-23 23:30:00+00:00,4049.398,4050.903,4049.193,4050.466,358,40,0
2026-07-23 23:35:00+00:00,4050.48,4050.702,4048.552,4048.552,354,40,0
2026-07-23 23:40:00+00:00,4048.63,4048.687,4046.974,4048.465,423,40,0
2026-07-23 23:45:00+00:00,4048.456,4049.82,4047.141,4048.755,602,40,0
2026-07-23 23:50:00+00:00,4048.755,4049.619,4047.242,4047.619,386,40,0
2026-07-23 23:55:00+00:00,4047.694,4048.389,4046.605,4047.137,412,40,0
2026-07-24 00:00:00+00:00,4047.197,4050.043,4046.853,4047.179,1173,40,0
2026-07-24 00:05:00+00:00,4047.376,4047.663,4044.861,4045.861,985,40,0
2026-07-24 00:10:00+00:00,4045.916,4046.722,4041.338,4041.77,994,40,0
2026-07-24 00:15:00+00:00,4041.836,4045.358,4041.151,4043.377,805,40,0
2026-07-24 00:20:00+00:00,4043.394,4048.246,4042.945,4046.092,928,40,0
2026-07-24 00:25:00+00:00,4046.323,4047.028,4044.338,4046.68,763,40,0
2026-07-24 00:30:00+00:00,4046.982,4047.506,4044.978,4046.143,726,40,0
2026-07-24 00:35:00+00:00,4046.099,4050.106,4045.324,4048.723,778,40,0
2026-07-24 00:40:00+00:00,4048.738,4050.349,4047.67,4049.426,737,40,0
2026-07-24 00:45:00+00:00,4049.482,4050.586,4048.835,4049.024,603,40,0
2026-07-24 00:50:00+00:00,4049.061,4050.067,4048.424,4049.152,534,40,0
2026-07-24 00:55:00+00:00,4049.231,4050.901,4048.719,4050.124,674,40,0
2026-07-24 01:00:00+00:00,4050.174,4050.429,4040.058,4043.881,2195,40,0
2026-07-24 01:05:00+00:00,4043.832,4044.997,4041.862,4043.0,1150,40,0
2026-07-24 01:10:00+00:00,4042.996,4044.843,4040.232,4042.422,1074,40,0
2026-07-24 01:15:00+00:00,4042.471,4045.936,4041.596,4044.71,1086,40,0
2026-07-24 01:20:00+00:00,4044.932,4045.484,4042.09,4044.929,1003,40,0
2026-07-24 01:25:00+00:00,4044.978,4045.969,4042.815,4042.981,828,40,0
2026-07-24 01:30:00+00:00,4042.927,4045.073,4041.502,4043.802,835,40,0
2026-07-24 01:35:00+00:00,4044.109,4045.171,4042.129,4043.771,843,40,0
2026-07-24 01:40:00+00:00,4043.717,4050.654,4043.54,4049.94,955,40,0
2026-07-24 01:45:00+00:00,4049.874,4050.382,4047.804,4048.045,836,40,0
2026-07-24 01:50:00+00:00,4047.993,4047.993,4045.215,4046.067,758,40,0
2026-07-24 01:55:00+00:00,4045.975,4046.573,4041.601,4043.604,837,40,0
2026-07-24 02:00:00+00:00,4043.587,4045.341,4042.443,4042.808,883,40,0
2026-07-24 02:05:00+00:00,4042.695,4045.024,4041.021,4044.82,882,40,0
2026-07-24 02:10:00+00:00,4044.84,4046.037,4043.912,4045.687,756,40,0
2026-07-24 02:15:00+00:00,4045.634,4046.101,4044.611,4045.152,528,40,0
2026-07-24 02:20:00+00:00,4045.099,4046.583,4042.763,4046.583,626,40,0
2026-07-24 02:25:00+00:00,4046.281,4048.382,4045.643,4046.668,600,40,0
2026-07-24 02:30:00+00:00,4046.835,4048.139,4043.688,4044.446,962,40,0
2026-07-24 02:35:00+00:00,4044.354,4044.845,4041.485,4042.632,858,40,0
2026-07-24 02:40:00+00:00,4042.603,4043.995,4041.303,4041.877,678,40,0
2026-07-24 02:45:00+00:00,4041.799,4042.064,4026.334,4026.621,2334,40,0
2026-07-24 02:50:00+00:00,4026.48,4030.759,4025.464,4025.669,2413,40,0
2026-07-24 02:55:00+00:00,4025.792,4027.73,4023.261,4024.527,1575,40,0
2026-07-24 03:00:00+00:00,4024.609,4027.474,4023.085,4026.671,1266,40,0
2026-07-24 03:05:00+00:00,4026.683,4028.89,4026.441,4027.108,810,40,0
2026-07-24 03:10:00+00:00,4027.168,4032.299,4026.054,4031.749,874,40,0
2026-07-24 03:15:00+00:00,4031.726,4033.672,4029.236,4029.434,847,40,0
2026-07-24 03:20:00+00:00,4029.282,4031.889,4028.18,4030.289,732,40,0
2026-07-24 03:25:00+00:00,4030.234,4031.22,4028.527,4030.308,827,40,0
2026-07-24 03:30:00+00:00,4030.357,4033.435,4030.318,4032.014,698,40,0
2026-07-24 03:35:00+00:00,4032.088,4033.187,4030.822,4031.609,641,40,0
2026-07-24 03:40:00+00:00,4031.805,4032.996,4030.78,4031.555,588,40,0
2026-07-24 03:45:00+00:00,4031.729,4032.319,4029.998,4031.635,491,40,0
2026-07-24 03:50:00+00:00,4031.445,4032.379,4029.78,4030.041,525,40,0
2026-07-24 03:55:00+00:00,4029.783,4030.054,4028.32,4029.471,546,40,0
2026-07-24 04:00:00+00:00,4029.411,4029.755,4027.776,4029.279,602,40,0
2026-07-24 04:05:00+00:00,4029.315,4030.322,4028.366,4029.169,621,40,0
2026-07-24 04:10:00+00:00,4029.168,4029.375,4027.067,4028.353,546,40,0
2026-07-24 04:15:00+00:00,4028.343,4029.053,4027.716,4028.521,437,40,0
2026-07-24 04:20:00+00:00,4028.749,4030.216,4027.893,4029.555,542,40,0
2026-07-24 04:25:00+00:00,4029.674,4030.493,4029.33,4030.02,478,40,0
2026-07-24 04:30:00+00:00,4029.823,4030.638,4028.602,4029.146,471,40,0
2026-07-24 04:35:00+00:00,4028.893,4029.91,4027.059,4027.617,508,40,0
2026-07-24 04:40:00+00:00,4027.677,4027.817,4026.019,4026.763,494,40,0
2026-07-24 04:45:00+00:00,4026.98,4027.466,4025.762,4026.786,443,40,0
2026-07-24 04:50:00+00:00,4026.902,4027.474,4025.939,4026.937,456,40,0
2026-07-24 04:55:00+00:00,4026.992,4028.889,4026.559,4027.233,461,40,0
2026-07-24 05:00:00+00:00,4027.032,4028.734,4025.304,4028.666,701,40,0
2026-07-24 05:05:00+00:00,4028.714,4029.839,4027.578,4029.26,607,40,0
2026-07-24 05:10:00+00:00,4029.271,4032.443,4027.601,4027.811,763,40,0
2026-07-24 05:15:00+00:00,4027.79,4027.985,4022.324,4024.572,873,40,0
2026-07-24 05:20:00+00:00,4024.657,4029.902,4024.165,4027.36,826,40,0
2026-07-24 05:25:00+00:00,4027.587,4027.967,4025.629,4026.198,515,40,0
2026-07-24 05:30:00+00:00,4026.115,4031.574,4025.648,4031.21,1449,40,0
2026-07-24 05:35:00+00:00,4031.327,4031.386,4024.94,4026.317,1107,40,0
2026-07-24 05:40:00+00:00,4026.308,4028.715,4024.169,4024.99,988,40,0
2026-07-24 05:45:00+00:00,4024.939,4029.253,4024.594,4028.084,789,40,0
2026-07-24 05:50:00+00:00,4028.137,4029.266,4022.828,4023.724,920,40,0
2026-07-24 05:55:00+00:00,4023.675,4024.193,4021.953,4023.078,764,40,0
2026-07-24 06:00:00+00:00,4023.089,4025.811,4022.856,4025.19,738,40,0
2026-07-24 06:05:00+00:00,4025.138,4027.294,4024.529,4027.222,955,40,0
2026-07-24 06:10:00+00:00,4027.271,4031.427,4026.559,4030.916,983,40,0
2026-07-24 06:15:00+00:00,4030.967,4034.256,4029.318,4034.028,993,40,0
2026-07-24 06:20:00+00:00,4033.987,4037.152,4033.493,4036.074,1027,40,0
2026-07-24 06:25:00+00:00,4036.046,4039.211,4035.172,4036.436,789,40,0
2026-07-24 06:30:00+00:00,4036.388,4036.51,4033.38,4034.844,759,40,0
2026-07-24 06:35:00+00:00,4034.84,4037.449,4034.511,4035.463,868,40,0
2026-07-24 06:40:00+00:00,4035.524,4036.865,4033.51,4034.146,739,40,0
2026-07-24 06:45:00+00:00,4034.116,4036.984,4033.601,4034.245,780,40,0
2026-07-24 06:50:00+00:00,4034.294,4035.847,4031.812,4035.257,855,40,0
2026-07-24 06:55:00+00:00,4035.107,4038.741,4034.983,4035.902,912,40,0
2026-07-24 07:00:00+00:00,4035.596,4040.377,4035.109,4038.32,1254,40,0
2026-07-24 07:05:00+00:00,4038.311,4045.97,4038.064,4045.719,1113,40,0
2026-07-24 07:10:00+00:00,4045.777,4047.487,4044.873,4045.369,979,40,0
2026-07-24 07:15:00+00:00,4045.635,4047.62,4043.993,4047.279,1070,40,0
2026-07-24 07:20:00+00:00,4047.279,4049.148,4045.872,4048.081,801,40,0
2026-07-24 07:25:00+00:00,4048.283,4050.97,4047.731,4048.71,791,40,0
2026-07-24 07:30:00+00:00,4048.944,4053.704,4047.946,4053.584,1116,40,0
2026-07-24 07:35:00+00:00,4053.635,4053.863,4046.725,4047.133,648,40,0
2026-07-24 07:40:00+00:00,4047.182,4048.734,4045.848,4048.412,585,40,0
2026-07-24 07:45:00+00:00,4048.469,4048.617,4045.943,4047.604,679,40,0
2026-07-24 07:50:00+00:00,4047.585,4048.7,4046.86,4047.765,569,40,0
2026-07-24 07:55:00+00:00,4048.093,4049.703,4047.768,4048.439,590,40,0
2026-07-24 08:00:00+00:00,4048.316,4049.254,4046.607,4047.574,733,40,0
2026-07-24 08:05:00+00:00,4047.271,4047.975,4045.212,4047.459,740,40,0
2026-07-24 08:10:00+00:00,4047.771,4047.845,4045.676,4046.847,630,40,0
2026-07-24 08:15:00+00:00,4046.736,4048.111,4045.203,4046.722,645,40,0
2026-07-24 08:20:00+00:00,4046.763,4048.294,4046.167,4047.048,658,40,0
2026-07-24 08:25:00+00:00,4046.747,4052.736,4046.198,4052.736,789,40,0
2026-07-24 08:30:00+00:00,4052.684,4052.684,4049.954,4050.087,613,40,0
2026-07-24 08:35:00+00:00,4050.138,4053.129,4049.013,4052.573,656,40,0
2026-07-24 08:40:00+00:00,4052.623,4055.619,4052.506,4054.614,672,40,0
2026-07-24 08:45:00+00:00,4054.772,4054.995,4052.298,4054.78,595,40,0
2026-07-24 08:50:00+00:00,4054.763,4057.282,4054.186,4056.234,696,40,0
2026-07-24 08:55:00+00:00,4056.183,4058.958,4056.054,4057.477,593,40,0
2026-07-24 09:00:00+00:00,4057.529,4061.019,4056.149,4056.731,949,40,0
2026-07-24 09:05:00+00:00,4056.624,4057.698,4055.161,4057.698,659,40,0
2026-07-24 09:10:00+00:00,4057.481,4057.885,4053.323,4054.105,573,40,0
2026-07-24 09:15:00+00:00,4054.336,4056.581,4053.255,4054.953,630,40,0
2026-07-24 09:20:00+00:00,4054.873,4055.407,4053.493,4054.664,589,40,0
2026-07-24 09:25:00+00:00,4054.601,4056.207,4052.611,4053.194,583,40,0
2026-07-24 09:30:00+00:00,4053.142,4054.747,4051.683,4053.809,670,40,0
2026-07-24 09:35:00+00:00,4053.86,4055.37,4053.437,4054.956,513,40,0
2026-07-24 09:40:00+00:00,4055.011,4056.369,4054.14,4055.778,542,40,0
2026-07-24 09:45:00+00:00,4055.926,4056.229,4055.045,4055.391,479,40,0
2026-07-24 09:50:00+00:00,4055.541,4058.524,4054.583,4058.182,566,40,0
2026-07-24 09:55:00+00:00,4058.175,4060.081,4058.092,4059.776,479,40,0
2026-07-24 10:00:00+00:00,4059.828,4061.648,4058.44,4059.752,658,40,0
2026-07-24 10:05:00+00:00,4059.785,4060.648,4058.774,4060.304,591,40,0
2026-07-24 10:10:00+00:00,4060.444,4060.751,4057.72,4058.314,552,40,0
2026-07-24 10:15:00+00:00,4058.342,4062.147,4057.54,4059.626,509,40,0
2026-07-24 10:20:00+00:00,4059.892,4061.447,4059.186,4060.258,465,40,0
2026-07-24 10:25:00+00:00,4060.519,4063.847,4059.776,4061.911,626,40,0
2026-07-24 10:30:00+00:00,4062.108,4064.05,4061.318,4061.487,504,40,0
2026-07-24 10:35:00+00:00,4061.597,4061.831,4060.21,4060.233,479,40,0
2026-07-24 10:40:00+00:00,4060.229,4060.282,4058.342,4058.608,481,40,0
2026-07-24 10:45:00+00:00,4058.657,4059.298,4057.628,4058.777,459,40,0
2026-07-24 10:50:00+00:00,4058.795,4059.7,4057.149,4057.974,574,40,0
2026-07-24 10:55:00+00:00,4057.981,4060.49,4057.515,4060.022,401,40,0
2026-07-24 11:00:00+00:00,4060.131,4062.812,4058.619,4062.268,730,40,0
2026-07-24 11:05:00+00:00,4062.274,4063.598,4060.577,4061.1,491,40,0
2026-07-24 11:10:00+00:00,4061.352,4061.582,4060.336,4061.496,341,40,0
2026-07-24 11:15:00+00:00,4061.552,4061.94,4060.13,4061.483,447,40,0
2026-07-24 11:20:00+00:00,4061.231,4062.233,4060.294,4061.698,392,40,0
2026-07-24 11:25:00+00:00,4061.694,4061.92,4059.16,4059.396,391,40,0
2026-07-24 11:30:00+00:00,4059.106,4060.622,4058.28,4060.045,606,40,0
2026-07-24 11:35:00+00:00,4059.981,4060.028,4056.766,4057.336,640,40,0
2026-07-24 11:40:00+00:00,4057.345,4058.056,4055.206,4055.509,552,40,0
2026-07-24 11:45:00+00:00,4055.5,4057.037,4053.778,4055.461,573,40,0
2026-07-24 11:50:00+00:00,4055.237,4055.494,4052.636,4052.915,478,40,0
2026-07-24 11:55:00+00:00,4052.862,4061.863,4051.604,4057.766,1605,40,0
2026-07-24 12:00:00+00:00,4057.737,4058.681,4052.413,4054.355,822,40,0
2026-07-24 12:05:00+00:00,4054.308,4058.586,4052.538,4056.958,911,40,0
2026-07-24 12:10:00+00:00,4056.978,4057.579,4055.534,4056.581,639,40,0
2026-07-24 12:15:00+00:00,4056.578,4057.925,4055.791,4056.827,728,40,0
2026-07-24 12:20:00+00:00,4056.735,4058.612,4054.769,4058.396,796,40,0
2026-07-24 12:25:00+00:00,4058.404,4060.333,4055.875,4059.805,1048,40,0
2026-07-24 12:30:00+00:00,4059.756,4059.866,4056.313,4057.35,920,40,0
2026-07-24 12:35:00+00:00,4057.044,4058.387,4055.246,4055.686,742,40,0
2026-07-24 12:40:00+00:00,4055.555,4056.884,4052.033,4055.048,887,40,0
2026-07-24 12:45:00+00:00,4055.037,4056.511,4051.817,4053.983,767,40,0
2026-07-24 12:50:00+00:00,4054.02,4055.877,4053.845,4055.137,712,40,0
2026-07-24 12:55:00+00:00,4055.33,4056.15,4051.687,4055.962,769,40,0
2026-07-24 13:00:00+00:00,4056.012,4058.634,4051.463,4052.37,1456,40,0
2026-07-24 13:05:00+00:00,4052.387,4053.332,4045.861,4046.798,1312,40,0
2026-07-24 13:10:00+00:00,4046.711,4049.647,4044.663,4048.326,1345,40,0
2026-07-24 13:15:00+00:00,4048.022,4048.58,4044.739,4046.19,964,40,0
2026-07-24 13:20:00+00:00,4046.248,4049.575,4045.624,4046.93,1013,40,0
2026-07-24 13:25:00+00:00,4046.984,4048.716,4045.93,4046.578,934,40,0
2026-07-24 13:30:00+00:00,4046.526,4050.327,4044.618,4049.324,2061,40,0
2026-07-24 13:35:00+00:00,4049.38,4056.844,4049.204,4056.127,1908,40,0
2026-07-24 13:40:00+00:00,4056.078,4056.804,4051.401,4052.036,1486,40,0
2026-07-24 13:45:00+00:00,4052.18,4061.091,4048.532,4058.693,1521,40,0
2026-07-24 13:50:00+00:00,4058.634,4061.061,4056.046,4059.658,1836,40,0
2026-07-24 13:55:00+00:00,4059.606,4068.783,4057.062,4067.446,1690,40,0
2026-07-24 14:00:00+00:00,4067.316,4070.176,4062.821,4062.821,1441,40,0
2026-07-24 14:05:00+00:00,4062.872,4064.937,4057.396,4062.296,2027,40,0
2026-07-24 14:10:00+00:00,4062.242,4063.932,4058.955,4058.989,1555,40,0
2026-07-24 14:15:00+00:00,4059.039,4060.559,4055.92,4058.34,1576,40,0
2026-07-24 14:20:00+00:00,4058.301,4065.094,4056.9,4064.734,1794,40,0
2026-07-24 14:25:00+00:00,4064.79,4069.505,4064.407,4065.926,1634,40,0
2026-07-24 14:30:00+00:00,4066.044,4068.125,4064.596,4064.596,1417,40,0
2026-07-24 14:35:00+00:00,4064.842,4066.803,4060.065,4060.762,1228,40,0
2026-07-24 14:40:00+00:00,4060.699,4062.676,4059.268,4060.543,1302,40,0
2026-07-24 14:45:00+00:00,4060.656,4063.796,4058.626,4063.277,1315,40,0
2026-07-24 14:50:00+00:00,4063.405,4064.898,4061.148,4061.878,1125,40,0
2026-07-24 14:55:00+00:00,4061.901,4066.541,4061.268,4063.533,1116,40,0
2026-07-24 15:00:00+00:00,4063.587,4067.159,4061.916,4064.128,1182,40,0
2026-07-24 15:05:00+00:00,4064.121,4064.883,4061.74,4063.42,1004,40,0
2026-07-24 15:10:00+00:00,4063.479,4076.8,4063.163,4074.595,3373,40,0
2026-07-24 15:15:00+00:00,4074.546,4081.513,4071.946,4077.281,3835,40,0
2026-07-24 15:20:00+00:00,4077.33,4082.157,4072.573,4074.164,1915,40,0
2026-07-24 15:25:00+00:00,4073.967,4077.158,4072.541,4075.012,1389,40,0
2026-07-24 15:30:00+00:00,4075.078,4077.031,4073.998,4074.241,1580,40,0
2026-07-24 15:35:00+00:00,4074.299,4079.06,4073.493,4077.892,1317,40,0
2026-07-24 15:40:00+00:00,4077.781,4079.726,4071.519,4072.153,1398,40,0
2026-07-24 15:45:00+00:00,4072.204,4073.66,4070.819,4072.92,1125,40,0
2026-07-24 15:50:00+00:00,4072.974,4076.293,4072.758,4075.387,945,40,0
2026-07-24 15:55:00+00:00,4075.17,4077.992,4074.93,4077.526,861,40,0
2026-07-24 16:00:00+00:00,4077.421,4077.717,4074.978,4076.715,815,40,0
2026-07-24 16:05:00+00:00,4076.666,4077.441,4075.012,4076.241,692,40,0
2026-07-24 16:10:00+00:00,4076.26,4077.271,4074.386,4075.039,672,40,0
2026-07-24 16:15:00+00:00,4075.024,4076.137,4073.936,4074.701,590,40,0
2026-07-24 16:20:00+00:00,4074.844,4077.767,4073.775,4077.334,623,40,0
2026-07-24 16:25:00+00:00,4077.283,4078.326,4073.715,4073.868,721,40,0
2026-07-24 16:30:00+00:00,4073.92,4074.184,4070.244,4072.542,954,40,0
2026-07-24 16:35:00+00:00,4072.553,4072.591,4067.591,4068.201,794,40,0
2026-07-24 16:40:00+00:00,4068.252,4069.136,4066.607,4067.938,774,40,0
2026-07-24 16:45:00+00:00,4067.88,4067.955,4064.232,4065.5,805,40,0
2026-07-24 16:50:00+00:00,4065.448,4066.142,4064.13,4065.936,572,40,0
2026-07-24 16:55:00+00:00,4065.899,4067.826,4065.416,4066.973,629,40,0
2026-07-24 17:00:00+00:00,4067.022,4068.596,4066.667,4067.823,727,40,0
2026-07-24 17:05:00+00:00,4068.067,4068.067,4063.986,4065.778,943,40,0
2026-07-24 17:10:00+00:00,4065.807,4066.27,4063.06,4064.456,696,40,0
2026-07-24 17:15:00+00:00,4064.208,4067.051,4063.608,4066.746,631,40,0
2026-07-24 17:20:00+00:00,4066.818,4068.985,4065.327,4068.795,809,40,0
2026-07-24 17:25:00+00:00,4068.938,4070.04,4067.364,4068.281,762,40,0
2026-07-24 17:30:00+00:00,4068.417,4070.023,4067.478,4068.485,630,40,0
2026-07-24 17:35:00+00:00,4068.37,4069.059,4067.631,4068.025,568,40,0
2026-07-24 17:40:00+00:00,4068.233,4069.097,4066.072,4066.682,562,40,0
2026-07-24 17:45:00+00:00,4066.683,4067.425,4064.682,4066.065,515,40,0
2026-07-24 17:50:00+00:00,4066.115,4067.098,4063.014,4063.608,568,40,0
2026-07-24 17:55:00+00:00,4063.709,4065.393,4063.317,4063.528,506,40,0
2026-07-24 18:00:00+00:00,4063.579,4064.253,4061.239,4063.143,572,40,0
2026-07-24 18:05:00+00:00,4062.921,4064.615,4062.742,4063.379,582,40,0
2026-07-24 18:10:00+00:00,4063.431,4063.77,4061.57,4061.639,511,40,0
2026-07-24 18:15:00+00:00,4061.88,4063.2,4060.026,4060.221,487,40,0
2026-07-24 18:20:00+00:00,4060.362,4060.899,4056.641,4057.724,755,40,0
2026-07-24 18:25:00+00:00,4057.668,4058.622,4054.937,4055.238,797,40,0
2026-07-24 18:30:00+00:00,4055.542,4056.431,4052.416,4054.269,709,40,0
2026-07-24 18:35:00+00:00,4054.215,4057.109,4053.302,4055.843,753,40,0
2026-07-24 18:40:00+00:00,4055.839,4055.839,4051.301,4052.39,686,40,0
2026-07-24 18:45:00+00:00,4052.387,4055.262,4051.825,4053.686,552,40,0
2026-07-24 18:50:00+00:00,4053.739,4056.055,4052.97,4054.54,511,40,0
2026-07-24 18:55:00+00:00,4054.542,4055.485,4053.979,4054.586,466,40,0
2026-07-24 19:00:00+00:00,4054.716,4056.6,4052.296,4054.65,897,40,0
2026-07-24 19:05:00+00:00,4054.854,4055.102,4052.566,4053.107,566,40,0
2026-07-24 19:10:00+00:00,4053.1,4054.942,4052.132,4052.464,542,40,0
2026-07-24 19:15:00+00:00,4052.31,4052.667,4049.664,4050.842,677,40,0
2026-07-24 19:20:00+00:00,4050.831,4051.461,4049.509,4049.544,587,40,0
2026-07-24 19:25:00+00:00,4049.653,4052.124,4049.184,4051.419,489,40,0
2026-07-24 19:30:00+00:00,4051.664,4054.55,4051.269,4054.234,655,40,0
2026-07-24 19:35:00+00:00,4054.125,4056.464,4053.631,4055.455,933,40,0
2026-07-24 19:40:00+00:00,4055.508,4057.963,4055.195,4056.892,624,40,0
2026-07-24 19:45:00+00:00,4056.947,4057.574,4054.888,4055.445,517,40,0
2026-07-24 19:50:00+00:00,4055.493,4055.849,4053.67,4055.64,557,40,0
2026-07-24 19:55:00+00:00,4055.552,4055.736,4052.732,4053.623,685,40,0
2026-07-24 20:00:00+00:00,4053.787,4055.478,4053.189,4054.157,508,40,0
2026-07-24 20:05:00+00:00,4053.949,4054.449,4052.861,4053.123,295,40,0
2026-07-24 20:10:00+00:00,4053.071,4053.662,4052.139,4052.704,267,40,0
2026-07-24 20:15:00+00:00,4052.717,4053.482,4052.112,4052.709,292,40,0
2026-07-24 20:20:00+00:00,4052.773,4053.626,4052.069,4053.619,312,40,0
2026-07-24 20:25:00+00:00,4053.388,4054.948,4052.849,4053.859,464,40,0
2026-07-24 20:30:00+00:00,4053.675,4054.262,4051.78,4052.564,367,40,0
2026-07-24 20:35:00+00:00,4052.454,4054.599,4052.346,4054.213,313,40,0
2026-07-24 20:40:00+00:00,4054.257,4056.211,4053.605,4055.369,319,40,0
2026-07-24 20:45:00+00:00,4055.348,4056.22,4054.012,4054.32,416,40,0
2026-07-24 20:50:00+00:00,4054.271,4054.718,4053.132,4053.22,377,40,0
2026-07-24 20:55:00+00:00,4053.162,4053.562,4052.107,4053.032,250,40,0
2026-07-26 22:00:00+00:00,4091.931,4096.764,4089.129,4089.425,626,50,0
2026-07-26 22:05:00+00:00,4089.627,4092.107,4087.646,4088.59,622,50,0
2026-07-26 22:10:00+00:00,4088.583,4089.324,4085.878,4087.371,480,50,0
2026-07-26 22:15:00+00:00,4087.426,4088.187,4083.793,4087.833,615,50,0
2026-07-26 22:20:00+00:00,4087.891,4090.307,4087.234,4087.708,430,50,0
2026-07-26 22:25:00+00:00,4087.619,4087.96,4085.572,4086.606,371,50,0
2026-07-26 22:30:00+00:00,4086.618,4091.993,4085.556,4091.688,405,50,0
2026-07-26 22:35:00+00:00,4091.659,4093.161,4089.862,4090.484,371,50,0
2026-07-26 22:40:00+00:00,4090.49,4092.933,4090.216,4091.257,387,50,0
2026-07-26 22:45:00+00:00,4091.221,4093.862,4090.176,4090.199,475,50,0
2026-07-26 22:50:00+00:00,4090.122,4092.222,4090.122,4091.65,300,50,0
2026-07-26 22:55:00+00:00,4091.919,4092.049,4088.908,4089.883,383,50,0
2026-07-26 23:00:00+00:00,4089.81,4091.41,4087.122,4087.471,425,50,0
2026-07-26 23:05:00+00:00,4087.528,4088.628,4086.934,4087.183,310,40,0
2026-07-26 23:10:00+00:00,4087.183,4087.722,4084.407,4085.026,309,40,0
2026-07-26 23:15:00+00:00,4084.82,4086.425,4084.394,4085.08,383,40,0
2026-07-26 23:20:00+00:00,4084.959,4086.298,4083.683,4084.191,459,40,0
2026-07-26 23:25:00+00:00,4084.239,4085.697,4083.873,4084.845,342,40,0
2026-07-26 23:30:00+00:00,4084.923,4086.774,4084.696,4086.305,358,40,0
2026-07-26 23:35:00+00:00,4086.305,4087.784,4086.064,4086.395,293,40,0
2026-07-26 23:40:00+00:00,4086.395,4089.529,4086.254,4088.948,367,40,0
2026-07-26 23:45:00+00:00,4088.949,4094.712,4088.176,4094.482,830,40,0
2026-07-26 23:50:00+00:00,4094.537,4096.484,4092.993,4093.26,720,40,0
2026-07-26 23:55:00+00:00,4093.458,4096.448,4092.67,4094.276,731,40,0
2026-07-27 00:00:00+00:00,4094.395,4105.193,4093.969,4101.934,2221,40,0
2026-07-27 00:05:00+00:00,4101.879,4108.58,4099.481,4108.519,1547,40,0
2026-07-27 00:10:00+00:00,4108.259,4116.322,4107.025,4115.478,1832,40,0
2026-07-27 00:15:00+00:00,4115.734,4115.734,4106.729,4107.47,1513,40,0
2026-07-27 00:20:00+00:00,4107.489,4107.624,4101.646,4102.96,1528,40,0
2026-07-27 00:25:00+00:00,4102.977,4103.148,4090.686,4094.645,1758,40,0
2026-07-27 00:30:00+00:00,4094.387,4099.771,4093.65,4099.648,1249,40,0
2026-07-27 00:35:00+00:00,4099.691,4102.609,4099.35,4099.527,1071,40,0
2026-07-27 00:40:00+00:00,4099.709,4102.256,4098.454,4100.037,930,40,0
2026-07-27 00:45:00+00:00,4099.736,4106.172,4099.706,4104.822,1241,40,0
2026-07-27 00:50:00+00:00,4104.679,4109.237,4104.679,4106.216,1163,40,0
2026-07-27 00:55:00+00:00,4105.912,4106.49,4099.257,4100.788,1278,40,0
2026-07-27 01:00:00+00:00,4100.991,4112.298,4100.764,4107.474,3580,40,0
2026-07-27 01:05:00+00:00,4107.525,4112.738,4105.536,4106.457,2191,40,0
2026-07-27 01:10:00+00:00,4106.549,4110.082,4106.175,4107.499,1799,40,0
2026-07-27 01:15:00+00:00,4107.592,4109.12,4102.182,4102.491,1911,40,0
2026-07-27 01:20:00+00:00,4102.182,4103.42,4100.0,4101.909,1433,40,0
2026-07-27 01:25:00+00:00,4101.657,4101.657,4097.01,4100.141,1264,40,0
2026-07-27 01:30:00+00:00,4100.026,4104.031,4099.422,4100.374,1322,40,0
2026-07-27 01:35:00+00:00,4100.46,4104.275,4097.896,4103.699,1239,40,0
2026-07-27 01:40:00+00:00,4103.715,4104.505,4101.988,4102.865,1268,40,0
2026-07-27 01:45:00+00:00,4102.918,4107.104,4102.718,4105.652,1261,40,0
2026-07-27 01:50:00+00:00,4105.683,4108.553,4102.817,4107.882,1113,40,0
2026-07-27 01:55:00+00:00,4108.081,4110.306,4106.015,4110.185,968,40,0
2026-07-27 02:00:00+00:00,4110.088,4111.071,4105.26,4105.522,1207,40,0
2026-07-27 02:05:00+00:00,4105.628,4107.658,4103.94,4104.597,1032,40,0
2026-07-27 02:10:00+00:00,4104.652,4106.109,4103.268,4105.46,1104,40,0
2026-07-27 02:15:00+00:00,4105.656,4106.027,4103.513,4104.344,707,40,0
2026-07-27 02:20:00+00:00,4104.141,4104.896,4101.983,4103.964,667,40,0
2026-07-27 02:25:00+00:00,4104.1,4105.853,4102.824,4103.331,673,40,0
2026-07-27 02:30:00+00:00,4103.139,4103.383,4099.307,4100.162,1267,40,0
2026-07-27 02:35:00+00:00,4100.29,4101.281,4097.652,4097.896,848,40,0
2026-07-27 02:40:00+00:00,4097.702,4098.791,4095.78,4096.704,782,40,0
2026-07-27 02:45:00+00:00,4096.648,4097.865,4095.226,4095.45,655,40,0
2026-07-27 02:50:00+00:00,4095.391,4096.957,4094.302,4096.663,768,40,0
2026-07-27 02:55:00+00:00,4096.653,4096.654,4093.787,4093.854,645,40,0
2026-07-27 03:00:00+00:00,4093.553,4095.988,4090.939,4092.454,994,40,0
2026-07-27 03:05:00+00:00,4092.593,4093.515,4091.123,4091.668,832,40,0
2026-07-27 03:10:00+00:00,4091.719,4092.399,4088.957,4092.136,893,40,0
2026-07-27 03:15:00+00:00,4092.255,4093.663,4091.23,4092.33,747,40,0
2026-07-27 03:20:00+00:00,4092.281,4092.471,4089.358,4089.863,649,40,0
2026-07-27 03:25:00+00:00,4089.988,4090.269,4085.283,4085.78,777,40,0
2026-07-27 03:30:00+00:00,4085.709,4090.393,4085.303,4090.348,885,40,0
2026-07-27 03:35:00+00:00,4090.169,4090.719,4087.926,4089.229,648,40,0
2026-07-27 03:40:00+00:00,4089.278,4090.975,4088.873,4089.951,559,40,0
2026-07-27 03:45:00+00:00,4089.882,4090.034,4088.489,4089.455,458,40,0
2026-07-27 03:50:00+00:00,4089.524,4090.799,4089.09,4089.378,407,40,0
2026-07-27 03:55:00+00:00,4089.425,4091.223,4089.396,4090.942,419,40,0
2026-07-27 04:00:00+00:00,4090.994,4092.868,4090.782,4091.301,616,40,0
2026-07-27 04:05:00+00:00,4091.46,4092.014,4089.354,4089.757,568,40,0
2026-07-27 04:10:00+00:00,4090.004,4090.695,4088.582,4090.023,506,40,0
2026-07-27 04:15:00+00:00,4089.952,4090.562,4087.052,4088.219,537,40,0
2026-07-27 04:20:00+00:00,4088.228,4089.942,4087.468,4088.101,488,40,0
2026-07-27 04:25:00+00:00,4088.347,4089.333,4087.295,4089.034,524,40,0
2026-07-27 04:30:00+00:00,4089.083,4091.228,4089.083,4090.542,530,40,0
2026-07-27 04:35:00+00:00,4090.836,4092.312,4090.227,4091.153,487,40,0
2026-07-27 04:40:00+00:00,4091.418,4092.359,4090.194,4090.447,486,40,0
2026-07-27 04:45:00+00:00,4090.739,4091.402,4089.811,4090.096,419,40,0
2026-07-27 04:50:00+00:00,4090.343,4090.657,4089.334,4090.417,406,40,0
2026-07-27 04:55:00+00:00,4090.612,4091.044,4089.543,4090.573,422,40,0
2026-07-27 05:00:00+00:00,4090.562,4092.661,4088.57,4090.586,624,40,0
2026-07-27 05:05:00+00:00,4090.813,4094.491,4089.667,4093.339,591,40,0
2026-07-27 05:10:00+00:00,4093.276,4094.865,4092.51,4094.705,587,40,0
2026-07-27 05:15:00+00:00,4094.655,4094.655,4091.723,4091.992,563,40,0
2026-07-27 05:20:00+00:00,4092.045,4092.123,4088.304,4088.326,578,40,0
2026-07-27 05:25:00+00:00,4088.147,4088.509,4086.136,4087.151,641,40,0
2026-07-27 05:30:00+00:00,4087.145,4090.315,4086.184,4087.701,1225,40,0
2026-07-27 05:35:00+00:00,4087.544,4090.221,4085.697,4088.697,955,40,0
2026-07-27 05:40:00+00:00,4088.588,4089.692,4086.764,4088.086,891,40,0
2026-07-27 05:45:00+00:00,4088.138,4088.247,4084.404,4086.189,1036,40,0
2026-07-27 05:50:00+00:00,4086.366,4089.306,4084.807,4088.821,857,40,0
2026-07-27 05:55:00+00:00,4088.772,4093.621,4087.534,4093.092,912,40,0
2026-07-27 06:00:00+00:00,4093.294,4094.59,4091.809,4093.605,1245,40,0
2026-07-27 06:05:00+00:00,4093.534,4094.751,4091.667,4093.771,1076,40,0
2026-07-27 06:10:00+00:00,4093.83,4096.509,4093.179,4094.251,975,40,0
2026-07-27 06:15:00+00:00,4094.315,4095.382,4091.919,4093.211,830,40,0
2026-07-27 06:20:00+00:00,4092.962,4094.433,4091.117,4094.036,928,40,0
2026-07-27 06:25:00+00:00,4094.042,4096.51,4093.995,4096.059,694,40,0
2026-07-27 06:30:00+00:00,4095.943,4096.742,4094.3,4095.975,801,40,0
2026-07-27 06:35:00+00:00,4096.034,4098.642,4095.279,4098.15,742,40,0
2026-07-27 06:40:00+00:00,4098.155,4099.467,4096.366,4098.54,776,40,0
2026-07-27 06:45:00+00:00,4098.483,4099.177,4097.259,4097.976,689,40,0
2026-07-27 06:50:00+00:00,4097.926,4097.926,4095.093,4096.534,661,40,0
2026-07-27 06:55:00+00:00,4096.628,4097.603,4095.53,4095.78,699,40,0
2026-07-27 07:00:00+00:00,4096.074,4101.053,4095.939,4099.056,1242,40,0
2026-07-27 07:05:00+00:00,4099.186,4100.265,4096.283,4098.218,856,40,0
2026-07-27 07:10:00+00:00,4098.183,4102.263,4096.974,4102.021,1014,40,0
2026-07-27 07:15:00+00:00,4102.004,4104.058,4099.958,4103.859,878,40,0
2026-07-27 07:20:00+00:00,4103.917,4105.697,4102.892,4104.688,785,40,0
2026-07-27 07:25:00+00:00,4104.749,4106.194,4102.991,4103.313,859,40,0
2026-07-27 07:30:00+00:00,4103.305,4103.592,4101.431,4102.639,769,40,0
2026-07-27 07:35:00+00:00,4102.754,4103.76,4098.8,4099.361,734,40,0
2026-07-27 07:40:00+00:00,4099.396,4099.513,4095.893,4097.242,734,40,0
2026-07-27 07:45:00+00:00,4097.462,4099.187,4096.816,4097.71,795,40,0
2026-07-27 07:50:00+00:00,4097.991,4098.119,4093.249,4094.39,794,40,0
2026-07-27 07:55:00+00:00,4094.187,4095.039,4088.69,4089.008,871,40,0
2026-07-27 08:00:00+00:00,4089.063,4093.263,4088.046,4088.636,1013,40,0
2026-07-27 08:05:00+00:00,4088.583,4092.684,4086.999,4090.273,1039,40,0
2026-07-27 08:10:00+00:00,4090.65,4092.226,4089.977,4091.269,908,40,0
2026-07-27 08:15:00+00:00,4091.221,4092.059,4089.534,4091.602,790,40,0
2026-07-27 08:20:00+00:00,4091.233,4091.627,4088.892,4091.195,804,40,0
2026-07-27 08:25:00+00:00,4091.254,4092.726,4090.743,4090.808,778,40,0
2026-07-27 08:30:00+00:00,4090.757,4091.4,4087.522,4087.638,827,40,0
2026-07-27 08:35:00+00:00,4087.541,4090.961,4087.264,4090.342,703,40,0
2026-07-27 08:40:00+00:00,4090.247,4093.017,4089.661,4091.353,844,40,0
2026-07-27 08:45:00+00:00,4091.402,4093.649,4090.839,4093.037,620,40,0
2026-07-27 08:50:00+00:00,4093.145,4095.08,4091.368,4095.043,577,40,0
2026-07-27 08:55:00+00:00,4094.736,4096.875,4093.951,4095.408,538,40,0
2026-07-27 09:00:00+00:00,4095.394,4096.372,4094.184,4096.104,590,40,0
2026-07-27 09:05:00+00:00,4096.158,4098.634,4094.553,4094.912,717,40,0
2026-07-27 09:10:00+00:00,4095.016,4095.678,4093.01,4093.935,602,40,0
2026-07-27 09:15:00+00:00,4094.122,4094.833,4092.835,4093.059,543,40,0
2026-07-27 09:20:00+00:00,4092.98,4095.106,4092.48,4093.667,636,40,0
2026-07-27 09:25:00+00:00,4093.723,4096.021,4091.223,4091.763,746,40,0
2026-07-27 09:30:00+00:00,4091.649,4093.713,4090.377,4091.942,954,40,0
2026-07-27 09:35:00+00:00,4091.744,4093.845,4091.159,4092.177,682,40,0
2026-07-27 09:40:00+00:00,4092.128,4094.923,4091.131,4094.08,595,40,0
2026-07-27 09:45:00+00:00,4094.44,4097.866,4093.789,4097.242,718,40,0
2026-07-27 09:50:00+00:00,4097.298,4099.474,4096.184,4097.784,611,40,0
2026-07-27 09:55:00+00:00,4097.841,4100.494,4096.267,4096.267,665,40,0
2026-07-27 10:00:00+00:00,4096.215,4096.609,4094.401,4095.214,683,40,0
2026-07-27 10:05:00+00:00,4095.074,4095.518,4093.317,4094.032,632,40,0
2026-07-27 10:10:00+00:00,4094.087,4094.087,4086.393,4090.778,1250,40,0
2026-07-27 10:15:00+00:00,4090.703,4092.211,4089.26,4091.292,683,40,0
2026-07-27 10:20:00+00:00,4091.042,4094.033,4090.608,4092.671,671,40,0
2026-07-27 10:25:00+00:00,4092.442,4094.082,4092.331,4093.067,542,40,0
2026-07-27 10:30:00+00:00,4093.07,4096.272,4093.07,4096.035,693,40,0
2026-07-27 10:35:00+00:00,4096.068,4099.31,4095.015,4098.255,694,40,0
2026-07-27 10:40:00+00:00,4098.008,4102.147,4097.47,4100.219,686,40,0
2026-07-27 10:45:00+00:00,4100.328,4102.385,4099.74,4102.049,536,40,0
2026-07-27 10:50:00+00:00,4101.93,4102.186,4099.434,4101.238,599,40,0
2026-07-27 10:55:00+00:00,4101.29,4102.357,4098.763,4099.664,649,40,0
2026-07-27 11:00:00+00:00,4099.716,4101.163,4097.162,4097.69,1073,40,0
2026-07-27 11:05:00+00:00,4097.772,4103.412,4097.068,4102.654,701,40,0
2026-07-27 11:10:00+00:00,4102.963,4104.233,4101.748,4101.93,703,40,0
2026-07-27 11:15:00+00:00,4102.241,4103.542,4100.5,4100.696,619,40,0
2026-07-27 11:20:00+00:00,4100.455,4101.687,4099.677,4100.03,586,40,0
2026-07-27 11:25:00+00:00,4099.751,4101.511,4096.92,4096.92,688,40,0
2026-07-27 11:30:00+00:00,4097.162,4100.192,4096.185,4097.907,1162,40,0
2026-07-27 11:35:00+00:00,4097.565,4099.47,4096.586,4097.005,693,40,0
2026-07-27 11:40:00+00:00,4097.0,4098.658,4094.609,4095.842,1022,40,0
2026-07-27 11:45:00+00:00,4095.793,4097.505,4094.095,4095.582,890,40,0
2026-07-27 11:50:00+00:00,4095.694,4097.289,4093.998,4094.502,689,40,0
2026-07-27 11:55:00+00:00,4094.45,4095.336,4093.716,4094.079,660,40,0
2026-07-27 12:00:00+00:00,4094.14,4097.868,4094.012,4096.473,934,40,0
2026-07-27 12:05:00+00:00,4096.585,4096.635,4093.797,4094.305,774,40,0
2026-07-27 12:10:00+00:00,4094.362,4094.725,4086.236,4087.862,1900,40,0
2026-07-27 12:15:00+00:00,4087.809,4089.239,4082.296,4084.661,1391,40,0
2026-07-27 12:20:00+00:00,4084.592,4085.347,4081.729,4083.399,1493,40,0
2026-07-27 12:25:00+00:00,4083.45,4088.902,4083.155,4086.7,800,40,0
2026-07-27 12:30:00+00:00,4086.898,4088.761,4083.326,4087.524,705,40,0
2026-07-27 12:35:00+00:00,4087.556,4087.976,4084.96,4087.169,884,40,0
2026-07-27 12:40:00+00:00,4087.057,4087.627,4084.309,4086.659,934,40,0
2026-07-27 12:45:00+00:00,4086.608,4089.169,4082.414,4082.853,1058,40,0
2026-07-27 12:50:00+00:00,4082.616,4086.024,4081.749,4083.184,1319,40,0
2026-07-27 12:55:00+00:00,4083.125,4086.621,4081.436,4083.869,1183,40,0
2026-07-27 13:00:00+00:00,4083.903,4089.131,4083.383,4084.013,2370,40,0
2026-07-27 13:05:00+00:00,4083.951,4086.186,4082.048,4083.37,1840,40,0
2026-07-27 13:10:00+00:00,4083.42,4087.798,4080.917,4085.213,1486,40,0
2026-07-27 13:15:00+00:00,4085.161,4087.435,4081.748,4083.608,1539,40,0
2026-07-27 13:20:00+00:00,4083.658,4085.598,4081.45,4083.746,1249,40,0
2026-07-27 13:25:00+00:00,4083.797,4085.151,4075.922,4076.166,1941,40,0
2026-07-27 13:30:00+00:00,4076.246,4082.186,4075.48,4079.996,3178,40,0
2026-07-27 13:35:00+00:00,4080.087,4087.694,4079.554,4085.32,2613,40,0
2026-07-27 13:40:00+00:00,4085.24,4089.374,4083.829,4086.692,1973,40,0
2026-07-27 13:45:00+00:00,4086.753,4089.713,4084.898,4087.461,1966,40,0
2026-07-27 13:50:00+00:00,4087.548,4089.081,4083.898,4084.126,1515,40,0
2026-07-27 13:55:00+00:00,4083.82,4084.163,4070.685,4074.117,2750,40,0
2026-07-27 14:00:00+00:00,4074.234,4079.379,4071.257,4075.571,2643,40,0
2026-07-27 14:05:00+00:00,4075.427,4078.094,4073.349,4077.223,2187,40,0
2026-07-27 14:10:00+00:00,4077.151,4077.687,4072.519,4076.931,1973,40,0
2026-07-27 14:15:00+00:00,4076.98,4078.764,4075.002,4076.19,1738,40,0
2026-07-27 14:20:00+00:00,4076.397,4076.94,4072.345,4073.744,1770,40,0
2026-07-27 14:25:00+00:00,4073.913,4074.244,4067.156,4068.355,2020,40,0
2026-07-27 14:30:00+00:00,4068.41,4069.999,4066.381,4067.914,2593,40,0
2026-07-27 14:35:00+00:00,4067.759,4070.861,4066.121,4068.336,2095,40,0
2026-07-27 14:40:00+00:00,4068.287,4069.523,4065.268,4068.748,1887,40,0
2026-07-27 14:45:00+00:00,4068.793,4073.249,4068.793,4071.431,1523,40,0
2026-07-27 14:50:00+00:00,4071.32,4074.758,4070.182,4073.085,1401,40,0
2026-07-27 14:55:00+00:00,4073.252,4077.614,4071.455,4076.09,1284,40,0
2026-07-27 15:00:00+00:00,4076.14,4076.411,4072.239,4075.008,1482,40,0
2026-07-27 15:05:00+00:00,4075.058,4075.186,4072.318,4072.712,1174,40,0
2026-07-27 15:10:00+00:00,4072.447,4076.557,4071.83,4076.007,1184,40,0
2026-07-27 15:15:00+00:00,4076.142,4078.955,4075.676,4077.873,1257,40,0
2026-07-27 15:20:00+00:00,4078.175,4079.359,4074.97,4075.423,1290,40,0
2026-07-27 15:25:00+00:00,4075.478,4077.142,4074.637,4076.608,1172,40,0
2026-07-27 15:30:00+00:00,4076.721,4077.929,4072.842,4073.18,1316,40,0
2026-07-27 15:35:00+00:00,4073.228,4075.157,4072.599,4074.059,1116,40,0
2026-07-27 15:40:00+00:00,4073.994,4076.86,4073.357,4076.124,1036,40,0
2026-07-27 15:45:00+00:00,4076.193,4076.997,4074.539,4076.32,1048,40,0
2026-07-27 15:50:00+00:00,4076.112,4080.077,4075.847,4077.869,964,40,0
2026-07-27 15:55:00+00:00,4077.815,4079.565,4077.437,4078.708,865,40,0
2026-07-27 16:00:00+00:00,4078.613,4079.889,4077.815,4079.285,1222,40,0
2026-07-27 16:05:00+00:00,4079.54,4084.79,4078.219,4084.506,942,40,0
2026-07-27 16:10:00+00:00,4084.383,4084.515,4080.653,4081.374,799,40,0
2026-07-27 16:15:00+00:00,4081.636,4081.986,4079.84,4080.743,865,40,0
2026-07-27 16:20:00+00:00,4080.86,4083.07,4080.403,4081.11,895,40,0
2026-07-27 16:25:00+00:00,4081.14,4088.984,4080.743,4085.0,2642,40,0
2026-07-27 16:30:00+00:00,4085.107,4093.347,4085.038,4091.62,1500,40,0
2026-07-27 16:35:00+00:00,4091.534,4094.008,4090.156,4090.685,1097,40,0
2026-07-27 16:40:00+00:00,4090.55,4091.024,4087.385,4088.508,780,40,0
2026-07-27 16:45:00+00:00,4088.56,4088.766,4084.065,4084.065,807,40,0
2026-07-27 16:50:00+00:00,4084.102,4084.432,4080.901,4082.126,836,40,0
2026-07-27 16:55:00+00:00,4082.159,4082.663,4080.935,4082.354,679,40,0
2026-07-27 17:00:00+00:00,4082.557,4082.557,4075.149,4076.447,1080,40,0
2026-07-27 17:05:00+00:00,4076.473,4077.289,4073.516,4075.23,1095,40,0
2026-07-27 17:10:00+00:00,4075.166,4076.212,4070.723,4073.458,1212,40,0
2026-07-27 17:15:00+00:00,4073.654,4075.652,4072.315,4074.273,1001,40,0
2026-07-27 17:20:00+00:00,4074.203,4076.241,4073.355,4074.159,878,40,0
2026-07-27 17:25:00+00:00,4074.099,4076.925,4073.31,4074.883,902,40,0
2026-07-27 17:30:00+00:00,4074.834,4076.14,4073.451,4074.006,695,40,0
2026-07-27 17:35:00+00:00,4074.022,4074.807,4072.19,4073.117,808,40,0
2026-07-27 17:40:00+00:00,4073.066,4075.005,4072.699,4074.471,653,40,0
2026-07-27 17:45:00+00:00,4074.461,4075.555,4073.492,4074.874,580,40,0
2026-07-27 17:50:00+00:00,4074.922,4077.385,4074.815,4076.195,610,40,0
2026-07-27 17:55:00+00:00,4076.028,4077.139,4075.665,4076.557,556,40,0
2026-07-27 18:00:00+00:00,4076.613,4079.419,4076.023,4077.357,738,40,0
2026-07-27 18:05:00+00:00,4077.498,4079.026,4077.101,4078.683,629,40,0
2026-07-27 18:10:00+00:00,4078.702,4078.902,4076.405,4076.859,667,40,0
2026-07-27 18:15:00+00:00,4076.81,4076.903,4074.126,4075.192,637,40,0
2026-07-27 18:20:00+00:00,4075.142,4077.016,4074.364,4076.641,567,40,0
2026-07-27 18:25:00+00:00,4076.414,4077.121,4075.896,4077.053,543,40,0
2026-07-27 18:30:00+00:00,4076.748,4077.295,4074.673,4075.02,539,40,0
2026-07-27 18:35:00+00:00,4075.038,4075.341,4073.15,4073.694,455,40,0
2026-07-27 18:40:00+00:00,4073.667,4079.674,4072.818,4076.373,1282,40,0
2026-07-27 18:45:00+00:00,4076.324,4076.937,4074.991,4075.397,621,40,0
2026-07-27 18:50:00+00:00,4075.486,4078.663,4074.948,4077.57,699,40,0
2026-07-27 18:55:00+00:00,4077.771,4079.453,4077.26,4077.856,639,40,0
2026-07-27 19:00:00+00:00,4077.934,4078.898,4077.059,4077.296,666,40,0
2026-07-27 19:05:00+00:00,4077.405,4080.122,4076.187,4079.749,568,40,0
2026-07-27 19:10:00+00:00,4079.665,4081.846,4079.665,4080.234,545,40,0
2026-07-27 19:15:00+00:00,4080.287,4084.921,4079.394,4084.516,583,40,0
2026-07-27 19:20:00+00:00,4084.464,4088.891,4084.394,4085.162,699,40,0
2026-07-27 19:25:00+00:00,4085.215,4086.107,4083.363,4085.966,552,40,0
2026-07-27 19:30:00+00:00,4086.033,4086.596,4083.723,4085.379,614,40,0
2026-07-27 19:35:00+00:00,4085.247,4086.978,4085.121,4086.542,564,40,0
2026-07-27 19:40:00+00:00,4086.49,4087.402,4085.218,4086.907,547,40,0
2026-07-27 19:45:00+00:00,4086.832,4089.266,4086.163,4089.135,557,40,0
2026-07-27 19:50:00+00:00,4089.195,4089.316,4085.961,4087.453,646,40,0
2026-07-27 19:55:00+00:00,4087.327,4087.524,4082.35,4083.308,707,40,0
2026-07-27 20:00:00+00:00,4083.358,4084.194,4082.031,4082.449,474,40,0
2026-07-27 20:05:00+00:00,4082.396,4082.68,4081.582,4082.517,360,40,0
2026-07-27 20:10:00+00:00,4082.556,4082.846,4081.69,4082.196,338,40,0
2026-07-27 20:15:00+00:00,4082.176,4082.349,4080.471,4080.906,269,40,0
2026-07-27 20:20:00+00:00,4080.906,4081.029,4078.86,4080.159,320,40,0
2026-07-27 20:25:00+00:00,4080.228,4081.507,4078.343,4078.808,374,40,0
2026-07-27 20:30:00+00:00,4078.938,4079.319,4076.934,4077.155,444,40,0
2026-07-27 20:35:00+00:00,4077.269,4078.355,4075.663,4076.777,413,40,0
2026-07-27 20:40:00+00:00,4076.547,4077.55,4076.538,4077.37,262,40,0
2026-07-27 20:45:00+00:00,4077.261,4077.484,4076.002,4076.856,300,40,0
2026-07-27 20:50:00+00:00,4076.829,4077.251,4075.209,4076.882,276,40,0
2026-07-27 20:55:00+00:00,4076.873,4077.536,4076.185,4076.899,197,40,0
2026-07-27 22:00:00+00:00,4079.586,4082.228,4078.5,4080.737,279,50,0
2026-07-27 22:05:00+00:00,4080.796,4081.271,4078.784,4079.158,270,50,0
2026-07-27 22:10:00+00:00,4079.431,4079.431,4076.765,4077.502,320,40,0
2026-07-27 22:15:00+00:00,4077.441,4077.441,4075.98,4076.515,320,40,0
2026-07-27 22:20:00+00:00,4076.522,4076.839,4072.016,4072.671,370,40,0
2026-07-27 22:25:00+00:00,4072.671,4073.458,4071.13,4072.576,357,40,0
2026-07-27 22:30:00+00:00,4072.504,4074.376,4072.383,4074.261,318,40,0
2026-07-27 22:35:00+00:00,4074.245,4075.143,4073.734,4074.37,331,40,0
2026-07-27 22:40:00+00:00,4074.38,4075.148,4073.888,4075.049,280,40,0
2026-07-27 22:45:00+00:00,4074.984,4075.072,4073.61,4074.267,323,40,0
2026-07-27 22:50:00+00:00,4074.101,4074.896,4073.653,4074.004,303,40,0
2026-07-27 22:55:00+00:00,4074.004,4074.846,4073.752,4074.144,259,40,0
2026-07-27 23:00:00+00:00,4074.359,4074.359,4071.755,4072.692,371,40,0
2026-07-27 23:05:00+00:00,4072.999,4074.7,4072.841,4073.747,342,40,0
2026-07-27 23:10:00+00:00,4073.983,4075.221,4073.217,4074.217,309,40,0
2026-07-27 23:15:00+00:00,4074.219,4074.698,4073.0,4073.245,334,40,0
2026-07-27 23:20:00+00:00,4073.284,4074.008,4072.765,4073.427,307,40,0
2026-07-27 23:25:00+00:00,4073.208,4073.801,4072.106,4073.217,289,40,0
2026-07-27 23:30:00+00:00,4072.965,4073.706,4072.424,4073.42,254,40,0
2026-07-27 23:35:00+00:00,4073.713,4073.713,4072.525,4073.207,240,40,0
2026-07-27 23:40:00+00:00,4073.215,4073.346,4071.555,4072.175,273,40,0
2026-07-27 23:45:00+00:00,4072.283,4072.823,4069.984,4070.315,520,40,0
2026-07-27 23:50:00+00:00,4070.426,4073.052,4069.987,4072.196,446,40,0
2026-07-27 23:55:00+00:00,4071.961,4073.504,4071.462,4073.295,372,40,0
2026-07-28 00:00:00+00:00,4073.246,4074.388,4065.267,4065.344,1278,40,0
2026-07-28 00:05:00+00:00,4065.471,4067.058,4061.922,4066.558,1621,40,0
2026-07-28 00:10:00+00:00,4066.668,4067.793,4064.804,4067.021,1211,40,0
2026-07-28 00:15:00+00:00,4066.948,4067.538,4062.294,4065.286,1067,40,0
2026-07-28 00:20:00+00:00,4065.348,4066.538,4060.246,4061.062,978,40,0
2026-07-28 00:25:00+00:00,4061.043,4063.342,4059.105,4061.998,1138,40,0
2026-07-28 00:30:00+00:00,4062.056,4064.951,4060.642,4064.165,1105,40,0
2026-07-28 00:35:00+00:00,4064.055,4065.087,4063.277,4063.532,1022,40,0
2026-07-28 00:40:00+00:00,4063.584,4066.157,4062.276,4065.465,904,40,0
2026-07-28 00:45:00+00:00,4065.391,4065.658,4058.984,4059.882,1241,40,0
2026-07-28 00:50:00+00:00,4059.769,4060.296,4057.825,4059.537,874,40,0
2026-07-28 00:55:00+00:00,4059.727,4061.434,4057.494,4057.863,906,40,0
2026-07-28 01:00:00+00:00,4057.812,4060.296,4053.914,4059.313,3575,40,0
2026-07-28 01:05:00+00:00,4059.244,4059.747,4054.261,4056.013,1972,40,0
2026-07-28 01:10:00+00:00,4055.998,4058.576,4054.841,4057.868,1658,40,0
2026-07-28 01:15:00+00:00,4057.811,4059.289,4053.428,4053.637,1464,40,0
2026-07-28 01:20:00+00:00,4053.695,4054.825,4048.899,4050.262,1764,40,0
2026-07-28 01:25:00+00:00,4050.209,4050.33,4046.311,4047.457,1708,40,0
2026-07-28 01:30:00+00:00,4047.522,4050.279,4043.389,4046.272,1666,40,0
2026-07-28 01:35:00+00:00,4046.322,4050.478,4046.092,4049.373,1397,40,0
2026-07-28 01:40:00+00:00,4049.483,4049.675,4046.916,4048.818,1171,40,0
2026-07-28 01:45:00+00:00,4049.132,4049.132,4045.28,4046.662,1155,40,0
2026-07-28 01:50:00+00:00,4046.565,4047.407,4042.569,4045.213,1040,40,0
2026-07-28 01:55:00+00:00,4045.061,4045.468,4043.865,4045.333,899,40,0
2026-07-28 02:00:00+00:00,4045.265,4046.123,4042.617,4043.748,1017,40,0
2026-07-28 02:05:00+00:00,4043.804,4047.14,4042.397,4046.307,1046,40,0
2026-07-28 02:10:00+00:00,4046.369,4047.738,4045.69,4046.491,873,40,0
2026-07-28 02:15:00+00:00,4046.441,4048.243,4045.274,4047.948,723,40,0
2026-07-28 02:20:00+00:00,4048.046,4049.112,4046.925,4047.424,784,40,0
2026-07-28 02:25:00+00:00,4047.691,4048.502,4045.644,4046.314,734,40,0
2026-07-28 02:30:00+00:00,4046.252,4048.077,4045.195,4046.688,1026,40,0
2026-07-28 02:35:00+00:00,4046.689,4047.307,4045.0,4045.043,817,40,0
2026-07-28 02:40:00+00:00,4044.994,4045.836,4041.484,4044.139,1040,40,0
2026-07-28 02:45:00+00:00,4044.089,4045.4,4042.716,4043.891,831,40,0
2026-07-28 02:50:00+00:00,4043.842,4045.67,4042.804,4043.807,908,40,0
2026-07-28 02:55:00+00:00,4043.614,4044.099,4040.708,4042.187,698,40,0
2026-07-28 03:00:00+00:00,4042.123,4044.047,4040.238,4043.722,825,40,0
2026-07-28 03:05:00+00:00,4043.975,4046.181,4042.919,4045.743,641,40,0
2026-07-28 03:10:00+00:00,4045.765,4047.284,4045.397,4046.021,762,40,0
2026-07-28 03:15:00+00:00,4045.798,4049.146,4045.421,4049.045,737,40,0
2026-07-28 03:20:00+00:00,4049.098,4049.472,4047.029,4048.47,657,40,0
2026-07-28 03:25:00+00:00,4048.725,4049.046,4046.471,4047.655,587,40,0
2026-07-28 03:30:00+00:00,4047.529,4051.095,4047.231,4049.975,763,40,0
2026-07-28 03:35:00+00:00,4049.976,4050.159,4048.397,4049.137,861,40,0
2026-07-28 03:40:00+00:00,4049.138,4049.414,4047.49,4048.319,630,40,0
2026-07-28 03:45:00+00:00,4048.384,4050.682,4047.959,4049.623,618,40,0
2026-07-28 03:50:00+00:00,4049.673,4050.85,4048.484,4049.791,543,40,0
2026-07-28 03:55:00+00:00,4049.734,4050.187,4047.983,4049.336,489,40,0
2026-07-28 04:00:00+00:00,4049.289,4049.801,4047.827,4047.965,738,40,0
2026-07-28 04:05:00+00:00,4047.902,4048.222,4045.477,4046.479,627,40,0
2026-07-28 04:10:00+00:00,4046.413,4046.952,4043.379,4044.233,572,40,0
2026-07-28 04:15:00+00:00,4043.856,4047.498,4043.606,4047.466,572,40,0
2026-07-28 04:20:00+00:00,4047.526,4048.092,4046.564,4046.591,473,40,0
2026-07-28 04:25:00+00:00,4046.793,4047.318,4045.478,4045.802,510,40,0
2026-07-28 04:30:00+00:00,4045.911,4046.935,4043.987,4046.935,555,40,0
2026-07-28 04:35:00+00:00,4046.987,4047.126,4045.584,4045.596,442,40,0
2026-07-28 04:40:00+00:00,4045.877,4047.864,4044.916,4047.631,478,40,0
2026-07-28 04:45:00+00:00,4047.604,4047.942,4042.624,4043.484,597,40,0
2026-07-28 04:50:00+00:00,4043.518,4044.675,4042.997,4043.772,536,40,0
2026-07-28 04:55:00+00:00,4043.576,4044.603,4041.522,4042.401,525,40,0
2026-07-28 05:00:00+00:00,4042.351,4042.581,4039.871,4041.298,791,40,0
2026-07-28 05:05:00+00:00,4041.31,4042.93,4040.205,4041.37,743,40,0
2026-07-28 05:10:00+00:00,4041.283,4044.189,4041.283,4042.537,809,40,0
2026-07-28 05:15:00+00:00,4042.587,4043.488,4042.071,4042.87,685,40,0
2026-07-28 05:20:00+00:00,4042.801,4043.727,4041.938,4042.526,618,40,0
2026-07-28 05:25:00+00:00,4042.576,4043.573,4040.744,4043.003,734,40,0
2026-07-28 05:30:00+00:00,4042.928,4045.775,4037.198,4037.785,2086,40,0
2026-07-28 05:35:00+00:00,4037.736,4038.153,4034.863,4037.488,1402,40,0
2026-07-28 05:40:00+00:00,4037.302,4041.76,4036.936,4041.76,834,40,0
2026-07-28 05:45:00+00:00,4041.814,4043.998,4039.764,4041.541,840,40,0
2026-07-28 05:50:00+00:00,4041.643,4044.283,4040.932,4044.014,645,40,0
2026-07-28 05:55:00+00:00,4044.035,4046.715,4043.735,4045.463,578,40,0
2026-07-28 06:00:00+00:00,4045.262,4047.981,4044.724,4046.355,1044,40,0
2026-07-28 06:05:00+00:00,4046.145,4046.796,4043.99,4044.606,889,40,0
2026-07-28 06:10:00+00:00,4044.761,4046.15,4042.931,4044.222,875,40,0
2026-07-28 06:15:00+00:00,4044.439,4046.992,4043.945,4045.581,786,40,0
2026-07-28 06:20:00+00:00,4045.561,4047.486,4044.125,4045.486,827,40,0
2026-07-28 06:25:00+00:00,4045.547,4049.032,4044.986,4047.769,864,40,0
2026-07-28 06:30:00+00:00,4048.072,4049.888,4047.02,4049.328,776,40,0
2026-07-28 06:35:00+00:00,4049.584,4050.654,4048.224,4049.954,744,40,0
2026-07-28 06:40:00+00:00,4049.899,4052.474,4049.702,4049.702,858,40,0
2026-07-28 06:45:00+00:00,4050.009,4050.383,4048.013,4049.847,829,40,0
2026-07-28 06:50:00+00:00,4050.039,4051.523,4049.237,4051.271,792,40,0
2026-07-28 06:55:00+00:00,4051.221,4051.646,4048.132,4048.337,717,40,0
2026-07-28 07:00:00+00:00,4048.538,4050.457,4047.454,4048.318,906,40,0
2026-07-28 07:05:00+00:00,4048.389,4050.447,4047.42,4050.145,614,40,0
2026-07-28 07:10:00+00:00,4049.947,4051.391,4048.788,4048.992,635,40,0
2026-07-28 07:15:00+00:00,4049.019,4052.064,4048.724,4050.883,604,40,0
2026-07-28 07:20:00+00:00,4051.153,4052.463,4049.47,4050.581,577,40,0
2026-07-28 07:25:00+00:00,4050.882,4052.183,4049.27,4050.293,629,40,0
2026-07-28 07:30:00+00:00,4050.115,4051.271,4048.735,4049.054,689,40,0
2026-07-28 07:35:00+00:00,4048.917,4050.793,4048.413,4050.653,673,40,0
2026-07-28 07:40:00+00:00,4050.539,4050.894,4048.849,4049.555,634,40,0
2026-07-28 07:45:00+00:00,4049.31,4049.758,4047.077,4048.17,668,40,0
2026-07-28 07:50:00+00:00,4048.107,4049.956,4047.489,4048.933,860,40,0
2026-07-28 07:55:00+00:00,4049.181,4049.556,4046.366,4047.348,654,40,0
2026-07-28 08:00:00+00:00,4047.573,4053.017,4046.324,4051.402,1264,40,0
2026-07-28 08:05:00+00:00,4051.213,4055.364,4048.197,4048.771,1148,40,0
2026-07-28 08:10:00+00:00,4048.708,4049.0,4042.986,4044.381,1548,40,0
2026-07-28 08:15:00+00:00,4044.33,4050.449,4044.112,4048.616,1892,40,0
2026-07-28 08:20:00+00:00,4048.491,4051.246,4047.699,4051.246,1036,40,0
2026-07-28 08:25:00+00:00,4050.989,4050.989,4048.597,4049.595,884,40,0
2026-07-28 08:30:00+00:00,4049.546,4049.965,4044.619,4045.887,1307,40,0
2026-07-28 08:35:00+00:00,4045.826,4046.483,4042.423,4043.163,1064,40,0
2026-07-28 08:40:00+00:00,4043.043,4044.979,4041.858,4043.302,943,40,0
2026-07-28 08:45:00+00:00,4043.352,4046.332,4043.067,4045.842,783,40,0
2026-07-28 08:50:00+00:00,4045.79,4045.879,4041.879,4042.482,1056,40,0
2026-07-28 08:55:00+00:00,4042.532,4045.615,4041.997,4045.454,566,40,0
2026-07-28 09:00:00+00:00,4045.401,4046.146,4043.008,4043.008,772,40,0
2026-07-28 09:05:00+00:00,4043.111,4043.587,4041.3,4042.65,700,40,0
2026-07-28 09:10:00+00:00,4042.951,4043.317,4040.65,4041.117,602,40,0
2026-07-28 09:15:00+00:00,4041.17,4043.949,4041.027,4043.456,840,40,0
2026-07-28 09:20:00+00:00,4043.473,4044.285,4042.411,4042.876,463,40,0
2026-07-28 09:25:00+00:00,4042.856,4043.193,4038.959,4040.58,627,40,0
2026-07-28 09:30:00+00:00,4040.592,4040.592,4035.971,4038.085,1050,40,0
2026-07-28 09:35:00+00:00,4037.881,4038.461,4029.517,4032.348,1663,40,0
2026-07-28 09:40:00+00:00,4032.398,4034.199,4032.032,4033.296,730,40,0
2026-07-28 09:45:00+00:00,4033.245,4034.399,4030.024,4031.197,1075,40,0
2026-07-28 09:50:00+00:00,4031.389,4032.147,4028.257,4030.183,926,40,0
2026-07-28 09:55:00+00:00,4030.224,4030.226,4019.16,4023.333,1662,40,0
2026-07-28 10:00:00+00:00,4023.283,4025.259,4021.404,4024.506,1221,40,0
2026-07-28 10:05:00+00:00,4024.455,4027.004,4021.914,4022.102,1101,40,0
2026-07-28 10:10:00+00:00,4022.043,4024.574,4020.526,4024.248,1056,40,0
2026-07-28 10:15:00+00:00,4024.376,4025.967,4021.604,4022.094,946,40,0
2026-07-28 10:20:00+00:00,4022.044,4023.167,4017.615,4019.642,1317,40,0
2026-07-28 10:25:00+00:00,4019.699,4020.514,4016.877,4017.428,902,40,0
2026-07-28 10:30:00+00:00,4017.704,4023.59,4017.101,4022.696,910,40,0
2026-07-28 10:35:00+00:00,4022.647,4023.355,4019.875,4022.101,1283,40,0
2026-07-28 10:40:00+00:00,4022.045,4022.894,4020.497,4022.416,763,40,0
2026-07-28 10:45:00+00:00,4022.417,4026.248,4022.05,4024.262,1040,40,0
2026-07-28 10:50:00+00:00,4024.207,4028.416,4023.641,4028.249,781,40,0
2026-07-28 10:55:00+00:00,4028.318,4028.528,4025.972,4026.598,733,40,0
2026-07-28 11:00:00+00:00,4026.539,4029.015,4025.218,4026.757,1207,40,0
2026-07-28 11:05:00+00:00,4026.709,4028.833,4025.104,4027.708,1339,40,0
2026-07-28 11:10:00+00:00,4027.918,4028.084,4023.144,4024.089,948,40,0
2026-07-28 11:15:00+00:00,4024.036,4032.375,4023.902,4030.799,1669,40,0
2026-07-28 11:20:00+00:00,4030.56,4030.784,4028.637,4028.902,941,40,0
2026-07-28 11:25:00+00:00,4028.869,4029.389,4026.571,4027.767,855,40,0
2026-07-28 11:30:00+00:00,4027.666,4029.016,4026.45,4027.268,781,40,0
2026-07-28 11:35:00+00:00,4027.268,4031.737,4027.102,4029.489,853,40,0
2026-07-28 11:40:00+00:00,4029.435,4029.934,4026.517,4027.223,914,40,0
2026-07-28 11:45:00+00:00,4027.291,4028.185,4025.71,4026.878,786,40,0
2026-07-28 11:50:00+00:00,4026.854,4027.114,4023.965,4024.393,813,40,0
2026-07-28 11:55:00+00:00,4024.345,4028.543,4024.281,4028.103,761,40,0
2026-07-28 12:00:00+00:00,4028.006,4028.762,4023.881,4026.569,1103,40,0
2026-07-28 12:05:00+00:00,4026.26,4028.801,4025.439,4026.248,1081,40,0
2026-07-28 12:10:00+00:00,4026.55,4028.203,4022.942,4027.91,986,40,0
2026-07-28 12:15:00+00:00,4027.93,4030.671,4026.263,4030.54,910,40,0
2026-07-28 12:20:00+00:00,4030.742,4034.466,4029.721,4033.94,1013,40,0
2026-07-28 12:25:00+00:00,4033.808,4035.095,4031.346,4034.455,965,40,0
2026-07-28 12:30:00+00:00,4034.544,4035.18,4025.513,4028.62,980,40,0
2026-07-28 12:35:00+00:00,4028.492,4030.277,4026.552,4028.602,1554,40,0
2026-07-28 12:40:00+00:00,4028.398,4034.924,4028.307,4033.501,1360,40,0
2026-07-28 12:45:00+00:00,4033.614,4038.2,4033.349,4034.486,1173,40,0
2026-07-28 12:50:00+00:00,4034.678,4034.965,4031.467,4032.002,1126,40,0
2026-07-28 12:55:00+00:00,4032.309,4033.012,4028.35,4029.583,932,40,0
2026-07-28 13:00:00+00:00,4029.554,4034.487,4029.465,4033.054,2057,40,0
2026-07-28 13:05:00+00:00,4032.781,4035.672,4031.067,4032.793,1379,40,0
2026-07-28 13:10:00+00:00,4032.902,4034.04,4032.009,4032.822,1094,40,0
2026-07-28 13:15:00+00:00,4032.872,4033.305,4029.682,4030.775,1251,40,0
2026-07-28 13:20:00+00:00,4030.657,4035.852,4030.456,4034.497,1198,40,0
2026-07-28 13:25:00+00:00,4034.378,4036.277,4028.408,4029.195,1142,40,0
2026-07-28 13:30:00+00:00,4028.892,4033.07,4027.243,4031.077,2626,40,0
2026-07-28 13:35:00+00:00,4031.129,4032.813,4021.795,4022.123,2569,40,0
2026-07-28 13:40:00+00:00,4022.235,4025.454,4020.194,4025.13,2158,40,0
2026-07-28 13:45:00+00:00,4025.267,4026.958,4021.948,4025.128,2087,40,0
2026-07-28 13:50:00+00:00,4025.177,4029.014,4024.458,4027.063,2172,40,0
2026-07-28 13:55:00+00:00,4027.03,4027.455,4021.617,4022.474,1514,40,0
2026-07-28 14:00:00+00:00,4022.472,4027.473,4021.914,4026.232,1443,40,0
2026-07-28 14:05:00+00:00,4026.291,4031.456,4025.888,4029.686,2057,40,0
2026-07-28 14:10:00+00:00,4029.884,4033.651,4025.204,4026.056,1697,40,0
2026-07-28 14:15:00+00:00,4026.107,4026.76,4020.076,4020.126,1877,40,0
2026-07-28 14:20:00+00:00,4020.067,4021.011,4011.392,4017.532,2574,40,0
2026-07-28 14:25:00+00:00,4017.593,4022.791,4016.456,4022.284,1671,40,0
2026-07-28 14:30:00+00:00,4022.234,4025.252,4020.197,4020.517,1587,40,0
2026-07-28 14:35:00+00:00,4020.213,4023.762,4019.4,4020.498,1799,40,0
2026-07-28 14:40:00+00:00,4020.435,4024.326,4018.843,4022.614,1675,40,0
2026-07-28 14:45:00+00:00,4022.751,4028.868,4021.219,4028.15,1360,40,0
2026-07-28 14:50:00+00:00,4028.239,4029.715,4025.926,4027.408,1386,40,0
2026-07-28 14:55:00+00:00,4027.354,4028.535,4024.562,4024.606,932,40,0
2026-07-28 15:00:00+00:00,4024.306,4030.129,4024.306,4024.919,1359,40,0
2026-07-28 15:05:00+00:00,4025.001,4028.206,4022.369,4028.206,1198,40,0
2026-07-28 15:10:00+00:00,4028.279,4036.583,4027.74,4033.653,3640,40,0
2026-07-28 15:15:00+00:00,4033.717,4036.462,4031.706,4035.466,2624,40,0
2026-07-28 15:20:00+00:00,4035.411,4041.082,4035.094,4035.809,2308,40,0
2026-07-28 15:25:00+00:00,4036.032,4040.132,4035.017,4035.676,1587,40,0
2026-07-28 15:30:00+00:00,4035.744,4036.58,4032.182,4033.667,1671,40,0
2026-07-28 15:35:00+00:00,4033.721,4038.512,4032.788,4037.295,1335,40,0
2026-07-28 15:40:00+00:00,4037.457,4042.081,4036.662,4041.399,1246,40,0
2026-07-28 15:45:00+00:00,4041.254,4045.164,4041.037,4043.176,1212,40,0
2026-07-28 15:50:00+00:00,4043.126,4047.166,4041.929,4046.223,1142,40,0
2026-07-28 15:55:00+00:00,4046.16,4047.162,4044.956,4046.073,989,40,0
2026-07-28 16:00:00+00:00,4046.381,4046.758,4042.469,4042.69,1111,40,0
2026-07-28 16:05:00+00:00,4042.695,4045.038,4042.471,4043.499,658,40,0
2026-07-28 16:10:00+00:00,4043.508,4046.061,4042.372,4044.758,798,40,0
2026-07-28 16:15:00+00:00,4044.636,4045.745,4043.419,4045.231,740,40,0
2026-07-28 16:20:00+00:00,4045.181,4045.868,4043.417,4043.778,720,40,0
2026-07-28 16:25:00+00:00,4043.826,4045.179,4042.216,4042.321,606,40,0
2026-07-28 16:30:00+00:00,4042.378,4044.098,4041.08,4042.976,727,40,0
2026-07-28 16:35:00+00:00,4043.038,4043.9,4041.361,4041.839,581,40,0
2026-07-28 16:40:00+00:00,4042.142,4043.585,4040.347,4040.669,694,40,0
2026-07-28 16:45:00+00:00,4040.62,4041.275,4037.565,4037.985,926,40,0
2026-07-28 16:50:00+00:00,4037.959,4038.631,4037.066,4038.375,566,40,0
2026-07-28 16:55:00+00:00,4038.561,4038.561,4036.574,4037.718,486,40,0
2026-07-28 17:00:00+00:00,4037.769,4039.966,4037.269,4039.825,621,40,0
2026-07-28 17:05:00+00:00,4039.846,4041.193,4038.059,4038.266,863,40,0
2026-07-28 17:10:00+00:00,4038.325,4039.076,4035.613,4037.23,741,40,0
2026-07-28 17:15:00+00:00,4037.178,4037.311,4035.506,4035.608,674,40,0
2026-07-28 17:20:00+00:00,4035.657,4041.786,4035.141,4036.706,1329,40,0
2026-07-28 17:25:00+00:00,4036.657,4039.813,4035.849,4037.924,903,40,0
2026-07-28 17:30:00+00:00,4037.975,4038.025,4034.495,4035.155,760,40,0
2026-07-28 17:35:00+00:00,4034.943,4035.278,4031.192,4031.685,590,40,0
2026-07-28 17:40:00+00:00,4031.692,4031.739,4027.744,4028.477,661,40,0
2026-07-28 17:45:00+00:00,4028.464,4029.779,4025.634,4029.716,831,40,0
2026-07-28 17:50:00+00:00,4029.584,4029.634,4025.831,4026.717,675,40,0
2026-07-28 17:55:00+00:00,4026.664,4028.385,4025.918,4027.876,652,40,0
2026-07-28 18:00:00+00:00,4027.919,4029.808,4027.08,4029.494,687,40,0
2026-07-28 18:05:00+00:00,4029.386,4030.496,4028.991,4029.736,635,40,0
2026-07-28 18:10:00+00:00,4029.992,4030.193,4027.739,4028.441,610,40,0
2026-07-28 18:15:00+00:00,4028.443,4030.284,4027.949,4028.766,702,40,0
2026-07-28 18:20:00+00:00,4028.706,4029.185,4026.588,4027.016,572,40,0
2026-07-28 18:25:00+00:00,4026.986,4027.854,4025.829,4027.101,636,40,0
2026-07-28 18:30:00+00:00,4027.176,4027.701,4023.916,4024.657,700,40,0
2026-07-28 18:35:00+00:00,4024.351,4024.923,4023.202,4023.991,641,40,0
2026-07-28 18:40:00+00:00,4023.985,4025.128,4023.27,4024.44,619,40,0
2026-07-28 18:45:00+00:00,4024.465,4026.038,4023.498,4024.053,647,40,0
2026-07-28 18:50:00+00:00,4024.084,4024.592,4022.348,4023.037,593,40,0
2026-07-28 18:55:00+00:00,4022.986,4023.4,4021.683,4023.239,527,40,0
2026-07-28 19:00:00+00:00,4022.931,4024.994,4022.383,4024.574,602,40,0
2026-07-28 19:05:00+00:00,4024.545,4025.753,4023.689,4024.913,596,40,0
2026-07-28 19:10:00+00:00,4024.909,4024.938,4023.633,4024.066,451,40,0
2026-07-28 19:15:00+00:00,4024.209,4025.315,4023.878,4024.126,462,40,0
2026-07-28 19:20:00+00:00,4024.076,4024.38,4022.792,4023.164,394,40,0
2026-07-28 19:25:00+00:00,4023.284,4023.864,4021.931,4023.298,453,40,0
2026-07-28 19:30:00+00:00,4023.584,4027.688,4022.945,4027.521,610,40,0
2026-07-28 19:35:00+00:00,4027.503,4027.675,4024.333,4024.936,501,40,0
2026-07-28 19:40:00+00:00,4024.982,4026.287,4024.713,4026.077,436,40,0
2026-07-28 19:45:00+00:00,4026.151,4027.629,4026.093,4026.718,484,40,0
2026-07-28 19:50:00+00:00,4026.769,4028.085,4025.427,4027.315,520,40,0
2026-07-28 19:55:00+00:00,4027.235,4027.922,4026.017,4026.626,699,40,0
2026-07-28 20:00:00+00:00,4026.317,4026.469,4023.125,4023.546,496,40,0
2026-07-28 20:05:00+00:00,4023.546,4024.499,4022.642,4023.421,527,40,0
2026-07-28 20:10:00+00:00,4023.423,4024.867,4023.101,4023.818,384,40,0
2026-07-28 20:15:00+00:00,4023.552,4026.824,4023.552,4026.432,342,40,0
2026-07-28 20:20:00+00:00,4026.661,4026.74,4025.592,4025.92,298,40,0
2026-07-28 20:25:00+00:00,4025.92,4027.771,4025.832,4027.251,324,40,0
2026-07-28 20:30:00+00:00,4027.366,4028.541,4027.366,4028.112,261,40,0
2026-07-28 20:35:00+00:00,4028.352,4030.03,4027.346,4027.67,452,40,0
2026-07-28 20:40:00+00:00,4027.786,4030.302,4027.786,4030.001,395,40,0
2026-07-28 20:45:00+00:00,4029.977,4030.535,4027.649,4027.673,424,40,0
2026-07-28 20:50:00+00:00,4027.725,4028.774,4026.621,4028.494,437,40,0
2026-07-28 20:55:00+00:00,4028.238,4029.382,4028.05,4028.938,198,40,0
2026-07-28 22:00:00+00:00,4027.987,4028.725,4025.546,4026.41,259,90,0
2026-07-28 22:05:00+00:00,4026.492,4027.42,4026.202,4027.021,228,50,0
2026-07-28 22:10:00+00:00,4027.033,4028.149,4024.633,4024.66,339,50,0
2026-07-28 22:15:00+00:00,4024.72,4025.37,4022.392,4022.607,261,40,0
2026-07-28 22:20:00+00:00,4022.607,4023.734,4017.514,4018.223,406,40,0
2026-07-28 22:25:00+00:00,4018.172,4021.269,4017.711,4021.196,386,40,0
2026-07-28 22:30:00+00:00,4020.978,4021.369,4014.004,4017.72,621,40,0
2026-07-28 22:35:00+00:00,4017.498,4017.498,4014.427,4015.243,529,40,0
2026-07-28 22:40:00+00:00,4015.241,4018.811,4015.241,4018.315,447,40,0
2026-07-28 22:45:00+00:00,4018.206,4018.375,4015.373,4016.961,505,40,0
2026-07-28 22:50:00+00:00,4017.064,4019.106,4016.114,4017.794,504,40,0
2026-07-28 22:55:00+00:00,4018.109,4019.63,4017.765,4018.48,395,40,0
2026-07-28 23:00:00+00:00,4018.53,4019.02,4016.478,4017.378,512,40,0
2026-07-28 23:05:00+00:00,4017.262,4019.624,4016.378,4018.189,518,40,0
2026-07-28 23:10:00+00:00,4018.359,4023.093,4018.056,4022.213,528,40,0
2026-07-28 23:15:00+00:00,4022.322,4022.322,4015.661,4016.645,656,40,0
2026-07-28 23:20:00+00:00,4016.558,4019.731,4016.349,4019.212,556,40,0
2026-07-28 23:25:00+00:00,4019.261,4019.388,4015.065,4018.687,562,40,0
2026-07-28 23:30:00+00:00,4018.602,4020.161,4017.577,4018.456,444,40,0
2026-07-28 23:35:00+00:00,4018.536,4020.564,4018.232,4019.084,352,40,0
2026-07-28 23:40:00+00:00,4018.832,4023.557,4018.242,4022.973,502,40,0
2026-07-28 23:45:00+00:00,4022.923,4023.326,4019.095,4022.439,1007,40,0
2026-07-28 23:50:00+00:00,4022.499,4024.562,4020.998,4023.786,750,40,0
2026-07-28 23:55:00+00:00,4023.964,4026.536,4023.039,4025.198,657,40,0
2026-07-29 00:00:00+00:00,4024.998,4026.347,4017.688,4021.972,2192,40,0
2026-07-29 00:05:00+00:00,4021.979,4024.631,4017.904,4018.065,1715,40,0
2026-07-29 00:10:00+00:00,4018.133,4022.025,4018.131,4020.622,1021,40,0
2026-07-29 00:15:00+00:00,4020.57,4026.444,4020.57,4025.223,1041,40,0
2026-07-29 00:20:00+00:00,4025.073,4030.158,4023.68,4024.926,1383,40,0
2026-07-29 00:25:00+00:00,4025.128,4026.854,4022.214,4022.439,1122,40,0
2026-07-29 00:30:00+00:00,4022.76,4025.136,4021.521,4024.487,959,40,0
2026-07-29 00:35:00+00:00,4024.602,4027.703,4023.424,4024.736,1073,40,0
2026-07-29 00:40:00+00:00,4024.544,4026.37,4024.151,4025.864,876,40,0
2026-07-29 00:45:00+00:00,4025.964,4026.3,4020.951,4021.22,991,40,0
2026-07-29 00:50:00+00:00,4021.153,4023.966,4021.111,4023.966,989,40,0
2026-07-29 00:55:00+00:00,4023.573,4023.892,4020.563,4021.75,1130,40,0
2026-07-29 01:00:00+00:00,4021.702,4021.703,4010.103,4012.08,2890,40,0
2026-07-29 01:05:00+00:00,4011.964,4015.569,4010.684,4014.968,1895,40,0
2026-07-29 01:10:00+00:00,4015.023,4017.732,4011.728,4013.101,1860,40,0
2026-07-29 01:15:00+00:00,4013.165,4016.732,4011.692,4016.393,1608,40,0
2026-07-29 01:20:00+00:00,4016.448,4017.738,4013.696,4015.209,1362,40,0
2026-07-29 01:25:00+00:00,4015.074,4020.189,4014.464,4018.337,1160,40,0
2026-07-29 01:30:00+00:00,4018.219,4024.449,4015.172,4024.27,2161,40,0
2026-07-29 01:35:00+00:00,4024.218,4030.731,4022.538,4029.162,2171,40,0
2026-07-29 01:40:00+00:00,4029.216,4030.647,4025.93,4027.729,1565,40,0
2026-07-29 01:45:00+00:00,4027.783,4028.351,4024.452,4024.795,1361,40,0
2026-07-29 01:50:00+00:00,4024.914,4025.974,4022.024,4023.109,1222,40,0
2026-07-29 01:55:00+00:00,4023.344,4026.283,4023.045,4025.782,1108,40,0
2026-07-29 02:00:00+00:00,4025.871,4029.469,4025.412,4027.521,1426,40,0
2026-07-29 02:05:00+00:00,4027.509,4028.163,4023.073,4025.31,1290,40,0
2026-07-29 02:10:00+00:00,4025.271,4028.322,4024.969,4028.228,1245,40,0
2026-07-29 02:15:00+00:00,4028.154,4030.384,4026.245,4027.292,896,40,0
2026-07-29 02:20:00+00:00,4027.565,4035.413,4026.628,4033.156,1224,40,0
2026-07-29 02:25:00+00:00,4033.503,4035.523,4031.061,4033.006,965,40,0
2026-07-29 02:30:00+00:00,4033.072,4036.676,4030.721,4031.747,1806,40,0
2026-07-29 02:35:00+00:00,4031.447,4035.107,4031.092,4035.107,1143,40,0
2026-07-29 02:40:00+00:00,4035.171,4038.061,4034.371,4034.861,1053,40,0
2026-07-29 02:45:00+00:00,4034.813,4035.429,4032.459,4032.699,930,40,0
2026-07-29 02:50:00+00:00,4032.647,4033.54,4029.235,4030.094,992,40,0
2026-07-29 02:55:00+00:00,4030.133,4032.228,4029.501,4029.763,781,40,0
2026-07-29 03:00:00+00:00,4029.714,4031.401,4028.312,4028.62,836,40,0
2026-07-29 03:05:00+00:00,4029.009,4032.725,4028.408,4029.617,1186,40,0
2026-07-29 03:10:00+00:00,4029.535,4030.948,4027.453,4027.697,866,40,0
2026-07-29 03:15:00+00:00,4028.0,4028.995,4026.112,4028.011,834,40,0
2026-07-29 03:20:00+00:00,4027.963,4028.48,4025.976,4026.482,788,40,0
2026-07-29 03:25:00+00:00,4026.428,4028.238,4025.484,4027.095,713,40,0
2026-07-29 03:30:00+00:00,4027.038,4027.128,4024.539,4026.671,726,40,0
2026-07-29 03:35:00+00:00,4026.633,4029.596,4026.152,4027.32,681,40,0
2026-07-29 03:40:00+00:00,4027.307,4027.461,4025.123,4026.086,621,40,0
2026-07-29 03:45:00+00:00,4026.083,4027.074,4025.518,4026.322,549,40,0
2026-07-29 03:50:00+00:00,4026.375,4026.613,4023.974,4024.429,568,40,0
2026-07-29 03:55:00+00:00,4024.46,4024.725,4023.098,4023.803,524,40,0
2026-07-29 04:00:00+00:00,4023.856,4024.891,4021.783,4022.754,659,40,0
2026-07-29 04:05:00+00:00,4022.486,4023.318,4021.343,4023.21,591,40,0
2026-07-29 04:10:00+00:00,4022.847,4023.283,4021.231,4021.996,591,40,0
2026-07-29 04:15:00+00:00,4021.973,4022.448,4020.551,4021.882,596,40,0
2026-07-29 04:20:00+00:00,4021.934,4024.198,4021.624,4023.97,661,40,0
2026-07-29 04:25:00+00:00,4024.113,4025.525,4022.997,4023.376,638,40,0
2026-07-29 04:30:00+00:00,4023.571,4027.133,4023.248,4026.495,633,40,0
2026-07-29 04:35:00+00:00,4026.639,4026.668,4024.773,4025.142,677,40,0
2026-07-29 04:40:00+00:00,4025.11,4027.451,4024.845,4027.089,764,40,0
2026-07-29 04:45:00+00:00,4027.145,4027.379,4023.769,4024.106,921,40,0
2026-07-29 04:50:00+00:00,4024.054,4026.963,4023.957,4026.494,821,40,0
2026-07-29 04:55:00+00:00,4026.471,4027.719,4025.947,4027.516,579,40,0
2026-07-29 05:00:00+00:00,4027.544,4029.534,4026.664,4028.928,777,40,0
2026-07-29 05:05:00+00:00,4028.983,4029.237,4026.988,4027.528,754,40,0
2026-07-29 05:10:00+00:00,4027.492,4031.825,4026.82,4030.307,862,40,0
2026-07-29 05:15:00+00:00,4030.511,4030.511,4027.545,4027.906,723,40,0
2026-07-29 05:20:00+00:00,4027.905,4031.098,4026.95,4030.787,584,40,0
2026-07-29 05:25:00+00:00,4030.797,4031.359,4029.749,4030.485,567,40,0
2026-07-29 05:30:00+00:00,4030.541,4034.82,4029.984,4031.902,1905,40,0
2026-07-29 05:35:00+00:00,4031.923,4032.937,4029.766,4031.83,1087,40,0
2026-07-29 05:40:00+00:00,4031.776,4039.637,4031.279,4039.065,1145,40,0
2026-07-29 05:45:00+00:00,4039.118,4040.19,4033.843,4033.928,1022,40,0
2026-07-29 05:50:00+00:00,4033.976,4036.126,4033.374,4034.077,1008,40,0
2026-07-29 05:55:00+00:00,4034.014,4035.023,4031.744,4033.242,946,40,0
2026-07-29 06:00:00+00:00,4033.021,4037.597,4033.021,4037.55,1051,40,0
2026-07-29 06:05:00+00:00,4037.529,4037.562,4034.696,4035.221,885,40,0
2026-07-29 06:10:00+00:00,4035.292,4038.365,4034.414,4037.314,760,40,0
2026-07-29 06:15:00+00:00,4037.414,4039.989,4037.2,4038.062,767,40,0
2026-07-29 06:20:00+00:00,4038.24,4043.166,4035.991,4040.979,835,40,0
2026-07-29 06:25:00+00:00,4041.005,4041.827,4040.302,4040.943,697,40,0
2026-07-29 06:30:00+00:00,4040.894,4043.784,4040.642,4043.643,889,40,0
2026-07-29 06:35:00+00:00,4043.697,4044.991,4042.094,4043.174,805,40,0
2026-07-29 06:40:00+00:00,4043.23,4044.097,4041.488,4042.7,758,40,0
2026-07-29 06:45:00+00:00,4042.701,4043.12,4039.943,4040.402,644,40,0
2026-07-29 06:50:00+00:00,4040.39,4042.678,4040.027,4041.235,808,40,0
2026-07-29 06:55:00+00:00,4041.283,4042.42,4040.725,4041.275,615,40,0
2026-07-29 07:00:00+00:00,4041.024,4044.486,4041.024,4042.24,796,40,0
2026-07-29 07:05:00+00:00,4042.267,4045.093,4041.987,4044.688,744,40,0
2026-07-29 07:10:00+00:00,4044.831,4046.567,4044.504,4045.484,661,40,0
2026-07-29 07:15:00+00:00,4045.218,4046.155,4044.112,4045.477,574,40,0
2026-07-29 07:20:00+00:00,4045.509,4047.879,4045.242,4046.703,584,40,0
2026-07-29 07:25:00+00:00,4046.996,4047.324,4044.751,4046.008,562,40,0
2026-07-29 07:30:00+00:00,4046.058,4046.903,4044.781,4045.574,664,40,0
2026-07-29 07:35:00+00:00,4045.625,4047.611,4045.625,4046.087,611,40,0
2026-07-29 07:40:00+00:00,4046.049,4047.533,4045.712,4046.192,536,40,0
2026-07-29 07:45:00+00:00,4045.878,4046.897,4044.218,4044.771,517,40,0
2026-07-29 07:50:00+00:00,4044.467,4044.837,4042.794,4043.642,512,40,0
2026-07-29 07:55:00+00:00,4043.38,4044.447,4042.782,4043.982,507,40,0
2026-07-29 08:00:00+00:00,4043.932,4044.557,4042.662,4043.665,720,40,0
2026-07-29 08:05:00+00:00,4043.614,4044.012,4040.814,4041.288,604,40,0
2026-07-29 08:10:00+00:00,4041.347,4042.439,4039.197,4039.334,651,40,0
2026-07-29 08:15:00+00:00,4039.369,4042.427,4039.369,4040.716,574,40,0
2026-07-29 08:20:00+00:00,4040.943,4040.945,4037.273,4037.941,583,40,0
2026-07-29 08:25:00+00:00,4037.936,4038.287,4035.62,4037.423,653,40,0
2026-07-29 08:30:00+00:00,4037.368,4038.075,4035.88,4036.209,788,40,0
2026-07-29 08:35:00+00:00,4036.206,4039.082,4036.131,4038.219,532,40,0
2026-07-29 08:40:00+00:00,4037.957,4039.2,4037.588,4038.384,511,40,0
2026-07-29 08:45:00+00:00,4038.385,4040.171,4037.602,4037.871,537,40,0
2026-07-29 08:50:00+00:00,4037.671,4040.313,4037.022,4039.17,749,40,0
2026-07-29 08:55:00+00:00,4039.175,4039.611,4037.152,4037.544,520,40,0
2026-07-29 09:00:00+00:00,4037.593,4038.564,4036.49,4037.469,565,40,0
2026-07-29 09:05:00+00:00,4037.479,4037.915,4035.828,4037.677,468,40,0
2026-07-29 09:10:00+00:00,4037.621,4037.911,4035.529,4036.412,448,40,0
2026-07-29 09:15:00+00:00,4036.433,4037.703,4036.108,4037.057,404,40,0
2026-07-29 09:20:00+00:00,4037.07,4037.188,4033.731,4034.875,461,40,0
2026-07-29 09:25:00+00:00,4034.649,4034.933,4033.51,4033.958,499,40,0
2026-07-29 09:30:00+00:00,4034.011,4034.824,4031.153,4033.897,971,40,0
2026-07-29 09:35:00+00:00,4034.05,4035.05,4032.707,4033.121,593,40,0
2026-07-29 09:40:00+00:00,4033.087,4034.984,4032.531,4034.303,600,40,0
2026-07-29 09:45:00+00:00,4034.194,4035.955,4034.147,4035.716,541,40,0
2026-07-29 09:50:00+00:00,4035.607,4036.48,4034.898,4035.501,413,40,0
2026-07-29 09:55:00+00:00,4035.192,4035.358,4031.999,4032.903,605,40,0
2026-07-29 10:00:00+00:00,4032.845,4033.89,4031.889,4033.134,593,40,0
2026-07-29 10:05:00+00:00,4033.136,4034.12,4031.011,4032.879,957,40,0
2026-07-29 10:10:00+00:00,4032.655,4033.677,4030.959,4032.133,721,40,0
2026-07-29 10:15:00+00:00,4032.066,4032.503,4030.242,4032.241,635,40,0
2026-07-29 10:20:00+00:00,4032.306,4032.86,4031.179,4031.554,445,40,0
2026-07-29 10:25:00+00:00,4031.584,4033.512,4030.29,4033.02,549,40,0
2026-07-29 10:30:00+00:00,4033.165,4034.551,4032.187,4032.284,522,40,0
2026-07-29 10:35:00+00:00,4032.22,4032.75,4028.831,4029.327,684,40,0
2026-07-29 10:40:00+00:00,4029.381,4029.695,4026.241,4027.586,704,40,0
2026-07-29 10:45:00+00:00,4027.523,4028.065,4026.462,4027.861,511,40,0
2026-07-29 10:50:00+00:00,4027.666,4028.693,4025.892,4027.063,507,40,0
2026-07-29 10:55:00+00:00,4026.82,4027.628,4025.989,4027.311,468,40,0
2026-07-29 11:00:00+00:00,4027.44,4029.414,4027.069,4028.246,731,40,0
2026-07-29 11:05:00+00:00,4027.965,4028.503,4024.885,4026.223,670,40,0
2026-07-29 11:10:00+00:00,4026.195,4029.617,4026.018,4029.611,532,40,0
2026-07-29 11:15:00+00:00,4029.614,4032.85,4028.354,4032.539,605,40,0
2026-07-29 11:20:00+00:00,4032.551,4033.135,4031.803,4032.62,491,40,0
2026-07-29 11:25:00+00:00,4032.417,4033.769,4031.709,4032.766,517,40,0
2026-07-29 11:30:00+00:00,4032.816,4033.026,4031.253,4032.024,499,40,0
2026-07-29 11:35:00+00:00,4031.721,4032.356,4030.074,4031.815,470,40,0
2026-07-29 11:40:00+00:00,4031.847,4032.485,4030.775,4031.127,462,40,0
2026-07-29 11:45:00+00:00,4031.141,4036.187,4030.444,4034.448,950,40,0
2026-07-29 11:50:00+00:00,4034.585,4034.874,4031.839,4032.292,676,40,0
2026-07-29 11:55:00+00:00,4032.362,4032.881,4031.258,4032.716,527,40,0
2026-07-29 12:00:00+00:00,4032.765,4033.556,4030.301,4030.475,629,40,0
2026-07-29 12:05:00+00:00,4030.642,4031.424,4028.581,4029.937,723,40,0
2026-07-29 12:10:00+00:00,4029.989,4031.148,4025.964,4026.997,747,40,0
2026-07-29 12:15:00+00:00,4027.328,4027.761,4018.855,4018.855,2902,40,0
2026-07-29 12:20:00+00:00,4018.771,4020.392,4014.296,4015.932,2213,40,0
2026-07-29 12:25:00+00:00,4015.992,4017.489,4012.549,4013.379,1472,40,0
2026-07-29 12:30:00+00:00,4013.258,4018.837,4009.235,4018.279,1656,40,0
2026-07-29 12:35:00+00:00,4018.328,4022.452,4016.946,4021.612,1176,40,0
2026-07-29 12:40:00+00:00,4021.684,4022.006,4017.389,4020.99,1106,40,0
2026-07-29 12:45:00+00:00,4020.878,4023.439,4019.369,4020.269,860,40,0
2026-07-29 12:50:00+00:00,4020.351,4022.44,4019.009,4021.91,930,40,0
2026-07-29 12:55:00+00:00,4021.959,4023.68,4021.116,4022.629,752,40,0
2026-07-29 13:00:00+00:00,4022.7,4026.661,4018.67,4019.005,1832,40,0
2026-07-29 13:05:00+00:00,4019.057,4019.511,4015.372,4016.349,1425,40,0
2026-07-29 13:10:00+00:00,4016.302,4019.018,4015.09,4015.946,1185,40,0
2026-07-29 13:15:00+00:00,4015.581,4018.637,4014.197,4017.333,1226,40,0
2026-07-29 13:20:00+00:00,4017.221,4023.475,4015.642,4020.651,1389,40,0
2026-07-29 13:25:00+00:00,4020.604,4023.268,4013.73,4014.739,1342,40,0
2026-07-29 13:30:00+00:00,4014.688,4017.978,4009.936,4017.499,3627,40,0
2026-07-29 13:35:00+00:00,4017.194,4018.082,4014.209,4016.339,2014,40,0
2026-07-29 13:40:00+00:00,4016.291,4016.291,4012.916,4013.817,1763,40,0
2026-07-29 13:45:00+00:00,4013.76,4016.196,4010.96,4015.342,2120,40,0
2026-07-29 13:50:00+00:00,4015.267,4015.321,4006.636,4009.266,1909,40,0
2026-07-29 13:55:00+00:00,4009.214,4009.214,4002.492,4007.291,1937,40,0
2026-07-29 14:00:00+00:00,4007.388,4008.769,4001.167,4006.073,2627,40,0
2026-07-29 14:05:00+00:00,4005.934,4006.757,3998.845,3999.763,2063,40,0
2026-07-29 14:10:00+00:00,3999.709,4001.464,3995.884,3999.478,1890,40,0
2026-07-29 14:15:00+00:00,3999.279,4009.166,3998.799,4007.632,2107,40,0
2026-07-29 14:20:00+00:00,4007.793,4010.354,4006.6,4009.66,1827,40,0
2026-07-29 14:25:00+00:00,4009.847,4009.966,4003.62,4005.641,1700,40,0
2026-07-29 14:30:00+00:00,4005.408,4009.422,4003.931,4007.957,1190,40,0
2026-07-29 14:35:00+00:00,4007.893,4008.606,4003.179,4004.649,1473,40,0
2026-07-29 14:40:00+00:00,4004.601,4006.704,3998.989,4001.182,1637,40,0
2026-07-29 14:45:00+00:00,4001.334,4002.728,3998.28,4001.803,1849,40,0
2026-07-29 14:50:00+00:00,4001.492,4005.878,4000.471,4005.3,1652,40,0
2026-07-29 14:55:00+00:00,4005.248,4005.765,4002.242,4004.791,1356,40,0
2026-07-29 15:00:00+00:00,4004.85,4008.972,4003.184,4008.372,1384,40,0
2026-07-29 15:05:00+00:00,4008.318,4010.079,4006.506,4010.079,1388,40,0
2026-07-29 15:10:00+00:00,4009.775,4010.017,4005.688,4006.868,1152,40,0
2026-07-29 15:15:00+00:00,4006.97,4008.732,4005.037,4005.042,1056,40,0
2026-07-29 15:20:00+00:00,4005.24,4010.415,4003.736,4009.86,1242,40,0
2026-07-29 15:25:00+00:00,4009.806,4011.435,4008.024,4010.652,1018,40,0
2026-07-29 15:30:00+00:00,4010.903,4013.658,4009.638,4010.479,1301,40,0
2026-07-29 15:35:00+00:00,4010.444,4012.499,4007.957,4008.999,1160,40,0
2026-07-29 15:40:00+00:00,4008.946,4010.632,4006.985,4010.541,1007,40,0
2026-07-29 15:45:00+00:00,4010.49,4012.853,4009.352,4012.515,944,40,0
2026-07-29 15:50:00+00:00,4012.467,4014.046,4010.766,4011.634,1023,40,0
2026-07-29 15:55:00+00:00,4011.685,4012.013,4008.344,4010.006,857,40,0
2026-07-29 16:00:00+00:00,4009.836,4011.958,4007.535,4009.455,962,40,0
2026-07-29 16:05:00+00:00,4009.524,4015.725,4008.633,4014.814,1046,40,0
2026-07-29 16:10:00+00:00,4014.804,4015.842,4009.735,4009.735,927,40,0
2026-07-29 16:15:00+00:00,4009.425,4011.635,4007.872,4011.325,781,40,0
2026-07-29 16:20:00+00:00,4011.371,4017.885,4010.886,4015.083,1062,40,0
2026-07-29 16:25:00+00:00,4015.285,4017.051,4014.982,4016.583,708,40,0
2026-07-29 16:30:00+00:00,4016.367,4019.173,4014.86,4017.025,938,40,0
2026-07-29 16:35:00+00:00,4017.061,4018.365,4015.163,4017.01,758,40,0
2026-07-29 16:40:00+00:00,4016.75,4017.784,4015.691,4017.206,672,40,0
2026-07-29 16:45:00+00:00,4017.097,4018.259,4015.272,4017.648,728,40,0
2026-07-29 16:50:00+00:00,4017.759,4025.856,4017.567,4025.856,1002,40,0
2026-07-29 16:55:00+00:00,4025.805,4032.943,4024.99,4027.529,2357,40,0
2026-07-29 17:00:00+00:00,4027.389,4037.636,4027.274,4036.865,1639,40,0
2026-07-29 17:05:00+00:00,4037.022,4041.283,4035.008,4038.818,1406,40,0
2026-07-29 17:10:00+00:00,4038.871,4050.795,4037.5,4042.306,1778,40,0
2026-07-29 17:15:00+00:00,4042.277,4047.95,4040.881,4045.089,1536,40,0
2026-07-29 17:20:00+00:00,4045.209,4050.79,4044.541,4047.24,1619,40,0
2026-07-29 17:25:00+00:00,4047.298,4048.317,4037.447,4039.176,2055,40,0
2026-07-29 17:30:00+00:00,4039.03,4042.054,4037.563,4038.604,1270,40,0
2026-07-29 17:35:00+00:00,4038.552,4041.793,4036.273,4041.333,1039,40,0
2026-07-29 17:40:00+00:00,4041.343,4047.552,4040.666,4045.662,1064,40,0
2026-07-29 17:45:00+00:00,4045.633,4048.301,4044.778,4047.433,926,40,0
2026-07-29 17:50:00+00:00,4047.383,4047.634,4044.541,4045.016,1002,40,0
2026-07-29 17:55:00+00:00,4045.033,4045.062,4041.392,4044.087,883,40,0
2026-07-29 18:00:00+00:00,4044.31,4085.609,4043.18,4066.822,6897,40,0
2026-07-29 18:05:00+00:00,4066.999,4083.308,4066.351,4076.401,6924,40,0
2026-07-29 18:10:00+00:00,4076.287,4086.299,4072.07,4081.047,4895,40,0
2026-07-29 18:15:00+00:00,4081.349,4084.06,4071.16,4072.094,3992,40,0
2026-07-29 18:20:00+00:00,4072.029,4073.397,4066.373,4066.732,3489,40,0
2026-07-29 18:25:00+00:00,4066.68,4068.451,4063.755,4067.911,2934,40,0
2026-07-29 18:30:00+00:00,4067.837,4072.865,4051.993,4059.845,8899,40,0
2026-07-29 18:35:00+00:00,4059.895,4072.958,4053.69,4071.076,5784,40,0
2026-07-29 18:40:00+00:00,4071.012,4087.136,4069.791,4083.204,6641,40,0
2026-07-29 18:45:00+00:00,4083.334,4101.194,4081.915,4099.451,6445,40,0
2026-07-29 18:50:00+00:00,4099.517,4110.14,4092.655,4104.677,5913,40,0
2026-07-29 18:55:00+00:00,4104.623,4109.365,4101.047,4106.635,5249,40,0
2026-07-29 19:00:00+00:00,4106.691,4116.641,4101.967,4103.587,6374,40,0
2026-07-29 19:05:00+00:00,4103.654,4105.801,4093.745,4096.735,5024,40,0
2026-07-29 19:10:00+00:00,4096.866,4102.441,4089.875,4099.522,4466,40,0
2026-07-29 19:15:00+00:00,4099.599,4104.672,4097.383,4098.397,4098,40,0
2026-07-29 19:20:00+00:00,4098.479,4099.879,4085.161,4087.329,5497,40,0
2026-07-29 19:25:00+00:00,4087.228,4087.981,4081.047,4084.263,4527,40,0
2026-07-29 19:30:00+00:00,4084.192,4088.529,4067.064,4073.298,4721,40,0
2026-07-29 19:35:00+00:00,4073.188,4076.044,4066.094,4068.969,4363,40,0
2026-07-29 19:40:00+00:00,4069.038,4073.375,4065.182,4069.512,4059,40,0
2026-07-29 19:45:00+00:00,4069.311,4072.185,4066.048,4071.458,3561,40,0
2026-07-29 19:50:00+00:00,4071.407,4071.407,4061.364,4061.862,3913,40,0
2026-07-29 19:55:00+00:00,4061.803,4062.0,4044.139,4044.821,3834,40,0
2026-07-29 20:00:00+00:00,4044.942,4052.84,4042.567,4052.801,4081,40,0
2026-07-29 20:05:00+00:00,4052.747,4053.87,4049.103,4053.071,2515,40,0
2026-07-29 20:10:00+00:00,4052.702,4056.107,4049.095,4052.023,2403,40,0
2026-07-29 20:15:00+00:00,4051.962,4052.02,4047.498,4049.268,1839,40,0
2026-07-29 20:20:00+00:00,4049.212,4050.871,4043.942,4049.208,1775,40,0
2026-07-29 20:25:00+00:00,4049.258,4057.486,4048.267,4055.593,1277,40,0
2026-07-29 20:30:00+00:00,4055.542,4059.932,4053.927,4059.345,1226,40,0
2026-07-29 20:35:00+00:00,4059.395,4063.558,4058.162,4063.484,1094,40,0
2026-07-29 20:40:00+00:00,4063.492,4069.378,4063.154,4067.17,1058,40,0
2026-07-29 20:45:00+00:00,4067.102,4070.326,4065.366,4066.033,1278,40,0
2026-07-29 20:50:00+00:00,4066.34,4066.8,4063.335,4065.534,1344,40,0
2026-07-29 20:55:00+00:00,4065.593,4067.302,4065.093,4066.139,655,40,0
2026-07-29 22:00:00+00:00,4068.372,4076.086,4068.22,4074.002,720,50,0
2026-07-29 22:05:00+00:00,4074.014,4074.624,4064.923,4069.643,849,50,0
2026-07-29 22:10:00+00:00,4069.864,4077.791,4069.864,4076.324,500,50,0
2026-07-29 22:15:00+00:00,4076.271,4077.469,4073.708,4074.948,533,40,0
2026-07-29 22:20:00+00:00,4074.97,4075.463,4073.005,4075.119,484,40,0
2026-07-29 22:25:00+00:00,4074.974,4075.316,4072.497,4075.135,529,40,0
2026-07-29 22:30:00+00:00,4074.937,4076.167,4072.872,4075.567,713,40,0
2026-07-29 22:35:00+00:00,4075.679,4079.076,4075.408,4076.012,499,40,0
2026-07-29 22:40:00+00:00,4075.844,4081.431,4075.627,4081.365,528,40,0
2026-07-29 22:45:00+00:00,4081.354,4085.589,4079.722,4085.031,727,40,0
2026-07-29 22:50:00+00:00,4084.88,4086.07,4083.606,4085.092,601,40,0
2026-07-29 22:55:00+00:00,4085.051,4090.757,4084.818,4088.509,670,40,0
2026-07-29 23:00:00+00:00,4088.455,4095.871,4088.275,4095.311,749,40,0
2026-07-29 23:05:00+00:00,4095.316,4100.478,4094.294,4096.546,727,40,0
2026-07-29 23:10:00+00:00,4096.608,4097.164,4090.629,4091.511,659,40,0
2026-07-29 23:15:00+00:00,4091.577,4094.589,4090.397,4093.447,528,40,0
2026-07-29 23:20:00+00:00,4093.47,4095.178,4091.959,4092.147,574,40,0
2026-07-29 23:25:00+00:00,4092.324,4094.78,4090.999,4093.659,545,40,0
2026-07-29 23:30:00+00:00,4093.438,4094.197,4091.039,4092.94,526,40,0
2026-07-29 23:35:00+00:00,4092.94,4094.764,4092.139,4092.385,449,40,0
2026-07-29 23:40:00+00:00,4092.456,4092.456,4089.355,4090.089,664,40,0
2026-07-29 23:45:00+00:00,4090.148,4093.04,4088.722,4091.112,1423,40,0
2026-07-29 23:50:00+00:00,4091.238,4092.742,4086.366,4087.289,1557,40,0
2026-07-29 23:55:00+00:00,4087.311,4088.614,4084.493,4084.781,1020,40,0
2026-07-30 00:00:00+00:00,4084.853,4086.825,4079.936,4080.847,2402,40,0
2026-07-30 00:05:00+00:00,4081.013,4085.498,4080.345,4082.742,2174,40,0
2026-07-30 00:10:00+00:00,4082.609,4083.051,4079.261,4081.349,2046,40,0
2026-07-30 00:15:00+00:00,4081.297,4083.869,4077.398,4077.665,2369,40,0
2026-07-30 00:20:00+00:00,4077.726,4080.844,4075.709,4080.566,1808,40,0
2026-07-30 00:25:00+00:00,4080.563,4080.879,4072.788,4075.381,1980,40,0
2026-07-30 00:30:00+00:00,4075.545,4076.949,4071.812,4072.296,1698,40,0
2026-07-30 00:35:00+00:00,4072.341,4073.572,4068.478,4069.714,1683,40,0
2026-07-30 00:40:00+00:00,4069.664,4071.254,4064.977,4066.372,1582,40,0
2026-07-30 00:45:00+00:00,4066.396,4068.477,4064.86,4067.22,1562,40,0
2026-07-30 00:50:00+00:00,4067.172,4068.101,4065.427,4067.997,1243,40,0
2026-07-30 00:55:00+00:00,4067.754,4073.076,4066.767,4072.127,1262,40,0
2026-07-30 01:00:00+00:00,4072.184,4089.72,4070.24,4089.187,3512,40,0
2026-07-30 01:05:00+00:00,4089.307,4093.238,4086.466,4086.466,2792,40,0
2026-07-30 01:10:00+00:00,4086.524,4088.188,4074.998,4075.568,2914,40,0
2026-07-30 01:15:00+00:00,4075.537,4078.85,4073.272,4075.041,2607,40,0
2026-07-30 01:20:00+00:00,4075.091,4081.402,4073.821,4080.506,2341,40,0
2026-07-30 01:25:00+00:00,4080.451,4084.958,4080.159,4081.443,1942,40,0
2026-07-30 01:30:00+00:00,4081.354,4086.622,4080.543,4085.92,1887,40,0
2026-07-30 01:35:00+00:00,4085.83,4088.192,4084.379,4086.953,1972,40,0
2026-07-30 01:40:00+00:00,4087.062,4089.922,4086.265,4086.685,1329,40,0
2026-07-30 01:45:00+00:00,4086.737,4089.972,4083.721,4088.747,1396,40,0
2026-07-30 01:50:00+00:00,4088.647,4090.444,4086.957,4088.363,1236,40,0
2026-07-30 01:55:00+00:00,4088.313,4091.193,4084.214,4084.842,1193,40,0
2026-07-30 02:00:00+00:00,4084.767,4090.486,4084.54,4089.603,1481,40,0
2026-07-30 02:05:00+00:00,4089.602,4089.931,4087.273,4088.15,1162,40,0
2026-07-30 02:10:00+00:00,4088.207,4088.492,4082.353,4082.674,1138,40,0
2026-07-30 02:15:00+00:00,4082.724,4082.922,4079.957,4082.226,1144,40,0
2026-07-30 02:20:00+00:00,4082.488,4083.905,4080.639,4083.099,1018,40,0
2026-07-30 02:25:00+00:00,4083.153,4083.881,4080.239,4082.601,964,40,0
2026-07-30 02:30:00+00:00,4082.711,4082.989,4075.453,4076.672,1772,40,0
2026-07-30 02:35:00+00:00,4076.622,4078.415,4074.729,4076.569,1618,40,0
2026-07-30 02:40:00+00:00,4076.771,4078.947,4073.573,4076.8,1523,40,0
2026-07-30 02:45:00+00:00,4076.852,4077.044,4073.424,4074.706,1276,40,0
2026-07-30 02:50:00+00:00,4074.65,4074.904,4070.148,4071.14,1276,40,0
2026-07-30 02:55:00+00:00,4071.077,4071.714,4063.401,4063.725,1240,40,0
2026-07-30 03:00:00+00:00,4063.852,4069.699,4062.533,4069.43,1700,40,0
2026-07-30 03:05:00+00:00,4069.381,4070.067,4063.985,4064.655,1115,40,0
2026-07-30 03:10:00+00:00,4064.687,4065.613,4060.449,4063.089,1170,40,0
2026-07-30 03:15:00+00:00,4063.174,4064.147,4056.43,4057.965,1195,40,0
2026-07-30 03:20:00+00:00,4057.723,4058.772,4055.409,4056.703,1505,40,0
2026-07-30 03:25:00+00:00,4056.791,4057.75,4052.546,4053.994,1368,40,0
2026-07-30 03:30:00+00:00,4054.159,4055.51,4051.651,4053.847,1411,40,0
2026-07-30 03:35:00+00:00,4053.754,4055.913,4050.772,4051.627,1250,40,0
2026-07-30 03:40:00+00:00,4051.638,4054.008,4051.432,4052.676,903,40,0
2026-07-30 03:45:00+00:00,4052.537,4058.402,4052.149,4058.028,1089,40,0
2026-07-30 03:50:00+00:00,4057.897,4059.6,4057.373,4058.543,898,40,0
2026-07-30 03:55:00+00:00,4058.313,4059.8,4056.716,4058.864,675,40,0
2026-07-30 04:00:00+00:00,4059.122,4060.407,4055.583,4056.866,1126,40,0
2026-07-30 04:05:00+00:00,4056.666,4057.208,4054.607,4056.282,843,40,0
2026-07-30 04:10:00+00:00,4056.153,4056.824,4052.784,4053.465,698,40,0
2026-07-30 04:15:00+00:00,4053.409,4054.946,4052.021,4052.405,659,40,0
2026-07-30 04:20:00+00:00,4052.153,4053.942,4050.844,4052.733,752,40,0
2026-07-30 04:25:00+00:00,4052.716,4055.446,4052.451,4054.005,641,40,0
2026-07-30 04:30:00+00:00,4053.956,4054.093,4051.44,4051.83,624,40,0
2026-07-30 04:35:00+00:00,4051.88,4052.406,4049.247,4050.026,671,40,0
2026-07-30 04:40:00+00:00,4049.803,4050.463,4047.581,4048.831,752,40,0
2026-07-30 04:45:00+00:00,4048.771,4052.032,4046.306,4047.039,912,40,0
2026-07-30 04:50:00+00:00,4047.01,4048.43,4045.951,4047.773,948,40,0
2026-07-30 04:55:00+00:00,4047.663,4048.144,4044.328,4046.238,904,40,0
2026-07-30 05:00:00+00:00,4046.29,4046.352,4041.766,4044.684,1298,40,0
2026-07-30 05:05:00+00:00,4044.927,4045.648,4041.769,4045.292,1289,40,0
2026-07-30 05:10:00+00:00,4045.219,4045.995,4043.996,4045.915,985,40,0
2026-07-30 05:15:00+00:00,4045.965,4046.417,4037.599,4042.181,1373,40,0
2026-07-30 05:20:00+00:00,4041.943,4044.539,4041.206,4044.062,1137,40,0
2026-07-30 05:25:00+00:00,4043.994,4047.478,4042.917,4046.877,1033,40,0
2026-07-30 05:30:00+00:00,4046.904,4051.408,4045.427,4048.263,1461,40,0
2026-07-30 05:35:00+00:00,4048.335,4048.335,4028.399,4031.773,3219,40,0
2026-07-30 05:40:00+00:00,4031.606,4037.201,4029.819,4033.613,2531,40,0
2026-07-30 05:45:00+00:00,4033.562,4038.57,4030.776,4032.292,2180,40,0
2026-07-30 05:50:00+00:00,4032.449,4035.297,4030.364,4033.175,1560,40,0
2026-07-30 05:55:00+00:00,4033.114,4036.157,4030.109,4033.907,1397,40,0
2026-07-30 06:00:00+00:00,4033.853,4038.615,4033.675,4038.181,1291,40,0
2026-07-30 06:05:00+00:00,4038.233,4039.727,4034.82,4036.082,1751,40,0
2026-07-30 06:10:00+00:00,4036.034,4037.18,4031.416,4032.484,1688,40,0
2026-07-30 06:15:00+00:00,4032.433,4034.353,4030.888,4033.954,1500,40,0
2026-07-30 06:20:00+00:00,4033.842,4039.418,4033.164,4037.376,1624,40,0
2026-07-30 06:25:00+00:00,4037.69,4037.69,4029.296,4033.085,1593,40,0
2026-07-30 06:30:00+00:00,4033.023,4036.716,4031.196,4035.337,1373,40,0
2026-07-30 06:35:00+00:00,4035.39,4037.123,4034.166,4037.033,1245,40,0
2026-07-30 06:40:00+00:00,4037.186,4038.29,4034.197,4035.71,1291,40,0
2026-07-30 06:45:00+00:00,4035.657,4037.938,4034.2,4036.266,1238,40,0
2026-07-30 06:50:00+00:00,4036.376,4040.594,4035.889,4038.74,1184,40,0
2026-07-30 06:55:00+00:00,4038.786,4039.123,4035.192,4036.843,835,40,0
2026-07-30 07:00:00+00:00,4036.486,4047.898,4035.502,4044.932,1866,40,0
2026-07-30 07:05:00+00:00,4045.044,4045.736,4042.664,4045.734,1549,40,0
2026-07-30 07:10:00+00:00,4045.621,4047.65,4043.979,4046.745,1587,40,0
2026-07-30 07:15:00+00:00,4046.676,4051.43,4046.396,4049.91,1591,40,0
2026-07-30 07:20:00+00:00,4049.854,4050.557,4044.606,4048.039,1230,40,0
2026-07-30 07:25:00+00:00,4047.986,4048.288,4043.208,4045.817,1309,40,0
2026-07-30 07:30:00+00:00,4045.842,4046.137,4040.288,4041.377,1270,40,0
2026-07-30 07:35:00+00:00,4041.358,4042.319,4036.319,4040.445,1251,40,0
2026-07-30 07:40:00+00:00,4040.502,4047.476,4040.341,4045.848,1172,40,0
2026-07-30 07:45:00+00:00,4045.837,4046.645,4041.62,4042.106,1054,40,0
2026-07-30 07:50:00+00:00,4041.992,4045.605,4040.459,4040.79,1258,40,0
2026-07-30 07:55:00+00:00,4040.988,4041.367,4038.173,4038.88,1045,40,0
2026-07-30 08:00:00+00:00,4038.707,4045.762,4036.66,4045.746,1426,40,0
2026-07-30 08:05:00+00:00,4045.813,4053.761,4044.853,4050.525,2238,40,0
2026-07-30 08:10:00+00:00,4050.399,4056.261,4049.426,4053.372,1728,40,0
2026-07-30 08:15:00+00:00,4053.226,4057.079,4052.228,4056.78,1440,40,0
2026-07-30 08:20:00+00:00,4056.835,4064.138,4055.689,4060.441,1600,40,0
2026-07-30 08:25:00+00:00,4060.489,4068.527,4059.991,4064.588,1740,40,0
2026-07-30 08:30:00+00:00,4064.543,4073.037,4063.423,4068.0,2409,40,0
2026-07-30 08:35:00+00:00,4068.029,4071.876,4064.297,4064.674,1921,40,0
2026-07-30 08:40:00+00:00,4064.624,4066.894,4063.114,4065.71,1433,40,0
2026-07-30 08:45:00+00:00,4065.646,4071.028,4063.74,4063.919,1454,40,0
2026-07-30 08:50:00+00:00,4064.094,4064.566,4059.868,4060.42,1063,40,0
2026-07-30 08:55:00+00:00,4060.115,4062.209,4059.58,4061.396,867,40,0
2026-07-30 09:00:00+00:00,4061.707,4067.337,4060.287,4066.525,893,40,0
2026-07-30 09:05:00+00:00,4066.436,4069.036,4065.528,4067.542,1342,40,0
2026-07-30 09:10:00+00:00,4067.467,4069.4,4064.983,4066.144,1078,40,0
2026-07-30 09:15:00+00:00,4066.207,4067.688,4064.383,4066.794,1596,40,0
2026-07-30 09:20:00+00:00,4066.947,4072.341,4066.617,4070.33,1387,40,0
2026-07-30 09:25:00+00:00,4070.204,4072.642,4067.327,4067.551,1005,40,0
2026-07-30 09:30:00+00:00,4067.854,4068.384,4060.68,4066.197,1457,40,0
2026-07-30 09:35:00+00:00,4066.271,4069.403,4065.086,4065.181,1233,40,0
2026-07-30 09:40:00+00:00,4065.473,4066.163,4064.373,4065.718,1040,40,0
2026-07-30 09:45:00+00:00,4065.562,4069.471,4063.806,4069.246,875,40,0
2026-07-30 09:50:00+00:00,4069.456,4073.247,4066.977,4067.089,1042,40,0
2026-07-30 09:55:00+00:00,4067.025,4067.392,4062.285,4063.542,889,40,0
2026-07-30 10:00:00+00:00,4063.615,4068.302,4062.939,4064.842,1329,40,0
2026-07-30 10:05:00+00:00,4065.044,4072.456,4064.648,4071.191,989,40,0
2026-07-30 10:10:00+00:00,4071.138,4074.894,4064.357,4068.467,2092,40,0
2026-07-30 10:15:00+00:00,4068.521,4077.746,4067.518,4075.733,1996,40,0
2026-07-30 10:20:00+00:00,4075.844,4077.532,4074.187,4076.239,1369,40,0
2026-07-30 10:25:00+00:00,4076.543,4077.869,4075.242,4076.577,1080,40,0
2026-07-30 10:30:00+00:00,4076.714,4079.296,4075.203,4077.456,1289,40,0
2026-07-30 10:35:00+00:00,4077.595,4081.511,4076.641,4077.063,1201,40,0
2026-07-30 10:40:00+00:00,4077.053,4082.922,4076.765,4081.323,1863,40,0
2026-07-30 10:45:00+00:00,4081.01,4083.156,4079.607,4080.094,1071,40,0
2026-07-30 10:50:00+00:00,4079.899,4081.769,4078.098,4079.145,1291,40,0
2026-07-30 10:55:00+00:00,4079.204,4080.118,4078.167,4078.234,755,40,0
2026-07-30 11:00:00+00:00,4078.125,4081.18,4077.647,4078.822,1049,40,0
2026-07-30 11:05:00+00:00,4079.012,4082.819,4078.75,4081.814,1164,40,0
2026-07-30 11:10:00+00:00,4081.897,4082.904,4078.918,4079.853,967,40,0
2026-07-30 11:15:00+00:00,4079.906,4082.047,4078.114,4078.198,924,40,0
2026-07-30 11:20:00+00:00,4078.218,4081.671,4076.613,4081.262,925,40,0
2026-07-30 11:25:00+00:00,4081.256,4081.908,4076.656,4078.026,884,40,0
2026-07-30 11:30:00+00:00,4078.111,4078.86,4076.134,4077.44,1084,40,0
2026-07-30 11:35:00+00:00,4077.328,4079.581,4076.841,4077.866,755,40,0
2026-07-30 11:40:00+00:00,4077.561,4079.446,4076.878,4077.621,814,40,0
2026-07-30 11:45:00+00:00,4077.64,4077.966,4075.711,4076.702,734,40,0
2026-07-30 11:50:00+00:00,4076.757,4080.655,4076.449,4080.286,955,40,0
2026-07-30 11:55:00+00:00,4080.237,4080.456,4076.792,4077.686,834,40,0
2026-07-30 12:00:00+00:00,4077.581,4079.676,4074.658,4078.345,933,40,0
2026-07-30 12:05:00+00:00,4078.399,4082.666,4078.399,4081.876,959,40,0
2026-07-30 12:10:00+00:00,4081.674,4081.876,4074.94,4078.691,1408,40,0
2026-07-30 12:15:00+00:00,4078.741,4078.945,4072.91,4075.262,1251,40,0
2026-07-30 12:20:00+00:00,4074.957,4076.564,4071.629,4076.344,1412,40,0
2026-07-30 12:25:00+00:00,4076.547,4081.43,4076.437,4077.344,1082,40,0
2026-07-30 12:30:00+00:00,4077.205,4086.991,4071.657,4073.806,1907,40,0
2026-07-30 12:35:00+00:00,4073.756,4078.398,4071.867,4077.851,2663,40,0
2026-07-30 12:40:00+00:00,4078.212,4082.016,4073.802,4077.341,2717,40,0
2026-07-30 12:45:00+00:00,4077.4,4079.46,4073.023,4075.533,2102,40,0
2026-07-30 12:50:00+00:00,4075.583,4077.088,4067.132,4069.91,2215,40,0
2026-07-30 12:55:00+00:00,4069.927,4073.707,4068.323,4068.76,1723,40,0
2026-07-30 13:00:00+00:00,4069.052,4074.128,4065.087,4068.404,3816,40,0
2026-07-30 13:05:00+00:00,4068.455,4076.747,4066.583,4073.491,2764,40,0
2026-07-30 13:10:00+00:00,4073.691,4076.843,4069.748,4076.843,2175,40,0
2026-07-30 13:15:00+00:00,4076.643,4077.589,4072.827,4073.302,1897,40,0
2026-07-30 13:20:00+00:00,4073.279,4084.249,4071.965,4082.12,2133,40,0
2026-07-30 13:25:00+00:00,4082.196,4083.077,4074.192,4080.06,2088,40,0
2026-07-30 13:30:00+00:00,4080.009,4082.062,4075.422,4075.87,3822,40,0
2026-07-30 13:35:00+00:00,4075.919,4098.84,4074.905,4091.308,6868,40,0
2026-07-30 13:40:00+00:00,4091.25,4096.562,4085.203,4089.061,5560,40,0
2026-07-30 13:45:00+00:00,4089.123,4101.776,4085.642,4095.058,4655,40,0
2026-07-30 13:50:00+00:00,4094.855,4103.189,4093.383,4102.268,4249,40,0
2026-07-30 13:55:00+00:00,4102.333,4112.706,4100.942,4112.331,3412,40,0
2026-07-30 14:00:00+00:00,4112.281,4120.512,4106.607,4107.654,6726,40,0
2026-07-30 14:05:00+00:00,4107.502,4109.691,4093.917,4099.237,4689,40,0
2026-07-30 14:10:00+00:00,4099.08,4102.576,4096.351,4098.193,3378,40,0
2026-07-30 14:15:00+00:00,4098.004,4100.353,4090.316,4091.008,3395,40,0
2026-07-30 14:20:00+00:00,4090.959,4098.646,4087.246,4089.783,3567,40,0
2026-07-30 14:25:00+00:00,4089.683,4096.305,4087.219,4096.253,3398,40,0
2026-07-30 14:30:00+00:00,4096.117,4103.038,4094.673,4100.046,3483,40,0
2026-07-30 14:35:00+00:00,4100.1,4106.244,4100.013,4106.022,2223,40,0
2026-07-30 14:40:00+00:00,4105.969,4111.49,4104.09,4110.678,2066,40,0
2026-07-30 14:45:00+00:00,4110.738,4113.26,4101.9,4104.407,2419,40,0
2026-07-30 14:50:00+00:00,4104.28,4104.841,4098.463,4100.004,2831,40,0
2026-07-30 14:55:00+00:00,4099.948,4101.12,4096.385,4100.041,2298,40,0
2026-07-30 15:00:00+00:00,4100.155,4100.551,4096.274,4097.471,2973,40,0
2026-07-30 15:05:00+00:00,4097.161,4098.833,4089.704,4090.902,3164,40,0
2026-07-30 15:10:00+00:00,4090.952,4090.988,4083.063,4085.744,2471,40,0
2026-07-30 15:15:00+00:00,4085.631,4096.776,4084.748,4095.793,2355,40,0
2026-07-30 15:20:00+00:00,4095.905,4097.221,4092.183,4094.165,2092,40,0
2026-07-30 15:25:00+00:00,4094.216,4096.666,4091.969,4096.186,1505,40,0
2026-07-30 15:30:00+00:00,4096.131,4100.189,4092.595,4099.348,1895,40,0
2026-07-30 15:35:00+00:00,4099.402,4100.962,4097.755,4098.951,1591,40,0
2026-07-30 15:40:00+00:00,4099.0,4107.136,4098.718,4105.311,1768,40,0
2026-07-30 15:45:00+00:00,4105.427,4107.009,4103.52,4106.111,1513,40,0
2026-07-30 15:50:00+00:00,4106.055,4108.171,4104.595,4107.304,1205,40,0
2026-07-30 15:55:00+00:00,4107.354,4110.248,4106.877,4108.099,1084,40,0
2026-07-30 16:00:00+00:00,4108.045,4116.062,4107.728,4114.781,1453,40,0
2026-07-30 16:05:00+00:00,4114.83,4115.199,4111.066,4111.209,1122,40,0
2026-07-30 16:10:00+00:00,4111.156,4116.092,4109.16,4114.218,1052,40,0
2026-07-30 16:15:00+00:00,4114.128,4116.17,4113.848,4114.117,878,40,0
2026-07-30 16:20:00+00:00,4114.203,4119.438,4113.591,4118.846,1014,40,0
2026-07-30 16:25:00+00:00,4118.902,4119.131,4115.653,4116.177,861,40,0
2026-07-30 16:30:00+00:00,4116.29,4116.499,4112.67,4113.4,1063,40,0
2026-07-30 16:35:00+00:00,4113.464,4115.053,4110.439,4111.2,943,40,0
2026-07-30 16:40:00+00:00,4111.259,4112.201,4108.3,4108.781,839,40,0
2026-07-30 16:45:00+00:00,4108.916,4109.824,4107.377,4109.689,780,40,0
2026-07-30 16:50:00+00:00,4109.478,4110.493,4106.555,4107.852,737,40,0
2026-07-30 16:55:00+00:00,4108.057,4110.939,4107.466,4110.939,628,40,0
2026-07-30 17:00:00+00:00,4110.878,4111.45,4106.797,4107.525,932,40,0
2026-07-30 17:05:00+00:00,4107.657,4108.872,4106.648,4107.756,611,40,0
2026-07-30 17:10:00+00:00,4107.534,4108.761,4104.831,4104.831,765,40,0
2026-07-30 17:15:00+00:00,4105.027,4106.905,4103.908,4106.329,706,40,0
2026-07-30 17:20:00+00:00,4106.297,4108.362,4104.561,4108.11,636,40,0
2026-07-30 17:25:00+00:00,4107.837,4108.246,4098.691,4101.75,1190,40,0
2026-07-30 17:30:00+00:00,4101.586,4102.641,4100.215,4101.059,874,40,0
2026-07-30 17:35:00+00:00,4101.114,4108.501,4099.97,4103.009,1786,40,0
2026-07-30 17:40:00+00:00,4102.956,4106.88,4102.461,4106.183,1279,40,0
2026-07-30 17:45:00+00:00,4106.251,4108.644,4104.329,4104.329,855,40,0
2026-07-30 17:50:00+00:00,4104.363,4104.816,4102.585,4103.417,745,40,0
2026-07-30 17:55:00+00:00,4103.466,4103.862,4101.17,4102.55,595,40,0
2026-07-30 18:00:00+00:00,4102.745,4106.037,4102.745,4105.677,690,40,0
2026-07-30 18:05:00+00:00,4105.868,4106.906,4104.362,4106.377,696,40,0
2026-07-30 18:10:00+00:00,4106.285,4106.928,4105.011,4106.566,722,40,0
2026-07-30 18:15:00+00:00,4106.685,4106.979,4103.766,4104.287,692,40,0
2026-07-30 18:20:00+00:00,4104.167,4105.547,4101.358,4102.346,710,40,0
2026-07-30 18:25:00+00:00,4102.456,4103.881,4100.742,4103.645,631,40,0
2026-07-30 18:30:00+00:00,4103.774,4107.991,4103.04,4106.676,667,40,0
2026-07-30 18:35:00+00:00,4106.445,4106.597,4104.415,4104.88,602,40,0
2026-07-30 18:40:00+00:00,4104.623,4106.035,4103.896,4104.766,489,40,0
2026-07-30 18:45:00+00:00,4105.029,4105.458,4100.611,4101.109,597,40,0
2026-07-30 18:50:00+00:00,4100.914,4101.687,4098.793,4099.162,654,40,0
2026-07-30 18:55:00+00:00,4099.144,4100.393,4098.854,4099.722,524,40,0
2026-07-30 19:00:00+00:00,4099.613,4103.576,4098.805,4103.511,732,40,0
2026-07-30 19:05:00+00:00,4103.563,4105.58,4102.68,4105.357,689,40,0
2026-07-30 19:10:00+00:00,4105.299,4105.865,4103.023,4104.953,706,40,0
2026-07-30 19:15:00+00:00,4105.007,4113.28,4103.001,4110.84,1009,40,0
2026-07-30 19:20:00+00:00,4110.801,4111.832,4109.481,4111.239,660,40,0
2026-07-30 19:25:00+00:00,4111.44,4115.164,4110.623,4112.787,722,40,0
2026-07-30 19:30:00+00:00,4112.881,4114.616,4112.312,4114.491,644,40,0
2026-07-30 19:35:00+00:00,4114.495,4115.584,4112.125,4113.065,573,40,0
2026-07-30 19:40:00+00:00,4113.126,4114.27,4111.488,4112.381,637,40,0
2026-07-30 19:45:00+00:00,4112.236,4113.136,4111.189,4112.653,524,40,0
2026-07-30 19:50:00+00:00,4112.588,4112.897,4109.571,4109.784,687,40,0
2026-07-30 19:55:00+00:00,4109.734,4112.892,4109.309,4112.262,841,40,0
2026-07-30 20:00:00+00:00,4112.317,4117.595,4110.093,4117.39,1359,40,0
2026-07-30 20:05:00+00:00,4117.317,4117.317,4113.684,4114.586,703,40,0
2026-07-30 20:10:00+00:00,4114.345,4115.728,4112.964,4113.929,612,40,0
2026-07-30 20:15:00+00:00,4113.987,4114.971,4112.248,4113.886,655,40,0
2026-07-30 20:20:00+00:00,4113.83,4114.176,4112.56,4113.446,432,40,0
2026-07-30 20:25:00+00:00,4113.227,4114.272,4111.661,4112.087,476,40,0
2026-07-30 20:30:00+00:00,4112.126,4112.696,4107.62,4109.398,883,40,0
2026-07-30 20:35:00+00:00,4109.395,4109.395,4106.239,4107.048,568,40,0
2026-07-30 20:40:00+00:00,4107.023,4107.567,4102.313,4103.004,696,40,0
2026-07-30 20:45:00+00:00,4103.06,4103.841,4100.06,4100.227,673,40,0
2026-07-30 20:50:00+00:00,4100.278,4102.867,4099.087,4101.668,719,40,0
2026-07-30 20:55:00+00:00,4101.771,4103.301,4100.989,4103.146,374,40,0
2026-07-30 22:00:00+00:00,4105.342,4106.83,4103.378,4103.449,451,50,0
2026-07-30 22:05:00+00:00,4103.502,4106.082,4102.537,4105.583,317,50,0
2026-07-30 22:10:00+00:00,4105.607,4107.854,4105.305,4106.994,423,50,0
2026-07-30 22:15:00+00:00,4106.908,4108.633,4106.558,4108.236,445,40,0
2026-07-30 22:20:00+00:00,4108.467,4108.467,4107.306,4107.896,331,40,0
2026-07-30 22:25:00+00:00,4107.858,4108.596,4107.004,4107.747,327,40,0
2026-07-30 22:30:00+00:00,4107.673,4108.385,4107.203,4107.949,404,40,0
2026-07-30 22:35:00+00:00,4108.204,4110.547,4107.871,4109.982,391,40,0
2026-07-30 22:40:00+00:00,4109.921,4110.641,4109.482,4110.61,306,40,0
2026-07-30 22:45:00+00:00,4110.404,4111.12,4108.968,4110.735,350,40,0
2026-07-30 22:50:00+00:00,4110.651,4111.25,4110.074,4110.943,312,40,0
2026-07-30 22:55:00+00:00,4110.973,4111.171,4108.995,4109.352,304,40,0
2026-07-30 23:00:00+00:00,4109.383,4111.448,4109.048,4110.868,421,40,0
2026-07-30 23:05:00+00:00,4110.575,4111.911,4109.012,4109.731,332,40,0
2026-07-30 23:10:00+00:00,4109.548,4109.829,4106.501,4107.22,381,40,0
2026-07-30 23:15:00+00:00,4107.467,4107.691,4106.015,4106.795,354,40,0
2026-07-30 23:20:00+00:00,4106.794,4107.293,4104.532,4106.296,418,40,0
2026-07-30 23:25:00+00:00,4106.135,4106.82,4103.958,4104.317,351,40,0
2026-07-30 23:30:00+00:00,4104.295,4105.345,4103.34,4104.089,415,40,0
2026-07-30 23:35:00+00:00,4104.081,4106.12,4102.213,4105.733,529,40,0
2026-07-30 23:40:00+00:00,4105.681,4107.393,4105.021,4106.326,384,40,0
2026-07-30 23:45:00+00:00,4106.298,4110.244,4106.298,4108.536,508,40,0
2026-07-30 23:50:00+00:00,4108.503,4109.314,4106.442,4107.263,489,40,0
2026-07-30 23:55:00+00:00,4107.376,4107.521,4105.472,4105.745,403,40,0
2026-07-31 00:00:00+00:00,4105.859,4107.332,4101.675,4104.618,1219,40,0
2026-07-31 00:05:00+00:00,4104.668,4105.024,4101.72,4103.16,936,40,0
2026-07-31 00:10:00+00:00,4103.048,4104.16,4100.626,4101.456,835,40,0
2026-07-31 00:15:00+00:00,4101.196,4102.751,4100.083,4101.573,872,40,0
2026-07-31 00:20:00+00:00,4101.596,4103.85,4098.535,4102.956,937,40,0
2026-07-31 00:25:00+00:00,4102.961,4103.071,4096.041,4096.525,750,40,0
2026-07-31 00:30:00+00:00,4096.468,4097.69,4093.437,4093.983,718,40,0
2026-07-31 00:35:00+00:00,4093.902,4094.042,4091.521,4092.722,725,40,0
2026-07-31 00:40:00+00:00,4092.754,4093.535,4090.421,4092.891,749,40,0
2026-07-31 00:45:00+00:00,4092.837,4094.373,4090.539,4093.353,818,40,0
2026-07-31 00:50:00+00:00,4093.668,4095.265,4092.757,4093.527,718,40,0
2026-07-31 00:55:00+00:00,4093.323,4096.255,4092.533,4094.89,880,40,0
2026-07-31 01:00:00+00:00,4094.737,4101.374,4094.733,4098.119,2653,40,0
2026-07-31 01:05:00+00:00,4098.068,4101.771,4095.502,4098.285,1337,40,0
2026-07-31 01:10:00+00:00,4097.948,4098.087,4088.856,4089.15,1252,40,0
2026-07-31 01:15:00+00:00,4089.2,4094.421,4086.493,4093.808,1377,40,0
2026-07-31 01:20:00+00:00,4093.905,4095.293,4091.157,4092.219,1140,40,0
2026-07-31 01:25:00+00:00,4092.422,4094.719,4090.73,4092.176,920,40,0
2026-07-31 01:30:00+00:00,4092.234,4092.234,4086.857,4088.194,1236,40,0
2026-07-31 01:35:00+00:00,4088.082,4088.521,4083.936,4084.975,1059,40,0
2026-07-31 01:40:00+00:00,4085.097,4087.493,4084.498,4085.941,873,40,0
2026-07-31 01:45:00+00:00,4085.641,4089.425,4083.301,4084.189,957,40,0
2026-07-31 01:50:00+00:00,4084.247,4085.867,4082.247,4085.21,1011,40,0
2026-07-31 01:55:00+00:00,4085.259,4087.655,4084.197,4084.197,765,40,0
2026-07-31 02:00:00+00:00,4084.375,4086.611,4081.643,4085.628,990,40,0
2026-07-31 02:05:00+00:00,4085.685,4089.415,4085.483,4088.923,775,40,0
2026-07-31 02:10:00+00:00,4088.916,4090.633,4085.442,4085.718,694,40,0
2026-07-31 02:15:00+00:00,4085.707,4085.707,4081.556,4082.734,795,40,0
2026-07-31 02:20:00+00:00,4082.79,4084.324,4082.245,4082.837,590,40,0
2026-07-31 02:25:00+00:00,4082.806,4083.277,4081.539,4082.252,516,40,0
2026-07-31 02:30:00+00:00,4082.126,4084.609,4081.065,4082.291,930,40,0
2026-07-31 02:35:00+00:00,4082.343,4082.846,4080.982,4082.401,717,40,0
2026-07-31 02:40:00+00:00,4082.26,4082.923,4075.55,4075.655,892,40,0
2026-07-31 02:45:00+00:00,4075.708,4077.955,4074.639,4077.339,1101,40,0
2026-07-31 02:50:00+00:00,4077.569,4077.829,4074.138,4076.543,684,40,0
2026-07-31 02:55:00+00:00,4076.486,4078.634,4076.004,4076.348,653,40,0
2026-07-31 03:00:00+00:00,4076.282,4076.403,4073.268,4073.637,715,40,0
2026-07-31 03:05:00+00:00,4073.675,4076.21,4073.562,4074.379,673,40,0
2026-07-31 03:10:00+00:00,4074.683,4075.709,4071.921,4073.466,1028,40,0
2026-07-31 03:15:00+00:00,4073.71,4073.995,4072.328,4073.777,688,40,0
2026-07-31 03:20:00+00:00,4073.743,4074.481,4072.62,4073.951,642,40,0
2026-07-31 03:25:00+00:00,4073.685,4076.295,4072.924,4075.364,662,40,0
2026-07-31 03:30:00+00:00,4075.479,4077.288,4075.082,4076.944,755,40,0
2026-07-31 03:35:00+00:00,4076.927,4079.487,4075.159,4078.801,749,40,0
2026-07-31 03:40:00+00:00,4078.688,4078.851,4075.315,4076.681,558,40,0
2026-07-31 03:45:00+00:00,4076.566,4077.785,4075.471,4075.748,506,40,0
2026-07-31 03:50:00+00:00,4075.916,4076.824,4074.618,4075.078,525,40,0
2026-07-31 03:55:00+00:00,4074.878,4075.72,4074.181,4075.136,468,40,0
2026-07-31 04:00:00+00:00,4075.141,4076.054,4073.991,4074.579,542,40,0
2026-07-31 04:05:00+00:00,4074.608,4075.276,4073.699,4075.074,467,40,0
2026-07-31 04:10:00+00:00,4075.131,4077.123,4073.34,4076.643,558,40,0
2026-07-31 04:15:00+00:00,4076.557,4077.948,4075.834,4076.191,478,40,0
2026-07-31 04:20:00+00:00,4076.125,4078.566,4074.541,4078.446,709,40,0
2026-07-31 04:25:00+00:00,4078.391,4079.974,4077.503,4079.946,448,40,0
2026-07-31 04:30:00+00:00,4079.894,4081.317,4079.257,4080.092,453,40,0
2026-07-31 04:35:00+00:00,4080.027,4081.328,4079.664,4081.202,399,40,0
2026-07-31 04:40:00+00:00,4081.089,4081.487,4079.302,4079.333,321,40,0
2026-07-31 04:45:00+00:00,4079.35,4079.794,4075.471,4075.696,411,40,0
2026-07-31 04:50:00+00:00,4075.724,4078.322,4074.712,4078.103,406,40,0
2026-07-31 04:55:00+00:00,4078.101,4080.257,4077.66,4080.095,430,40,0
2026-07-31 05:00:00+00:00,4080.222,4082.61,4079.721,4082.454,565,40,0
2026-07-31 05:05:00+00:00,4082.397,4083.502,4080.982,4081.695,501,40,0
2026-07-31 05:10:00+00:00,4081.597,4082.434,4079.736,4080.048,436,40,0
2026-07-31 05:15:00+00:00,4080.158,4082.469,4079.534,4081.957,461,40,0
2026-07-31 05:20:00+00:00,4082.008,4083.185,4080.501,4082.582,436,40,0
2026-07-31 05:25:00+00:00,4082.392,4082.573,4080.272,4081.044,403,40,0
2026-07-31 05:30:00+00:00,4081.097,4081.835,4078.85,4079.181,1029,40,0
2026-07-31 05:35:00+00:00,4079.194,4081.458,4077.376,4079.827,829,40,0
2026-07-31 05:40:00+00:00,4079.892,4080.298,4075.811,4076.599,771,40,0
2026-07-31 05:45:00+00:00,4076.461,4076.569,4073.793,4075.758,599,40,0
2026-07-31 05:50:00+00:00,4075.773,4076.084,4073.411,4075.714,711,40,0
2026-07-31 05:55:00+00:00,4075.647,4076.307,4073.359,4074.637,727,40,0
2026-07-31 06:00:00+00:00,4074.691,4078.109,4072.655,4077.985,972,40,0
2026-07-31 06:05:00+00:00,4077.958,4082.673,4077.672,4081.842,722,40,0
2026-07-31 06:10:00+00:00,4081.783,4083.036,4080.278,4082.518,699,40,0
2026-07-31 06:15:00+00:00,4082.542,4087.579,4081.006,4086.469,1065,40,0
2026-07-31 06:20:00+00:00,4086.578,4087.595,4082.557,4083.718,741,40,0
2026-07-31 06:25:00+00:00,4083.706,4086.406,4082.02,4084.873,802,40,0
2026-07-31 06:30:00+00:00,4084.947,4085.245,4077.547,4078.673,1038,40,0
2026-07-31 06:35:00+00:00,4078.745,4080.238,4077.12,4079.059,1028,40,0
2026-07-31 06:40:00+00:00,4079.039,4079.311,4077.52,4078.207,776,40,0
2026-07-31 06:45:00+00:00,4078.34,4081.71,4077.004,4077.858,740,40,0
2026-07-31 06:50:00+00:00,4078.015,4079.032,4076.351,4078.529,945,40,0
2026-07-31 06:55:00+00:00,4078.522,4079.431,4077.646,4077.803,754,40,0
2026-07-31 07:00:00+00:00,4077.739,4078.096,4075.338,4077.855,916,40,0
2026-07-31 07:05:00+00:00,4077.992,4079.25,4077.099,4078.569,657,40,0
2026-07-31 07:10:00+00:00,4078.327,4078.643,4075.231,4077.462,647,40,0
2026-07-31 07:15:00+00:00,4077.709,4079.21,4076.233,4078.714,775,40,0
2026-07-31 07:20:00+00:00,4078.6,4078.664,4074.447,4074.966,792,40,0
2026-07-31 07:25:00+00:00,4075.114,4076.045,4072.001,4072.801,750,40,0
2026-07-31 07:30:00+00:00,4072.86,4073.182,4069.092,4069.927,859,40,0
2026-07-31 07:35:00+00:00,4069.864,4072.695,4068.174,4071.986,799,40,0
2026-07-31 07:40:00+00:00,4072.044,4074.072,4071.583,4072.136,628,40,0
2026-07-31 07:45:00+00:00,4072.2,4074.4,4071.255,4072.016,930,40,0
2026-07-31 07:50:00+00:00,4071.866,4072.687,4069.667,4071.318,869,40,0
2026-07-31 07:55:00+00:00,4071.327,4071.823,4067.345,4067.757,621,40,0
2026-07-31 08:00:00+00:00,4067.847,4067.914,4062.736,4063.422,976,40,0
2026-07-31 08:05:00+00:00,4063.494,4065.424,4062.718,4064.947,901,40,0
2026-07-31 08:10:00+00:00,4064.715,4065.443,4061.04,4062.375,765,40,0
2026-07-31 08:15:00+00:00,4062.435,4066.476,4060.956,4065.959,1000,40,0
2026-07-31 08:20:00+00:00,4065.95,4067.314,4059.385,4060.362,1186,40,0
2026-07-31 08:25:00+00:00,4060.415,4061.583,4057.776,4058.756,1013,40,0
2026-07-31 08:30:00+00:00,4058.704,4059.652,4054.115,4057.405,1164,40,0
2026-07-31 08:35:00+00:00,4057.272,4060.294,4057.083,4059.7,871,40,0
2026-07-31 08:40:00+00:00,4059.688,4061.539,4058.0,4059.436,911,40,0
2026-07-31 08:45:00+00:00,4059.379,4062.833,4057.698,4061.376,774,40,0
2026-07-31 08:50:00+00:00,4061.103,4062.358,4058.213,4058.329,685,40,0
2026-07-31 08:55:00+00:00,4058.548,4064.394,4058.217,4061.134,1764,40,0
2026-07-31 09:00:00+00:00,4061.076,4064.036,4060.397,4060.749,1108,40,0
2026-07-31 09:05:00+00:00,4060.69,4062.016,4057.846,4057.846,1181,40,0
2026-07-31 09:10:00+00:00,4057.646,4058.327,4055.313,4056.921,922,40,0
2026-07-31 09:15:00+00:00,4056.96,4057.41,4054.624,4055.862,835,40,0
2026-07-31 09:20:00+00:00,4055.8,4057.733,4051.845,4052.786,888,40,0
2026-07-31 09:25:00+00:00,4052.837,4053.532,4051.53,4052.575,938,40,0
2026-07-31 09:30:00+00:00,4052.523,4054.609,4051.144,4051.383,982,40,0
2026-07-31 09:35:00+00:00,4051.375,4052.448,4050.108,4051.702,673,40,0
2026-07-31 09:40:00+00:00,4051.643,4053.201,4051.186,4053.061,614,40,0
2026-07-31 09:45:00+00:00,4053.313,4056.989,4052.265,4056.566,700,40,0
2026-07-31 09:50:00+00:00,4056.515,4057.269,4055.768,4055.768,510,40,0
2026-07-31 09:55:00+00:00,4055.845,4056.293,4053.841,4055.053,520,40,0
2026-07-31 10:00:00+00:00,4055.334,4056.607,4053.252,4056.201,661,40,0
2026-07-31 10:05:00+00:00,4056.255,4058.472,4055.745,4057.865,604,40,0
2026-07-31 10:10:00+00:00,4057.852,4057.93,4055.559,4055.835,563,40,0
2026-07-31 10:15:00+00:00,4055.883,4056.187,4052.543,4053.654,528,40,0
2026-07-31 10:20:00+00:00,4053.706,4055.162,4051.974,4052.255,525,40,0
2026-07-31 10:25:00+00:00,4052.337,4054.837,4052.337,4053.165,554,40,0
2026-07-31 10:30:00+00:00,4053.052,4056.535,4052.897,4055.268,598,40,0
2026-07-31 10:35:00+00:00,4055.194,4056.515,4052.896,4053.8,653,40,0
2026-07-31 10:40:00+00:00,4053.71,4055.725,4053.176,4054.693,561,40,0
2026-07-31 10:45:00+00:00,4054.743,4057.272,4054.523,4056.021,562,40,0
2026-07-31 10:50:00+00:00,4056.268,4056.381,4054.275,4054.879,505,40,0
2026-07-31 10:55:00+00:00,4054.897,4055.48,4053.819,4054.411,525,40,0
2026-07-31 11:00:00+00:00,4054.423,4055.79,4052.278,4055.549,763,40,0
2026-07-31 11:05:00+00:00,4055.588,4057.751,4053.79,4057.159,669,40,0
2026-07-31 11:10:00+00:00,4057.171,4059.531,4056.823,4056.919,664,40,0
2026-07-31 11:15:00+00:00,4056.973,4058.889,4054.028,4056.987,1265,40,0
2026-07-31 11:20:00+00:00,4056.685,4061.252,4056.015,4060.6,783,40,0
2026-07-31 11:25:00+00:00,4060.55,4060.97,4057.779,4058.935,682,40,0
2026-07-31 11:30:00+00:00,4058.962,4058.962,4053.418,4054.542,947,40,0
2026-07-31 11:35:00+00:00,4054.598,4055.801,4052.893,4053.379,763,40,0
2026-07-31 11:40:00+00:00,4053.43,4053.585,4050.561,4052.219,775,40,0
2026-07-31 11:45:00+00:00,4052.21,4053.525,4051.236,4052.432,624,40,0
2026-07-31 11:50:00+00:00,4052.432,4055.12,4052.252,4054.698,572,40,0
2026-07-31 11:55:00+00:00,4054.806,4055.634,4053.327,4053.831,601,40,0
2026-07-31 12:00:00+00:00,4053.827,4057.937,4052.428,4057.915,904,40,0
2026-07-31 12:05:00+00:00,4057.97,4059.312,4056.499,4057.068,939,40,0
2026-07-31 12:10:00+00:00,4057.369,4059.601,4055.311,4059.026,721,40,0
2026-07-31 12:15:00+00:00,4058.976,4059.262,4055.699,4056.721,866,40,0
2026-07-31 12:20:00+00:00,4056.518,4058.437,4049.933,4050.88,1140,40,0
2026-07-31 12:25:00+00:00,4050.781,4052.414,4047.003,4047.277,833,40,0
2026-07-31 12:30:00+00:00,4047.633,4051.519,4044.556,4048.343,1135,40,0
2026-07-31 12:35:00+00:00,4048.377,4051.769,4043.976,4044.807,1336,40,0
2026-07-31 12:40:00+00:00,4044.867,4045.601,4042.55,4044.509,1013,40,0
2026-07-31 12:45:00+00:00,4044.578,4045.785,4041.396,4041.742,1055,40,0
2026-07-31 12:50:00+00:00,4041.799,4046.466,4040.914,4045.476,1232,40,0
2026-07-31 12:55:00+00:00,4045.369,4045.515,4040.483,4041.02,1082,40,0
2026-07-31 13:00:00+00:00,4040.959,4042.812,4036.168,4039.6,3099,40,0
2026-07-31 13:05:00+00:00,4039.86,4040.26,4035.568,4036.825,1610,40,0
2026-07-31 13:10:00+00:00,4036.7,4038.17,4034.597,4036.482,1189,40,0
2026-07-31 13:15:00+00:00,4036.173,4038.623,4035.492,4037.925,1009,40,0
2026-07-31 13:20:00+00:00,4037.845,4047.134,4035.742,4045.519,2758,40,0
2026-07-31 13:25:00+00:00,4045.361,4045.563,4040.539,4042.751,1817,40,0
2026-07-31 13:30:00+00:00,4042.567,4044.07,4035.201,4035.656,2882,40,0
2026-07-31 13:35:00+00:00,4035.608,4037.271,4026.973,4027.908,3283,40,0
2026-07-31 13:40:00+00:00,4027.857,4030.551,4022.352,4025.227,2881,40,0
2026-07-31 13:45:00+00:00,4025.353,4028.486,4022.1,4023.091,1916,40,0
2026-07-31 13:50:00+00:00,4023.399,4029.172,4022.387,4028.963,2556,40,0
2026-07-31 13:55:00+00:00,4029.019,4032.279,4025.454,4025.596,1870,40,0
2026-07-31 14:00:00+00:00,4025.335,4032.57,4025.335,4029.958,1745,40,0
2026-07-31 14:05:00+00:00,4030.011,4030.193,4020.975,4027.154,2759,40,0
2026-07-31 14:10:00+00:00,4027.226,4032.428,4025.825,4031.902,2562,40,0
2026-07-31 14:15:00+00:00,4031.85,4035.258,4029.923,4033.558,2288,40,0
2026-07-31 14:20:00+00:00,4033.446,4038.509,4032.332,4035.269,1815,40,0
2026-07-31 14:25:00+00:00,4035.214,4040.245,4035.147,4038.933,1608,40,0
2026-07-31 14:30:00+00:00,4038.766,4040.838,4036.528,4040.376,1383,40,0
2026-07-31 14:35:00+00:00,4040.275,4042.709,4039.378,4040.773,1247,40,0
2026-07-31 14:40:00+00:00,4040.823,4043.125,4039.989,4041.386,1375,40,0
2026-07-31 14:45:00+00:00,4041.356,4045.721,4040.844,4044.118,1383,40,0
2026-07-31 14:50:00+00:00,4044.004,4049.114,4042.744,4046.38,1450,40,0
2026-07-31 14:55:00+00:00,4046.462,4050.469,4044.926,4049.151,1343,40,0
2026-07-31 15:00:00+00:00,4049.2,4050.766,4044.549,4044.936,1906,40,0
2026-07-31 15:05:00+00:00,4045.191,4049.378,4044.343,4045.681,1430,40,0
2026-07-31 15:10:00+00:00,4045.997,4047.652,4042.898,4047.222,1419,40,0
2026-07-31 15:15:00+00:00,4047.112,4052.909,4042.253,4045.269,1919,40,0
2026-07-31 15:20:00+00:00,4045.514,4046.004,4042.036,4043.053,1325,40,0
2026-07-31 15:25:00+00:00,4043.106,4044.842,4040.134,4041.386,1267,40,0
2026-07-31 15:30:00+00:00,4041.317,4042.481,4036.702,4038.839,1304,40,0
2026-07-31 15:35:00+00:00,4038.555,4043.424,4037.42,4042.234,1300,40,0
2026-07-31 15:40:00+00:00,4042.298,4043.852,4040.683,4042.358,1231,40,0
2026-07-31 15:45:00+00:00,4042.231,4043.078,4039.969,4040.465,1292,40,0
2026-07-31 15:50:00+00:00,4040.536,4046.326,4039.76,4045.382,1235,40,0
2026-07-31 15:55:00+00:00,4045.258,4046.908,4044.721,4045.666,989,40,0
2026-07-31 16:00:00+00:00,4045.612,4046.281,4043.382,4044.324,1100,40,0
2026-07-31 16:05:00+00:00,4044.216,4044.7,4041.349,4044.165,840,40,0
2026-07-31 16:10:00+00:00,4043.95,4047.018,4043.611,4046.301,1076,40,0
2026-07-31 16:15:00+00:00,4046.354,4046.674,4043.213,4045.243,963,40,0
2026-07-31 16:20:00+00:00,4045.067,4047.744,4044.966,4046.146,894,40,0
2026-07-31 16:25:00+00:00,4046.268,4048.545,4044.258,4047.391,861,40,0
2026-07-31 16:30:00+00:00,4047.442,4049.688,4046.987,4049.213,742,40,0
2026-07-31 16:35:00+00:00,4048.91,4050.035,4046.819,4046.819,669,40,0
2026-07-31 16:40:00+00:00,4046.874,4047.442,4041.108,4042.617,888,40,0
2026-07-31 16:45:00+00:00,4042.706,4044.778,4042.081,4043.8,741,40,0
2026-07-31 16:50:00+00:00,4043.852,4045.249,4042.995,4043.455,516,40,0
2026-07-31 16:55:00+00:00,4043.337,4044.059,4042.263,4043.464,507,40,0
2026-07-31 17:00:00+00:00,4043.415,4045.847,4042.34,4042.81,611,40,0
2026-07-31 17:05:00+00:00,4043.088,4044.486,4041.844,4041.869,545,40,0
2026-07-31 17:10:00+00:00,4042.068,4046.568,4041.414,4045.436,607,40,0
2026-07-31 17:15:00+00:00,4045.561,4047.397,4044.719,4046.662,564,40,0
2026-07-31 17:20:00+00:00,4046.705,4048.754,4044.897,4047.572,640,40,0
2026-07-31 17:25:00+00:00,4047.509,4053.42,4045.176,4050.314,1486,40,0
2026-07-31 17:30:00+00:00,4050.621,4053.294,4047.997,4047.997,1147,40,0
2026-07-31 17:35:00+00:00,4048.227,4051.613,4047.79,4050.252,916,40,0
2026-07-31 17:40:00+00:00,4050.157,4052.425,4049.841,4051.89,775,40,0
2026-07-31 17:45:00+00:00,4051.904,4054.875,4050.256,4052.441,1222,40,0
2026-07-31 17:50:00+00:00,4052.381,4054.748,4051.988,4052.943,885,40,0
2026-07-31 17:55:00+00:00,4052.757,4054.258,4052.356,4053.486,616,40,0
2026-07-31 18:00:00+00:00,4053.598,4055.156,4052.103,4052.565,880,40,0
2026-07-31 18:05:00+00:00,4052.633,4052.633,4049.694,4051.413,874,40,0
2026-07-31 18:10:00+00:00,4051.412,4051.644,4047.175,4048.198,753,40,0
2026-07-31 18:15:00+00:00,4048.253,4050.674,4047.652,4050.089,687,40,0
2026-07-31 18:20:00+00:00,4050.14,4051.607,4049.282,4051.607,647,40,0
2026-07-31 18:25:00+00:00,4051.305,4051.662,4050.145,4051.04,682,40,0
2026-07-31 18:30:00+00:00,4050.902,4051.606,4049.123,4049.337,552,40,0
2026-07-31 18:35:00+00:00,4049.381,4051.714,4048.049,4051.005,488,40,0
2026-07-31 18:40:00+00:00,4050.948,4051.508,4049.492,4049.625,543,40,0
2026-07-31 18:45:00+00:00,4049.535,4050.054,4048.135,4049.901,443,40,0
2026-07-31 18:50:00+00:00,4049.79,4051.744,4049.73,4050.34,424,40,0
2026-07-31 18:55:00+00:00,4050.065,4051.143,4049.324,4050.718,501,40,0
2026-07-31 19:00:00+00:00,4050.766,4053.077,4048.749,4049.348,586,40,0
2026-07-31 19:05:00+00:00,4049.362,4049.732,4048.369,4049.559,425,40,0
2026-07-31 19:10:00+00:00,4049.484,4049.956,4046.87,4048.019,447,40,0
2026-07-31 19:15:00+00:00,4048.25,4049.191,4047.156,4048.909,509,40,0
2026-07-31 19:20:00+00:00,4048.797,4049.947,4047.999,4049.24,529,40,0
2026-07-31 19:25:00+00:00,4049.048,4050.703,4048.806,4050.502,421,40,0
2026-07-31 19:30:00+00:00,4050.421,4051.535,4048.891,4050.412,603,40,0
2026-07-31 19:35:00+00:00,4050.377,4051.604,4049.695,4049.993,493,40,0
2026-07-31 19:40:00+00:00,4049.736,4054.854,4049.61,4054.089,601,40,0
2026-07-31 19:45:00+00:00,4053.977,4055.729,4053.302,4054.822,608,40,0
2026-07-31 19:50:00+00:00,4054.74,4054.869,4050.982,4051.23,820,40,0
2026-07-31 19:55:00+00:00,4051.351,4052.742,4050.141,4050.959,1025,40,0
2026-07-31 20:00:00+00:00,4051.129,4051.9,4048.53,4048.803,851,40,0
2026-07-31 20:05:00+00:00,4048.793,4048.797,4045.114,4047.154,728,40,0
2026-07-31 20:10:00+00:00,4047.269,4048.294,4046.364,4048.079,598,40,0
2026-07-31 20:15:00+00:00,4048.029,4048.592,4046.532,4048.002,678,40,0
2026-07-31 20:20:00+00:00,4048.253,4049.136,4047.484,4048.121,538,40,0
2026-07-31 20:25:00+00:00,4048.056,4048.321,4046.618,4048.028,521,40,0
2026-07-31 20:30:00+00:00,4048.038,4051.143,4047.136,4050.578,679,40,0
2026-07-31 20:35:00+00:00,4050.543,4053.162,4050.543,4051.157,737,40,0
2026-07-31 20:40:00+00:00,4051.059,4052.434,4050.588,4051.455,740,40,0
2026-07-31 20:45:00+00:00,4051.387,4052.414,4050.682,4051.455,731,40,0
2026-07-31 20:50:00+00:00,4051.46,4052.148,4044.649,4046.786,2553,40,0
2026-07-31 20:55:00+00:00,4046.742,4047.314,4043.152,4043.917,2464,40,0
2026-08-02 22:00:00+00:00,4073.165,4079.518,4068.146,4075.326,923,90,0
2026-08-02 22:05:00+00:00,4075.509,4077.782,4071.492,4075.117,657,50,0
2026-08-02 22:10:00+00:00,4075.169,4078.844,4074.071,4076.432,684,40,0
2026-08-02 22:15:00+00:00,4076.379,4077.375,4067.479,4069.14,757,40,0
2026-08-02 22:20:00+00:00,4069.025,4070.562,4064.346,4065.435,696,40,0
2026-08-02 22:25:00+00:00,4065.486,4067.574,4064.173,4065.969,638,40,0
2026-08-02 22:30:00+00:00,4065.971,4068.576,4064.416,4064.416,764,40,0
2026-08-02 22:35:00+00:00,4064.637,4067.605,4063.985,4066.019,594,40,0
2026-08-02 22:40:00+00:00,4065.907,4068.28,4065.333,4067.031,463,40,0
2026-08-02 22:45:00+00:00,4066.977,4067.344,4064.79,4064.79,566,40,0
2026-08-02 22:50:00+00:00,4064.961,4066.257,4063.775,4064.94,486,40,0
2026-08-02 22:55:00+00:00,4064.974,4065.856,4063.498,4064.014,474,40,0
2026-08-02 23:00:00+00:00,4063.978,4066.253,4063.169,4065.717,652,40,0
2026-08-02 23:05:00+00:00,4065.784,4066.068,4063.944,4064.737,450,40,0
2026-08-02 23:10:00+00:00,4064.721,4067.4,4063.213,4066.425,440,40,0
2026-08-02 23:15:00+00:00,4066.443,4071.605,4066.111,4071.605,525,40,0
2026-08-02 23:20:00+00:00,4071.609,4072.457,4067.899,4071.654,513,40,0
2026-08-02 23:25:00+00:00,4071.57,4072.67,4070.733,4071.984,376,40,0
2026-08-02 23:30:00+00:00,4072.008,4072.539,4069.749,4070.147,387,40,0
2026-08-02 23:35:00+00:00,4070.086,4071.14,4069.497,4069.709,315,40,0
2026-08-02 23:40:00+00:00,4069.519,4070.174,4068.059,4069.56,381,40,0
2026-08-02 23:45:00+00:00,4069.898,4072.647,4068.263,4069.224,807,40,0
2026-08-02 23:50:00+00:00,4069.17,4073.959,4068.272,4072.599,745,40,0
2026-08-02 23:55:00+00:00,4072.619,4075.032,4071.787,4074.878,673,40,0
2026-08-03 00:00:00+00:00,4074.939,4079.14,4074.81,4077.978,1800,40,0
2026-08-03 00:05:00+00:00,4077.925,4078.727,4072.887,4073.462,1364,40,0
2026-08-03 00:10:00+00:00,4073.404,4073.987,4070.069,4072.225,1143,40,0
2026-08-03 00:15:00+00:00,4071.919,4073.155,4069.846,4070.425,1285,40,0
2026-08-03 00:20:00+00:00,4070.179,4070.582,4066.523,4066.912,931,40,0
2026-08-03 00:25:00+00:00,4066.851,4068.082,4061.303,4064.483,2139,40,0
2026-08-03 00:30:00+00:00,4064.539,4070.109,4063.061,4064.801,1796,40,0
2026-08-03 00:35:00+00:00,4064.803,4065.497,4059.513,4060.046,1610,40,0
2026-08-03 00:40:00+00:00,4059.888,4061.173,4056.926,4058.422,1443,40,0
2026-08-03 00:45:00+00:00,4058.498,4060.713,4056.044,4058.091,1483,40,0
2026-08-03 00:50:00+00:00,4058.025,4060.874,4057.377,4058.789,1344,40,0
2026-08-03 00:55:00+00:00,4058.791,4059.951,4055.7,4057.219,1098,40,0
2026-08-03 01:00:00+00:00,4057.381,4063.562,4051.916,4058.264,4055,40,0
2026-08-03 01:05:00+00:00,4058.308,4061.946,4056.538,4059.831,2427,40,0
2026-08-03 01:10:00+00:00,4059.782,4060.871,4051.634,4052.597,1527,40,0
2026-08-03 01:15:00+00:00,4052.601,4053.909,4047.383,4049.322,1600,40,0
2026-08-03 01:20:00+00:00,4049.451,4054.084,4049.029,4053.832,1214,40,0
2026-08-03 01:25:00+00:00,4053.714,4055.106,4052.097,4053.076,1412,40,0
2026-08-03 01:30:00+00:00,4052.965,4054.068,4050.213,4053.861,1533,40,0
2026-08-03 01:35:00+00:00,4053.649,4057.07,4052.466,4053.447,1470,40,0
2026-08-03 01:40:00+00:00,4053.503,4054.524,4047.617,4051.058,1481,40,0
2026-08-03 01:45:00+00:00,4051.108,4055.344,4050.061,4053.509,1296,40,0
2026-08-03 01:50:00+00:00,4053.531,4055.821,4050.235,4051.629,1213,40,0
2026-08-03 01:55:00+00:00,4051.678,4057.551,4050.138,4056.484,1164,40,0
2026-08-03 02:00:00+00:00,4056.791,4061.122,4056.791,4059.574,1197,40,0
2026-08-03 02:05:00+00:00,4059.581,4060.487,4055.836,4055.836,1089,40,0
2026-08-03 02:10:00+00:00,4055.886,4056.886,4053.17,4055.776,964,40,0
2026-08-03 02:15:00+00:00,4055.716,4060.859,4052.025,4060.618,1139,40,0
2026-08-03 02:20:00+00:00,4060.707,4060.896,4054.522,4055.399,755,40,0
2026-08-03 02:25:00+00:00,4055.431,4058.736,4054.212,4058.241,706,40,0
2026-08-03 02:30:00+00:00,4058.344,4059.687,4053.707,4055.772,1415,40,0
2026-08-03 02:35:00+00:00,4055.821,4059.037,4052.532,4057.672,1196,40,0
2026-08-03 02:40:00+00:00,4057.621,4060.934,4057.34,4059.489,1194,40,0
2026-08-03 02:45:00+00:00,4059.486,4067.332,4058.455,4063.712,1214,40,0
2026-08-03 02:50:00+00:00,4063.784,4065.408,4062.239,4062.882,1058,40,0
2026-08-03 02:55:00+00:00,4062.938,4064.443,4060.863,4062.331,914,40,0
2026-08-03 03:00:00+00:00,4062.353,4064.128,4061.0,4062.683,949,40,0
2026-08-03 03:05:00+00:00,4062.634,4065.649,4062.356,4064.383,972,40,0
2026-08-03 03:10:00+00:00,4064.328,4065.004,4063.188,4064.136,670,40,0
2026-08-03 03:15:00+00:00,4064.335,4067.78,4063.21,4067.666,988,40,0
2026-08-03 03:20:00+00:00,4067.524,4068.129,4061.564,4063.075,940,40,0
2026-08-03 03:25:00+00:00,4062.86,4065.255,4061.646,4063.831,999,40,0
2026-08-03 03:30:00+00:00,4063.895,4064.87,4062.558,4063.155,921,40,0
2026-08-03 03:35:00+00:00,4063.369,4065.063,4061.239,4062.771,803,40,0
2026-08-03 03:40:00+00:00,4062.74,4063.764,4060.684,4060.813,564,40,0
2026-08-03 03:45:00+00:00,4060.672,4061.711,4059.222,4061.309,566,40,0
2026-08-03 03:50:00+00:00,4061.628,4066.33,4061.207,4066.321,811,40,0
2026-08-03 03:55:00+00:00,4066.077,4066.84,4064.258,4064.984,526,40,0
2026-08-03 04:00:00+00:00,4065.062,4066.774,4064.307,4066.343,720,40,0
2026-08-03 04:05:00+00:00,4066.342,4068.412,4065.198,4065.655,544,40,0
2026-08-03 04:10:00+00:00,4065.47,4066.864,4065.35,4066.621,488,40,0
2026-08-03 04:15:00+00:00,4066.601,4070.282,4066.039,4069.61,660,40,0
2026-08-03 04:20:00+00:00,4069.592,4071.185,4068.801,4069.028,515,40,0
2026-08-03 04:25:00+00:00,4069.031,4070.204,4067.998,4068.4,521,40,0
2026-08-03 04:30:00+00:00,4068.169,4071.262,4068.169,4070.55,523,40,0
2026-08-03 04:35:00+00:00,4070.607,4071.554,4068.558,4069.77,596,40,0
2026-08-03 04:40:00+00:00,4070.041,4070.88,4068.876,4070.828,505,40,0
2026-08-03 04:45:00+00:00,4070.52,4071.978,4068.884,4070.669,554,40,0
2026-08-03 04:50:00+00:00,4070.7,4071.758,4067.574,4068.02,513,40,0
2026-08-03 04:55:00+00:00,4068.105,4068.42,4064.112,4064.112,575,40,0
2026-08-03 05:00:00+00:00,4064.061,4065.481,4062.452,4062.706,872,40,0
2026-08-03 05:05:00+00:00,4062.759,4063.067,4060.869,4061.173,717,40,0
2026-08-03 05:10:00+00:00,4061.139,4061.256,4056.656,4057.457,774,40,0
2026-08-03 05:15:00+00:00,4057.574,4058.183,4054.126,4056.633,748,40,0
2026-08-03 05:20:00+00:00,4056.456,4059.296,4055.91,4059.081,615,40,0
2026-08-03 05:25:00+00:00,4059.13,4062.965,4058.453,4060.326,624,40,0
2026-08-03 05:30:00+00:00,4060.287,4060.814,4055.897,4056.843,1226,40,0
2026-08-03 05:35:00+00:00,4056.786,4060.004,4055.144,4057.401,1075,40,0
2026-08-03 05:40:00+00:00,4057.511,4064.67,4056.301,4063.365,1349,40,0
2026-08-03 05:45:00+00:00,4063.603,4063.855,4058.866,4060.324,860,40,0
2026-08-03 05:50:00+00:00,4060.427,4065.594,4059.417,4065.055,795,40,0
2026-08-03 05:55:00+00:00,4065.171,4069.985,4064.59,4068.918,773,40,0
2026-08-03 06:00:00+00:00,4068.975,4071.291,4067.618,4068.219,1384,40,0
2026-08-03 06:05:00+00:00,4068.292,4070.724,4066.966,4067.821,1022,40,0
2026-08-03 06:10:00+00:00,4067.872,4068.383,4065.982,4066.279,898,40,0
2026-08-03 06:15:00+00:00,4066.282,4070.05,4065.623,4069.402,894,40,0
2026-08-03 06:20:00+00:00,4069.527,4072.317,4067.675,4070.982,1377,40,0
2026-08-03 06:25:00+00:00,4070.696,4071.713,4066.151,4068.534,1193,40,0
2026-08-03 06:30:00+00:00,4068.414,4068.946,4060.638,4060.804,1265,40,0
2026-08-03 06:35:00+00:00,4060.854,4067.513,4060.703,4066.035,1099,40,0
2026-08-03 06:40:00+00:00,4065.985,4066.519,4064.462,4065.483,882,40,0
2026-08-03 06:45:00+00:00,4065.637,4067.195,4062.976,4063.726,916,40,0
2026-08-03 06:50:00+00:00,4063.674,4065.224,4062.91,4063.95,733,40,0
2026-08-03 06:55:00+00:00,4064.148,4066.472,4063.64,4064.111,810,40,0
2026-08-03 07:00:00+00:00,4064.161,4065.311,4059.86,4061.291,1330,40,0
2026-08-03 07:05:00+00:00,4061.23,4063.973,4059.663,4063.054,924,40,0
2026-08-03 07:10:00+00:00,4062.753,4064.648,4061.467,4061.467,964,40,0
2026-08-03 07:15:00+00:00,4061.384,4062.151,4053.278,4054.692,2208,40,0
2026-08-03 07:20:00+00:00,4054.678,4056.326,4052.154,4056.167,1391,40,0
2026-08-03 07:25:00+00:00,4056.107,4059.141,4055.489,4057.954,839,40,0
2026-08-03 07:30:00+00:00,4058.01,4060.357,4057.362,4059.639,867,40,0
2026-08-03 07:35:00+00:00,4059.621,4061.324,4056.534,4059.73,825,40,0
2026-08-03 07:40:00+00:00,4059.85,4059.85,4058.079,4059.576,681,40,0
2026-08-03 07:45:00+00:00,4059.629,4061.29,4058.425,4059.462,740,40,0
2026-08-03 07:50:00+00:00,4059.518,4063.489,4058.765,4062.54,906,40,0
2026-08-03 07:55:00+00:00,4062.648,4063.053,4060.739,4060.935,683,40,0
2026-08-03 08:00:00+00:00,4061.251,4061.721,4058.298,4060.634,945,40,0
2026-08-03 08:05:00+00:00,4060.999,4061.621,4059.389,4060.746,765,40,0
2026-08-03 08:10:00+00:00,4060.738,4062.35,4059.82,4061.716,685,40,0
2026-08-03 08:15:00+00:00,4061.675,4062.638,4057.138,4057.996,802,40,0
2026-08-03 08:20:00+00:00,4057.863,4059.504,4057.651,4058.747,734,40,0
2026-08-03 08:25:00+00:00,4058.797,4060.538,4054.273,4056.115,893,40,0
2026-08-03 08:30:00+00:00,4056.013,4058.349,4054.945,4056.332,878,40,0
2026-08-03 08:35:00+00:00,4056.282,4060.746,4055.411,4059.798,896,40,0
2026-08-03 08:40:00+00:00,4059.806,4060.299,4058.148,4058.635,658,40,0
2026-08-03 08:45:00+00:00,4058.491,4060.155,4057.598,4059.828,714,40,0
2026-08-03 08:50:00+00:00,4059.876,4060.151,4057.866,4059.251,624,40,0
2026-08-03 08:55:00+00:00,4059.619,4061.144,4058.655,4059.374,655,40,0
2026-08-03 09:00:00+00:00,4059.526,4060.472,4057.289,4057.784,706,40,0
2026-08-03 09:05:00+00:00,4057.417,4059.589,4057.248,4059.574,610,40,0
2026-08-03 09:10:00+00:00,4059.591,4062.411,4059.347,4061.646,686,40,0
2026-08-03 09:15:00+00:00,4061.376,4061.396,4058.376,4058.957,680,40,0
2026-08-03 09:20:00+00:00,4058.956,4059.221,4052.812,4055.126,926,40,0
2026-08-03 09:25:00+00:00,4055.239,4056.098,4052.029,4052.769,751,40,0
2026-08-03 09:30:00+00:00,4052.823,4053.608,4046.721,4047.25,1619,40,0
2026-08-03 09:35:00+00:00,4047.301,4052.698,4046.97,4052.417,977,40,0
2026-08-03 09:40:00+00:00,4052.375,4054.971,4051.384,4053.438,992,40,0
2026-08-03 09:45:00+00:00,4053.395,4057.054,4053.321,4055.801,748,40,0
2026-08-03 09:50:00+00:00,4055.853,4058.069,4055.853,4057.093,692,40,0
2026-08-03 09:55:00+00:00,4056.985,4057.976,4054.665,4055.473,814,40,0
2026-08-03 10:00:00+00:00,4055.524,4056.885,4053.076,4054.693,798,40,0
2026-08-03 10:05:00+00:00,4054.744,4055.686,4053.645,4054.162,635,40,0
2026-08-03 10:10:00+00:00,4054.183,4057.313,4053.739,4056.24,713,40,0
2026-08-03 10:15:00+00:00,4056.129,4057.074,4053.914,4054.813,707,40,0
2026-08-03 10:20:00+00:00,4055.113,4055.686,4052.716,4053.341,819,40,0
2026-08-03 10:25:00+00:00,4053.46,4054.792,4051.883,4053.344,666,40,0
2026-08-03 10:30:00+00:00,4053.646,4053.851,4050.1,4052.006,629,40,0
2026-08-03 10:35:00+00:00,4052.05,4052.758,4050.959,4052.371,597,40,0
2026-08-03 10:40:00+00:00,4052.429,4052.515,4048.598,4049.351,804,40,0
2026-08-03 10:45:00+00:00,4049.419,4050.904,4048.389,4048.775,580,40,0
2026-08-03 10:50:00+00:00,4048.78,4049.096,4045.819,4048.422,792,40,0
2026-08-03 10:55:00+00:00,4048.526,4049.599,4046.821,4049.599,634,40,0
2026-08-03 11:00:00+00:00,4049.412,4052.252,4047.921,4052.015,1123,40,0
2026-08-03 11:05:00+00:00,4052.067,4053.041,4049.38,4050.32,741,40,0
2026-08-03 11:10:00+00:00,4050.307,4051.018,4047.936,4049.776,711,40,0
2026-08-03 11:15:00+00:00,4049.917,4050.019,4046.996,4048.116,771,40,0
2026-08-03 11:20:00+00:00,4048.065,4048.457,4045.36,4047.403,851,40,0
2026-08-03 11:25:00+00:00,4047.535,4050.061,4046.859,4048.702,673,40,0
2026-08-03 11:30:00+00:00,4048.645,4051.468,4047.864,4050.936,744,40,0
2026-08-03 11:35:00+00:00,4050.849,4052.053,4049.52,4051.378,710,40,0
2026-08-03 11:40:00+00:00,4051.33,4055.121,4050.931,4053.56,690,40,0
2026-08-03 11:45:00+00:00,4053.611,4061.155,4052.549,4061.155,777,40,0
2026-08-03 11:50:00+00:00,4061.246,4063.158,4059.131,4061.106,1408,40,0
2026-08-03 11:55:00+00:00,4061.112,4063.016,4059.867,4062.643,916,40,0
2026-08-03 12:00:00+00:00,4062.512,4064.749,4059.909,4060.96,1178,40,0
2026-08-03 12:05:00+00:00,4060.908,4061.373,4058.341,4059.961,859,40,0
2026-08-03 12:10:00+00:00,4059.89,4060.39,4054.82,4056.048,926,40,0
2026-08-03 12:15:00+00:00,4056.107,4056.646,4051.166,4051.303,902,40,0
2026-08-03 12:20:00+00:00,4051.248,4054.014,4048.729,4052.637,1585,40,0
2026-08-03 12:25:00+00:00,4052.689,4053.647,4050.396,4050.973,952,40,0
2026-08-03 12:30:00+00:00,4051.082,4052.91,4048.011,4051.9,1192,40,0
2026-08-03 12:35:00+00:00,4051.59,4052.182,4045.752,4047.51,1108,40,0
2026-08-03 12:40:00+00:00,4047.31,4047.723,4042.193,4044.762,1294,40,0
2026-08-03 12:45:00+00:00,4044.844,4046.501,4043.622,4044.154,1001,40,0
2026-08-03 12:50:00+00:00,4044.09,4046.726,4043.118,4045.676,986,40,0
2026-08-03 12:55:00+00:00,4045.873,4049.058,4045.364,4047.594,814,40,0
2026-08-03 13:00:00+00:00,4047.649,4053.695,4040.858,4042.176,2856,40,0
2026-08-03 13:05:00+00:00,4042.109,4046.165,4041.449,4044.231,1746,40,0
2026-08-03 13:10:00+00:00,4044.24,4044.805,4038.867,4038.967,1600,40,0
2026-08-03 13:15:00+00:00,4039.012,4040.627,4035.087,4036.558,1709,40,0
2026-08-03 13:20:00+00:00,4036.688,4037.639,4032.862,4034.535,1779,40,0
2026-08-03 13:25:00+00:00,4034.454,4035.552,4031.443,4034.167,1658,40,0
2026-08-03 13:30:00+00:00,4034.118,4035.716,4029.671,4031.133,2961,40,0
2026-08-03 13:35:00+00:00,4031.309,4031.999,4019.065,4026.516,3562,40,0
2026-08-03 13:40:00+00:00,4026.564,4033.912,4024.633,4032.224,2424,40,0
2026-08-03 13:45:00+00:00,4032.069,4035.378,4028.624,4029.942,1442,40,0
2026-08-03 13:50:00+00:00,4029.931,4033.058,4028.165,4030.217,1915,40,0
2026-08-03 13:55:00+00:00,4030.012,4034.129,4028.679,4032.426,1198,40,0
2026-08-03 14:00:00+00:00,4032.485,4036.389,4027.945,4029.222,1699,40,0
2026-08-03 14:05:00+00:00,4029.283,4032.577,4027.073,4027.41,1940,40,0
2026-08-03 14:10:00+00:00,4027.364,4034.589,4026.628,4033.328,1794,40,0
2026-08-03 14:15:00+00:00,4033.079,4034.958,4031.116,4031.458,1389,40,0
2026-08-03 14:20:00+00:00,4031.255,4036.047,4030.066,4033.75,1266,40,0
2026-08-03 14:25:00+00:00,4033.805,4036.114,4032.389,4032.705,1104,40,0
2026-08-03 14:30:00+00:00,4032.656,4035.581,4031.84,4035.102,1165,40,0
2026-08-03 14:35:00+00:00,4035.213,4037.969,4032.846,4033.336,1149,40,0
2026-08-03 14:40:00+00:00,4033.224,4038.301,4032.164,4036.55,1036,40,0
2026-08-03 14:45:00+00:00,4036.618,4036.927,4033.888,4035.837,970,40,0
2026-08-03 14:50:00+00:00,4035.889,4037.239,4033.687,4035.674,1048,40,0
2026-08-03 14:55:00+00:00,4035.725,4039.387,4035.725,4036.501,907,40,0
2026-08-03 15:00:00+00:00,4036.407,4036.858,4031.765,4032.178,1016,40,0
2026-08-03 15:05:00+00:00,4032.157,4037.315,4030.354,4034.85,1250,40,0
2026-08-03 15:10:00+00:00,4034.802,4035.869,4032.117,4033.571,964,40,0
2026-08-03 15:15:00+00:00,4033.502,4037.749,4033.286,4036.646,948,40,0
2026-08-03 15:20:00+00:00,4036.92,4038.598,4035.911,4037.501,922,40,0
2026-08-03 15:25:00+00:00,4037.453,4038.054,4030.664,4032.789,1579,40,0
2026-08-03 15:30:00+00:00,4032.838,4034.574,4031.024,4033.078,1041,40,0
2026-08-03 15:35:00+00:00,4033.141,4036.985,4033.091,4036.749,1029,40,0
2026-08-03 15:40:00+00:00,4036.776,4039.015,4036.355,4036.92,781,40,0
2026-08-03 15:45:00+00:00,4036.805,4041.134,4036.655,4037.762,894,40,0
2026-08-03 15:50:00+00:00,4037.708,4040.055,4037.131,4037.809,722,40,0
2026-08-03 15:55:00+00:00,4037.979,4038.164,4035.581,4036.204,618,40,0
2026-08-03 16:00:00+00:00,4036.009,4037.766,4035.479,4036.723,659,40,0
2026-08-03 16:05:00+00:00,4036.55,4036.773,4034.611,4035.298,548,40,0
2026-08-03 16:10:00+00:00,4035.305,4036.732,4035.217,4036.526,567,40,0
2026-08-03 16:15:00+00:00,4036.477,4037.831,4035.291,4035.869,607,40,0
2026-08-03 16:20:00+00:00,4035.946,4038.164,4034.912,4038.164,498,40,0
2026-08-03 16:25:00+00:00,4037.903,4038.736,4036.387,4037.169,626,40,0
2026-08-03 16:30:00+00:00,4037.12,4038.063,4035.74,4037.83,635,40,0
2026-08-03 16:35:00+00:00,4037.698,4038.954,4036.303,4036.829,645,40,0
2026-08-03 16:40:00+00:00,4036.808,4039.511,4036.808,4038.841,553,40,0
2026-08-03 16:45:00+00:00,4038.714,4038.945,4037.367,4037.43,450,40,0
2026-08-03 16:50:00+00:00,4037.458,4038.185,4035.799,4036.106,483,40,0
2026-08-03 16:55:00+00:00,4036.188,4037.969,4035.796,4037.145,494,40,0
2026-08-03 17:00:00+00:00,4037.086,4037.845,4033.23,4034.379,603,40,0
2026-08-03 17:05:00+00:00,4034.137,4035.247,4033.89,4035.043,445,40,0
2026-08-03 17:10:00+00:00,4034.794,4035.117,4033.879,4034.475,435,40,0
2026-08-03 17:15:00+00:00,4034.497,4037.956,4034.22,4036.527,591,40,0
2026-08-03 17:20:00+00:00,4036.393,4036.557,4034.084,4035.192,674,40,0
2026-08-03 17:25:00+00:00,4035.244,4036.569,4034.044,4034.38,667,40,0
2026-08-03 17:30:00+00:00,4034.575,4035.42,4034.091,4034.958,448,40,0
2026-08-03 17:35:00+00:00,4035.136,4037.1,4034.719,4036.171,563,40,0
2026-08-03 17:40:00+00:00,4036.22,4036.725,4035.457,4035.996,425,40,0
2026-08-03 17:45:00+00:00,4036.007,4036.562,4034.185,4034.226,395,40,0
2026-08-03 17:50:00+00:00,4034.277,4034.556,4030.416,4030.87,500,40,0
2026-08-03 17:55:00+00:00,4030.867,4031.557,4030.338,4030.724,448,40,0
2026-08-03 18:00:00+00:00,4030.719,4032.344,4029.575,4031.845,631,40,0
2026-08-03 18:05:00+00:00,4031.917,4036.862,4031.905,4036.391,541,40,0
2026-08-03 18:10:00+00:00,4036.637,4038.478,4034.84,4035.18,711,40,0
2026-08-03 18:15:00+00:00,4035.208,4039.003,4034.902,4037.733,561,40,0
2026-08-03 18:20:00+00:00,4037.532,4038.585,4036.769,4037.347,535,40,0
2026-08-03 18:25:00+00:00,4037.323,4038.492,4036.338,4037.921,507,40,0
2026-08-03 18:30:00+00:00,4037.87,4038.495,4036.477,4037.117,521,40,0
2026-08-03 18:35:00+00:00,4036.874,4038.575,4036.839,4037.792,410,40,0
2026-08-03 18:40:00+00:00,4037.879,4041.456,4037.448,4041.456,473,40,0
2026-08-03 18:45:00+00:00,4041.394,4042.694,4040.394,4042.444,561,40,0
2026-08-03 18:50:00+00:00,4042.437,4044.273,4041.872,4043.809,521,40,0
2026-08-03 18:55:00+00:00,4044.078,4045.222,4042.92,4043.433,510,40,0
2026-08-03 19:00:00+00:00,4043.482,4048.564,4043.482,4047.99,719,40,0
2026-08-03 19:05:00+00:00,4048.105,4049.435,4045.553,4046.201,754,40,0
2026-08-03 19:10:00+00:00,4046.21,4048.241,4045.363,4046.193,519,40,0
2026-08-03 19:15:00+00:00,4046.216,4049.51,4046.216,4047.944,529,40,0
2026-08-03 19:20:00+00:00,4048.192,4053.434,4048.031,4053.012,619,40,0
2026-08-03 19:25:00+00:00,4052.979,4054.467,4052.197,4053.037,587,40,0
2026-08-03 19:30:00+00:00,4053.212,4055.936,4051.934,4053.015,695,40,0
2026-08-03 19:35:00+00:00,4052.96,4055.099,4052.96,4053.976,509,40,0
2026-08-03 19:40:00+00:00,4053.976,4054.956,4052.755,4053.995,513,40,0
2026-08-03 19:45:00+00:00,4053.928,4055.677,4052.581,4054.595,514,40,0
2026-08-03 19:50:00+00:00,4054.659,4055.627,4053.641,4054.472,604,40,0
2026-08-03 19:55:00+00:00,4054.417,4054.489,4051.664,4052.22,701,40,0
2026-08-03 20:00:00+00:00,4052.282,4052.288,4050.225,4051.662,550,40,0
2026-08-03 20:05:00+00:00,4051.643,4052.36,4050.703,4051.614,345,40,0
2026-08-03 20:10:00+00:00,4051.825,4053.082,4051.228,4052.463,265,40,0
2026-08-03 20:15:00+00:00,4052.709,4052.761,4051.525,4051.699,253,40,0
2026-08-03 20:20:00+00:00,4051.905,4054.761,4051.323,4054.208,274,40,0
2026-08-03 20:25:00+00:00,4054.257,4055.953,4053.622,4054.258,399,40,0
2026-08-03 20:30:00+00:00,4054.328,4058.288,4053.752,4057.482,461,40,0
2026-08-03 20:35:00+00:00,4057.596,4058.111,4056.588,4057.299,355,40,0
2026-08-03 20:40:00+00:00,4057.45,4057.638,4056.131,4056.435,306,40,0
2026-08-03 20:45:00+00:00,4056.474,4057.1,4055.881,4056.227,268,40,0
2026-08-03 20:50:00+00:00,4056.608,4057.372,4054.518,4055.1,402,40,0
2026-08-03 20:55:00+00:00,4055.112,4056.264,4054.717,4055.137,214,40,0
2026-08-03 22:00:00+00:00,4053.157,4054.758,4050.856,4051.762,366,40,0
2026-08-03 22:05:00+00:00,4051.748,4052.536,4049.391,4050.65,337,40,0
2026-08-03 22:10:00+00:00,4050.698,4052.058,4049.853,4051.415,292,40,0
2026-08-03 22:15:00+00:00,4051.358,4052.329,4050.755,4051.148,265,40,0
2026-08-03 22:20:00+00:00,4051.342,4052.825,4050.945,4051.966,248,40,0
2026-08-03 22:25:00+00:00,4052.218,4052.403,4050.844,4052.125,261,40,0
2026-08-03 22:30:00+00:00,4052.011,4053.719,4051.702,4053.364,317,40,0
2026-08-03 22:35:00+00:00,4053.334,4053.609,4052.542,4053.344,283,40,0
2026-08-03 22:40:00+00:00,4053.322,4053.703,4052.735,4053.124,209,40,0
2026-08-03 22:45:00+00:00,4053.094,4053.559,4051.985,4052.291,289,40,0
2026-08-03 22:50:00+00:00,4052.29,4052.767,4051.269,4051.534,326,40,0
2026-08-03 22:55:00+00:00,4051.648,4053.576,4051.475,4052.814,299,40,0
2026-08-03 23:00:00+00:00,4052.78,4053.754,4051.399,4052.903,398,40,0
2026-08-03 23:05:00+00:00,4052.918,4055.253,4052.03,4052.271,476,40,0
2026-08-03 23:10:00+00:00,4052.019,4052.24,4050.14,4051.392,305,40,0
2026-08-03 23:15:00+00:00,4051.346,4052.875,4050.651,4052.718,310,40,0
2026-08-03 23:20:00+00:00,4052.71,4054.72,4051.233,4052.258,517,40,0
2026-08-03 23:25:00+00:00,4052.261,4052.59,4051.116,4051.699,315,40,0
2026-08-03 23:30:00+00:00,4051.955,4052.199,4051.142,4051.697,295,40,0
2026-08-03 23:35:00+00:00,4051.694,4053.176,4051.073,4052.133,273,40,0
2026-08-03 23:40:00+00:00,4051.888,4052.836,4051.446,4052.364,279,40,0
2026-08-03 23:45:00+00:00,4052.363,4053.999,4051.31,4051.968,516,40,0
2026-08-03 23:50:00+00:00,4052.0,4053.023,4051.628,4052.331,365,40,0
2026-08-03 23:55:00+00:00,4052.28,4054.063,4052.254,4053.862,271,40,0
2026-08-04 00:00:00+00:00,4053.803,4063.702,4053.065,4059.869,1378,40,0
2026-08-04 00:05:00+00:00,4059.656,4067.831,4059.31,4067.254,1024,40,0
2026-08-04 00:10:00+00:00,4067.308,4069.507,4063.268,4063.925,1273,40,0
2026-08-04 00:15:00+00:00,4063.871,4064.678,4062.073,4062.782,679,40,0
2026-08-04 00:20:00+00:00,4063.04,4063.78,4058.107,4059.412,970,40,0
2026-08-04 00:25:00+00:00,4059.352,4061.035,4058.549,4059.224,613,40,0
2026-08-04 00:30:00+00:00,4059.297,4060.957,4057.852,4060.245,630,40,0
2026-08-04 00:35:00+00:00,4059.996,4060.316,4056.787,4058.219,632,40,0
2026-08-04 00:40:00+00:00,4058.17,4058.517,4055.616,4056.508,626,40,0
2026-08-04 00:45:00+00:00,4056.391,4057.696,4055.299,4056.838,810,40,0
2026-08-04 00:50:00+00:00,4056.887,4058.282,4054.158,4055.505,965,40,0
2026-08-04 00:55:00+00:00,4055.569,4055.706,4048.706,4049.379,926,40,0
2026-08-04 01:00:00+00:00,4049.269,4050.893,4045.378,4046.945,3109,40,0
2026-08-04 01:05:00+00:00,4047.001,4047.349,4042.503,4045.047,1457,40,0
2026-08-04 01:10:00+00:00,4044.992,4048.598,4043.365,4047.136,922,40,0
2026-08-04 01:15:00+00:00,4046.938,4050.548,4046.938,4049.876,767,40,0
2026-08-04 01:20:00+00:00,4049.874,4050.831,4047.838,4048.835,828,40,0
2026-08-04 01:25:00+00:00,4048.837,4052.499,4048.198,4049.174,953,40,0
2026-08-04 01:30:00+00:00,4049.182,4051.499,4048.405,4049.185,1042,40,0
2026-08-04 01:35:00+00:00,4049.24,4056.09,4048.827,4052.936,1510,40,0
2026-08-04 01:40:00+00:00,4052.886,4060.276,4052.116,4059.052,1198,40,0
2026-08-04 01:45:00+00:00,4058.996,4060.836,4057.433,4057.541,1059,40,0
2026-08-04 01:50:00+00:00,4057.44,4062.038,4056.82,4059.977,1105,40,0
2026-08-04 01:55:00+00:00,4059.824,4061.492,4058.157,4058.606,871,40,0
2026-08-04 02:00:00+00:00,4058.919,4061.332,4056.811,4056.958,1063,40,0
2026-08-04 02:05:00+00:00,4056.959,4057.79,4055.858,4056.905,766,40,0
2026-08-04 02:10:00+00:00,4056.66,4059.315,4056.077,4058.332,763,40,0
2026-08-04 02:15:00+00:00,4058.192,4059.571,4057.577,4059.019,661,40,0
2026-08-04 02:20:00+00:00,4059.012,4060.058,4056.863,4057.01,747,40,0
2026-08-04 02:25:00+00:00,4057.181,4057.913,4055.908,4056.967,734,40,0
2026-08-04 02:30:00+00:00,4056.805,4060.31,4055.683,4057.76,949,40,0
2026-08-04 02:35:00+00:00,4057.979,4065.242,4057.952,4063.534,1006,40,0
2026-08-04 02:40:00+00:00,4063.568,4064.011,4060.022,4061.937,806,40,0
2026-08-04 02:45:00+00:00,4061.979,4062.572,4060.253,4060.778,747,40,0
2026-08-04 02:50:00+00:00,4060.725,4061.764,4059.803,4060.324,592,40,0
2026-08-04 02:55:00+00:00,4060.048,4061.471,4058.071,4059.043,714,40,0
2026-08-04 03:00:00+00:00,4058.99,4060.593,4057.695,4057.974,662,40,0
2026-08-04 03:05:00+00:00,4057.881,4058.877,4056.589,4058.385,613,40,0
2026-08-04 03:10:00+00:00,4058.315,4060.596,4057.659,4058.323,655,40,0
2026-08-04 03:15:00+00:00,4058.045,4061.277,4057.887,4060.273,619,40,0
2026-08-04 03:20:00+00:00,4060.468,4061.797,4058.696,4060.328,693,40,0
2026-08-04 03:25:00+00:00,4060.177,4060.593,4057.755,4058.064,591,40,0
2026-08-04 03:30:00+00:00,4058.115,4058.855,4055.934,4058.253,713,40,0
2026-08-04 03:35:00+00:00,4058.219,4058.747,4056.139,4056.363,592,40,0
2026-08-04 03:40:00+00:00,4056.169,4056.556,4052.647,4053.106,621,40,0
2026-08-04 03:45:00+00:00,4053.092,4054.697,4052.477,4054.223,471,40,0
2026-08-04 03:50:00+00:00,4054.215,4055.551,4054.215,4055.177,431,40,0
2026-08-04 03:55:00+00:00,4055.062,4055.516,4052.041,4052.672,515,40,0
2026-08-04 04:00:00+00:00,4052.699,4053.512,4051.102,4052.621,594,40,0
2026-08-04 04:05:00+00:00,4052.342,4054.422,4051.596,4054.417,482,40,0
2026-08-04 04:10:00+00:00,4054.367,4056.894,4054.008,4056.791,380,40,0
2026-08-04 04:15:00+00:00,4056.841,4059.84,4056.75,4056.75,727,40,0
2026-08-04 04:20:00+00:00,4056.803,4058.143,4056.036,4057.994,426,40,0
2026-08-04 04:25:00+00:00,4057.994,4061.799,4057.601,4061.384,477,40,0
2026-08-04 04:30:00+00:00,4061.41,4064.435,4060.507,4062.888,607,40,0
2026-08-04 04:35:00+00:00,4062.867,4063.372,4061.949,4063.372,434,40,0
2026-08-04 04:40:00+00:00,4063.399,4064.016,4062.199,4062.852,443,40,0
2026-08-04 04:45:00+00:00,4062.842,4066.39,4062.405,4064.715,488,40,0
2026-08-04 04:50:00+00:00,4064.726,4065.497,4063.351,4064.292,492,40,0
2026-08-04 04:55:00+00:00,4064.544,4065.599,4062.832,4063.759,526,40,0
2026-08-04 05:00:00+00:00,4063.809,4064.824,4061.6,4062.071,580,40,0
2026-08-04 05:05:00+00:00,4062.117,4063.189,4060.505,4060.924,581,40,0
2026-08-04 05:10:00+00:00,4060.635,4060.948,4057.299,4058.204,563,40,0
2026-08-04 05:15:00+00:00,4058.165,4061.873,4057.384,4061.845,521,40,0
2026-08-04 05:20:00+00:00,4061.897,4063.437,4061.029,4063.213,496,40,0
2026-08-04 05:25:00+00:00,4063.265,4063.975,4062.277,4063.298,520,40,0
2026-08-04 05:30:00+00:00,4063.435,4067.939,4061.685,4062.102,1273,40,0
2026-08-04 05:35:00+00:00,4061.994,4062.642,4059.865,4060.773,724,40,0
2026-08-04 05:40:00+00:00,4060.824,4063.328,4059.381,4062.818,785,40,0
2026-08-04 05:45:00+00:00,4062.867,4064.289,4060.509,4060.996,742,40,0
2026-08-04 05:50:00+00:00,4060.894,4061.942,4058.645,4059.303,704,40,0
2026-08-04 05:55:00+00:00,4059.272,4063.3,4058.766,4062.108,831,40,0
2026-08-04 06:00:00+00:00,4062.048,4066.028,4061.883,4064.398,1215,40,0
2026-08-04 06:05:00+00:00,4064.194,4066.413,4063.344,4063.875,736,40,0
2026-08-04 06:10:00+00:00,4063.924,4065.637,4062.933,4064.466,648,40,0
2026-08-04 06:15:00+00:00,4064.412,4064.574,4061.756,4062.413,610,40,0
2026-08-04 06:20:00+00:00,4062.141,4065.058,4061.831,4062.946,662,40,0
2026-08-04 06:25:00+00:00,4063.144,4063.939,4059.737,4060.117,695,40,0
2026-08-04 06:30:00+00:00,4060.171,4060.171,4056.877,4057.004,756,40,0
2026-08-04 06:35:00+00:00,4056.971,4057.825,4055.705,4056.981,556,40,0
2026-08-04 06:40:00+00:00,4057.03,4060.279,4056.738,4060.083,624,40,0
2026-08-04 06:45:00+00:00,4060.018,4062.662,4060.018,4062.089,655,40,0
2026-08-04 06:50:00+00:00,4062.136,4063.039,4059.655,4060.324,676,40,0
2026-08-04 06:55:00+00:00,4060.59,4063.914,4058.781,4063.3,605,40,0
2026-08-04 07:00:00+00:00,4063.575,4065.363,4062.374,4064.514,884,40,0
2026-08-04 07:05:00+00:00,4064.611,4065.877,4063.938,4064.44,763,40,0
2026-08-04 07:10:00+00:00,4064.332,4065.623,4060.898,4061.277,631,40,0
2026-08-04 07:15:00+00:00,4061.167,4065.542,4060.916,4063.401,745,40,0
2026-08-04 07:20:00+00:00,4063.454,4065.571,4062.601,4065.549,655,40,0
2026-08-04 07:25:00+00:00,4065.851,4065.851,4062.816,4063.204,630,40,0
2026-08-04 07:30:00+00:00,4063.153,4066.968,4062.722,4065.096,625,40,0
2026-08-04 07:35:00+00:00,4064.719,4066.661,4061.353,4063.112,861,40,0
2026-08-04 07:40:00+00:00,4063.141,4064.8,4062.4,4062.764,541,40,0
2026-08-04 07:45:00+00:00,4062.867,4065.101,4062.404,4063.958,571,40,0
2026-08-04 07:50:00+00:00,4063.902,4066.259,4063.539,4064.882,543,40,0
2026-08-04 07:55:00+00:00,4064.885,4065.721,4063.862,4065.43,445,40,0
2026-08-04 08:00:00+00:00,4065.477,4072.989,4064.478,4070.091,1324,40,0
2026-08-04 08:05:00+00:00,4069.991,4071.059,4068.687,4069.174,877,40,0
2026-08-04 08:10:00+00:00,4069.116,4071.25,4068.054,4068.34,826,40,0
2026-08-04 08:15:00+00:00,4068.343,4068.956,4066.428,4067.262,528,40,0
2026-08-04 08:20:00+00:00,4067.214,4067.398,4061.547,4063.071,715,40,0
2026-08-04 08:25:00+00:00,4062.892,4063.525,4060.478,4063.344,720,40,0
2026-08-04 08:30:00+00:00,4063.291,4064.371,4061.109,4062.581,932,40,0
2026-08-04 08:35:00+00:00,4062.737,4064.562,4058.575,4059.122,930,40,0
2026-08-04 08:40:00+00:00,4058.935,4060.208,4058.586,4059.439,702,40,0
2026-08-04 08:45:00+00:00,4059.384,4059.815,4055.731,4056.574,805,40,0
2026-08-04 08:50:00+00:00,4056.472,4057.622,4055.357,4056.575,776,40,0
2026-08-04 08:55:00+00:00,4056.543,4056.608,4054.564,4055.272,572,40,0
2026-08-04 09:00:00+00:00,4055.163,4055.639,4053.079,4053.48,751,40,0
2026-08-04 09:05:00+00:00,4053.487,4053.836,4050.583,4051.395,756,40,0
2026-08-04 09:10:00+00:00,4051.46,4051.512,4048.58,4050.54,649,40,0
2026-08-04 09:15:00+00:00,4050.483,4052.227,4049.76,4051.068,685,40,0
2026-08-04 09:20:00+00:00,4051.058,4052.074,4048.727,4050.746,668,40,0
2026-08-04 09:25:00+00:00,4050.803,4052.036,4049.509,4050.574,707,40,0
2026-08-04 09:30:00+00:00,4050.366,4051.47,4048.894,4049.555,769,40,0
2026-08-04 09:35:00+00:00,4049.666,4050.026,4046.213,4047.626,598,40,0
2026-08-04 09:40:00+00:00,4047.96,4050.569,4047.786,4050.325,495,40,0
2026-08-04 09:45:00+00:00,4050.264,4051.078,4048.136,4050.094,697,40,0
2026-08-04 09:50:00+00:00,4050.035,4050.612,4047.8,4048.467,514,40,0
2026-08-04 09:55:00+00:00,4048.462,4049.88,4047.436,4049.677,455,40,0
2026-08-04 10:00:00+00:00,4049.716,4049.971,4048.269,4049.743,521,40,0
2026-08-04 10:05:00+00:00,4049.744,4050.073,4047.147,4047.289,502,40,0
2026-08-04 10:10:00+00:00,4047.323,4049.435,4046.918,4048.932,459,40,0
2026-08-04 10:15:00+00:00,4048.876,4049.711,4045.536,4048.498,540,40,0
2026-08-04 10:20:00+00:00,4048.385,4049.299,4047.512,4048.465,428,40,0
2026-08-04 10:25:00+00:00,4048.509,4050.118,4047.828,4049.17,400,40,0
2026-08-04 10:30:00+00:00,4049.346,4051.755,4049.313,4050.473,609,40,0
2026-08-04 10:35:00+00:00,4050.492,4050.819,4048.773,4049.158,451,40,0
2026-08-04 10:40:00+00:00,4048.932,4054.128,4046.485,4052.682,1249,40,0
2026-08-04 10:45:00+00:00,4052.733,4060.825,4052.453,4058.317,3365,40,0
2026-08-04 10:50:00+00:00,4058.125,4058.416,4053.214,4054.872,1167,40,0
2026-08-04 10:55:00+00:00,4055.098,4056.108,4053.206,4054.012,905,40,0
2026-08-04 11:00:00+00:00,4054.063,4055.801,4052.51,4055.36,1095,40,0
2026-08-04 11:05:00+00:00,4055.25,4055.819,4052.557,4055.359,862,40,0
2026-08-04 11:10:00+00:00,4055.043,4058.829,4053.904,4056.702,895,40,0
2026-08-04 11:15:00+00:00,4056.703,4057.838,4055.762,4055.982,660,40,0
2026-08-04 11:20:00+00:00,4055.933,4059.289,4055.535,4058.772,677,40,0
2026-08-04 11:25:00+00:00,4058.719,4061.168,4058.075,4060.794,707,40,0
2026-08-04 11:30:00+00:00,4060.845,4065.124,4059.964,4062.328,1156,40,0
2026-08-04 11:35:00+00:00,4062.616,4064.327,4061.408,4063.537,887,40,0
2026-08-04 11:40:00+00:00,4063.588,4070.634,4059.829,4069.514,2094,40,0
2026-08-04 11:45:00+00:00,4069.601,4080.052,4067.03,4076.265,3132,40,0
2026-08-04 11:50:00+00:00,4076.216,4084.43,4074.475,4076.186,3021,40,0
2026-08-04 11:55:00+00:00,4075.901,4076.487,4069.186,4075.01,1958,40,0
2026-08-04 12:00:00+00:00,4075.078,4076.153,4065.724,4068.317,2231,40,0
2026-08-04 12:05:00+00:00,4068.625,4070.436,4062.739,4063.479,1690,40,0
2026-08-04 12:10:00+00:00,4063.54,4064.61,4060.934,4062.262,1223,40,0
2026-08-04 12:15:00+00:00,4062.314,4066.075,4061.022,4065.71,1043,40,0
2026-08-04 12:20:00+00:00,4065.76,4068.992,4065.264,4067.155,1495,40,0
2026-08-04 12:25:00+00:00,4067.255,4070.332,4066.497,4068.087,1033,40,0
2026-08-04 12:30:00+00:00,4068.378,4076.643,4068.378,4076.266,1006,40,0
2026-08-04 12:35:00+00:00,4076.137,4083.627,4075.562,4082.413,1978,40,0
2026-08-04 12:40:00+00:00,4082.535,4084.59,4078.113,4078.158,1730,40,0
2026-08-04 12:45:00+00:00,4078.211,4079.438,4075.755,4076.405,1462,40,0
2026-08-04 12:50:00+00:00,4076.212,4077.734,4073.376,4074.119,1114,40,0
2026-08-04 12:55:00+00:00,4074.069,4075.856,4069.487,4070.816,1203,40,0
2026-08-04 13:00:00+00:00,4071.091,4071.888,4062.793,4064.254,2552,40,0
2026-08-04 13:05:00+00:00,4064.324,4065.961,4061.038,4064.687,1471,40,0
2026-08-04 13:10:00+00:00,4064.676,4066.565,4062.085,4064.08,1215,40,0
2026-08-04 13:15:00+00:00,4063.966,4065.556,4062.233,4063.657,1100,40,0
2026-08-04 13:20:00+00:00,4063.607,4091.502,4063.538,4081.626,5146,40,0
2026-08-04 13:25:00+00:00,4081.559,4082.4,4077.793,4078.688,2383,40,0
2026-08-04 13:30:00+00:00,4078.526,4085.018,4076.041,4083.25,3182,40,0
2026-08-04 13:35:00+00:00,4083.33,4089.151,4082.832,4088.636,2800,40,0
2026-08-04 13:40:00+00:00,4088.483,4091.894,4083.365,4083.566,2737,40,0
2026-08-04 13:45:00+00:00,4083.515,4093.743,4081.654,4092.606,2596,40,0
2026-08-04 13:50:00+00:00,4092.659,4093.87,4086.692,4086.912,2042,40,0
2026-08-04 13:55:00+00:00,4086.961,4087.425,4083.378,4084.143,1513,40,0
2026-08-04 14:00:00+00:00,4084.386,4090.646,4083.22,4087.903,1357,40,0
2026-08-04 14:05:00+00:00,4088.116,4090.841,4085.457,4089.886,1553,40,0
2026-08-04 14:10:00+00:00,4089.872,4091.641,4088.352,4090.137,1476,40,0
2026-08-04 14:15:00+00:00,4090.198,4092.058,4082.49,4083.53,1623,40,0
2026-08-04 14:20:00+00:00,4083.594,4085.17,4080.684,4082.079,1639,40,0
2026-08-04 14:25:00+00:00,4082.13,4086.978,4081.47,4084.004,1611,40,0
2026-08-04 14:30:00+00:00,4084.077,4086.772,4076.979,4077.793,1995,40,0
2026-08-04 14:35:00+00:00,4077.864,4084.578,4074.339,4079.239,2790,40,0
2026-08-04 14:40:00+00:00,4079.198,4080.959,4076.688,4079.939,1532,40,0
2026-08-04 14:45:00+00:00,4079.877,4081.39,4077.806,4080.393,1383,40,0
2026-08-04 14:50:00+00:00,4080.332,4084.601,4080.184,4083.99,1367,40,0
2026-08-04 14:55:00+00:00,4083.873,4084.842,4081.985,4083.553,943,40,0
2026-08-04 15:00:00+00:00,4083.698,4084.268,4080.986,4081.517,1068,40,0
2026-08-04 15:05:00+00:00,4081.693,4085.355,4079.534,4085.251,1066,40,0
2026-08-04 15:10:00+00:00,4085.19,4085.771,4083.092,4084.242,994,40,0
2026-08-04 15:15:00+00:00,4084.174,4084.53,4075.872,4076.931,1387,40,0
2026-08-04 15:20:00+00:00,4076.981,4078.068,4074.767,4076.362,1362,40,0
2026-08-04 15:25:00+00:00,4076.419,4078.663,4075.167,4078.606,1078,40,0
2026-08-04 15:30:00+00:00,4078.31,4080.329,4076.675,4077.582,1046,40,0
2026-08-04 15:35:00+00:00,4077.89,4087.0,4076.794,4083.529,2159,40,0
2026-08-04 15:40:00+00:00,4083.596,4087.416,4083.532,4084.1,1370,40,0
2026-08-04 15:45:00+00:00,4084.079,4085.875,4082.759,4083.18,1053,40,0
2026-08-04 15:50:00+00:00,4083.228,4087.945,4083.228,4087.368,968,40,0
2026-08-04 15:55:00+00:00,4087.343,4089.025,4085.923,4087.523,1004,40,0
2026-08-04 16:00:00+00:00,4087.592,4088.686,4085.741,4086.409,1003,40,0
2026-08-04 16:05:00+00:00,4086.253,4087.193,4084.429,4086.607,847,40,0
2026-08-04 16:10:00+00:00,4086.531,4087.521,4084.628,4085.213,889,40,0
2026-08-04 16:15:00+00:00,4085.322,4085.921,4083.022,4083.767,630,40,0
2026-08-04 16:20:00+00:00,4083.805,4088.353,4083.652,4087.292,772,40,0
2026-08-04 16:25:00+00:00,4087.36,4089.937,4086.075,4087.695,694,40,0
2026-08-04 16:30:00+00:00,4087.786,4088.676,4086.806,4087.792,715,40,0
2026-08-04 16:35:00+00:00,4088.022,4088.022,4084.917,4085.904,628,40,0
2026-08-04 16:40:00+00:00,4085.749,4089.601,4085.491,4089.105,615,40,0
2026-08-04 16:45:00+00:00,4089.085,4093.76,4088.649,4092.748,806,40,0
2026-08-04 16:50:00+00:00,4092.685,4093.65,4090.717,4090.717,639,40,0
2026-08-04 16:55:00+00:00,4090.768,4093.649,4090.092,4093.214,622,40,0
2026-08-04 17:00:00+00:00,4093.385,4102.449,4092.386,4102.183,1420,40,0
2026-08-04 17:05:00+00:00,4102.243,4106.422,4099.644,4099.807,1428,40,0
2026-08-04 17:10:00+00:00,4099.747,4101.811,4098.07,4100.012,1010,40,0
2026-08-04 17:15:00+00:00,4100.067,4101.497,4097.376,4097.845,845,40,0
2026-08-04 17:20:00+00:00,4097.896,4100.976,4097.5,4099.939,862,40,0
2026-08-04 17:25:00+00:00,4099.881,4100.919,4094.194,4094.889,1168,40,0
2026-08-04 17:30:00+00:00,4094.835,4095.056,4091.768,4093.82,888,40,0
2026-08-04 17:35:00+00:00,4093.882,4095.894,4093.723,4094.848,573,40,0
2026-08-04 17:40:00+00:00,4094.737,4096.269,4093.813,4095.438,552,40,0
2026-08-04 17:45:00+00:00,4095.328,4096.671,4093.63,4093.786,516,40,0
2026-08-04 17:50:00+00:00,4093.835,4094.439,4089.734,4089.793,769,40,0
2026-08-04 17:55:00+00:00,4089.85,4091.297,4086.228,4086.246,915,40,0
2026-08-04 18:00:00+00:00,4086.191,4088.674,4084.884,4086.777,1042,40,0
2026-08-04 18:05:00+00:00,4086.861,4089.027,4086.861,4088.206,653,40,0
2026-08-04 18:10:00+00:00,4088.017,4088.777,4086.352,4088.612,719,40,0
2026-08-04 18:15:00+00:00,4088.558,4088.783,4086.062,4086.706,640,40,0
2026-08-04 18:20:00+00:00,4086.564,4088.995,4086.419,4087.117,670,40,0
2026-08-04 18:25:00+00:00,4087.067,4088.252,4084.438,4084.814,607,40,0
2026-08-04 18:30:00+00:00,4084.744,4085.858,4082.598,4082.912,617,40,0
2026-08-04 18:35:00+00:00,4082.966,4083.631,4078.524,4079.081,676,40,0
2026-08-04 18:40:00+00:00,4079.031,4080.324,4076.287,4076.8,890,40,0
2026-08-04 18:45:00+00:00,4076.82,4080.49,4075.146,4079.84,807,40,0
2026-08-04 18:50:00+00:00,4079.789,4080.948,4078.572,4079.705,619,40,0
2026-08-04 18:55:00+00:00,4079.835,4081.325,4079.369,4079.99,526,40,0
2026-08-04 19:00:00+00:00,4079.778,4082.143,4078.708,4080.684,662,40,0
2026-08-04 19:05:00+00:00,4080.687,4084.312,4080.152,4084.117,538,40,0
2026-08-04 19:10:00+00:00,4084.061,4084.409,4081.602,4081.63,694,40,0
2026-08-04 19:15:00+00:00,4081.917,4084.859,4081.379,4084.437,647,40,0
2026-08-04 19:20:00+00:00,4084.386,4084.477,4080.22,4080.502,571,40,0
2026-08-04 19:25:00+00:00,4080.268,4081.316,4079.341,4080.248,557,40,0
2026-08-04 19:30:00+00:00,4080.168,4080.923,4078.864,4080.615,572,40,0
2026-08-04 19:35:00+00:00,4080.903,4081.518,4079.773,4080.845,441,40,0
2026-08-04 19:40:00+00:00,4080.837,4082.704,4080.706,4081.355,470,40,0
2026-08-04 19:45:00+00:00,4081.296,4082.396,4079.403,4080.33,433,40,0
2026-08-04 19:50:00+00:00,4080.389,4080.493,4077.017,4077.517,603,40,0
2026-08-04 19:55:00+00:00,4077.565,4079.659,4076.477,4078.809,668,40,0
2026-08-04 20:00:00+00:00,4078.697,4079.639,4078.282,4078.524,521,40,0
2026-08-04 20:05:00+00:00,4078.705,4080.152,4078.439,4079.699,391,40,0
2026-08-04 20:10:00+00:00,4079.715,4080.55,4078.288,4079.222,503,40,0
2026-08-04 20:15:00+00:00,4078.91,4079.124,4074.91,4075.748,711,40,0
2026-08-04 20:20:00+00:00,4075.8,4076.283,4074.675,4075.512,461,40,0
2026-08-04 20:25:00+00:00,4075.516,4076.601,4074.93,4075.595,405,40,0
2026-08-04 20:30:00+00:00,4075.545,4077.274,4075.425,4077.274,348,40,0
2026-08-04 20:35:00+00:00,4077.143,4078.078,4076.709,4077.33,401,40,0
2026-08-04 20:40:00+00:00,4077.33,4078.618,4077.067,4077.853,402,40,0
2026-08-04 20:45:00+00:00,4077.8,4077.8,4076.086,4077.177,387,40,0
2026-08-04 20:50:00+00:00,4077.127,4078.447,4076.704,4077.068,362,40,0
2026-08-04 20:55:00+00:00,4077.06,4078.29,4076.786,4078.112,243,40,0
2026-08-04 22:00:00+00:00,4078.137,4078.756,4076.813,4078.21,179,90,0
2026-08-04 22:05:00+00:00,4078.234,4078.698,4076.909,4076.991,235,50,0
2026-08-04 22:10:00+00:00,4076.991,4078.016,4076.453,4076.96,312,40,0
2026-08-04 22:15:00+00:00,4076.904,4077.685,4075.854,4077.307,373,40,0
2026-08-04 22:20:00+00:00,4077.379,4078.017,4075.947,4077.611,406,40,0
2026-08-04 22:25:00+00:00,4077.617,4080.067,4077.528,4079.748,403,40,0
2026-08-04 22:30:00+00:00,4079.973,4081.184,4079.211,4080.933,344,40,0
2026-08-04 22:35:00+00:00,4080.893,4084.695,4080.888,4084.34,371,40,0
2026-08-04 22:40:00+00:00,4084.342,4085.879,4082.939,4084.005,496,40,0
2026-08-04 22:45:00+00:00,4084.059,4084.567,4081.182,4082.655,584,40,0
2026-08-04 22:50:00+00:00,4082.871,4084.034,4080.442,4081.264,444,40,0
2026-08-04 22:55:00+00:00,4081.101,4081.386,4075.708,4075.901,484,40,0
2026-08-04 23:00:00+00:00,4076.047,4077.253,4068.49,4070.193,1059,40,0
2026-08-04 23:05:00+00:00,4069.968,4072.012,4069.261,4071.71,580,40,0
2026-08-04 23:10:00+00:00,4071.684,4073.912,4069.685,4073.4,567,40,0
2026-08-04 23:15:00+00:00,4073.306,4074.84,4071.878,4071.948,503,40,0
2026-08-04 23:20:00+00:00,4071.999,4072.56,4067.988,4068.745,463,40,0
2026-08-04 23:25:00+00:00,4068.752,4069.041,4065.432,4067.392,580,40,0
2026-08-04 23:30:00+00:00,4067.392,4070.158,4065.987,4068.536,521,40,0
2026-08-04 23:35:00+00:00,4068.517,4069.669,4068.054,4069.44,369,40,0
2026-08-04 23:40:00+00:00,4069.395,4070.125,4068.577,4069.469,298,40,0
2026-08-04 23:45:00+00:00,4069.441,4071.829,4069.194,4071.673,435,40,0
2026-08-04 23:50:00+00:00,4071.722,4072.387,4071.256,4071.687,379,40,0
2026-08-04 23:55:00+00:00,4071.459,4073.759,4071.379,4072.473,351,40,0
2026-08-05 00:00:00+00:00,4072.456,4074.269,4070.401,4073.467,892,40,0
2026-08-05 00:05:00+00:00,4073.264,4074.338,4072.348,4072.607,737,40,0
2026-08-05 00:10:00+00:00,4072.382,4073.312,4071.275,4071.976,598,40,0
2026-08-05 00:15:00+00:00,4071.949,4075.736,4071.483,4074.789,845,40,0
2026-08-05 00:20:00+00:00,4075.112,4077.652,4073.898,4076.836,675,40,0
2026-08-05 00:25:00+00:00,4077.089,4078.961,4076.039,4078.648,492,40,0
2026-08-05 00:30:00+00:00,4078.607,4081.249,4078.49,4080.808,639,40,0
2026-08-05 00:35:00+00:00,4080.446,4083.16,4080.29,4080.601,550,40,0
2026-08-05 00:40:00+00:00,4080.726,4081.721,4077.994,4078.258,642,40,0
2026-08-05 00:45:00+00:00,4078.249,4079.899,4077.771,4079.067,571,40,0
2026-08-05 00:50:00+00:00,4078.923,4083.653,4078.923,4083.339,687,40,0
2026-08-05 00:55:00+00:00,4083.289,4083.612,4081.589,4082.722,569,40,0
2026-08-05 01:00:00+00:00,4082.53,4085.796,4077.685,4080.539,2382,40,0
2026-08-05 01:05:00+00:00,4080.464,4083.551,4079.7,4082.115,1201,40,0
2026-08-05 01:10:00+00:00,4081.988,4086.973,4081.815,4085.854,1295,40,0
2026-08-05 01:15:00+00:00,4085.907,4088.825,4085.157,4087.693,1209,40,0
2026-08-05 01:20:00+00:00,4087.643,4088.431,4084.853,4085.167,1063,40,0
2026-08-05 01:25:00+00:00,4085.108,4085.507,4082.724,4084.622,1018,40,0
2026-08-05 01:30:00+00:00,4084.689,4086.511,4080.041,4084.935,1214,40,0
2026-08-05 01:35:00+00:00,4084.883,4090.297,4084.324,4089.857,1112,40,0
2026-08-05 01:40:00+00:00,4089.808,4093.089,4089.507,4093.039,921,40,0
2026-08-05 01:45:00+00:00,4092.989,4095.261,4092.707,4094.113,903,40,0
2026-08-05 01:50:00+00:00,4094.232,4096.088,4092.865,4096.088,883,40,0
2026-08-05 01:55:00+00:00,4095.935,4102.827,4095.935,4101.318,1073,40,0
2026-08-05 02:00:00+00:00,4101.268,4103.028,4097.899,4098.45,1396,40,0
2026-08-05 02:05:00+00:00,4098.503,4098.941,4096.457,4097.352,851,40,0
2026-08-05 02:10:00+00:00,4097.354,4100.666,4096.809,4099.75,885,40,0
2026-08-05 02:15:00+00:00,4099.809,4101.065,4095.527,4098.744,1049,40,0
2026-08-05 02:20:00+00:00,4098.594,4103.871,4098.233,4102.276,1112,40,0
2026-08-05 02:25:00+00:00,4102.275,4108.809,4102.275,4103.77,1304,40,0
2026-08-05 02:30:00+00:00,4103.657,4108.631,4101.57,4107.857,1906,40,0
2026-08-05 02:35:00+00:00,4107.674,4122.262,4107.656,4120.222,2820,40,0
2026-08-05 02:40:00+00:00,4120.276,4129.144,4119.83,4128.112,2770,40,0
2026-08-05 02:45:00+00:00,4128.164,4131.334,4126.215,4130.154,2486,40,0
2026-08-05 02:50:00+00:00,4130.104,4132.832,4124.823,4131.028,1990,40,0
2026-08-05 02:55:00+00:00,4131.079,4135.669,4129.044,4129.4,1579,40,0
2026-08-05 03:00:00+00:00,4129.35,4130.824,4126.916,4128.762,1397,40,0
2026-08-05 03:05:00+00:00,4128.797,4135.283,4127.94,4132.428,1319,40,0
2026-08-05 03:10:00+00:00,4132.481,4136.305,4132.226,4135.795,1183,40,0
2026-08-05 03:15:00+00:00,4135.851,4136.633,4130.686,4131.105,977,40,0
2026-08-05 03:20:00+00:00,4131.157,4133.023,4130.288,4131.636,746,40,0
2026-08-05 03:25:00+00:00,4131.393,4132.472,4129.799,4130.676,835,40,0
2026-08-05 03:30:00+00:00,4130.624,4130.861,4127.664,4128.316,861,40,0
2026-08-05 03:35:00+00:00,4128.35,4129.344,4127.558,4127.806,644,40,0
2026-08-05 03:40:00+00:00,4127.792,4129.192,4127.503,4128.589,568,40,0
2026-08-05 03:45:00+00:00,4128.639,4130.519,4127.514,4127.717,595,40,0
2026-08-05 03:50:00+00:00,4127.519,4128.831,4127.48,4128.467,460,40,0
2026-08-05 03:55:00+00:00,4128.412,4129.608,4127.617,4128.483,450,40,0
2026-08-05 04:00:00+00:00,4128.49,4136.185,4128.38,4134.877,912,40,0
2026-08-05 04:05:00+00:00,4134.92,4140.32,4133.903,4139.37,991,40,0
2026-08-05 04:10:00+00:00,4139.421,4141.606,4137.78,4138.764,943,40,0
2026-08-05 04:15:00+00:00,4138.83,4141.067,4137.875,4140.867,714,40,0
2026-08-05 04:20:00+00:00,4140.918,4141.31,4138.581,4138.938,607,40,0
2026-08-05 04:25:00+00:00,4139.07,4140.251,4137.998,4138.606,613,40,0
2026-08-05 04:30:00+00:00,4138.528,4139.023,4137.028,4137.424,515,40,0
2026-08-05 04:35:00+00:00,4137.384,4137.915,4133.314,4134.652,675,40,0
2026-08-05 04:40:00+00:00,4134.986,4136.422,4134.328,4134.791,497,40,0
2026-08-05 04:45:00+00:00,4134.781,4135.713,4132.523,4132.967,561,40,0
2026-08-05 04:50:00+00:00,4132.936,4135.542,4132.727,4134.854,507,40,0
2026-08-05 04:55:00+00:00,4134.8,4136.316,4133.724,4135.703,548,40,0
2026-08-05 05:00:00+00:00,4135.765,4137.297,4134.699,4136.654,686,40,0
2026-08-05 05:05:00+00:00,4136.731,4138.086,4135.69,4136.043,806,40,0
2026-08-05 05:10:00+00:00,4136.154,4138.094,4135.663,4137.256,512,40,0
2026-08-05 05:15:00+00:00,4137.266,4138.312,4135.501,4137.303,606,40,0
2026-08-05 05:20:00+00:00,4137.433,4142.361,4137.154,4141.579,789,40,0
2026-08-05 05:25:00+00:00,4141.307,4141.592,4138.19,4139.45,720,40,0
2026-08-05 05:30:00+00:00,4139.575,4146.666,4139.575,4143.732,2032,40,0
2026-08-05 05:35:00+00:00,4143.479,4154.451,4142.695,4151.889,2979,40,0
2026-08-05 05:40:00+00:00,4151.835,4159.799,4149.411,4157.356,2736,40,0
2026-08-05 05:45:00+00:00,4157.195,4171.757,4156.791,4164.817,4089,40,0
2026-08-05 05:50:00+00:00,4164.87,4173.262,4164.795,4167.233,2078,40,0
2026-08-05 05:55:00+00:00,4166.968,4171.741,4161.566,4161.64,2829,40,0
2026-08-05 06:00:00+00:00,4161.58,4166.375,4160.004,4162.359,1914,40,0
2026-08-05 06:05:00+00:00,4162.236,4170.142,4160.719,4170.056,1219,40,0
2026-08-05 06:10:00+00:00,4169.96,4174.549,4168.86,4173.046,1508,40,0
2026-08-05 06:15:00+00:00,4173.03,4173.527,4165.949,4166.471,1504,40,0
2026-08-05 06:20:00+00:00,4166.418,4167.964,4160.99,4166.033,1515,40,0
2026-08-05 06:25:00+00:00,4166.125,4169.183,4163.739,4168.704,1258,40,0
2026-08-05 06:30:00+00:00,4168.653,4173.862,4167.038,4173.085,1082,40,0
2026-08-05 06:35:00+00:00,4173.138,4178.534,4173.138,4175.715,1291,40,0
2026-08-05 06:40:00+00:00,4175.66,4177.019,4172.753,4175.97,1228,40,0
2026-08-05 06:45:00+00:00,4175.975,4176.686,4172.085,4175.926,822,40,0
2026-08-05 06:50:00+00:00,4175.853,4176.727,4173.083,4175.507,952,40,0
2026-08-05 06:55:00+00:00,4175.528,4178.569,4175.194,4177.467,1059,40,0
2026-08-05 07:00:00+00:00,4177.773,4179.726,4170.425,4170.802,1518,40,0
2026-08-05 07:05:00+00:00,4170.855,4172.734,4168.802,4170.24,1077,40,0
2026-08-05 07:10:00+00:00,4170.543,4172.033,4166.207,4166.444,1065,40,0
2026-08-05 07:15:00+00:00,4166.498,4169.365,4165.984,4169.139,1213,40,0
2026-08-05 07:20:00+00:00,4169.087,4169.518,4166.515,4168.303,1190,40,0
2026-08-05 07:25:00+00:00,4168.361,4168.949,4163.083,4164.453,975,40,0
2026-08-05 07:30:00+00:00,4164.565,4165.63,4162.967,4163.401,980,40,0
2026-08-05 07:35:00+00:00,4163.609,4166.678,4162.223,4165.009,1020,40,0
2026-08-05 07:40:00+00:00,4164.966,4166.798,4164.325,4166.611,898,40,0
2026-08-05 07:45:00+00:00,4166.861,4168.874,4164.305,4166.266,904,40,0
2026-08-05 07:50:00+00:00,4166.025,4167.878,4165.012,4165.469,672,40,0
2026-08-05 07:55:00+00:00,4165.323,4172.166,4165.184,4170.726,778,40,0
2026-08-05 08:00:00+00:00,4170.674,4172.859,4169.086,4170.561,965,40,0
2026-08-05 08:05:00+00:00,4170.821,4170.821,4168.129,4169.673,815,40,0
2026-08-05 08:10:00+00:00,4169.574,4169.833,4164.825,4165.703,963,40,0
2026-08-05 08:15:00+00:00,4165.755,4168.428,4165.42,4166.635,822,40,0
2026-08-05 08:20:00+00:00,4166.521,4166.899,4162.153,4163.062,831,40,0
2026-08-05 08:25:00+00:00,4163.042,4165.17,4162.564,4164.647,845,40,0
2026-08-05 08:30:00+00:00,4164.71,4166.172,4162.795,4165.347,1369,40,0
2026-08-05 08:35:00+00:00,4165.164,4165.923,4163.533,4164.402,1024,40,0
2026-08-05 08:40:00+00:00,4164.64,4167.369,4161.326,4166.154,1368,40,0
2026-08-05 08:45:00+00:00,4166.222,4166.493,4160.077,4162.163,1406,40,0
2026-08-05 08:50:00+00:00,4162.092,4162.741,4160.114,4161.757,878,40,0
2026-08-05 08:55:00+00:00,4161.499,4162.123,4158.962,4160.45,796,40,0
2026-08-05 09:00:00+00:00,4160.507,4164.962,4160.483,4164.083,1040,40,0
2026-08-05 09:05:00+00:00,4164.146,4167.308,4164.006,4164.721,1205,40,0
2026-08-05 09:10:00+00:00,4164.522,4165.7,4162.215,4163.102,1059,40,0
2026-08-05 09:15:00+00:00,4163.17,4163.17,4159.52,4160.469,966,40,0
2026-08-05 09:20:00+00:00,4160.419,4161.537,4155.329,4157.555,1114,40,0
2026-08-05 09:25:00+00:00,4157.605,4158.578,4156.068,4157.786,754,40,0
2026-08-05 09:30:00+00:00,4157.842,4158.763,4154.391,4157.027,1515,40,0
2026-08-05 09:35:00+00:00,4156.964,4159.32,4154.579,4157.652,1270,40,0
2026-08-05 09:40:00+00:00,4157.651,4158.258,4155.185,4158.117,889,40,0
2026-08-05 09:45:00+00:00,4158.157,4158.944,4156.614,4157.847,702,40,0
2026-08-05 09:50:00+00:00,4157.703,4158.244,4156.308,4157.886,608,40,0
2026-08-05 09:55:00+00:00,4157.636,4159.308,4152.988,4158.009,838,40,0
2026-08-05 10:00:00+00:00,4158.07,4158.235,4151.968,4152.575,849,40,0
2026-08-05 10:05:00+00:00,4152.589,4154.019,4152.18,4153.35,600,40,0
2026-08-05 10:10:00+00:00,4153.352,4153.648,4150.478,4151.297,680,40,0
2026-08-05 10:15:00+00:00,4151.408,4156.125,4150.349,4155.894,838,40,0
2026-08-05 10:20:00+00:00,4155.84,4158.125,4155.483,4156.136,631,40,0
2026-08-05 10:25:00+00:00,4156.094,4158.681,4155.712,4156.89,658,40,0
2026-08-05 10:30:00+00:00,4156.694,4157.988,4154.914,4155.185,685,40,0
2026-08-05 10:35:00+00:00,4155.422,4156.509,4153.879,4155.337,589,40,0
2026-08-05 10:40:00+00:00,4155.545,4156.948,4154.119,4155.331,506,40,0
2026-08-05 10:45:00+00:00,4155.135,4156.847,4154.302,4155.497,568,40,0
2026-08-05 10:50:00+00:00,4155.397,4156.549,4154.091,4156.183,656,40,0
2026-08-05 10:55:00+00:00,4156.072,4161.711,4155.858,4161.378,772,40,0
2026-08-05 11:00:00+00:00,4161.319,4164.457,4160.738,4164.249,838,40,0
2026-08-05 11:05:00+00:00,4164.166,4166.723,4163.084,4166.56,710,40,0
2026-08-05 11:10:00+00:00,4166.611,4171.2,4166.112,4170.802,1216,40,0
2026-08-05 11:15:00+00:00,4170.81,4174.027,4169.967,4171.262,875,40,0
2026-08-05 11:20:00+00:00,4171.211,4173.389,4169.634,4170.364,803,40,0
2026-08-05 11:25:00+00:00,4170.312,4180.87,4169.298,4176.316,1413,40,0
2026-08-05 11:30:00+00:00,4176.13,4181.644,4174.083,4180.722,1687,40,0
2026-08-05 11:35:00+00:00,4180.611,4187.782,4180.611,4184.822,2031,40,0
2026-08-05 11:40:00+00:00,4184.898,4188.811,4182.549,4184.945,1869,40,0
2026-08-05 11:45:00+00:00,4185.123,4187.398,4182.947,4185.763,1693,40,0
2026-08-05 11:50:00+00:00,4185.645,4189.531,4185.404,4189.06,1280,40,0
2026-08-05 11:55:00+00:00,4189.068,4192.779,4188.116,4189.055,1110,40,0
2026-08-05 12:00:00+00:00,4189.112,4195.453,4188.895,4194.828,1325,40,0
2026-08-05 12:05:00+00:00,4194.769,4199.49,4194.012,4197.897,1774,40,0
2026-08-05 12:10:00+00:00,4197.947,4200.124,4196.984,4197.486,1230,40,0
2026-08-05 12:15:00+00:00,4197.671,4208.921,4197.671,4205.196,1326,40,0
2026-08-05 12:20:00+00:00,4205.255,4213.478,4205.122,4211.265,1954,40,0
2026-08-05 12:25:00+00:00,4211.299,4211.827,4204.962,4205.472,1303,40,0
2026-08-05 12:30:00+00:00,4205.528,4209.103,4197.807,4199.878,1735,40,0
2026-08-05 12:35:00+00:00,4199.748,4204.455,4198.448,4200.277,1499,40,0
2026-08-05 12:40:00+00:00,4200.52,4200.952,4192.703,4194.635,1708,40,0
2026-08-05 12:45:00+00:00,4194.941,4195.866,4191.249,4193.882,1518,40,0
2026-08-05 12:50:00+00:00,4193.942,4194.121,4186.58,4187.588,1578,40,0
2026-08-05 12:55:00+00:00,4187.64,4188.889,4183.298,4184.102,1376,40,0
2026-08-05 13:00:00+00:00,4184.052,4195.208,4183.875,4193.914,2826,40,0
2026-08-05 13:05:00+00:00,4193.848,4197.335,4191.238,4194.217,1926,40,0
2026-08-05 13:10:00+00:00,4194.011,4195.611,4186.753,4187.908,1783,40,0
2026-08-05 13:15:00+00:00,4188.048,4191.006,4185.684,4190.313,1474,40,0
2026-08-05 13:20:00+00:00,4190.249,4197.749,4190.0,4194.798,1668,40,0
2026-08-05 13:25:00+00:00,4194.603,4198.256,4193.362,4197.228,1520,40,0
2026-08-05 13:30:00+00:00,4197.289,4203.96,4194.654,4202.045,2788,40,0
2026-08-05 13:35:00+00:00,4201.988,4205.022,4192.555,4200.914,3104,40,0
2026-08-05 13:40:00+00:00,4200.976,4204.195,4197.501,4197.855,3180,40,0
2026-08-05 13:45:00+00:00,4197.662,4199.598,4190.665,4193.564,1501,40,0
2026-08-05 13:50:00+00:00,4193.577,4201.138,4189.53,4200.976,2645,40,0
2026-08-05 13:55:00+00:00,4201.254,4206.997,4200.065,4205.976,1848,40,0
2026-08-05 14:00:00+00:00,4205.918,4210.974,4203.75,4210.852,2099,40,0
2026-08-05 14:05:00+00:00,4210.664,4228.627,4210.519,4227.605,4029,40,0
2026-08-05 14:10:00+00:00,4227.663,4235.003,4225.862,4229.632,3241,40,0
2026-08-05 14:15:00+00:00,4229.55,4239.06,4226.611,4236.463,2773,40,0
2026-08-05 14:20:00+00:00,4236.462,4238.538,4230.583,4232.039,2617,40,0
2026-08-05 14:25:00+00:00,4231.796,4240.747,4231.695,4236.849,2816,40,0
2026-08-05 14:30:00+00:00,4236.679,4242.49,4229.456,4230.94,2075,40,0
2026-08-05 14:35:00+00:00,4230.993,4234.281,4228.704,4231.596,2413,40,0
2026-08-05 14:40:00+00:00,4231.651,4243.579,4229.688,4243.246,2427,40,0
2026-08-05 14:45:00+00:00,4243.512,4247.797,4241.198,4247.462,2349,40,0
2026-08-05 14:50:00+00:00,4247.345,4247.655,4233.147,4237.778,2655,40,0
2026-08-05 14:55:00+00:00,4237.833,4245.949,4235.939,4244.101,2145,40,0
2026-08-05 15:00:00+00:00,4244.036,4259.896,4242.634,4255.429,3076,40,0
2026-08-05 15:05:00+00:00,4255.469,4259.565,4251.673,4256.341,2517,40,0
2026-08-05 15:10:00+00:00,4256.515,4261.23,4255.487,4258.177,2124,40,0
2026-08-05 15:15:00+00:00,4257.869,4258.679,4250.135,4257.474,2263,40,0
2026-08-05 15:20:00+00:00,4257.529,4262.24,4256.078,4259.973,1572,40,0
2026-08-05 15:25:00+00:00,4259.919,4265.302,4257.053,4257.418,1517,40,0
2026-08-05 15:30:00+00:00,4257.618,4259.451,4254.564,4255.273,1622,40,0
2026-08-05 15:35:00+00:00,4255.211,4260.02,4254.489,4257.686,1213,40,0
2026-08-05 15:40:00+00:00,4257.941,4257.961,4252.411,4256.122,1153,40,0
2026-08-05 15:45:00+00:00,4255.758,4255.991,4249.465,4249.92,1765,40,0
2026-08-05 15:50:00+00:00,4250.149,4250.489,4241.054,4243.623,2012,40,0
2026-08-05 15:55:00+00:00,4243.565,4243.801,4232.325,4233.028,2446,40,0
2026-08-05 16:00:00+00:00,4233.079,4234.667,4225.431,4226.018,2516,40,0
2026-08-05 16:05:00+00:00,4226.059,4235.761,4224.731,4235.338,1756,40,0
2026-08-05 16:10:00+00:00,4235.275,4236.459,4231.795,4234.371,1358,40,0
2026-08-05 16:15:00+00:00,4234.216,4237.23,4232.684,4233.654,1357,40,0
2026-08-05 16:20:00+00:00,4233.719,4240.74,4233.646,4238.96,1186,40,0
2026-08-05 16:25:00+00:00,4239.026,4242.024,4238.843,4241.284,929,40,0
2026-08-05 16:30:00+00:00,4241.497,4243.763,4239.014,4240.83,1131,40,0
2026-08-05 16:35:00+00:00,4240.824,4245.857,4240.233,4243.798,853,40,0
2026-08-05 16:40:00+00:00,4243.996,4247.097,4243.454,4244.564,848,40,0
2026-08-05 16:45:00+00:00,4244.616,4245.537,4240.951,4242.718,1030,40,0
2026-08-05 16:50:00+00:00,4242.728,4247.43,4242.42,4244.527,883,40,0
2026-08-05 16:55:00+00:00,4244.529,4244.831,4238.281,4242.466,1065,40,0
2026-08-05 17:00:00+00:00,4242.295,4243.597,4239.11,4243.597,1074,40,0
2026-08-05 17:05:00+00:00,4243.39,4244.484,4240.889,4241.728,972,40,0
2026-08-05 17:10:00+00:00,4241.667,4244.22,4241.066,4242.124,858,40,0
2026-08-05 17:15:00+00:00,4241.807,4241.807,4237.834,4238.615,936,40,0
2026-08-05 17:20:00+00:00,4238.548,4240.469,4236.793,4240.003,927,40,0
2026-08-05 17:25:00+00:00,4240.177,4246.717,4237.334,4244.717,1582,40,0
2026-08-05 17:30:00+00:00,4244.653,4248.406,4240.931,4248.099,1207,40,0
2026-08-05 17:35:00+00:00,4248.15,4250.617,4245.915,4250.075,819,40,0
2026-08-05 17:40:00+00:00,4250.328,4250.998,4247.695,4248.384,667,40,0
2026-08-05 17:45:00+00:00,4248.373,4250.932,4247.378,4249.217,709,40,0
2026-08-05 17:50:00+00:00,4249.271,4250.484,4248.621,4249.322,591,40,0
2026-08-05 17:55:00+00:00,4249.583,4252.661,4249.478,4250.122,613,40,0
2026-08-05 18:00:00+00:00,4250.059,4254.347,4249.1,4252.974,912,40,0
2026-08-05 18:05:00+00:00,4252.813,4257.493,4252.709,4255.446,863,40,0
2026-08-05 18:10:00+00:00,4255.5,4257.679,4252.99,4253.244,782,40,0
2026-08-05 18:15:00+00:00,4253.215,4257.532,4252.825,4256.923,620,40,0
2026-08-05 18:20:00+00:00,4256.912,4267.963,4256.843,4263.476,1084,40,0
2026-08-05 18:25:00+00:00,4263.654,4265.552,4262.078,4263.013,749,40,0
2026-08-05 18:30:00+00:00,4263.055,4263.972,4254.533,4255.463,785,40,0
2026-08-05 18:35:00+00:00,4255.412,4258.45,4255.385,4257.638,727,40,0
2026-08-05 18:40:00+00:00,4257.554,4260.596,4257.083,4259.227,825,40,0
2026-08-05 18:45:00+00:00,4259.244,4261.67,4257.906,4259.08,652,40,0
2026-08-05 18:50:00+00:00,4258.819,4262.768,4258.464,4261.982,656,40,0
2026-08-05 18:55:00+00:00,4261.929,4263.645,4260.46,4260.701,609,40,0
2026-08-05 19:00:00+00:00,4260.814,4262.28,4259.223,4261.922,780,40,0
2026-08-05 19:05:00+00:00,4261.975,4262.295,4257.5,4258.027,649,40,0
2026-08-05 19:10:00+00:00,4258.012,4259.15,4256.087,4257.988,696,40,0
2026-08-05 19:15:00+00:00,4258.048,4258.354,4250.562,4251.962,804,40,0
2026-08-05 19:20:00+00:00,4251.889,4255.735,4250.519,4255.316,737,40,0
2026-08-05 19:25:00+00:00,4255.264,4256.228,4252.74,4253.078,582,40,0
2026-08-05 19:30:00+00:00,4253.136,4254.122,4249.544,4249.851,864,40,0
2026-08-05 19:35:00+00:00,4249.911,4251.04,4248.282,4250.505,650,40,0
2026-08-05 19:40:00+00:00,4250.517,4253.831,4250.505,4253.172,606,40,0
2026-08-05 19:45:00+00:00,4253.119,4253.502,4248.113,4248.344,711,40,0
2026-08-05 19:50:00+00:00,4248.721,4249.976,4247.119,4248.877,707,40,0
2026-08-05 19:55:00+00:00,4248.756,4249.386,4246.307,4247.059,993,40,0
2026-08-05 20:00:00+00:00,4246.892,4249.736,4246.797,4248.806,554,40,0
2026-08-05 20:05:00+00:00,4248.56,4249.132,4246.887,4247.998,533,40,0
2026-08-05 20:10:00+00:00,4248.018,4249.819,4247.527,4249.383,351,40,0
2026-08-05 20:15:00+00:00,4249.496,4249.909,4245.321,4246.373,402,40,0
2026-08-05 20:20:00+00:00,4246.311,4247.449,4245.467,4247.289,331,40,0
2026-08-05 20:25:00+00:00,4247.318,4247.318,4245.514,4246.164,296,40,0
2026-08-05 20:30:00+00:00,4246.147,4249.631,4245.92,4249.437,381,40,0
2026-08-05 20:35:00+00:00,4249.435,4249.49,4246.588,4246.672,314,40,0
2026-08-05 20:40:00+00:00,4246.944,4247.647,4245.043,4245.556,258,40,0
2026-08-05 20:45:00+00:00,4245.576,4245.812,4243.505,4244.398,308,40,0
2026-08-05 20:50:00+00:00,4244.406,4245.553,4243.757,4244.534,345,40,0
2026-08-05 20:55:00+00:00,4244.28,4246.762,4242.993,4246.313,338,40,0
2026-08-05 22:00:00+00:00,4248.49,4254.234,4248.173,4249.161,340,90,0
2026-08-05 22:05:00+00:00,4248.921,4249.513,4245.723,4246.58,574,50,0
2026-08-05 22:10:00+00:00,4246.809,4248.545,4246.605,4247.848,393,50,0
2026-08-05 22:15:00+00:00,4247.71,4248.559,4247.251,4247.7,313,50,0
2026-08-05 22:20:00+00:00,4247.7,4249.074,4247.121,4248.483,325,50,0
2026-08-05 22:25:00+00:00,4248.424,4248.873,4247.261,4248.248,285,50,0
2026-08-05 22:30:00+00:00,4248.162,4250.152,4247.828,4249.667,336,40,0
2026-08-05 22:35:00+00:00,4249.742,4250.52,4249.246,4249.735,294,40,0
2026-08-05 22:40:00+00:00,4249.379,4249.977,4247.961,4248.5,254,40,0
2026-08-05 22:45:00+00:00,4248.446,4249.304,4247.762,4248.675,299,40,0
2026-08-05 22:50:00+00:00,4248.623,4249.48,4248.132,4248.511,281,40,0
2026-08-05 22:55:00+00:00,4248.513,4250.441,4247.962,4250.193,300,40,0
2026-08-05 23:00:00+00:00,4249.941,4252.928,4249.294,4252.92,296,40,0
2026-08-05 23:05:00+00:00,4252.971,4254.636,4251.491,4252.33,331,40,0
2026-08-05 23:10:00+00:00,4252.284,4258.168,4252.239,4256.204,492,40,0
2026-08-05 23:15:00+00:00,4256.182,4260.814,4256.1,4259.403,472,40,0
2026-08-05 23:20:00+00:00,4259.642,4262.754,4257.776,4262.195,390,40,0
2026-08-05 23:25:00+00:00,4261.95,4264.5,4260.479,4263.451,376,40,0
2026-08-05 23:30:00+00:00,4263.602,4265.556,4261.082,4265.284,396,40,0
2026-08-05 23:35:00+00:00,4265.464,4279.964,4265.27,4278.38,1456,40,0
2026-08-05 23:40:00+00:00,4278.164,4282.091,4276.492,4280.763,791,40,0
2026-08-05 23:45:00+00:00,4280.733,4281.031,4272.272,4274.7,916,40,0
2026-08-05 23:50:00+00:00,4274.691,4277.177,4272.454,4275.64,669,40,0
2026-08-05 23:55:00+00:00,4275.583,4279.911,4274.478,4278.155,635,40,0
2026-08-06 00:00:00+00:00,4278.211,4278.211,4264.818,4268.237,2098,40,0
2026-08-06 00:05:00+00:00,4268.176,4277.274,4266.082,4271.512,1674,40,0
2026-08-06 00:10:00+00:00,4271.513,4273.715,4264.631,4270.678,1887,40,0
2026-08-06 00:15:00+00:00,4270.875,4277.096,4270.875,4274.467,1513,40,0
2026-08-06 00:20:00+00:00,4274.737,4284.205,4273.471,4282.432,2143,40,0
2026-08-06 00:25:00+00:00,4282.485,4284.874,4272.225,4274.223,1551,40,0
2026-08-06 00:30:00+00:00,4274.168,4287.136,4274.03,4286.21,1593,40,0
2026-08-06 00:35:00+00:00,4286.536,4291.352,4282.917,4285.597,1817,50,0
2026-08-06 00:40:00+00:00,4285.667,4289.189,4284.307,4286.437,1347,40,0
2026-08-06 00:45:00+00:00,4286.49,4295.588,4286.49,4287.626,1662,50,0
2026-08-06 00:50:00+00:00,4287.792,4297.137,4286.065,4296.536,1480,50,0
2026-08-06 00:55:00+00:00,4296.589,4300.451,4293.865,4294.839,1619,40,0
2026-08-06 01:00:00+00:00,4294.801,4303.069,4291.263,4293.052,4469,50,0
2026-08-06 01:05:00+00:00,4293.14,4298.631,4286.753,4297.102,2768,40,0
2026-08-06 01:10:00+00:00,4297.161,4298.849,4280.266,4284.819,2952,50,0
2026-08-06 01:15:00+00:00,4284.758,4288.065,4283.035,4283.924,1852,40,0
2026-08-06 01:20:00+00:00,4283.812,4285.347,4272.833,4283.197,2711,40,0
2026-08-06 01:25:00+00:00,4283.526,4285.973,4273.758,4276.236,2359,40,0
2026-08-06 01:30:00+00:00,4276.182,4286.526,4275.679,4284.144,2275,40,0
2026-08-06 01:35:00+00:00,4284.233,4297.483,4281.62,4292.496,2506,40,0
2026-08-06 01:40:00+00:00,4292.634,4293.019,4287.879,4288.017,1806,50,0
2026-08-06 01:45:00+00:00,4287.835,4295.402,4282.917,4293.119,2155,50,0
2026-08-06 01:50:00+00:00,4293.213,4297.664,4287.601,4287.954,2156,40,0
2026-08-06 01:55:00+00:00,4288.009,4288.925,4284.916,4286.809,1313,50,0
2026-08-06 02:00:00+00:00,4286.705,4297.077,4283.525,4296.806,1354,40,0
2026-08-06 02:05:00+00:00,4296.866,4304.309,4296.866,4301.138,1856,50,0
2026-08-06 02:10:00+00:00,4301.359,4302.801,4292.35,4295.313,1387,50,0
2026-08-06 02:15:00+00:00,4295.324,4300.095,4292.723,4294.046,980,50,0
2026-08-06 02:20:00+00:00,4293.99,4295.224,4292.322,4293.819,812,40,0
2026-08-06 02:25:00+00:00,4293.762,4295.228,4291.859,4292.203,824,40,0
2026-08-06 02:30:00+00:00,4292.18,4292.612,4282.241,4286.071,1971,40,0
2026-08-06 02:35:00+00:00,4285.937,4288.576,4284.02,4285.478,1080,40,0
2026-08-06 02:40:00+00:00,4285.285,4286.083,4280.895,4286.083,1030,40,0
2026-08-06 02:45:00+00:00,4285.889,4287.358,4275.18,4276.597,1281,40,0
2026-08-06 02:50:00+00:00,4276.897,4280.689,4276.255,4278.236,1165,40,0
2026-08-06 02:55:00+00:00,4278.157,4280.267,4276.84,4278.652,1053,40,0
2026-08-06 03:00:00+00:00,4278.539,4278.648,4275.416,4276.296,1162,40,0
2026-08-06 03:05:00+00:00,4276.24,4281.13,4276.045,4279.269,1085,40,0
2026-08-06 03:10:00+00:00,4279.053,4280.238,4274.053,4274.18,1091,40,0
2026-08-06 03:15:00+00:00,4274.123,4274.316,4264.281,4267.432,1680,40,0
2026-08-06 03:20:00+00:00,4267.421,4267.685,4263.776,4264.344,1238,40,0
2026-08-06 03:25:00+00:00,4264.426,4266.312,4260.841,4266.264,1522,40,0
2026-08-06 03:30:00+00:00,4266.212,4266.896,4263.134,4266.636,780,40,0
2026-08-06 03:35:00+00:00,4266.866,4266.881,4263.346,4263.781,675,40,0
2026-08-06 03:40:00+00:00,4264.084,4264.719,4261.438,4262.847,736,40,0
2026-08-06 03:45:00+00:00,4262.947,4263.564,4260.179,4263.26,775,40,0
2026-08-06 03:50:00+00:00,4263.102,4264.409,4261.32,4263.909,658,40,0
2026-08-06 03:55:00+00:00,4263.785,4265.928,4262.934,4265.702,590,40,0
2026-08-06 04:00:00+00:00,4265.592,4266.926,4262.154,4265.35,949,40,0
2026-08-06 04:05:00+00:00,4265.403,4267.291,4263.291,4266.059,732,40,0
2026-08-06 04:10:00+00:00,4265.948,4266.874,4262.513,4263.514,588,40,0
2026-08-06 04:15:00+00:00,4263.541,4264.019,4261.541,4261.821,591,40,0
2026-08-06 04:20:00+00:00,4261.829,4263.438,4260.6,4260.767,635,40,0
2026-08-06 04:25:00+00:00,4260.574,4262.33,4252.823,4255.623,947,40,0
2026-08-06 04:30:00+00:00,4255.675,4259.425,4255.461,4258.55,801,40,0
2026-08-06 04:35:00+00:00,4258.388,4261.154,4257.317,4259.516,606,40,0
2026-08-06 04:40:00+00:00,4259.533,4261.257,4257.864,4259.292,606,40,0
2026-08-06 04:45:00+00:00,4259.344,4260.805,4258.706,4260.602,477,40,0
2026-08-06 04:50:00+00:00,4260.301,4263.116,4258.283,4261.737,619,40,0
2026-08-06 04:55:00+00:00,4261.775,4262.911,4260.999,4262.436,415,40,0
2026-08-06 05:00:00+00:00,4262.283,4265.433,4259.542,4260.915,927,40,0
2026-08-06 05:05:00+00:00,4260.862,4261.108,4258.771,4259.836,843,40,0
2026-08-06 05:10:00+00:00,4260.088,4260.603,4256.544,4259.47,877,40,0
2026-08-06 05:15:00+00:00,4259.838,4259.838,4256.114,4256.945,793,40,0
2026-08-06 05:20:00+00:00,4256.755,4257.561,4253.631,4255.473,754,40,0
2026-08-06 05:25:00+00:00,4255.244,4255.692,4253.054,4254.062,665,40,0
2026-08-06 05:30:00+00:00,4253.899,4257.877,4247.069,4257.707,2060,40,0
2026-08-06 05:35:00+00:00,4257.908,4262.227,4256.987,4261.939,1149,40,0
2026-08-06 05:40:00+00:00,4261.981,4266.055,4261.125,4263.322,1069,40,0
2026-08-06 05:45:00+00:00,4263.363,4266.768,4262.31,4262.488,889,40,0
2026-08-06 05:50:00+00:00,4262.433,4268.799,4262.119,4267.066,776,40,0
2026-08-06 05:55:00+00:00,4267.119,4267.953,4264.349,4267.363,669,40,0
2026-08-06 06:00:00+00:00,4267.095,4268.735,4265.463,4267.567,737,40,0
2026-08-06 06:05:00+00:00,4267.361,4268.131,4261.704,4262.977,853,40,0
2026-08-06 06:10:00+00:00,4263.008,4263.083,4256.682,4260.581,1046,40,0
2026-08-06 06:15:00+00:00,4260.328,4261.341,4254.744,4259.942,963,40,0
2026-08-06 06:20:00+00:00,4260.17,4260.17,4255.404,4257.586,900,40,0
2026-08-06 06:25:00+00:00,4257.578,4258.124,4255.614,4257.387,786,40,0
2026-08-06 06:30:00+00:00,4257.712,4258.19,4254.281,4254.937,776,40,0
2026-08-06 06:35:00+00:00,4254.85,4255.919,4252.798,4253.46,693,40,0
2026-08-06 06:40:00+00:00,4253.404,4256.912,4249.468,4256.733,901,40,0
2026-08-06 06:45:00+00:00,4256.948,4258.158,4254.059,4254.909,813,40,0
2026-08-06 06:50:00+00:00,4254.829,4256.094,4251.081,4252.323,873,40,0
2026-08-06 06:55:00+00:00,4252.32,4256.569,4252.073,4256.075,568,40,0
2026-08-06 07:00:00+00:00,4255.989,4256.95,4253.389,4256.44,1004,40,0
2026-08-06 07:05:00+00:00,4256.507,4260.187,4255.723,4259.582,669,40,0
2026-08-06 07:10:00+00:00,4259.732,4263.761,4259.499,4263.12,738,40,0
2026-08-06 07:15:00+00:00,4263.194,4265.489,4261.244,4264.265,679,40,0
2026-08-06 07:20:00+00:00,4264.206,4265.06,4258.298,4262.06,821,40,0
2026-08-06 07:25:00+00:00,4262.072,4263.921,4261.293,4261.672,610,40,0
2026-08-06 07:30:00+00:00,4261.66,4262.105,4259.866,4260.098,481,40,0
2026-08-06 07:35:00+00:00,4260.042,4260.217,4256.487,4256.958,635,40,0
2026-08-06 07:40:00+00:00,4256.743,4258.384,4254.661,4255.012,630,40,0
2026-08-06 07:45:00+00:00,4255.076,4257.441,4252.918,4254.402,750,40,0
2026-08-06 07:50:00+00:00,4254.399,4259.591,4252.518,4259.529,776,40,0
2026-08-06 07:55:00+00:00,4259.679,4262.842,4258.216,4262.669,634,40,0
2026-08-06 08:00:00+00:00,4262.722,4266.009,4260.127,4261.545,1001,40,0
2026-08-06 08:05:00+00:00,4261.602,4265.013,4260.287,4264.569,683,40,0
2026-08-06 08:10:00+00:00,4264.515,4269.617,4264.385,4269.161,812,40,0
2026-08-06 08:15:00+00:00,4268.91,4270.823,4267.604,4269.324,778,40,0
2026-08-06 08:20:00+00:00,4269.338,4269.461,4263.816,4265.603,801,40,0
2026-08-06 08:25:00+00:00,4265.584,4269.431,4263.679,4267.858,734,40,0
2026-08-06 08:30:00+00:00,4267.762,4274.44,4266.561,4273.749,691,40,0
2026-08-06 08:35:00+00:00,4273.744,4275.131,4270.86,4271.61,719,40,0
2026-08-06 08:40:00+00:00,4271.585,4274.164,4270.526,4273.144,755,40,0
2026-08-06 08:45:00+00:00,4273.218,4275.434,4270.411,4273.585,870,40,0
2026-08-06 08:50:00+00:00,4273.524,4277.482,4272.54,4275.016,1502,40,0
2026-08-06 08:55:00+00:00,4275.04,4278.96,4274.256,4278.215,850,40,0
2026-08-06 09:00:00+00:00,4278.411,4283.788,4277.243,4280.533,987,40,0
2026-08-06 09:05:00+00:00,4280.593,4280.771,4275.905,4276.841,1148,40,0
2026-08-06 09:10:00+00:00,4276.528,4280.021,4276.375,4279.795,793,40,0
2026-08-06 09:15:00+00:00,4279.855,4283.337,4279.636,4282.787,795,40,0
2026-08-06 09:20:00+00:00,4282.839,4284.86,4280.459,4283.671,628,40,0
2026-08-06 09:25:00+00:00,4283.536,4283.536,4278.595,4283.24,640,40,0
2026-08-06 09:30:00+00:00,4283.318,4284.329,4277.88,4278.876,963,40,0
2026-08-06 09:35:00+00:00,4278.815,4279.698,4276.126,4278.756,772,40,0
2026-08-06 09:40:00+00:00,4278.815,4279.228,4271.79,4271.897,764,40,0
2026-08-06 09:45:00+00:00,4271.966,4276.203,4271.966,4276.032,571,40,0
2026-08-06 09:50:00+00:00,4275.966,4276.198,4271.206,4271.701,537,40,0
2026-08-06 09:55:00+00:00,4271.701,4273.529,4271.24,4273.043,545,40,0
2026-08-06 10:00:00+00:00,4273.242,4273.907,4270.712,4271.841,663,40,0
2026-08-06 10:05:00+00:00,4271.7,4272.289,4269.361,4270.957,677,40,0
2026-08-06 10:10:00+00:00,4270.705,4271.244,4268.53,4269.505,642,40,0
2026-08-06 10:15:00+00:00,4269.451,4269.753,4267.134,4268.958,627,40,0
2026-08-06 10:20:00+00:00,4269.238,4271.161,4267.999,4271.161,583,40,0
2026-08-06 10:25:00+00:00,4270.844,4271.189,4267.878,4269.258,556,40,0
2026-08-06 10:30:00+00:00,4269.31,4270.049,4266.541,4268.294,662,40,0
2026-08-06 10:35:00+00:00,4267.97,4269.299,4267.261,4268.973,614,40,0
2026-08-06 10:40:00+00:00,4269.024,4269.837,4264.419,4265.556,640,40,0
2026-08-06 10:45:00+00:00,4265.674,4270.443,4264.822,4270.104,586,40,0
2026-08-06 10:50:00+00:00,4270.388,4271.658,4268.828,4270.63,568,40,0
2026-08-06 10:55:00+00:00,4270.577,4271.592,4269.205,4270.912,525,40,0
2026-08-06 11:00:00+00:00,4270.737,4273.532,4267.943,4268.876,936,40,0
2026-08-06 11:05:00+00:00,4268.739,4270.365,4266.635,4267.247,1224,40,0
2026-08-06 11:10:00+00:00,4267.304,4269.301,4266.834,4268.905,712,40,0
2026-08-06 11:15:00+00:00,4268.963,4271.7,4263.987,4266.16,694,40,0
2026-08-06 11:20:00+00:00,4266.214,4266.62,4260.205,4261.747,852,40,0
2026-08-06 11:25:00+00:00,4261.691,4264.288,4260.841,4264.203,609,40,0
2026-08-06 11:30:00+00:00,4264.531,4267.19,4263.229,4264.551,729,40,0
2026-08-06 11:35:00+00:00,4264.497,4266.969,4261.149,4262.118,647,40,0
2026-08-06 11:40:00+00:00,4262.008,4262.547,4259.61,4260.587,627,40,0
2026-08-06 11:45:00+00:00,4260.641,4261.015,4255.496,4256.662,920,40,0
2026-08-06 11:50:00+00:00,4256.649,4258.768,4254.047,4256.816,1035,40,0
2026-08-06 11:55:00+00:00,4256.87,4263.841,4255.423,4263.237,963,40,0
2026-08-06 12:00:00+00:00,4263.179,4265.935,4260.596,4264.001,904,40,0
2026-08-06 12:05:00+00:00,4264.021,4264.067,4257.077,4257.852,994,40,0
2026-08-06 12:10:00+00:00,4257.873,4259.591,4255.484,4256.335,852,40,0
2026-08-06 12:15:00+00:00,4256.398,4257.509,4253.235,4257.104,927,40,0
2026-08-06 12:20:00+00:00,4257.246,4263.205,4256.149,4260.748,1278,40,0
2026-08-06 12:25:00+00:00,4260.829,4261.635,4256.685,4261.635,831,40,0
2026-08-06 12:30:00+00:00,4261.9,4270.261,4258.112,4267.937,938,40,0
2026-08-06 12:35:00+00:00,4267.707,4270.863,4267.116,4270.273,882,40,0
2026-08-06 12:40:00+00:00,4270.215,4270.789,4266.224,4267.23,812,40,0
2026-08-06 12:45:00+00:00,4267.347,4267.884,4254.369,4255.764,1166,40,0
2026-08-06 12:50:00+00:00,4255.685,4256.678,4250.978,4250.978,1546,40,0
2026-08-06 12:55:00+00:00,4251.03,4254.921,4249.069,4250.386,1599,40,0
2026-08-06 13:00:00+00:00,4250.331,4256.043,4249.66,4252.586,2254,40,0
2026-08-06 13:05:00+00:00,4252.543,4253.029,4230.56,4231.947,2660,40,0
2026-08-06 13:10:00+00:00,4232.004,4239.466,4230.594,4238.577,2620,40,0
2026-08-06 13:15:00+00:00,4238.241,4244.309,4235.851,4244.309,1952,40,0
2026-08-06 13:20:00+00:00,4244.247,4248.392,4241.061,4242.89,1446,40,0
2026-08-06 13:25:00+00:00,4242.948,4248.3,4240.124,4247.571,1181,40,0
2026-08-06 13:30:00+00:00,4247.833,4252.44,4245.732,4250.608,3126,40,0
2026-08-06 13:35:00+00:00,4250.66,4265.39,4250.075,4259.029,2705,40,0
2026-08-06 13:40:00+00:00,4258.898,4274.284,4258.574,4270.33,2837,40,0
2026-08-06 13:45:00+00:00,4270.383,4270.545,4262.832,4263.995,2759,40,0
2026-08-06 13:50:00+00:00,4264.048,4268.121,4262.3,4266.325,1909,40,0
2026-08-06 13:55:00+00:00,4266.398,4269.828,4265.483,4267.048,1870,40,0
2026-08-06 14:00:00+00:00,4267.358,4271.866,4265.029,4266.68,2461,40,0
2026-08-06 14:05:00+00:00,4266.63,4271.645,4264.044,4265.145,2336,40,0
2026-08-06 14:10:00+00:00,4265.366,4275.441,4264.99,4268.487,2558,40,0
2026-08-06 14:15:00+00:00,4268.535,4268.719,4260.547,4265.533,2368,40,0
2026-08-06 14:20:00+00:00,4265.84,4267.498,4261.164,4262.483,1565,40,0
2026-08-06 14:25:00+00:00,4262.282,4269.229,4260.092,4265.206,1895,40,0
2026-08-06 14:30:00+00:00,4265.259,4274.761,4265.259,4271.922,2075,40,0
2026-08-06 14:35:00+00:00,4272.158,4274.776,4269.844,4270.296,1760,40,0
2026-08-06 14:40:00+00:00,4270.347,4274.901,4269.917,4273.701,1405,40,0
2026-08-06 14:45:00+00:00,4273.671,4275.464,4265.067,4265.581,1589,40,0
2026-08-06 14:50:00+00:00,4265.646,4271.321,4262.713,4270.948,1619,40,0
2026-08-06 14:55:00+00:00,4271.002,4273.469,4267.406,4272.931,1313,40,0
2026-08-06 15:00:00+00:00,4273.017,4274.636,4268.644,4270.42,1927,40,0
2026-08-06 15:05:00+00:00,4270.369,4271.909,4265.358,4266.504,1667,40,0
2026-08-06 15:10:00+00:00,4266.353,4268.618,4261.962,4263.875,1428,40,0
2026-08-06 15:15:00+00:00,4264.047,4264.138,4256.301,4256.977,1878,40,0
2026-08-06 15:20:00+00:00,4257.034,4258.284,4250.706,4254.882,2195,40,0
2026-08-06 15:25:00+00:00,4254.655,4259.581,4253.509,4255.056,1705,40,0
2026-08-06 15:30:00+00:00,4255.062,4255.857,4249.219,4249.396,1530,40,0
2026-08-06 15:35:00+00:00,4249.452,4253.028,4246.051,4251.914,1655,40,0
2026-08-06 15:40:00+00:00,4252.127,4253.357,4248.139,4251.472,1453,40,0
2026-08-06 15:45:00+00:00,4251.455,4251.697,4247.622,4248.122,1668,40,0
2026-08-06 15:50:00+00:00,4248.015,4250.018,4234.391,4235.083,2409,40,0
2026-08-06 15:55:00+00:00,4235.018,4237.97,4229.034,4233.928,3214,40,0
2026-08-06 16:00:00+00:00,4233.986,4238.547,4232.174,4237.991,3365,40,0
2026-08-06 16:05:00+00:00,4238.114,4243.127,4236.633,4241.734,2182,40,0
2026-08-06 16:10:00+00:00,4241.769,4242.548,4230.683,4233.01,1673,40,0
2026-08-06 16:15:00+00:00,4232.944,4233.168,4224.602,4227.291,2833,40,0
2026-08-06 16:20:00+00:00,4227.243,4228.253,4223.335,4224.684,2183,40,0
2026-08-06 16:25:00+00:00,4224.72,4230.734,4223.247,4230.091,1690,40,0
2026-08-06 16:30:00+00:00,4230.029,4234.003,4230.029,4232.267,1572,40,0
2026-08-06 16:35:00+00:00,4232.328,4236.261,4231.873,4235.102,1295,40,0
2026-08-06 16:40:00+00:00,4235.213,4235.681,4232.081,4233.421,1102,40,0
2026-08-06 16:45:00+00:00,4233.725,4236.767,4231.701,4236.767,970,40,0
2026-08-06 16:50:00+00:00,4236.445,4238.003,4235.194,4237.064,976,40,0
2026-08-06 16:55:00+00:00,4237.071,4242.729,4237.071,4241.573,815,40,0
2026-08-06 17:00:00+00:00,4241.692,4243.543,4239.388,4241.759,920,40,0
2026-08-06 17:05:00+00:00,4241.69,4243.623,4240.527,4242.898,798,40,0
2026-08-06 17:10:00+00:00,4242.949,4244.816,4240.846,4240.977,712,40,0
2026-08-06 17:15:00+00:00,4241.043,4241.959,4239.236,4241.512,708,40,0
2026-08-06 17:20:00+00:00,4241.622,4242.63,4238.481,4240.071,755,40,0
2026-08-06 17:25:00+00:00,4239.914,4242.843,4239.435,4241.625,1086,40,0
2026-08-06 17:30:00+00:00,4241.576,4242.152,4238.951,4240.972,833,40,0
2026-08-06 17:35:00+00:00,4240.773,4243.774,4238.516,4242.31,765,40,0
2026-08-06 17:40:00+00:00,4242.37,4243.379,4241.329,4242.251,637,40,0
2026-08-06 17:45:00+00:00,4242.308,4242.807,4240.337,4242.04,626,40,0
2026-08-06 17:50:00+00:00,4241.801,4248.299,4241.801,4247.039,940,40,0
2026-08-06 17:55:00+00:00,4246.983,4248.387,4245.721,4247.16,724,40,0
2026-08-06 18:00:00+00:00,4247.211,4247.522,4244.04,4245.924,583,40,0
2026-08-06 18:05:00+00:00,4245.873,4249.193,4245.649,4248.272,605,40,0
2026-08-06 18:10:00+00:00,4248.271,4248.947,4246.349,4246.98,553,40,0
2026-08-06 18:15:00+00:00,4247.031,4249.277,4245.939,4247.968,708,40,0
2026-08-06 18:20:00+00:00,4247.853,4249.782,4246.807,4247.966,540,40,0
2026-08-06 18:25:00+00:00,4247.953,4248.403,4246.192,4246.672,502,40,0
2026-08-06 18:30:00+00:00,4246.681,4247.787,4243.432,4243.982,525,40,0
2026-08-06 18:35:00+00:00,4243.999,4244.941,4242.413,4243.57,522,40,0
2026-08-06 18:40:00+00:00,4243.58,4243.995,4240.737,4241.938,546,40,0
2026-08-06 18:45:00+00:00,4241.999,4245.185,4241.575,4244.984,452,40,0
2026-08-06 18:50:00+00:00,4244.747,4245.739,4241.462,4241.796,478,40,0
2026-08-06 18:55:00+00:00,4241.906,4243.723,4240.636,4243.638,442,40,0
2026-08-06 19:00:00+00:00,4243.726,4249.057,4242.9,4248.302,618,40,0
2026-08-06 19:05:00+00:00,4248.353,4249.177,4246.903,4249.008,580,40,0
2026-08-06 19:10:00+00:00,4249.321,4251.449,4247.151,4247.622,605,40,0
2026-08-06 19:15:00+00:00,4247.29,4248.58,4245.225,4245.617,575,40,0
2026-08-06 19:20:00+00:00,4245.757,4247.417,4239.7,4240.114,736,40,0
2026-08-06 19:25:00+00:00,4240.168,4242.034,4235.173,4237.513,1853,40,0
2026-08-06 19:30:00+00:00,4237.607,4238.733,4235.506,4238.158,1103,40,0
2026-08-06 19:35:00+00:00,4238.106,4239.842,4236.006,4236.594,790,40,0
2026-08-06 19:40:00+00:00,4236.646,4237.205,4232.969,4234.642,883,40,0
2026-08-06 19:45:00+00:00,4234.693,4239.287,4234.634,4237.93,707,40,0
2026-08-06 19:50:00+00:00,4237.755,4250.886,4237.538,4246.965,1623,40,0
2026-08-06 19:55:00+00:00,4246.898,4249.152,4243.789,4248.895,1399,40,0
2026-08-06 20:00:00+00:00,4249.015,4250.35,4246.057,4247.194,960,40,0
2026-08-06 20:05:00+00:00,4247.309,4247.749,4245.373,4245.808,437,40,0
2026-08-06 20:10:00+00:00,4245.848,4247.017,4242.849,4244.692,507,40,0
2026-08-06 20:15:00+00:00,4244.827,4245.927,4243.7,4244.393,397,40,0
2026-08-06 20:20:00+00:00,4244.514,4245.066,4242.038,4242.702,563,40,0
2026-08-06 20:25:00+00:00,4242.767,4243.328,4239.805,4242.105,469,40,0
2026-08-06 20:30:00+00:00,4242.106,4242.106,4240.808,4241.401,316,40,0
2026-08-06 20:35:00+00:00,4241.453,4242.675,4239.672,4240.503,421,40,0
2026-08-06 20:40:00+00:00,4240.237,4240.399,4235.204,4235.617,677,40,0
2026-08-06 20:45:00+00:00,4235.617,4239.13,4234.678,4236.703,548,40,0
2026-08-06 20:50:00+00:00,4236.539,4242.086,4235.798,4241.487,658,40,0
2026-08-06 20:55:00+00:00,4241.606,4241.77,4239.99,4240.535,213,40,0
2026-08-06 22:00:00+00:00,4239.912,4240.647,4235.86,4236.547,329,50,0
2026-08-06 22:05:00+00:00,4236.606,4238.592,4236.376,4238.07,243,40,0
2026-08-06 22:10:00+00:00,4237.902,4239.187,4236.862,4239.187,271,40,0
2026-08-06 22:15:00+00:00,4239.08,4241.671,4239.046,4240.937,311,40,0
2026-08-06 22:20:00+00:00,4241.008,4242.912,4239.653,4242.304,348,40,0
2026-08-06 22:25:00+00:00,4241.95,4243.703,4241.247,4242.631,326,40,0
2026-08-06 22:30:00+00:00,4242.481,4243.515,4241.216,4241.578,387,40,0
2026-08-06 22:35:00+00:00,4241.538,4241.925,4239.994,4240.574,253,40,0
2026-08-06 22:40:00+00:00,4240.626,4241.558,4239.059,4239.585,329,40,0
2026-08-06 22:45:00+00:00,4239.569,4242.234,4238.843,4241.632,296,40,0
2026-08-06 22:50:00+00:00,4241.881,4243.125,4241.069,4242.078,300,40,0
2026-08-06 22:55:00+00:00,4242.33,4242.33,4240.688,4240.93,225,40,0
2026-08-06 23:00:00+00:00,4240.879,4243.231,4240.166,4242.418,370,40,0
2026-08-06 23:05:00+00:00,4242.526,4245.75,4242.377,4243.986,387,40,0
2026-08-06 23:10:00+00:00,4244.24,4245.605,4243.738,4245.605,229,40,0
2026-08-06 23:15:00+00:00,4245.433,4246.339,4244.783,4245.906,262,40,0
2026-08-06 23:20:00+00:00,4245.909,4246.297,4245.568,4246.105,206,40,0
2026-08-06 23:25:00+00:00,4246.245,4246.38,4243.153,4245.367,314,40,0
2026-08-06 23:30:00+00:00,4245.108,4248.942,4245.035,4247.177,379,40,0
2026-08-06 23:35:00+00:00,4247.171,4248.004,4246.099,4246.319,270,40,0
2026-08-06 23:40:00+00:00,4246.325,4248.06,4244.831,4246.898,344,40,0
2026-08-06 23:45:00+00:00,4246.909,4249.326,4245.723,4248.819,495,40,0
2026-08-06 23:50:00+00:00,4248.557,4252.271,4248.557,4251.871,610,40,0
2026-08-06 23:55:00+00:00,4251.651,4253.343,4250.456,4252.24,528,40,0
2026-08-07 00:00:00+00:00,4252.494,4252.894,4247.429,4249.555,1294,40,0
2026-08-07 00:05:00+00:00,4249.895,4251.214,4248.892,4249.318,869,40,0
2026-08-07 00:10:00+00:00,4249.188,4249.468,4243.367,4244.708,926,40,0
2026-08-07 00:15:00+00:00,4244.769,4246.43,4241.285,4242.533,1020,40,0
2026-08-07 00:20:00+00:00,4242.229,4245.706,4239.495,4240.01,1067,40,0
2026-08-07 00:25:00+00:00,4239.823,4244.261,4239.084,4244.097,991,40,0
2026-08-07 00:30:00+00:00,4244.156,4244.156,4240.341,4241.517,1113,40,0
2026-08-07 00:35:00+00:00,4241.477,4242.737,4235.42,4235.824,1330,40,0
2026-08-07 00:40:00+00:00,4235.875,4236.084,4230.442,4234.785,1510,40,0
2026-08-07 00:45:00+00:00,4234.839,4237.124,4231.474,4231.474,1208,40,0
2026-08-07 00:50:00+00:00,4231.401,4235.095,4231.084,4234.035,1284,40,0
2026-08-07 00:55:00+00:00,4234.091,4234.331,4229.701,4232.757,1387,40,0
2026-08-07 01:00:00+00:00,4232.644,4243.412,4231.334,4241.838,3116,40,0
2026-08-07 01:05:00+00:00,4241.535,4246.915,4240.042,4242.662,1686,40,0
2026-08-07 01:10:00+00:00,4242.724,4245.231,4240.468,4244.18,1325,40,0
2026-08-07 01:15:00+00:00,4244.235,4246.59,4243.291,4244.591,1261,40,0
2026-08-07 01:20:00+00:00,4244.582,4250.421,4241.023,4241.825,1560,40,0
2026-08-07 01:25:00+00:00,4241.881,4246.079,4240.01,4243.508,1563,40,0
2026-08-07 01:30:00+00:00,4243.237,4245.339,4239.101,4243.046,1683,40,0
2026-08-07 01:35:00+00:00,4243.099,4246.516,4241.774,4246.472,1513,40,0
2026-08-07 01:40:00+00:00,4246.664,4259.004,4245.771,4256.646,2154,40,0
2026-08-07 01:45:00+00:00,4256.708,4258.944,4252.432,4254.152,1524,40,0
2026-08-07 01:50:00+00:00,4254.242,4255.32,4251.811,4254.427,1044,40,0
2026-08-07 01:55:00+00:00,4254.371,4259.565,4254.019,4256.795,1315,40,0
2026-08-07 02:00:00+00:00,4256.746,4261.826,4255.99,4261.221,1269,40,0
2026-08-07 02:05:00+00:00,4261.17,4261.528,4257.95,4258.883,908,40,0
2026-08-07 02:10:00+00:00,4259.226,4259.9,4257.383,4258.701,775,40,0
2026-08-07 02:15:00+00:00,4258.633,4261.268,4257.621,4258.198,593,40,0
2026-08-07 02:20:00+00:00,4258.22,4261.005,4257.483,4260.682,614,40,0
2026-08-07 02:25:00+00:00,4260.621,4261.405,4259.352,4261.06,476,40,0
2026-08-07 02:30:00+00:00,4261.001,4261.864,4256.42,4256.861,1271,40,0
2026-08-07 02:35:00+00:00,4257.171,4257.413,4252.066,4252.867,1260,40,0
2026-08-07 02:40:00+00:00,4252.814,4255.009,4249.802,4249.876,1274,40,0
2026-08-07 02:45:00+00:00,4249.821,4252.414,4247.089,4251.214,1054,40,0
2026-08-07 02:50:00+00:00,4251.275,4255.806,4251.096,4254.798,946,40,0
2026-08-07 02:55:00+00:00,4254.53,4256.174,4249.79,4250.351,1001,40,0
2026-08-07 03:00:00+00:00,4250.298,4259.314,4249.675,4258.611,1114,40,0
2026-08-07 03:05:00+00:00,4258.277,4258.675,4256.085,4256.8,943,40,0
2026-08-07 03:10:00+00:00,4257.05,4257.645,4252.996,4254.67,802,40,0
2026-08-07 03:15:00+00:00,4254.596,4255.773,4252.817,4254.184,953,40,0
2026-08-07 03:20:00+00:00,4254.137,4256.483,4251.796,4254.883,1108,40,0
2026-08-07 03:25:00+00:00,4254.945,4258.93,4254.591,4258.639,1029,40,0
2026-08-07 03:30:00+00:00,4258.523,4261.216,4258.45,4259.243,661,40,0
2026-08-07 03:35:00+00:00,4259.173,4261.004,4257.613,4260.36,677,40,0
2026-08-07 03:40:00+00:00,4260.392,4261.175,4259.701,4260.726,416,40,0
2026-08-07 03:45:00+00:00,4260.629,4261.639,4259.242,4260.718,608,40,0
2026-08-07 03:50:00+00:00,4260.983,4261.123,4259.096,4260.479,437,40,0
2026-08-07 03:55:00+00:00,4260.481,4266.549,4260.148,4266.088,944,40,0
2026-08-07 04:00:00+00:00,4266.024,4269.328,4262.235,4265.029,1094,40,0
2026-08-07 04:05:00+00:00,4264.962,4267.874,4264.471,4266.442,1006,40,0
2026-08-07 04:10:00+00:00,4266.438,4267.804,4263.862,4265.811,803,40,0
2026-08-07 04:15:00+00:00,4265.973,4267.647,4262.278,4262.36,897,40,0
2026-08-07 04:20:00+00:00,4262.386,4268.804,4261.82,4265.756,1101,40,0
2026-08-07 04:25:00+00:00,4265.427,4267.28,4263.856,4265.086,873,40,0
2026-08-07 04:30:00+00:00,4265.147,4268.601,4263.828,4267.868,1342,40,0
2026-08-07 04:35:00+00:00,4267.884,4268.447,4264.069,4264.801,719,40,0
2026-08-07 04:40:00+00:00,4264.744,4266.322,4260.897,4263.838,818,40,0
2026-08-07 04:45:00+00:00,4264.094,4264.687,4262.254,4264.345,459,40,0
2026-08-07 04:50:00+00:00,4264.288,4267.086,4264.251,4266.925,417,40,0
2026-08-07 04:55:00+00:00,4266.92,4267.383,4264.778,4264.824,470,40,0
2026-08-07 05:00:00+00:00,4264.951,4266.746,4263.56,4266.019,874,40,0
2026-08-07 05:05:00+00:00,4265.82,4267.265,4261.787,4267.109,1054,40,0
2026-08-07 05:10:00+00:00,4267.319,4271.315,4266.033,4269.253,1141,40,0
2026-08-07 05:15:00+00:00,4269.558,4270.833,4268.067,4268.705,763,40,0
2026-08-07 05:20:00+00:00,4268.708,4270.688,4265.844,4266.504,1004,40,0
2026-08-07 05:25:00+00:00,4266.688,4268.088,4264.671,4266.473,777,40,0
2026-08-07 05:30:00+00:00,4266.53,4276.78,4265.911,4275.083,2596,40,0
2026-08-07 05:35:00+00:00,4275.136,4277.478,4272.817,4273.68,1647,40,0
2026-08-07 05:40:00+00:00,4273.629,4273.999,4270.612,4271.627,1158,40,0
2026-08-07 05:45:00+00:00,4271.619,4277.057,4271.602,4276.159,1200,40,0
2026-08-07 05:50:00+00:00,4276.104,4279.702,4273.538,4274.712,1462,40,0
2026-08-07 05:55:00+00:00,4274.812,4280.72,4274.812,4278.806,1370,40,0
2026-08-07 06:00:00+00:00,4278.833,4282.967,4278.293,4282.382,912,40,0
2026-08-07 06:05:00+00:00,4282.436,4284.23,4281.248,4282.448,1228,40,0
2026-08-07 06:10:00+00:00,4282.171,4291.832,4281.669,4286.702,1779,40,0
2026-08-07 06:15:00+00:00,4286.639,4290.665,4283.967,4288.309,1791,40,0
2026-08-07 06:20:00+00:00,4287.978,4291.573,4286.806,4287.383,1441,40,0
2026-08-07 06:25:00+00:00,4287.696,4287.83,4283.218,4283.456,1354,40,0
2026-08-07 06:30:00+00:00,4283.26,4287.712,4280.049,4286.235,1472,40,0
2026-08-07 06:35:00+00:00,4286.48,4293.819,4285.962,4292.091,1390,40,0
2026-08-07 06:40:00+00:00,4291.876,4295.369,4291.643,4292.233,1235,40,0
2026-08-07 06:45:00+00:00,4292.177,4294.748,4289.427,4289.482,1198,40,0
2026-08-07 06:50:00+00:00,4289.617,4295.364,4288.647,4293.714,1158,40,0
2026-08-07 06:55:00+00:00,4293.662,4298.922,4293.195,4297.104,1233,40,0
2026-08-07 07:00:00+00:00,4297.324,4298.074,4292.798,4294.775,1090,40,0
2026-08-07 07:05:00+00:00,4294.828,4295.086,4290.419,4291.401,918,40,0
2026-08-07 07:10:00+00:00,4291.433,4293.372,4290.335,4291.422,916,40,0
2026-08-07 07:15:00+00:00,4291.457,4292.636,4289.022,4291.601,887,40,0
2026-08-07 07:20:00+00:00,4291.542,4292.993,4287.745,4288.065,987,40,0
2026-08-07 07:25:00+00:00,4288.035,4288.487,4284.663,4285.651,1032,40,0
2026-08-07 07:30:00+00:00,4285.596,4287.942,4283.913,4287.352,813,40,0
2026-08-07 07:35:00+00:00,4287.546,4288.933,4285.372,4285.555,856,40,0
2026-08-07 07:40:00+00:00,4285.479,4288.319,4284.483,4285.272,954,40,0
2026-08-07 07:45:00+00:00,4285.307,4287.093,4282.853,4285.419,1019,40,0
2026-08-07 07:50:00+00:00,4285.234,4287.211,4284.195,4287.211,706,40,0
2026-08-07 07:55:00+00:00,4286.983,4291.317,4286.683,4290.092,640,40,0
2026-08-07 08:00:00+00:00,4290.147,4293.871,4289.026,4292.658,1075,40,0
2026-08-07 08:05:00+00:00,4292.78,4296.594,4292.636,4294.632,901,40,0
2026-08-07 08:10:00+00:00,4294.569,4300.728,4294.512,4299.791,1017,40,0
2026-08-07 08:15:00+00:00,4300.096,4300.86,4296.907,4298.155,987,40,0
2026-08-07 08:20:00+00:00,4298.22,4298.275,4293.743,4294.49,893,40,0
2026-08-07 08:25:00+00:00,4294.564,4295.887,4293.222,4294.894,776,40,0
2026-08-07 08:30:00+00:00,4295.024,4315.121,4294.013,4314.078,2020,40,0
2026-08-07 08:35:00+00:00,4314.024,4316.904,4301.156,4304.618,2110,50,0
2026-08-07 08:40:00+00:00,4304.434,4310.154,4304.395,4309.286,1162,40,0
2026-08-07 08:45:00+00:00,4309.349,4311.621,4306.682,4307.097,1141,50,0
2026-08-07 08:50:00+00:00,4307.152,4308.051,4303.38,4304.681,1028,40,0
2026-08-07 08:55:00+00:00,4304.46,4308.189,4303.306,4305.971,978,40,0
2026-08-07 09:00:00+00:00,4306.024,4307.54,4304.413,4305.359,921,40,0
2026-08-07 09:05:00+00:00,4305.624,4307.569,4304.553,4306.156,917,50,0
2026-08-07 09:10:00+00:00,4306.168,4307.411,4304.94,4306.285,949,50,0
2026-08-07 09:15:00+00:00,4306.151,4308.293,4304.78,4306.851,880,40,0
2026-08-07 09:20:00+00:00,4306.788,4311.268,4306.153,4310.539,823,40,0
2026-08-07 09:25:00+00:00,4310.51,4310.777,4305.468,4306.697,934,40,0
2026-08-07 09:30:00+00:00,4307.013,4308.317,4302.267,4304.601,1171,50,0
2026-08-07 09:35:00+00:00,4304.396,4309.172,4302.629,4308.727,1060,40,0
2026-08-07 09:40:00+00:00,4308.756,4318.475,4308.756,4317.335,1287,40,0
2026-08-07 09:45:00+00:00,4317.397,4320.879,4315.248,4316.75,1354,50,0
2026-08-07 09:50:00+00:00,4316.706,4320.215,4316.301,4318.111,1068,50,0
2026-08-07 09:55:00+00:00,4318.167,4319.751,4314.522,4315.997,1089,40,0
2026-08-07 10:00:00+00:00,4315.993,4319.558,4314.761,4317.641,912,50,0
2026-08-07 10:05:00+00:00,4317.499,4318.151,4312.222,4312.554,953,50,0
2026-08-07 10:10:00+00:00,4312.64,4314.105,4308.013,4308.221,901,40,0
2026-08-07 10:15:00+00:00,4308.435,4314.169,4308.435,4313.387,921,40,0
2026-08-07 10:20:00+00:00,4313.366,4313.481,4310.739,4312.533,697,40,0
2026-08-07 10:25:00+00:00,4312.819,4314.661,4312.232,4314.009,653,40,0
2026-08-07 10:30:00+00:00,4313.683,4316.973,4313.178,4315.921,637,40,0
2026-08-07 10:35:00+00:00,4315.791,4318.462,4314.252,4317.496,719,40,0
2026-08-07 10:40:00+00:00,4317.237,4318.45,4315.29,4317.051,650,40,0
2026-08-07 10:45:00+00:00,4316.866,4320.142,4316.443,4318.885,790,40,0
2026-08-07 10:50:00+00:00,4318.787,4320.683,4317.078,4317.144,890,40,0
2026-08-07 10:55:00+00:00,4317.089,4318.1,4316.295,4316.829,673,40,0
2026-08-07 11:00:00+00:00,4316.818,4324.508,4316.708,4323.396,1159,40,0
2026-08-07 11:05:00+00:00,4323.381,4326.258,4321.769,4324.703,994,50,0
2026-08-07 11:10:00+00:00,4324.755,4325.475,4319.677,4320.509,1025,50,0
2026-08-07 11:15:00+00:00,4320.451,4321.207,4317.086,4320.741,1278,50,0
2026-08-07 11:20:00+00:00,4320.34,4325.342,4320.19,4323.989,1260,50,0
2026-08-07 11:25:00+00:00,4324.337,4327.635,4324.009,4325.067,1006,50,0
2026-08-07 11:30:00+00:00,4325.125,4327.953,4324.367,4324.367,1035,50,0
2026-08-07 11:35:00+00:00,4324.573,4325.146,4320.848,4323.779,1101,50,0
2026-08-07 11:40:00+00:00,4323.687,4325.805,4322.108,4322.73,1000,40,0
2026-08-07 11:45:00+00:00,4322.83,4325.817,4322.19,4324.056,766,40,0
2026-08-07 11:50:00+00:00,4324.11,4326.935,4320.86,4325.639,899,50,0
2026-08-07 11:55:00+00:00,4325.936,4327.07,4320.787,4321.407,810,40,0
2026-08-07 12:00:00+00:00,4321.396,4325.524,4319.007,4319.733,1209,40,0
2026-08-07 12:05:00+00:00,4319.654,4320.573,4315.571,4319.323,1285,50,0
2026-08-07 12:10:00+00:00,4319.27,4322.869,4314.844,4315.202,1192,40,0
2026-08-07 12:15:00+00:00,4315.149,4317.004,4311.982,4314.288,1573,50,0
2026-08-07 12:20:00+00:00,4314.34,4317.371,4310.627,4310.795,1395,40,0
2026-08-07 12:25:00+00:00,4310.888,4315.762,4301.002,4307.81,2262,40,0
2026-08-07 12:30:00+00:00,4307.668,4364.783,4307.19,4359.997,5350,50,0
2026-08-07 12:35:00+00:00,4359.794,4366.609,4351.944,4364.609,7138,50,0
2026-08-07 12:40:00+00:00,4364.384,4371.016,4361.11,4366.834,4703,50,0
2026-08-07 12:45:00+00:00,4367.176,4371.897,4366.603,4368.895,3596,50,0
2026-08-07 12:50:00+00:00,4368.675,4371.975,4363.301,4364.746,3593,50,0
2026-08-07 12:55:00+00:00,4364.799,4365.709,4355.522,4361.378,2978,50,0
2026-08-07 13:00:00+00:00,4361.432,4364.444,4347.338,4347.343,4637,50,0
2026-08-07 13:05:00+00:00,4347.562,4352.863,4345.947,4350.586,2931,50,0
2026-08-07 13:10:00+00:00,4350.645,4351.216,4346.316,4348.038,2516,50,0
2026-08-07 13:15:00+00:00,4347.975,4349.366,4339.076,4347.31,2386,50,0
2026-08-07 13:20:00+00:00,4347.371,4353.748,4347.149,4350.235,2444,50,0
2026-08-07 13:25:00+00:00,4350.303,4358.059,4348.323,4356.418,2411,50,0
2026-08-07 13:30:00+00:00,4356.475,4359.86,4350.623,4353.567,4372,50,0
2026-08-07 13:35:00+00:00,4353.513,4366.457,4350.365,4364.845,3856,50,0
2026-08-07 13:40:00+00:00,4364.91,4368.191,4358.237,4358.827,2893,50,0
2026-08-07 13:45:00+00:00,4358.765,4360.103,4352.119,4353.851,3241,50,0
2026-08-07 13:50:00+00:00,4353.904,4358.544,4352.327,4354.826,2681,50,0
2026-08-07 13:55:00+00:00,4354.73,4357.254,4342.474,4348.374,3245,50,0
2026-08-07 14:00:00+00:00,4348.366,4349.128,4333.401,4333.487,2879,50,0
2026-08-07 14:05:00+00:00,4333.834,4338.568,4330.564,4337.832,4556,50,0
2026-08-07 14:10:00+00:00,4337.667,4342.071,4327.486,4334.475,3547,50,0
2026-08-07 14:15:00+00:00,4334.537,4346.879,4330.596,4345.926,3243,50,0
2026-08-07 14:20:00+00:00,4345.864,4352.258,4343.531,4351.273,2647,40,0
2026-08-07 14:25:00+00:00,4351.332,4353.141,4347.908,4349.092,2545,50,0
2026-08-07 14:30:00+00:00,4348.878,4350.906,4343.825,4347.905,2596,50,0
2026-08-07 14:35:00+00:00,4347.853,4349.716,4342.807,4343.661,2357,50,0
2026-08-07 14:40:00+00:00,4343.651,4350.487,4342.267,4344.398,2242,50,0
2026-08-07 14:45:00+00:00,4344.457,4347.07,4340.3,4343.072,1905,40,0
2026-08-07 14:50:00+00:00,4343.128,4349.099,4343.073,4345.338,1943,50,0
2026-08-07 14:55:00+00:00,4345.005,4346.604,4340.368,4341.783,1899,50,0
2026-08-07 15:00:00+00:00,4341.723,4348.918,4340.079,4345.259,2692,50,0
2026-08-07 15:05:00+00:00,4345.007,4353.699,4344.727,4348.708,1787,50,0
2026-08-07 15:10:00+00:00,4348.65,4355.985,4346.417,4355.421,1854,50,0
2026-08-07 15:15:00+00:00,4355.483,4357.162,4352.27,4354.782,1724,50,0
2026-08-07 15:20:00+00:00,4354.522,4358.542,4354.334,4357.196,1407,50,0
2026-08-07 15:25:00+00:00,4357.054,4358.287,4351.008,4351.569,1437,50,0
2026-08-07 15:30:00+00:00,4351.626,4353.39,4347.084,4349.641,2227,50,0
2026-08-07 15:35:00+00:00,4349.596,4354.161,4348.8,4352.435,1291,50,0
2026-08-07 15:40:00+00:00,4352.391,4353.397,4348.93,4349.757,1200,50,0
2026-08-07 15:45:00+00:00,4349.893,4352.053,4348.782,4349.413,1039,50,0
2026-08-07 15:50:00+00:00,4349.45,4350.428,4339.755,4342.927,1647,50,0
2026-08-07 15:55:00+00:00,4343.146,4345.208,4340.467,4341.13,1499,40,0
2026-08-07 16:00:00+00:00,4341.267,4343.716,4338.449,4343.161,1692,40,0
2026-08-07 16:05:00+00:00,4343.002,4349.68,4343.002,4347.104,1085,50,0
2026-08-07 16:10:00+00:00,4347.17,4348.272,4343.758,4347.665,1051,50,0
2026-08-07 16:15:00+00:00,4347.734,4348.355,4342.258,4342.258,1039,50,0
2026-08-07 16:20:00+00:00,4342.089,4349.901,4337.759,4338.206,2190,50,0
2026-08-07 16:25:00+00:00,4338.334,4338.596,4334.416,4337.518,1915,40,0
2026-08-07 16:30:00+00:00,4337.454,4339.396,4332.637,4339.396,1913,50,0
2026-08-07 16:35:00+00:00,4339.453,4342.247,4336.37,4340.247,1493,50,0
2026-08-07 16:40:00+00:00,4340.185,4341.067,4336.941,4338.676,1011,40,0
2026-08-07 16:45:00+00:00,4338.939,4342.458,4335.744,4338.914,1569,50,0
2026-08-07 16:50:00+00:00,4338.786,4338.966,4332.518,4333.924,1290,40,0
2026-08-07 16:55:00+00:00,4334.059,4334.637,4329.143,4329.143,1170,40,0
2026-08-07 17:00:00+00:00,4329.321,4335.67,4327.819,4335.236,1121,40,0
2026-08-07 17:05:00+00:00,4334.915,4338.496,4334.732,4335.783,963,40,0
2026-08-07 17:10:00+00:00,4335.547,4337.87,4334.988,4335.584,822,40,0
2026-08-07 17:15:00+00:00,4335.516,4336.594,4333.69,4335.148,740,40,0
2026-08-07 17:20:00+00:00,4335.21,4339.705,4334.151,4338.618,939,50,0
2026-08-07 17:25:00+00:00,4338.679,4342.199,4337.088,4339.867,1232,40,0
2026-08-07 17:30:00+00:00,4339.811,4340.201,4334.26,4336.908,1489,50,0
2026-08-07 17:35:00+00:00,4336.717,4336.928,4329.674,4335.056,1054,40,0
2026-08-07 17:40:00+00:00,4334.842,4338.486,4334.79,4336.109,853,40,0
2026-08-07 17:45:00+00:00,4336.319,4337.771,4334.929,4336.699,732,40,0
2026-08-07 17:50:00+00:00,4336.757,4341.667,4336.757,4341.109,708,40,0
2026-08-07 17:55:00+00:00,4341.114,4343.293,4339.878,4340.414,650,50,0
2026-08-07 18:00:00+00:00,4340.454,4341.328,4339.074,4340.039,702,40,0
2026-08-07 18:05:00+00:00,4340.015,4343.227,4339.802,4341.803,723,40,0
2026-08-07 18:10:00+00:00,4341.795,4342.84,4334.859,4335.142,722,40,0
2026-08-07 18:15:00+00:00,4335.155,4338.147,4334.914,4335.733,688,40,0
2026-08-07 18:20:00+00:00,4335.756,4336.097,4332.068,4333.815,774,40,0
2026-08-07 18:25:00+00:00,4333.795,4335.863,4332.269,4334.605,847,40,0
2026-08-07 18:30:00+00:00,4334.445,4338.113,4333.783,4337.039,718,40,0
2026-08-07 18:35:00+00:00,4337.04,4339.229,4336.799,4337.058,610,40,0
2026-08-07 18:40:00+00:00,4337.056,4337.688,4333.406,4334.535,597,40,0
2026-08-07 18:45:00+00:00,4334.526,4337.759,4334.068,4336.641,585,40,0
2026-08-07 18:50:00+00:00,4336.765,4337.845,4334.023,4335.542,545,40,0
2026-08-07 18:55:00+00:00,4335.617,4335.849,4333.387,4335.51,554,40,0
2026-08-07 19:00:00+00:00,4335.577,4344.756,4335.414,4340.431,1827,50,0
2026-08-07 19:05:00+00:00,4340.259,4345.22,4340.007,4344.745,953,40,0
2026-08-07 19:10:00+00:00,4344.619,4346.025,4343.259,4343.747,953,40,0
2026-08-07 19:15:00+00:00,4343.799,4350.271,4342.892,4347.125,1151,50,0
2026-08-07 19:20:00+00:00,4347.0,4350.422,4346.867,4348.92,1157,50,0
2026-08-07 19:25:00+00:00,4348.855,4349.258,4346.968,4348.745,947,40,0
2026-08-07 19:30:00+00:00,4348.533,4349.06,4345.218,4345.961,1076,40,0
2026-08-07 19:35:00+00:00,4345.633,4347.382,4344.439,4346.325,837,50,0
2026-08-07 19:40:00+00:00,4346.38,4348.407,4344.746,4347.788,720,50,0
2026-08-07 19:45:00+00:00,4347.817,4349.588,4347.119,4347.504,711,40,0
2026-08-07 19:50:00+00:00,4347.407,4349.563,4342.224,4343.354,861,50,0
2026-08-07 19:55:00+00:00,4343.297,4345.821,4340.152,4344.192,1395,40,0
2026-08-07 20:00:00+00:00,4344.128,4345.428,4342.746,4343.811,699,50,0
2026-08-07 20:05:00+00:00,4343.782,4344.641,4341.647,4341.749,438,50,0
2026-08-07 20:10:00+00:00,4341.683,4342.83,4338.182,4342.646,595,50,0
2026-08-07 20:15:00+00:00,4342.674,4343.216,4339.512,4339.944,469,50,0
2026-08-07 20:20:00+00:00,4339.784,4340.207,4338.804,4339.336,322,50,0
2026-08-07 20:25:00+00:00,4339.359,4340.318,4337.079,4338.043,549,50,0
2026-08-07 20:30:00+00:00,4338.039,4338.039,4335.98,4337.723,431,50,0
2026-08-07 20:35:00+00:00,4337.794,4341.481,4337.518,4341.146,508,50,0
2026-08-07 20:40:00+00:00,4341.086,4342.504,4340.295,4341.493,373,50,0
2026-08-07 20:45:00+00:00,4341.44,4341.921,4339.11,4340.088,464,50,0
2026-08-07 20:50:00+00:00,4339.744,4341.481,4339.72,4341.4,540,50,0
2026-08-07 20:55:00+00:00,4341.393,4342.681,4340.043,4342.307,837,50,0
2026-08-09 22:00:00+00:00,4347.907,4348.945,4332.85,4340.415,1138,50,0
2026-08-09 22:05:00+00:00,4340.49,4340.49,4334.836,4339.275,868,50,0
2026-08-09 22:10:00+00:00,4339.341,4346.186,4338.665,4343.656,837,50,0
2026-08-09 22:15:00+00:00,4343.662,4345.035,4339.778,4340.134,634,40,0
2026-08-09 22:20:00+00:00,4340.194,4340.964,4338.406,4339.457,491,50,0
2026-08-09 22:25:00+00:00,4339.203,4344.143,4339.203,4343.638,583,50,0
2026-08-09 22:30:00+00:00,4343.974,4345.284,4340.849,4342.49,534,40,0
2026-08-09 22:35:00+00:00,4342.769,4343.185,4340.147,4341.571,428,40,0
2026-08-09 22:40:00+00:00,4341.572,4342.756,4340.376,4340.656,367,40,0
2026-08-09 22:45:00+00:00,4340.582,4344.387,4340.36,4343.754,413,40,0
2026-08-09 22:50:00+00:00,4343.499,4344.071,4341.982,4342.657,340,40,0
2026-08-09 22:55:00+00:00,4342.949,4342.949,4341.337,4341.801,285,40,0
2026-08-09 23:00:00+00:00,4341.783,4347.782,4341.245,4347.13,523,50,0
2026-08-09 23:05:00+00:00,4347.057,4347.553,4345.007,4346.13,521,40,0
2026-08-09 23:10:00+00:00,4346.392,4347.724,4345.568,4346.728,333,50,0
2026-08-09 23:15:00+00:00,4346.732,4347.448,4344.107,4345.979,364,50,0
2026-08-09 23:20:00+00:00,4346.151,4349.171,4345.38,4348.461,379,40,0
2026-08-09 23:25:00+00:00,4348.184,4349.258,4346.041,4346.393,381,50,0
2026-08-09 23:30:00+00:00,4346.383,4347.68,4340.432,4341.85,541,50,0
2026-08-09 23:35:00+00:00,4341.898,4343.109,4339.997,4342.752,468,40,0
2026-08-09 23:40:00+00:00,4342.69,4343.152,4341.322,4342.295,333,40,0
2026-08-09 23:45:00+00:00,4342.474,4343.51,4341.266,4341.937,452,40,0
2026-08-09 23:50:00+00:00,4342.189,4343.019,4340.248,4340.489,426,40,0
2026-08-09 23:55:00+00:00,4340.496,4340.916,4331.996,4332.7,810,40,0
2026-08-10 00:00:00+00:00,4332.637,4341.08,4332.466,4340.51,2057,40,0
2026-08-10 00:05:00+00:00,4340.568,4343.705,4339.598,4341.604,1590,50,0
2026-08-10 00:10:00+00:00,4341.673,4347.212,4339.854,4344.669,1679,50,0
2026-08-10 00:15:00+00:00,4344.729,4345.803,4339.216,4343.866,1741,50,0
2026-08-10 00:20:00+00:00,4343.809,4344.109,4339.284,4340.308,1229,50,0
2026-08-10 00:25:00+00:00,4340.249,4340.664,4337.221,4337.792,1202,50,0
2026-08-10 00:30:00+00:00,4337.794,4339.573,4335.406,4336.427,1305,50,0
2026-08-10 00:35:00+00:00,4336.488,4337.529,4333.755,4336.934,1238,50,0
2026-08-10 00:40:00+00:00,4336.811,4338.509,4333.651,4334.774,1078,50,0
2026-08-10 00:45:00+00:00,4334.653,4336.417,4333.517,4335.762,1041,50,0
2026-08-10 00:50:00+00:00,4336.089,4337.692,4333.552,4334.141,1240,50,0
2026-08-10 00:55:00+00:00,4334.201,4335.033,4330.716,4332.324,1213,50,0
2026-08-10 01:00:00+00:00,4332.378,4340.949,4327.039,4327.175,5003,50,0
2026-08-10 01:05:00+00:00,4327.265,4328.583,4322.561,4324.017,3569,50,0
2026-08-10 01:10:00+00:00,4324.074,4325.609,4322.104,4323.344,2126,50,0
2026-08-10 01:15:00+00:00,4323.398,4326.46,4321.838,4324.475,1833,50,0
2026-08-10 01:20:00+00:00,4324.598,4328.416,4321.469,4327.99,1630,50,0
2026-08-10 01:25:00+00:00,4327.883,4328.257,4316.229,4316.293,1341,50,0
2026-08-10 01:30:00+00:00,4316.511,4321.127,4313.973,4319.937,1839,50,0
2026-08-10 01:35:00+00:00,4319.998,4320.023,4315.698,4316.877,1738,50,0
2026-08-10 01:40:00+00:00,4316.811,4318.15,4313.221,4317.244,1857,50,0
2026-08-10 01:45:00+00:00,4317.44,4321.531,4316.058,4320.564,1435,50,0
2026-08-10 01:50:00+00:00,4320.502,4323.335,4318.906,4320.064,1463,50,0
2026-08-10 01:55:00+00:00,4320.195,4324.494,4317.671,4322.561,1160,50,0
2026-08-10 02:00:00+00:00,4322.779,4323.499,4320.015,4321.574,1388,50,0
2026-08-10 02:05:00+00:00,4321.723,4324.503,4318.708,4323.189,1454,50,0
2026-08-10 02:10:00+00:00,4323.173,4325.914,4321.3,4324.659,1028,50,0
2026-08-10 02:15:00+00:00,4324.489,4326.25,4323.549,4324.923,893,50,0
2026-08-10 02:20:00+00:00,4324.848,4328.149,4324.207,4327.12,1018,50,0
2026-08-10 02:25:00+00:00,4327.122,4332.348,4326.421,4330.84,732,50,0
2026-08-10 02:30:00+00:00,4330.772,4332.639,4324.749,4328.123,1654,50,0
2026-08-10 02:35:00+00:00,4328.178,4329.968,4324.813,4325.706,1337,50,0
2026-08-10 02:40:00+00:00,4325.803,4330.027,4323.156,4326.35,1341,50,0
2026-08-10 02:45:00+00:00,4326.409,4327.379,4321.248,4323.337,1346,50,0
2026-08-10 02:50:00+00:00,4323.394,4324.75,4319.256,4320.027,1008,50,0
2026-08-10 02:55:00+00:00,4320.144,4322.506,4318.685,4319.587,875,40,0
2026-08-10 03:00:00+00:00,4319.808,4321.45,4318.007,4319.124,938,50,0
2026-08-10 03:05:00+00:00,4319.346,4319.909,4317.565,4317.855,859,50,0
2026-08-10 03:10:00+00:00,4318.075,4320.54,4317.753,4320.028,786,50,0
2026-08-10 03:15:00+00:00,4319.908,4324.556,4319.661,4324.222,1004,50,0
2026-08-10 03:20:00+00:00,4324.168,4327.001,4323.382,4323.824,868,40,0
2026-08-10 03:25:00+00:00,4323.718,4328.417,4323.718,4327.1,896,40,0
2026-08-10 03:30:00+00:00,4327.152,4328.445,4325.759,4328.031,763,50,0
2026-08-10 03:35:00+00:00,4328.016,4330.177,4325.775,4326.116,838,50,0
2026-08-10 03:40:00+00:00,4326.407,4326.847,4324.646,4325.336,527,50,0
2026-08-10 03:45:00+00:00,4325.025,4327.518,4324.271,4326.938,570,50,0
2026-08-10 03:50:00+00:00,4326.944,4327.939,4326.284,4327.047,496,50,0
2026-08-10 03:55:00+00:00,4326.992,4327.901,4326.107,4326.507,484,50,0
2026-08-10 04:00:00+00:00,4326.808,4328.412,4322.914,4325.743,674,50,0
2026-08-10 04:05:00+00:00,4325.686,4327.815,4323.679,4327.815,816,50,0
2026-08-10 04:10:00+00:00,4327.868,4332.949,4327.707,4332.555,868,50,0
2026-08-10 04:15:00+00:00,4332.219,4334.112,4330.934,4333.852,846,50,0
2026-08-10 04:20:00+00:00,4333.591,4337.485,4333.195,4336.799,684,50,0
2026-08-10 04:25:00+00:00,4336.853,4337.741,4334.086,4334.859,612,50,0
2026-08-10 04:30:00+00:00,4334.804,4336.295,4333.246,4334.735,646,50,0
2026-08-10 04:35:00+00:00,4334.678,4336.295,4333.534,4333.92,518,50,0
2026-08-10 04:40:00+00:00,4333.768,4334.091,4329.739,4332.138,783,50,0
2026-08-10 04:45:00+00:00,4332.19,4335.78,4331.777,4333.771,793,50,0
2026-08-10 04:50:00+00:00,4334.106,4337.478,4333.292,4335.911,575,50,0
2026-08-10 04:55:00+00:00,4336.167,4339.64,4335.585,4339.475,713,50,0
2026-08-10 05:00:00+00:00,4339.422,4339.905,4334.9,4337.065,749,50,0
2026-08-10 05:05:00+00:00,4337.302,4339.224,4336.141,4336.346,532,50,0
2026-08-10 05:10:00+00:00,4336.344,4336.666,4333.671,4335.23,645,50,0
2026-08-10 05:15:00+00:00,4335.31,4336.469,4332.918,4333.357,532,50,0
2026-08-10 05:20:00+00:00,4333.234,4336.469,4333.234,4335.016,463,40,0
2026-08-10 05:25:00+00:00,4335.062,4335.263,4333.329,4334.034,510,50,0
2026-08-10 05:30:00+00:00,4333.919,4341.127,4331.546,4340.478,2230,50,0
2026-08-10 05:35:00+00:00,4340.328,4342.144,4338.521,4341.242,1730,50,0
2026-08-10 05:40:00+00:00,4341.27,4344.539,4338.65,4343.336,1408,50,0
2026-08-10 05:45:00+00:00,4343.406,4347.32,4340.853,4345.585,1262,50,0
2026-08-10 05:50:00+00:00,4345.916,4352.365,4345.158,4348.69,1449,50,0
2026-08-10 05:55:00+00:00,4348.829,4349.656,4345.327,4347.542,1143,50,0
2026-08-10 06:00:00+00:00,4347.486,4347.776,4341.943,4342.906,1577,50,0
2026-08-10 06:05:00+00:00,4342.833,4346.72,4342.026,4346.111,980,50,0
2026-08-10 06:10:00+00:00,4346.046,4350.135,4345.921,4347.461,998,50,0
2026-08-10 06:15:00+00:00,4347.594,4350.024,4342.608,4343.296,1187,50,0
2026-08-10 06:20:00+00:00,4343.415,4345.478,4342.57,4345.426,914,50,0
2026-08-10 06:25:00+00:00,4345.357,4348.483,4344.001,4348.43,712,50,0
2026-08-10 06:30:00+00:00,4348.368,4349.533,4346.502,4347.775,764,50,0
2026-08-10 06:35:00+00:00,4347.67,4349.968,4345.982,4348.849,862,50,0
2026-08-10 06:40:00+00:00,4348.751,4356.061,4347.204,4355.101,1115,50,0
2026-08-10 06:45:00+00:00,4355.456,4358.525,4354.962,4356.801,1057,50,0
2026-08-10 06:50:00+00:00,4356.807,4357.785,4355.519,4357.447,847,50,0
2026-08-10 06:55:00+00:00,4357.392,4360.045,4356.551,4358.106,819,50,0
2026-08-10 07:00:00+00:00,4357.985,4358.985,4353.558,4354.57,1086,50,0
2026-08-10 07:05:00+00:00,4354.491,4357.242,4354.03,4354.05,781,50,0
2026-08-10 07:10:00+00:00,4353.996,4354.772,4350.221,4351.203,950,50,0
2026-08-10 07:15:00+00:00,4351.112,4357.071,4350.585,4354.849,885,50,0
2026-08-10 07:20:00+00:00,4354.789,4359.033,4352.216,4358.188,821,50,0
2026-08-10 07:25:00+00:00,4358.238,4358.969,4352.388,4355.059,906,50,0
2026-08-10 07:30:00+00:00,4355.148,4355.399,4352.695,4353.589,782,50,0
2026-08-10 07:35:00+00:00,4353.528,4360.282,4352.965,4358.75,1055,50,0
2026-08-10 07:40:00+00:00,4358.677,4360.032,4356.449,4359.341,814,50,0
2026-08-10 07:45:00+00:00,4359.289,4362.269,4357.123,4357.191,1319,50,0
2026-08-10 07:50:00+00:00,4357.408,4358.672,4355.158,4355.721,714,50,0
2026-08-10 07:55:00+00:00,4355.602,4356.46,4354.867,4355.656,659,40,0
2026-08-10 08:00:00+00:00,4355.601,4356.475,4354.008,4355.727,873,50,0
2026-08-10 08:05:00+00:00,4355.673,4356.073,4351.628,4352.652,821,50,0
2026-08-10 08:10:00+00:00,4352.607,4354.655,4352.005,4354.432,595,50,0
2026-08-10 08:15:00+00:00,4354.569,4355.776,4353.379,4355.011,664,40,0
2026-08-10 08:20:00+00:00,4355.236,4355.341,4352.593,4353.019,549,50,0
2026-08-10 08:25:00+00:00,4353.146,4356.244,4352.257,4355.655,653,50,0
2026-08-10 08:30:00+00:00,4355.511,4356.775,4348.94,4350.667,947,50,0
2026-08-10 08:35:00+00:00,4350.669,4351.698,4348.214,4348.514,639,50,0
2026-08-10 08:40:00+00:00,4348.566,4350.143,4345.819,4346.448,669,50,0
2026-08-10 08:45:00+00:00,4346.57,4349.235,4345.71,4346.502,776,50,0
2026-08-10 08:50:00+00:00,4346.444,4348.404,4344.907,4346.422,874,50,0
2026-08-10 08:55:00+00:00,4346.498,4348.516,4343.799,4346.503,906,50,0
2026-08-10 09:00:00+00:00,4346.848,4348.807,4345.545,4348.267,758,50,0
2026-08-10 09:05:00+00:00,4348.488,4349.168,4345.799,4347.796,967,50,0
2026-08-10 09:10:00+00:00,4347.786,4350.121,4347.08,4349.641,878,40,0
2026-08-10 09:15:00+00:00,4349.694,4349.73,4346.026,4347.36,651,50,0
2026-08-10 09:20:00+00:00,4347.302,4348.624,4346.859,4348.12,503,50,0
2026-08-10 09:25:00+00:00,4348.047,4349.047,4344.789,4347.201,669,50,0
2026-08-10 09:30:00+00:00,4347.139,4347.139,4341.845,4344.181,1177,50,0
2026-08-10 09:35:00+00:00,4344.175,4344.412,4340.366,4342.184,861,40,0
2026-08-10 09:40:00+00:00,4342.243,4344.624,4341.893,4344.096,566,40,0
2026-08-10 09:45:00+00:00,4344.314,4345.643,4341.825,4342.664,629,50,0
2026-08-10 09:50:00+00:00,4342.612,4342.95,4340.889,4342.366,538,50,0
2026-08-10 09:55:00+00:00,4342.388,4343.623,4341.276,4341.276,523,40,0
2026-08-10 10:00:00+00:00,4341.075,4341.572,4339.113,4340.64,841,50,0
2026-08-10 10:05:00+00:00,4340.648,4341.736,4340.032,4340.53,652,40,0
2026-08-10 10:10:00+00:00,4340.477,4341.165,4339.485,4340.748,639,50,0
2026-08-10 10:15:00+00:00,4340.627,4341.824,4339.581,4341.461,591,50,0
2026-08-10 10:20:00+00:00,4341.748,4344.299,4341.047,4343.455,638,40,0
2026-08-10 10:25:00+00:00,4343.206,4343.67,4341.843,4343.622,479,50,0
2026-08-10 10:30:00+00:00,4343.556,4344.283,4340.652,4342.341,633,50,0
2026-08-10 10:35:00+00:00,4342.067,4342.539,4338.279,4339.515,711,50,0
2026-08-10 10:40:00+00:00,4339.84,4340.205,4337.823,4338.112,634,50,0
2026-08-10 10:45:00+00:00,4338.032,4339.724,4337.564,4338.36,517,40,0
2026-08-10 10:50:00+00:00,4338.179,4340.764,4337.733,4338.516,683,50,0
2026-08-10 10:55:00+00:00,4338.3,4339.626,4335.48,4335.989,704,50,0
2026-08-10 11:00:00+00:00,4336.044,4337.017,4334.429,4334.623,793,40,0
2026-08-10 11:05:00+00:00,4334.837,4335.739,4333.309,4334.276,710,40,0
2026-08-10 11:10:00+00:00,4334.276,4334.368,4329.838,4331.568,920,40,0
2026-08-10 11:15:00+00:00,4331.787,4331.787,4328.859,4329.743,705,40,0
2026-08-10 11:20:00+00:00,4329.885,4333.972,4328.903,4333.445,672,50,0
2026-08-10 11:25:00+00:00,4333.453,4336.384,4333.111,4334.622,599,40,0
2026-08-10 11:30:00+00:00,4334.689,4339.208,4334.538,4337.584,684,40,0
2026-08-10 11:35:00+00:00,4337.564,4339.501,4335.476,4338.998,700,50,0
2026-08-10 11:40:00+00:00,4338.933,4339.52,4336.352,4337.469,612,40,0
2026-08-10 11:45:00+00:00,4337.524,4337.973,4331.998,4333.042,667,40,0
2026-08-10 11:50:00+00:00,4333.028,4336.24,4332.193,4335.288,660,40,0
2026-08-10 11:55:00+00:00,4335.341,4336.376,4333.524,4335.01,666,40,0
2026-08-10 12:00:00+00:00,4334.952,4334.999,4332.4,4333.769,879,50,0
2026-08-10 12:05:00+00:00,4333.737,4337.746,4332.002,4335.067,1193,50,0
2026-08-10 12:10:00+00:00,4335.121,4335.708,4331.113,4331.754,790,50,0
2026-08-10 12:15:00+00:00,4332.08,4332.647,4328.356,4329.014,801,40,0
2026-08-10 12:20:00+00:00,4328.938,4331.401,4326.277,4327.511,1093,40,0
2026-08-10 12:25:00+00:00,4327.59,4328.201,4324.12,4327.635,1073,40,0
2026-08-10 12:30:00+00:00,4327.878,4331.309,4326.416,4327.859,1155,40,0
2026-08-10 12:35:00+00:00,4327.791,4332.594,4326.428,4331.063,1074,40,0
2026-08-10 12:40:00+00:00,4331.12,4332.658,4328.858,4329.228,1038,50,0
2026-08-10 12:45:00+00:00,4329.208,4333.285,4328.917,4332.038,796,40,0
2026-08-10 12:50:00+00:00,4331.706,4333.047,4329.767,4331.897,748,40,0
2026-08-10 12:55:00+00:00,4331.626,4335.649,4330.358,4332.671,970,50,0
2026-08-10 13:00:00+00:00,4332.606,4334.757,4325.912,4329.369,2189,40,0
2026-08-10 13:05:00+00:00,4329.035,4334.709,4328.172,4334.428,1337,50,0
2026-08-10 13:10:00+00:00,4334.356,4337.92,4333.626,4337.15,1322,50,0
2026-08-10 13:15:00+00:00,4337.143,4337.808,4334.363,4335.07,919,40,0
2026-08-10 13:20:00+00:00,4335.123,4336.776,4329.121,4330.694,1214,50,0
2026-08-10 13:25:00+00:00,4330.915,4335.382,4330.217,4335.102,1084,40,0
2026-08-10 13:30:00+00:00,4334.984,4338.765,4332.07,4337.127,2797,50,0
2026-08-10 13:35:00+00:00,4337.067,4340.059,4336.232,4338.037,2308,50,0
2026-08-10 13:40:00+00:00,4338.162,4338.648,4329.85,4331.117,1878,40,0
2026-08-10 13:45:00+00:00,4331.193,4332.153,4324.884,4327.747,2430,40,0
2026-08-10 13:50:00+00:00,4327.695,4328.542,4321.167,4323.297,2104,40,0
2026-08-10 13:55:00+00:00,4323.246,4324.898,4316.638,4318.277,1857,40,0
2026-08-10 14:00:00+00:00,4318.182,4325.502,4318.058,4323.604,1663,40,0
2026-08-10 14:05:00+00:00,4323.639,4326.528,4321.788,4324.362,1501,40,0
2026-08-10 14:10:00+00:00,4324.647,4331.282,4324.647,4330.048,1115,40,0
2026-08-10 14:15:00+00:00,4330.101,4336.483,4328.488,4333.93,1735,40,0
2026-08-10 14:20:00+00:00,4333.986,4340.377,4332.443,4338.373,1774,50,0
2026-08-10 14:25:00+00:00,4338.425,4348.344,4338.292,4345.65,2164,50,0
2026-08-10 14:30:00+00:00,4345.707,4352.227,4345.329,4347.557,2027,50,0
2026-08-10 14:35:00+00:00,4347.612,4349.298,4344.867,4346.745,1378,50,0
2026-08-10 14:40:00+00:00,4346.807,4350.215,4346.046,4349.49,1291,50,0
2026-08-10 14:45:00+00:00,4349.491,4350.798,4346.129,4347.48,1393,50,0
2026-08-10 14:50:00+00:00,4347.421,4347.605,4342.732,4343.221,1252,50,0
2026-08-10 14:55:00+00:00,4343.274,4345.797,4342.784,4345.444,1139,40,0
2026-08-10 15:00:00+00:00,4345.802,4349.537,4343.545,4347.637,1438,40,0
2026-08-10 15:05:00+00:00,4347.307,4352.388,4343.194,4345.108,1707,50,0
2026-08-10 15:10:00+00:00,4345.188,4347.842,4343.511,4346.974,1073,50,0
2026-08-10 15:15:00+00:00,4346.854,4352.041,4345.923,4349.388,1294,50,0
2026-08-10 15:20:00+00:00,4349.514,4352.407,4348.988,4349.521,903,40,0
2026-08-10 15:25:00+00:00,4349.301,4351.305,4347.329,4349.476,904,50,0
2026-08-10 15:30:00+00:00,4349.537,4351.527,4347.84,4348.313,1219,50,0
2026-08-10 15:35:00+00:00,4348.07,4352.222,4348.07,4350.285,1160,50,0
2026-08-10 15:40:00+00:00,4350.277,4351.556,4349.422,4350.535,832,50,0
2026-08-10 15:45:00+00:00,4350.414,4353.353,4348.613,4352.096,1165,50,0
2026-08-10 15:50:00+00:00,4352.037,4357.463,4352.037,4357.014,1216,50,0
2026-08-10 15:55:00+00:00,4357.128,4359.756,4356.351,4358.351,906,40,0
2026-08-10 16:00:00+00:00,4358.41,4364.356,4357.87,4358.269,1518,50,0
2026-08-10 16:05:00+00:00,4358.387,4363.518,4356.924,4363.303,1029,50,0
2026-08-10 16:10:00+00:00,4363.26,4364.997,4361.164,4361.595,932,50,0
2026-08-10 16:15:00+00:00,4361.653,4363.398,4360.938,4361.366,708,40,0
2026-08-10 16:20:00+00:00,4361.639,4364.342,4361.313,4363.169,773,50,0
2026-08-10 16:25:00+00:00,4363.349,4364.814,4361.558,4362.971,754,40,0
2026-08-10 16:30:00+00:00,4363.049,4363.21,4349.142,4356.438,2755,50,0
2026-08-10 16:35:00+00:00,4356.527,4359.133,4354.623,4355.196,921,50,0
2026-08-10 16:40:00+00:00,4355.255,4356.683,4350.98,4351.908,1170,50,0
2026-08-10 16:45:00+00:00,4351.967,4355.154,4351.832,4353.27,885,50,0
2026-08-10 16:50:00+00:00,4353.33,4354.208,4352.16,4353.912,762,50,0
2026-08-10 16:55:00+00:00,4353.634,4357.192,4351.888,4356.78,706,40,0
2026-08-10 17:00:00+00:00,4356.838,4357.812,4354.219,4354.293,772,40,0
2026-08-10 17:05:00+00:00,4354.33,4357.268,4351.622,4355.775,728,40,0
2026-08-10 17:10:00+00:00,4355.772,4358.349,4355.201,4357.244,578,40,0
2026-08-10 17:15:00+00:00,4356.949,4358.261,4356.256,4357.441,567,40,0
2026-08-10 17:20:00+00:00,4357.167,4360.449,4357.049,4359.962,712,50,0
2026-08-10 17:25:00+00:00,4359.997,4361.385,4358.517,4361.103,805,50,0
2026-08-10 17:30:00+00:00,4361.011,4362.993,4359.666,4362.064,655,50,0
2026-08-10 17:35:00+00:00,4362.075,4365.67,4362.044,4363.861,671,40,0
2026-08-10 17:40:00+00:00,4363.805,4364.12,4359.599,4360.47,565,40,0
2026-08-10 17:45:00+00:00,4360.473,4361.122,4357.747,4360.374,708,50,0
2026-08-10 17:50:00+00:00,4360.323,4361.432,4358.7,4358.993,581,40,0
2026-08-10 17:55:00+00:00,4358.777,4360.486,4357.712,4360.178,646,50,0
2026-08-10 18:00:00+00:00,4360.233,4364.242,4359.857,4363.862,791,40,0
2026-08-10 18:05:00+00:00,4363.541,4365.317,4363.209,4363.745,585,40,0
2026-08-10 18:10:00+00:00,4363.671,4364.743,4362.814,4363.189,486,40,0
2026-08-10 18:15:00+00:00,4362.962,4364.377,4361.516,4363.091,636,40,0
2026-08-10 18:20:00+00:00,4363.102,4365.012,4362.255,4364.455,558,40,0
2026-08-10 18:25:00+00:00,4364.534,4367.264,4364.511,4365.727,763,40,0
2026-08-10 18:30:00+00:00,4366.122,4381.131,4365.04,4379.611,2322,50,0
2026-08-10 18:35:00+00:00,4379.7,4382.103,4377.501,4381.672,1203,50,0
2026-08-10 18:40:00+00:00,4381.54,4383.154,4379.565,4379.942,802,50,0
2026-08-10 18:45:00+00:00,4379.645,4380.163,4373.55,4377.071,1042,50,0
2026-08-10 18:50:00+00:00,4376.764,4379.368,4374.916,4376.865,817,50,0
2026-08-10 18:55:00+00:00,4376.893,4379.253,4376.203,4378.568,700,50,0
2026-08-10 19:00:00+00:00,4378.624,4381.313,4378.624,4379.978,825,50,0
2026-08-10 19:05:00+00:00,4379.925,4383.006,4379.925,4382.073,739,50,0
2026-08-10 19:10:00+00:00,4382.114,4382.946,4380.619,4382.041,631,50,0
2026-08-10 19:15:00+00:00,4382.109,4383.215,4381.211,4383.005,529,50,0
2026-08-10 19:20:00+00:00,4382.909,4388.132,4382.617,4386.766,1039,50,0
2026-08-10 19:25:00+00:00,4386.639,4391.805,4386.202,4390.771,1271,50,0
2026-08-10 19:30:00+00:00,4390.826,4394.393,4386.377,4387.294,1229,50,0
2026-08-10 19:35:00+00:00,4387.288,4389.024,4384.483,4388.07,875,50,0
2026-08-10 19:40:00+00:00,4388.007,4390.981,4387.102,4388.16,765,50,0
2026-08-10 19:45:00+00:00,4388.49,4395.197,4387.252,4394.041,809,50,0
2026-08-10 19:50:00+00:00,4393.915,4395.422,4391.286,4392.4,844,50,0
2026-08-10 19:55:00+00:00,4392.53,4392.702,4387.206,4388.503,979,50,0
2026-08-10 20:00:00+00:00,4388.464,4390.513,4387.88,4388.735,591,50,0
2026-08-10 20:05:00+00:00,4388.761,4388.917,4385.681,4386.271,413,50,0
2026-08-10 20:10:00+00:00,4385.963,4390.782,4385.963,4389.316,381,50,0
2026-08-10 20:15:00+00:00,4389.37,4391.556,4389.361,4390.264,328,50,0
2026-08-10 20:20:00+00:00,4390.067,4390.196,4386.592,4388.646,456,50,0
2026-08-10 20:25:00+00:00,4388.91,4392.17,4388.401,4391.327,375,50,0
2026-08-10 20:30:00+00:00,4391.054,4392.057,4390.548,4390.905,356,50,0
2026-08-10 20:35:00+00:00,4391.171,4391.577,4389.943,4390.28,254,50,0
2026-08-10 20:40:00+00:00,4390.573,4391.592,4389.789,4389.828,303,50,0
2026-08-10 20:45:00+00:00,4390.069,4390.894,4388.816,4388.886,306,50,0
2026-08-10 20:50:00+00:00,4389.178,4390.913,4388.953,4389.586,418,50,0
2026-08-10 20:55:00+00:00,4389.659,4389.805,4388.837,4389.262,239,50,0
2026-08-10 22:00:00+00:00,4391.272,4391.67,4388.73,4389.783,378,50,0
2026-08-10 22:05:00+00:00,4389.727,4391.98,4389.512,4391.199,331,50,0
2026-08-10 22:10:00+00:00,4391.256,4393.121,4390.767,4391.249,349,50,0
2026-08-10 22:15:00+00:00,4391.305,4392.749,4391.132,4392.287,254,50,0
2026-08-10 22:20:00+00:00,4392.287,4393.585,4391.833,4392.959,275,50,0
2026-08-10 22:25:00+00:00,4392.873,4393.794,4391.768,4392.212,280,50,0
2026-08-10 22:30:00+00:00,4392.212,4393.911,4392.051,4393.638,323,50,0
2026-08-10 22:35:00+00:00,4393.591,4394.39,4393.044,4393.92,293,50,0
2026-08-10 22:40:00+00:00,4394.165,4396.467,4393.558,4395.351,347,50,0
2026-08-10 22:45:00+00:00,4395.581,4398.712,4395.581,4397.587,355,50,0
2026-08-10 22:50:00+00:00,4397.554,4399.879,4397.314,4399.606,312,50,0
2026-08-10 22:55:00+00:00,4399.851,4400.894,4398.672,4399.887,393,50,0
2026-08-10 23:00:00+00:00,4399.946,4401.994,4397.816,4398.682,543,50,0
2026-08-10 23:05:00+00:00,4398.956,4402.252,4396.08,4396.673,583,50,0
2026-08-10 23:10:00+00:00,4396.749,4397.642,4395.691,4397.368,365,50,0
2026-08-10 23:15:00+00:00,4397.641,4397.657,4394.598,4395.04,395,50,0
2026-08-10 23:20:00+00:00,4395.099,4396.433,4394.738,4395.211,290,50,0
2026-08-10 23:25:00+00:00,4395.152,4396.14,4394.755,4395.426,282,50,0
2026-08-10 23:30:00+00:00,4395.42,4396.494,4395.296,4395.786,301,50,0
2026-08-10 23:35:00+00:00,4395.778,4399.129,4395.52,4398.826,299,50,0
2026-08-10 23:40:00+00:00,4398.798,4399.096,4397.685,4398.64,378,40,0
2026-08-10 23:45:00+00:00,4398.736,4399.274,4396.758,4397.767,429,40,0
2026-08-10 23:50:00+00:00,4398.036,4399.116,4396.434,4399.026,443,40,0
2026-08-10 23:55:00+00:00,4398.961,4402.726,4398.404,4402.369,569,50,0
2026-08-11 00:00:00+00:00,4402.317,4404.971,4396.563,4404.477,1712,50,0
2026-08-11 00:05:00+00:00,4404.55,4406.66,4402.63,4406.045,1130,50,0
2026-08-11 00:10:00+00:00,4406.104,4409.199,4403.784,4405.62,1010,50,0
2026-08-11 00:15:00+00:00,4405.677,4408.184,4404.448,4405.957,881,50,0
2026-08-11 00:20:00+00:00,4406.253,4412.287,4405.759,4412.287,946,50,0
2026-08-11 00:25:00+00:00,4412.254,4416.416,4411.725,4413.943,919,50,0
2026-08-11 00:30:00+00:00,4414.012,4414.291,4411.248,4412.654,688,50,0
2026-08-11 00:35:00+00:00,4412.916,4413.618,4408.732,4411.749,805,50,0
2026-08-11 00:40:00+00:00,4411.742,4414.372,4407.495,4414.372,1064,50,0
2026-08-11 00:45:00+00:00,4414.444,4419.417,4409.864,4413.12,1386,50,0
2026-08-11 00:50:00+00:00,4413.057,4413.459,4409.602,4409.902,776,50,0
2026-08-11 00:55:00+00:00,4409.96,4412.077,4408.3,4409.572,769,50,0
2026-08-11 01:00:00+00:00,4409.63,4410.209,4393.637,4400.758,4494,50,0
2026-08-11 01:05:00+00:00,4400.427,4409.66,4398.879,4408.567,2653,50,0
2026-08-11 01:10:00+00:00,4408.512,4415.329,4408.512,4414.798,2092,50,0
2026-08-11 01:15:00+00:00,4414.64,4419.797,4412.565,4414.726,2100,50,0
2026-08-11 01:20:00+00:00,4414.784,4420.595,4413.666,4414.879,1639,50,0
2026-08-11 01:25:00+00:00,4415.005,4419.519,4413.571,4419.46,1206,50,0
2026-08-11 01:30:00+00:00,4419.307,4421.743,4418.182,4419.427,1068,50,0
2026-08-11 01:35:00+00:00,4419.421,4420.784,4416.419,4419.574,1219,50,0
2026-08-11 01:40:00+00:00,4419.558,4422.742,4415.118,4415.196,1405,50,0
2026-08-11 01:45:00+00:00,4415.337,4427.477,4414.48,4426.345,1621,50,0
2026-08-11 01:50:00+00:00,4426.391,4431.792,4425.163,4431.477,1271,50,0
2026-08-11 01:55:00+00:00,4431.693,4434.278,4429.15,4429.931,1453,50,0
2026-08-11 02:00:00+00:00,4429.857,4429.982,4423.488,4426.93,1595,50,0
2026-08-11 02:05:00+00:00,4426.819,4429.709,4421.629,4423.578,1393,50,0
2026-08-11 02:10:00+00:00,4423.525,4434.754,4423.071,4433.843,1244,50,0
2026-08-11 02:15:00+00:00,4433.762,4435.369,4431.761,4431.993,987,50,0
2026-08-11 02:20:00+00:00,4431.936,4432.242,4426.254,4426.442,998,50,0
2026-08-11 02:25:00+00:00,4426.372,4430.483,4426.216,4428.698,1028,50,0
2026-08-11 02:30:00+00:00,4428.627,4429.404,4423.926,4426.653,1626,50,0
2026-08-11 02:35:00+00:00,4426.596,4426.991,4413.738,4416.206,2045,50,0
2026-08-11 02:40:00+00:00,4415.997,4421.298,4415.792,4418.254,1380,50,0
2026-08-11 02:45:00+00:00,4418.587,4419.216,4414.769,4415.224,1382,50,0
2026-08-11 02:50:00+00:00,4415.165,4415.389,4409.242,4411.683,1446,50,0
2026-08-11 02:55:00+00:00,4411.738,4412.956,4407.949,4410.855,1238,50,0
2026-08-11 03:00:00+00:00,4411.066,4414.495,4410.09,4413.398,1294,50,0
2026-08-11 03:05:00+00:00,4413.617,4415.118,4409.54,4413.682,1126,50,0
2026-08-11 03:10:00+00:00,4413.916,4415.407,4412.182,4413.64,779,50,0
2026-08-11 03:15:00+00:00,4413.32,4417.382,4412.972,4416.932,872,50,0
2026-08-11 03:20:00+00:00,4416.808,4418.141,4414.323,4415.748,789,50,0
2026-08-11 03:25:00+00:00,4415.35,4420.716,4415.293,4420.331,942,50,0
2026-08-11 03:30:00+00:00,4420.264,4421.708,4418.569,4419.644,647,50,0
2026-08-11 03:35:00+00:00,4419.957,4420.352,4418.187,4418.778,511,50,0
2026-08-11 03:40:00+00:00,4418.702,4419.896,4415.536,4416.111,575,50,0
2026-08-11 03:45:00+00:00,4416.093,4418.523,4414.038,4414.888,754,50,0
2026-08-11 03:50:00+00:00,4414.942,4419.051,4414.158,4416.963,662,50,0
2026-08-11 03:55:00+00:00,4416.898,4418.077,4416.143,4417.046,436,50,0
2026-08-11 04:00:00+00:00,4417.116,4419.744,4416.487,4417.781,618,50,0
2026-08-11 04:05:00+00:00,4417.899,4418.458,4413.686,4413.97,646,50,0
2026-08-11 04:10:00+00:00,4413.96,4414.415,4412.252,4413.872,730,50,0
2026-08-11 04:15:00+00:00,4414.091,4415.978,4412.723,4413.43,710,50,0
2026-08-11 04:20:00+00:00,4413.109,4414.025,4410.06,4413.004,654,50,0
2026-08-11 04:25:00+00:00,4412.972,4415.705,4410.859,4415.208,585,50,0
2026-08-11 04:30:00+00:00,4415.544,4420.347,4410.897,4415.973,1641,50,0
2026-08-11 04:35:00+00:00,4415.975,4416.222,4410.499,4413.987,1136,50,0
2026-08-11 04:40:00+00:00,4414.028,4414.875,4408.423,4410.291,940,50,0
2026-08-11 04:45:00+00:00,4410.199,4411.463,4407.075,4407.882,846,50,0
2026-08-11 04:50:00+00:00,4407.937,4408.333,4405.498,4407.134,899,50,0
2026-08-11 04:55:00+00:00,4407.066,4409.437,4403.27,4409.113,823,50,0
2026-08-11 05:00:00+00:00,4408.784,4409.208,4404.831,4405.671,695,50,0
2026-08-11 05:05:00+00:00,4405.64,4406.572,4402.573,4405.89,883,50,0
2026-08-11 05:10:00+00:00,4406.143,4406.319,4399.308,4402.359,784,50,0
2026-08-11 05:15:00+00:00,4402.303,4402.303,4397.862,4399.192,865,50,0
2026-08-11 05:20:00+00:00,4399.135,4399.968,4396.059,4398.081,1067,50,0
2026-08-11 05:25:00+00:00,4398.035,4398.383,4390.801,4392.563,1393,50,0
2026-08-11 05:30:00+00:00,4392.509,4392.509,4372.415,4384.176,5117,50,0
2026-08-11 05:35:00+00:00,4384.116,4385.82,4377.059,4379.736,2549,50,0
2026-08-11 05:40:00+00:00,4379.849,4380.36,4373.607,4377.229,2380,50,0
2026-08-11 05:45:00+00:00,4377.113,4378.482,4372.06,4372.357,2066,50,0
2026-08-11 05:50:00+00:00,4372.102,4373.598,4368.192,4370.249,1893,50,0
2026-08-11 05:55:00+00:00,4370.305,4375.49,4367.343,4375.35,1804,50,0
2026-08-11 06:00:00+00:00,4375.287,4381.128,4371.611,4379.419,2009,50,0
2026-08-11 06:05:00+00:00,4379.362,4382.466,4378.01,4382.284,1242,50,0
2026-08-11 06:10:00+00:00,4382.295,4382.295,4372.651,4373.023,1632,50,0
2026-08-11 06:15:00+00:00,4372.848,4376.29,4369.442,4370.114,1682,50,0
2026-08-11 06:20:00+00:00,4369.795,4374.599,4367.458,4373.512,1762,50,0
2026-08-11 06:25:00+00:00,4373.483,4374.173,4361.895,4363.662,1973,50,0
2026-08-11 06:30:00+00:00,4363.548,4367.834,4359.88,4362.817,2200,50,0
2026-08-11 06:35:00+00:00,4362.485,4368.489,4360.704,4368.119,1443,50,0
2026-08-11 06:40:00+00:00,4368.065,4369.446,4363.14,4363.926,1184,50,0
2026-08-11 06:45:00+00:00,4363.979,4367.341,4362.854,4366.954,1234,50,0
2026-08-11 06:50:00+00:00,4366.905,4367.612,4360.571,4361.703,1197,50,0
2026-08-11 06:55:00+00:00,4361.761,4366.338,4359.606,4366.217,1144,50,0
2026-08-11 07:00:00+00:00,4366.381,4367.971,4361.895,4363.008,1386,50,0
2026-08-11 07:05:00+00:00,4363.154,4365.2,4361.331,4361.965,1096,50,0
2026-08-11 07:10:00+00:00,4361.911,4364.945,4361.331,4363.32,1000,50,0
2026-08-11 07:15:00+00:00,4363.22,4363.791,4357.824,4360.179,1098,50,0
2026-08-11 07:20:00+00:00,4360.042,4362.137,4357.477,4360.33,955,50,0
2026-08-11 07:25:00+00:00,4360.276,4366.068,4359.588,4363.305,805,50,0
2026-08-11 07:30:00+00:00,4363.397,4365.11,4358.53,4361.362,1157,50,0
2026-08-11 07:35:00+00:00,4361.301,4363.82,4359.26,4359.26,981,50,0
2026-08-11 07:40:00+00:00,4359.202,4359.351,4356.727,4358.743,1012,50,0
2026-08-11 07:45:00+00:00,4358.874,4359.835,4357.422,4359.268,848,50,0
2026-08-11 07:50:00+00:00,4359.144,4361.636,4357.818,4360.065,853,50,0
2026-08-11 07:55:00+00:00,4360.063,4360.216,4356.793,4357.952,682,50,0
2026-08-11 08:00:00+00:00,4357.886,4364.304,4356.964,4363.086,1059,50,0
2026-08-11 08:05:00+00:00,4363.231,4366.72,4362.535,4365.469,799,50,0
2026-08-11 08:10:00+00:00,4365.392,4366.892,4363.903,4365.332,738,50,0
2026-08-11 08:15:00+00:00,4365.301,4365.806,4360.058,4362.375,859,50,0
2026-08-11 08:20:00+00:00,4362.261,4364.886,4359.131,4364.497,1123,50,0
2026-08-11 08:25:00+00:00,4364.83,4369.837,4363.787,4369.124,858,50,0
2026-08-11 08:30:00+00:00,4369.057,4372.355,4368.561,4371.181,862,50,0
2026-08-11 08:35:00+00:00,4371.174,4375.196,4370.805,4374.578,729,50,0
2026-08-11 08:40:00+00:00,4374.525,4376.116,4374.107,4374.756,687,50,0
2026-08-11 08:45:00+00:00,4374.811,4375.612,4372.611,4374.53,829,50,0
2026-08-11 08:50:00+00:00,4374.221,4376.815,4371.202,4371.419,821,50,0
2026-08-11 08:55:00+00:00,4371.364,4372.736,4369.005,4369.206,657,50,0
2026-08-11 09:00:00+00:00,4369.259,4371.959,4367.489,4371.144,920,50,0
2026-08-11 09:05:00+00:00,4371.482,4372.609,4370.273,4370.324,709,50,0
2026-08-11 09:10:00+00:00,4370.268,4373.112,4370.194,4372.355,643,50,0
2026-08-11 09:15:00+00:00,4372.625,4374.247,4371.011,4374.03,793,50,0
2026-08-11 09:20:00+00:00,4373.96,4375.682,4370.824,4372.709,1073,50,0
2026-08-11 09:25:00+00:00,4372.983,4375.582,4370.749,4372.012,973,50,0
2026-08-11 09:30:00+00:00,4371.937,4375.14,4369.949,4373.771,1133,50,0
2026-08-11 09:35:00+00:00,4373.741,4374.901,4371.85,4373.551,710,50,0
2026-08-11 09:40:00+00:00,4373.601,4374.395,4370.378,4370.448,679,50,0
2026-08-11 09:45:00+00:00,4370.66,4374.71,4370.348,4373.663,603,50,0
2026-08-11 09:50:00+00:00,4373.724,4373.724,4371.213,4371.994,537,50,0
2026-08-11 09:55:00+00:00,4371.988,4373.037,4370.933,4372.37,457,50,0
2026-08-11 10:00:00+00:00,4372.648,4374.231,4371.058,4372.406,736,50,0
2026-08-11 10:05:00+00:00,4372.472,4375.022,4371.493,4373.602,631,50,0
2026-08-11 10:10:00+00:00,4373.442,4376.173,4372.982,4373.365,562,50,0
2026-08-11 10:15:00+00:00,4373.313,4374.837,4372.285,4372.285,464,50,0
2026-08-11 10:20:00+00:00,4372.53,4378.175,4372.379,4377.583,995,50,0
2026-08-11 10:25:00+00:00,4377.517,4381.776,4376.45,4378.189,1208,50,0
2026-08-11 10:30:00+00:00,4378.409,4381.082,4378.06,4379.252,850,50,0
2026-08-11 10:35:00+00:00,4379.169,4379.904,4377.55,4377.856,494,50,0
2026-08-11 10:40:00+00:00,4377.763,4378.283,4377.065,4377.966,403,50,0
2026-08-11 10:45:00+00:00,4377.681,4381.272,4377.611,4381.272,538,50,0
2026-08-11 10:50:00+00:00,4380.973,4381.97,4380.184,4380.729,610,50,0
2026-08-11 10:55:00+00:00,4380.717,4382.737,4378.825,4382.518,619,50,0
2026-08-11 11:00:00+00:00,4382.374,4393.136,4380.345,4391.163,3233,50,0
2026-08-11 11:05:00+00:00,4391.216,4392.537,4388.736,4390.715,1468,50,0
2026-08-11 11:10:00+00:00,4390.773,4392.674,4388.076,4391.518,1181,50,0
2026-08-11 11:15:00+00:00,4391.58,4392.535,4388.21,4389.914,1265,50,0
2026-08-11 11:20:00+00:00,4389.991,4391.415,4385.508,4386.261,878,50,0
2026-08-11 11:25:00+00:00,4386.314,4388.672,4385.286,4387.528,889,50,0
2026-08-11 11:30:00+00:00,4387.647,4388.3,4385.237,4386.439,860,50,0
2026-08-11 11:35:00+00:00,4386.417,4387.306,4383.407,4384.598,808,50,0
2026-08-11 11:40:00+00:00,4384.651,4386.336,4382.876,4386.216,700,50,0
2026-08-11 11:45:00+00:00,4386.161,4389.224,4385.544,4387.521,893,50,0
2026-08-11 11:50:00+00:00,4387.578,4389.912,4385.181,4387.799,894,50,0
2026-08-11 11:55:00+00:00,4387.823,4388.664,4385.922,4387.912,653,50,0
2026-08-11 12:00:00+00:00,4387.66,4388.097,4383.814,4385.234,1061,50,0
2026-08-11 12:05:00+00:00,4385.538,4395.499,4384.984,4393.588,1283,50,0
2026-08-11 12:10:00+00:00,4393.85,4397.758,4391.67,4397.05,1304,50,0
2026-08-11 12:15:00+00:00,4396.851,4397.904,4392.833,4396.222,1059,50,0
2026-08-11 12:20:00+00:00,4395.882,4399.723,4387.809,4389.265,2632,50,0
2026-08-11 12:25:00+00:00,4389.207,4393.307,4387.453,4391.463,1433,50,0
2026-08-11 12:30:00+00:00,4391.279,4395.292,4388.663,4390.071,1338,50,0
2026-08-11 12:35:00+00:00,4390.161,4392.346,4388.843,4389.789,989,50,0
2026-08-11 12:40:00+00:00,4389.848,4398.516,4389.711,4398.456,1243,50,0
2026-08-11 12:45:00+00:00,4398.672,4400.234,4395.38,4397.341,1017,50,0
2026-08-11 12:50:00+00:00,4397.222,4398.214,4392.904,4393.933,934,50,0
2026-08-11 12:55:00+00:00,4393.985,4394.98,4392.329,4392.678,839,50,0
2026-08-11 13:00:00+00:00,4392.799,4399.265,4391.806,4392.962,2045,50,0
2026-08-11 13:05:00+00:00,4393.02,4399.051,4392.77,4398.99,1235,50,0
2026-08-11 13:10:00+00:00,4399.043,4401.048,4393.788,4394.031,1024,50,0
2026-08-11 13:15:00+00:00,4393.85,4395.461,4389.708,4394.196,1508,50,0
2026-08-11 13:20:00+00:00,4394.33,4400.851,4394.193,4398.011,1203,50,0
2026-08-11 13:25:00+00:00,4397.951,4400.092,4395.686,4398.097,1184,50,0
2026-08-11 13:30:00+00:00,4397.888,4400.409,4389.872,4392.377,2487,50,0
2026-08-11 13:35:00+00:00,4392.436,4399.746,4388.853,4399.585,2191,50,0
2026-08-11 13:40:00+00:00,4399.652,4402.155,4398.377,4399.765,1833,50,0
2026-08-11 13:45:00+00:00,4399.837,4404.287,4392.816,4395.113,2177,50,0
2026-08-11 13:50:00+00:00,4395.242,4396.825,4384.513,4387.451,2103,50,0
2026-08-11 13:55:00+00:00,4387.506,4394.649,4386.875,4389.541,1909,50,0
2026-08-11 14:00:00+00:00,4389.599,4389.976,4381.148,4385.041,1594,50,0
2026-08-11 14:05:00+00:00,4385.094,4386.995,4382.601,4384.535,1784,50,0
2026-08-11 14:10:00+00:00,4384.54,4387.506,4382.203,4387.164,1694,50,0
2026-08-11 14:15:00+00:00,4387.073,4390.453,4382.683,4385.894,1766,50,0
2026-08-11 14:20:00+00:00,4385.564,4389.647,4381.667,4384.667,1503,50,0
2026-08-11 14:25:00+00:00,4384.329,4387.901,4382.063,4384.045,1610,50,0
2026-08-11 14:30:00+00:00,4384.345,4391.033,4384.291,4390.628,1683,50,0
2026-08-11 14:35:00+00:00,4390.646,4393.033,4389.48,4392.074,1305,50,0
2026-08-11 14:40:00+00:00,4392.016,4395.603,4390.641,4393.418,1019,50,0
2026-08-11 14:45:00+00:00,4393.478,4396.131,4392.618,4393.625,815,50,0
2026-08-11 14:50:00+00:00,4393.443,4395.615,4391.792,4395.121,962,50,0
2026-08-11 14:55:00+00:00,4395.103,4398.25,4392.824,4393.968,1081,50,0
2026-08-11 15:00:00+00:00,4394.023,4398.998,4392.931,4396.779,1312,50,0
2026-08-11 15:05:00+00:00,4397.107,4397.606,4389.86,4390.912,1083,50,0
2026-08-11 15:10:00+00:00,4391.115,4396.056,4389.19,4392.205,930,50,0
2026-08-11 15:15:00+00:00,4392.208,4392.311,4382.264,4386.224,1586,50,0
2026-08-11 15:20:00+00:00,4386.278,4389.78,4383.48,4383.973,1337,50,0
2026-08-11 15:25:00+00:00,4383.961,4387.697,4382.101,4386.665,1074,50,0
2026-08-11 15:30:00+00:00,4386.724,4387.033,4376.555,4378.098,1956,50,0
2026-08-11 15:35:00+00:00,4378.157,4379.673,4371.577,4371.577,2351,50,0
2026-08-11 15:40:00+00:00,4371.795,4376.108,4369.118,4375.802,1598,50,0
2026-08-11 15:45:00+00:00,4375.83,4378.153,4374.85,4376.123,1225,50,0
2026-08-11 15:50:00+00:00,4376.18,4380.438,4375.38,4380.309,1096,50,0
2026-08-11 15:55:00+00:00,4380.373,4384.04,4379.726,4383.749,991,50,0
2026-08-11 16:00:00+00:00,4383.867,4384.912,4380.429,4380.867,738,50,0
2026-08-11 16:05:00+00:00,4380.923,4381.71,4378.84,4380.128,754,50,0
2026-08-11 16:10:00+00:00,4380.058,4381.564,4378.645,4379.661,746,50,0
2026-08-11 16:15:00+00:00,4379.779,4381.565,4378.368,4378.774,704,50,0
2026-08-11 16:20:00+00:00,4378.817,4383.16,4378.472,4381.456,821,50,0
2026-08-11 16:25:00+00:00,4381.527,4383.61,4380.672,4383.274,639,50,0
2026-08-11 16:30:00+00:00,4383.216,4383.275,4379.218,4382.357,699,50,0
2026-08-11 16:35:00+00:00,4382.352,4385.039,4382.171,4383.868,612,50,0
2026-08-11 16:40:00+00:00,4384.025,4385.905,4383.038,4384.738,566,50,0
2026-08-11 16:45:00+00:00,4384.649,4385.678,4382.041,4382.974,615,50,0
2026-08-11 16:50:00+00:00,4382.956,4383.327,4381.106,4382.272,602,50,0
2026-08-11 16:55:00+00:00,4382.211,4385.451,4381.841,4383.628,648,50,0
2026-08-11 17:00:00+00:00,4383.391,4385.5,4382.383,4383.54,729,50,0
2026-08-11 17:05:00+00:00,4383.529,4385.906,4381.708,4384.544,692,50,0
2026-08-11 17:10:00+00:00,4384.538,4384.689,4381.171,4381.246,692,50,0
2026-08-11 17:15:00+00:00,4381.193,4383.869,4379.992,4383.189,838,50,0
2026-08-11 17:20:00+00:00,4383.133,4384.542,4379.707,4381.006,815,50,0
2026-08-11 17:25:00+00:00,4381.011,4383.341,4379.019,4381.504,980,50,0
2026-08-11 17:30:00+00:00,4381.642,4382.228,4375.912,4376.994,875,50,0
2026-08-11 17:35:00+00:00,4376.951,4377.445,4374.241,4376.916,757,50,0
2026-08-11 17:40:00+00:00,4377.119,4378.616,4376.172,4376.45,703,50,0
2026-08-11 17:45:00+00:00,4376.162,4377.605,4374.881,4376.719,561,50,0
2026-08-11 17:50:00+00:00,4376.446,4377.054,4372.981,4373.115,531,50,0
2026-08-11 17:55:00+00:00,4373.096,4373.685,4368.97,4369.302,849,50,0
2026-08-11 18:00:00+00:00,4369.391,4369.391,4363.785,4365.276,1165,50,0
2026-08-11 18:05:00+00:00,4365.309,4367.167,4361.063,4361.608,1194,50,0
2026-08-11 18:10:00+00:00,4361.728,4364.347,4360.082,4363.661,940,50,0
2026-08-11 18:15:00+00:00,4363.608,4367.433,4363.608,4366.654,870,50,0
2026-08-11 18:20:00+00:00,4366.869,4366.974,4361.923,4364.164,834,40,0
2026-08-11 18:25:00+00:00,4364.283,4365.683,4360.328,4361.582,779,40,0
2026-08-11 18:30:00+00:00,4361.634,4368.165,4361.318,4367.596,730,50,0
2026-08-11 18:35:00+00:00,4367.662,4371.315,4367.381,4370.574,687,50,0
2026-08-11 18:40:00+00:00,4370.507,4371.966,4368.686,4371.23,524,50,0
2026-08-11 18:45:00+00:00,4370.997,4372.868,4370.781,4371.602,545,50,0
2026-08-11 18:50:00+00:00,4371.305,4372.607,4371.28,4371.899,421,50,0
2026-08-11 18:55:00+00:00,4371.819,4372.166,4369.984,4371.627,441,50,0
2026-08-11 19:00:00+00:00,4371.754,4372.261,4366.896,4367.205,591,50,0
2026-08-11 19:05:00+00:00,4367.041,4367.139,4363.367,4364.614,778,50,0
2026-08-11 19:10:00+00:00,4364.689,4367.597,4363.543,4364.009,693,50,0
2026-08-11 19:15:00+00:00,4364.061,4364.889,4361.248,4363.058,612,50,0
2026-08-11 19:20:00+00:00,4363.081,4369.397,4362.266,4368.743,756,50,0
2026-08-11 19:25:00+00:00,4368.781,4370.905,4366.913,4370.555,732,50,0
2026-08-11 19:30:00+00:00,4370.698,4374.421,4370.336,4371.309,791,50,0
2026-08-11 19:35:00+00:00,4371.187,4371.837,4368.255,4370.819,713,50,0
2026-08-11 19:40:00+00:00,4370.559,4370.652,4366.338,4367.423,543,50,0
2026-08-11 19:45:00+00:00,4367.654,4370.593,4366.492,4369.913,632,50,0
2026-08-11 19:50:00+00:00,4369.855,4370.758,4366.201,4369.296,672,50,0
2026-08-11 19:55:00+00:00,4369.393,4373.474,4369.222,4370.81,854,50,0
2026-08-11 20:00:00+00:00,4370.865,4371.288,4368.583,4369.935,518,50,0
2026-08-11 20:05:00+00:00,4369.994,4371.095,4368.942,4370.73,364,50,0
2026-08-11 20:10:00+00:00,4370.651,4371.302,4370.032,4370.286,262,50,0
2026-08-11 20:15:00+00:00,4370.531,4370.531,4367.742,4368.431,305,50,0
2026-08-11 20:20:00+00:00,4368.432,4369.874,4367.852,4369.86,252,50,0
2026-08-11 20:25:00+00:00,4370.125,4371.227,4369.103,4370.434,292,50,0
2026-08-11 20:30:00+00:00,4370.243,4370.535,4369.316,4369.682,192,50,0
2026-08-11 20:35:00+00:00,4369.678,4370.092,4368.878,4369.533,256,50,0
2026-08-11 20:40:00+00:00,4369.556,4369.556,4367.43,4367.699,285,50,0
2026-08-11 20:45:00+00:00,4367.646,4368.06,4367.155,4367.462,292,50,0
2026-08-11 20:50:00+00:00,4367.732,4368.09,4367.127,4367.999,293,50,0
2026-08-11 20:55:00+00:00,4368.052,4369.061,4367.676,4368.135,291,50,0
2026-08-11 22:00:00+00:00,4372.617,4373.276,4370.516,4372.722,319,50,0
2026-08-11 22:05:00+00:00,4372.873,4374.767,4372.061,4374.424,323,50,0
2026-08-11 22:10:00+00:00,4374.574,4375.608,4373.898,4374.128,297,50,0
2026-08-11 22:15:00+00:00,4373.914,4375.47,4373.341,4374.725,387,50,0
2026-08-11 22:20:00+00:00,4374.998,4376.791,4374.728,4375.927,404,50,0
2026-08-11 22:25:00+00:00,4375.927,4377.347,4375.651,4376.46,287,50,0
2026-08-11 22:30:00+00:00,4376.444,4377.941,4376.117,4376.733,344,50,0
2026-08-11 22:35:00+00:00,4376.73,4377.217,4375.918,4376.263,307,50,0
2026-08-11 22:40:00+00:00,4376.257,4376.55,4374.99,4376.028,283,50,0
2026-08-11 22:45:00+00:00,4376.064,4378.391,4373.923,4375.215,503,50,0
2026-08-11 22:50:00+00:00,4375.151,4375.67,4371.195,4374.122,580,50,0
2026-08-11 22:55:00+00:00,4374.074,4374.96,4367.447,4369.173,578,40,0
2026-08-11 23:00:00+00:00,4369.239,4369.742,4363.449,4364.627,755,50,0
2026-08-11 23:05:00+00:00,4364.702,4369.582,4362.545,4364.775,804,50,0
2026-08-11 23:10:00+00:00,4364.828,4369.812,4364.574,4366.734,643,50,0
2026-08-11 23:15:00+00:00,4366.686,4372.224,4365.329,4370.878,588,50,0
2026-08-11 23:20:00+00:00,4370.879,4374.648,4370.879,4372.444,527,50,0
2026-08-11 23:25:00+00:00,4372.472,4374.044,4368.439,4372.998,645,50,0
2026-08-11 23:30:00+00:00,4372.951,4373.066,4366.517,4368.601,578,50,0
2026-08-11 23:35:00+00:00,4368.405,4368.851,4367.447,4367.91,277,40,0
2026-08-11 23:40:00+00:00,4367.875,4368.607,4367.489,4367.882,238,40,0
2026-08-11 23:45:00+00:00,4367.882,4370.586,4367.882,4368.907,445,40,0
2026-08-11 23:50:00+00:00,4368.971,4370.069,4368.452,4369.817,340,40,0
2026-08-11 23:55:00+00:00,4369.817,4371.863,4369.649,4371.473,340,40,0
2026-08-12 00:00:00+00:00,4371.564,4371.801,4366.663,4369.128,1529,40,0
2026-08-12 00:05:00+00:00,4369.007,4371.255,4367.778,4371.047,1063,50,0
2026-08-12 00:10:00+00:00,4370.711,4379.5,4370.346,4377.939,897,50,0
2026-08-12 00:15:00+00:00,4378.156,4379.94,4374.259,4379.774,1313,50,0
2026-08-12 00:20:00+00:00,4379.991,4380.77,4377.577,4378.516,833,50,0
2026-08-12 00:25:00+00:00,4378.748,4381.038,4377.696,4380.675,883,50,0
2026-08-12 00:30:00+00:00,4380.73,4383.393,4379.229,4381.269,1038,50,0
2026-08-12 00:35:00+00:00,4381.276,4383.87,4380.809,4381.48,781,50,0
2026-08-12 00:40:00+00:00,4381.54,4383.28,4381.009,4382.815,748,50,0
2026-08-12 00:45:00+00:00,4382.746,4383.312,4380.827,4381.198,646,50,0
2026-08-12 00:50:00+00:00,4381.499,4381.865,4378.095,4378.292,669,50,0
2026-08-12 00:55:00+00:00,4378.35,4381.823,4377.615,4380.432,712,50,0
2026-08-12 01:00:00+00:00,4380.552,4385.315,4378.306,4384.578,2569,50,0
2026-08-12 01:05:00+00:00,4384.394,4387.739,4382.277,4387.112,1184,50,0
2026-08-12 01:10:00+00:00,4387.128,4390.755,4386.68,4390.238,977,50,0
2026-08-12 01:15:00+00:00,4390.564,4391.931,4386.531,4391.368,983,50,0
2026-08-12 01:20:00+00:00,4391.431,4394.203,4389.213,4390.772,698,50,0
2026-08-12 01:25:00+00:00,4390.894,4392.073,4389.628,4390.512,502,50,0
2026-08-12 01:30:00+00:00,4390.46,4391.6,4386.155,4387.11,873,50,0
2026-08-12 01:35:00+00:00,4387.181,4391.457,4385.372,4387.691,952,50,0
2026-08-12 01:40:00+00:00,4387.729,4393.177,4387.061,4393.092,850,50,0
2026-08-12 01:45:00+00:00,4393.102,4396.4,4391.03,4394.863,797,50,0
2026-08-12 01:50:00+00:00,4394.877,4397.516,4394.791,4395.039,619,50,0
2026-08-12 01:55:00+00:00,4394.934,4397.344,4393.438,4396.276,669,50,0
2026-08-12 02:00:00+00:00,4396.333,4397.132,4394.208,4396.475,724,50,0
2026-08-12 02:05:00+00:00,4396.433,4398.175,4395.278,4397.305,694,50,0
2026-08-12 02:10:00+00:00,4397.25,4405.002,4397.104,4401.835,1313,50,0
2026-08-12 02:15:00+00:00,4401.724,4403.035,4399.512,4401.949,856,50,0
2026-08-12 02:20:00+00:00,4401.617,4403.735,4400.828,4402.376,684,50,0
2026-08-12 02:25:00+00:00,4402.311,4403.29,4401.168,4402.449,502,50,0
2026-08-12 02:30:00+00:00,4402.242,4403.682,4398.287,4399.01,895,50,0
2026-08-12 02:35:00+00:00,4399.063,4400.27,4397.943,4399.713,646,50,0
2026-08-12 02:40:00+00:00,4399.589,4408.495,4399.508,4405.435,1264,50,0
2026-08-12 02:45:00+00:00,4405.505,4411.346,4405.36,4409.698,964,50,0
2026-08-12 02:50:00+00:00,4409.918,4414.585,4409.43,4413.57,1110,50,0
2026-08-12 02:55:00+00:00,4413.543,4413.823,4410.966,4411.513,910,50,0
2026-08-12 03:00:00+00:00,4411.293,4414.533,4408.804,4409.865,991,50,0
2026-08-12 03:05:00+00:00,4409.652,4416.44,4408.513,4413.369,1043,50,0
2026-08-12 03:10:00+00:00,4413.452,4414.605,4410.512,4410.818,716,50,0
2026-08-12 03:15:00+00:00,4410.875,4410.938,4406.553,4407.434,671,50,0
2026-08-12 03:20:00+00:00,4407.373,4407.744,4404.651,4406.45,649,50,0
2026-08-12 03:25:00+00:00,4406.636,4408.356,4405.933,4407.584,796,50,0
2026-08-12 03:30:00+00:00,4407.255,4408.933,4404.928,4405.616,666,50,0
2026-08-12 03:35:00+00:00,4405.354,4406.8,4403.787,4404.119,520,50,0
2026-08-12 03:40:00+00:00,4403.899,4404.555,4401.26,4401.653,512,50,0
2026-08-12 03:45:00+00:00,4401.632,4403.489,4401.49,4402.957,495,50,0
2026-08-12 03:50:00+00:00,4402.646,4403.862,4400.687,4402.081,530,50,0
2026-08-12 03:55:00+00:00,4402.078,4402.964,4401.149,4402.248,419,50,0
2026-08-12 04:00:00+00:00,4402.521,4403.524,4401.415,4403.15,445,50,0
2026-08-12 04:05:00+00:00,4403.153,4403.412,4399.635,4400.312,345,50,0
2026-08-12 04:10:00+00:00,4400.253,4400.413,4396.567,4397.561,547,50,0
2026-08-12 04:15:00+00:00,4397.57,4397.57,4395.444,4396.43,479,50,0
2026-08-12 04:20:00+00:00,4396.162,4398.489,4396.162,4397.561,454,50,0
2026-08-12 04:25:00+00:00,4397.836,4399.495,4397.385,4398.888,444,50,0
2026-08-12 04:30:00+00:00,4398.941,4399.656,4397.132,4399.165,327,50,0
2026-08-12 04:35:00+00:00,4399.192,4400.068,4397.845,4398.91,448,50,0
2026-08-12 04:40:00+00:00,4399.168,4400.289,4395.312,4399.997,542,50,0
2026-08-12 04:45:00+00:00,4400.014,4402.577,4399.445,4401.261,489,50,0
2026-08-12 04:50:00+00:00,4401.481,4401.988,4399.542,4399.559,433,50,0
2026-08-12 04:55:00+00:00,4399.627,4401.32,4399.183,4400.984,467,50,0
2026-08-12 05:00:00+00:00,4400.86,4402.392,4400.129,4401.762,484,50,0
2026-08-12 05:05:00+00:00,4401.748,4404.84,4400.854,4404.408,551,50,0
2026-08-12 05:10:00+00:00,4404.333,4405.05,4400.994,4400.994,498,50,0
2026-08-12 05:15:00+00:00,4400.94,4400.961,4397.029,4398.532,582,50,0
2026-08-12 05:20:00+00:00,4398.812,4399.214,4392.461,4394.145,809,50,0
2026-08-12 05:25:00+00:00,4394.194,4395.906,4392.538,4392.538,614,50,0
2026-08-12 05:30:00+00:00,4392.753,4397.033,4389.322,4392.706,1697,50,0
2026-08-12 05:35:00+00:00,4392.641,4395.253,4390.862,4393.765,1099,50,0
2026-08-12 05:40:00+00:00,4393.803,4394.432,4387.971,4388.022,896,50,0
2026-08-12 05:45:00+00:00,4388.154,4389.454,4385.142,4385.348,1143,50,0
2026-08-12 05:50:00+00:00,4385.36,4389.248,4383.916,4388.652,942,50,0
2026-08-12 05:55:00+00:00,4388.775,4394.019,4388.286,4391.473,1084,50,0
2026-08-12 06:00:00+00:00,4391.137,4393.176,4387.407,4388.146,663,50,0
2026-08-12 06:05:00+00:00,4388.201,4388.804,4385.149,4386.729,848,50,0
2026-08-12 06:10:00+00:00,4386.75,4388.293,4385.1,4387.218,746,50,0
2026-08-12 06:15:00+00:00,4387.164,4390.467,4385.731,4389.388,824,50,0
2026-08-12 06:20:00+00:00,4389.461,4390.703,4387.813,4389.231,782,50,0
2026-08-12 06:25:00+00:00,4389.17,4390.324,4387.141,4389.685,694,50,0
2026-08-12 06:30:00+00:00,4389.745,4390.544,4388.183,4389.557,693,50,0
2026-08-12 06:35:00+00:00,4389.677,4395.149,4388.824,4393.848,1254,50,0
2026-08-12 06:40:00+00:00,4393.794,4397.535,4393.475,4394.611,941,50,0
2026-08-12 06:45:00+00:00,4394.521,4400.699,4394.521,4400.092,887,50,0
2026-08-12 06:50:00+00:00,4400.129,4403.43,4399.426,4401.099,783,50,0
2026-08-12 06:55:00+00:00,4401.403,4406.466,4401.161,4403.304,810,50,0
2026-08-12 07:00:00+00:00,4403.403,4406.213,4401.162,4401.162,961,50,0
2026-08-12 07:05:00+00:00,4401.242,4403.441,4400.975,4402.418,723,50,0
2026-08-12 07:10:00+00:00,4402.204,4406.062,4401.248,4401.583,676,50,0
2026-08-12 07:15:00+00:00,4401.686,4401.741,4398.677,4399.456,632,50,0
2026-08-12 07:20:00+00:00,4399.185,4400.549,4398.331,4400.11,523,50,0
2026-08-12 07:25:00+00:00,4400.109,4402.91,4399.446,4402.329,596,50,0
2026-08-12 07:30:00+00:00,4402.604,4405.776,4401.355,4403.817,566,50,0
2026-08-12 07:35:00+00:00,4403.809,4407.63,4403.254,4407.345,634,50,0
2026-08-12 07:40:00+00:00,4407.333,4408.712,4405.705,4407.979,597,50,0
2026-08-12 07:45:00+00:00,4407.695,4409.723,4406.003,4408.905,635,50,0
2026-08-12 07:50:00+00:00,4408.844,4410.238,4407.681,4408.686,587,50,0
2026-08-12 07:55:00+00:00,4408.63,4409.066,4404.802,4406.267,552,50,0
2026-08-12 08:00:00+00:00,4406.143,4410.392,4405.982,4408.759,562,50,0
2026-08-12 08:05:00+00:00,4408.747,4410.657,4407.37,4407.37,579,50,0
2026-08-12 08:10:00+00:00,4407.304,4409.633,4407.271,4408.435,629,50,0
2026-08-12 08:15:00+00:00,4408.442,4408.728,4406.535,4407.552,455,50,0
2026-08-12 08:20:00+00:00,4407.222,4409.545,4407.222,4408.415,598,50,0
2026-08-12 08:25:00+00:00,4408.361,4408.735,4405.624,4407.242,557,50,0
2026-08-12 08:30:00+00:00,4407.187,4407.806,4405.061,4405.807,678,50,0
2026-08-12 08:35:00+00:00,4405.812,4406.7,4404.712,4405.903,549,50,0
2026-08-12 08:40:00+00:00,4406.095,4406.403,4404.585,4406.052,528,50,0
2026-08-12 08:45:00+00:00,4405.917,4406.025,4402.709,4404.33,542,50,0
2026-08-12 08:50:00+00:00,4404.293,4405.227,4403.334,4403.382,478,50,0
2026-08-12 08:55:00+00:00,4403.389,4403.648,4401.649,4401.884,487,50,0
2026-08-12 09:00:00+00:00,4401.675,4407.933,4401.675,4407.214,558,50,0
2026-08-12 09:05:00+00:00,4407.157,4409.099,4406.616,4408.827,546,50,0
2026-08-12 09:10:00+00:00,4408.691,4413.333,4407.84,4412.742,844,50,0
2026-08-12 09:15:00+00:00,4412.804,4418.212,4412.259,4415.43,880,50,0
2026-08-12 09:20:00+00:00,4415.419,4424.312,4413.471,4423.611,1954,50,0
2026-08-12 09:25:00+00:00,4423.551,4423.551,4413.265,4413.362,1154,50,0
2026-08-12 09:30:00+00:00,4413.309,4415.88,4412.064,4414.308,906,50,0
2026-08-12 09:35:00+00:00,4414.366,4416.4,4412.652,4415.897,866,50,0
2026-08-12 09:40:00+00:00,4415.974,4417.309,4413.258,4413.729,685,50,0
2026-08-12 09:45:00+00:00,4413.876,4414.56,4412.442,4413.146,608,50,0
2026-08-12 09:50:00+00:00,4413.205,4416.881,4410.751,4412.055,1122,50,0
2026-08-12 09:55:00+00:00,4412.125,4416.54,4411.503,4416.03,711,50,0
2026-08-12 10:00:00+00:00,4415.811,4416.573,4414.538,4415.163,558,50,0
2026-08-12 10:05:00+00:00,4415.345,4419.489,4415.257,4417.981,768,50,0
2026-08-12 10:10:00+00:00,4418.222,4419.462,4417.13,4417.876,625,50,0
2026-08-12 10:15:00+00:00,4418.208,4419.873,4417.21,4419.413,607,50,0
2026-08-12 10:20:00+00:00,4419.631,4420.508,4418.629,4419.268,588,50,0
2026-08-12 10:25:00+00:00,4419.322,4421.148,4417.971,4419.492,608,50,0
2026-08-12 10:30:00+00:00,4419.514,4419.836,4416.962,4417.178,645,50,0
2026-08-12 10:35:00+00:00,4417.27,4417.27,4412.956,4414.103,514,50,0
2026-08-12 10:40:00+00:00,4414.158,4415.399,4413.282,4414.981,571,50,0
2026-08-12 10:45:00+00:00,4414.923,4415.984,4407.188,4409.626,1380,50,0
2026-08-12 10:50:00+00:00,4409.571,4411.277,4408.171,4410.682,934,50,0
2026-08-12 10:55:00+00:00,4410.676,4412.981,4409.848,4412.729,622,50,0
2026-08-12 11:00:00+00:00,4412.79,4415.224,4410.902,4411.283,723,50,0
2026-08-12 11:05:00+00:00,4411.263,4411.882,4409.296,4410.833,595,50,0
2026-08-12 11:10:00+00:00,4410.818,4411.502,4407.74,4408.077,604,50,0
2026-08-12 11:15:00+00:00,4408.131,4410.439,4407.915,4410.438,484,50,0
2026-08-12 11:20:00+00:00,4410.183,4411.737,4409.859,4410.857,462,50,0
2026-08-12 11:25:00+00:00,4410.923,4416.992,4410.108,4415.304,839,50,0
2026-08-12 11:30:00+00:00,4415.038,4416.142,4412.943,4413.342,615,50,0
2026-08-12 11:35:00+00:00,4413.486,4414.071,4410.339,4411.864,555,50,0
2026-08-12 11:40:00+00:00,4411.864,4414.11,4411.646,4413.305,525,50,0
2026-08-12 11:45:00+00:00,4413.265,4414.415,4412.543,4413.414,564,50,0
2026-08-12 11:50:00+00:00,4413.444,4414.585,4412.647,4414.237,534,50,0
2026-08-12 11:55:00+00:00,4414.119,4415.689,4412.518,4412.777,547,50,0
2026-08-12 12:00:00+00:00,4412.653,4413.323,4407.866,4408.871,776,50,0
2026-08-12 12:05:00+00:00,4408.942,4409.42,4406.753,4407.357,846,50,0
2026-08-12 12:10:00+00:00,4407.409,4409.621,4406.251,4408.928,762,50,0
2026-08-12 12:15:00+00:00,4408.854,4409.273,4406.592,4408.496,847,50,0
2026-08-12 12:20:00+00:00,4408.349,4409.819,4404.949,4406.899,1414,50,0
2026-08-12 12:25:00+00:00,4406.954,4427.27,4404.647,4427.27,2846,50,0
2026-08-12 12:30:00+00:00,4427.266,4432.91,4382.022,4425.13,5586,50,0
2026-08-12 12:35:00+00:00,4425.0,4430.292,4415.669,4429.325,4836,50,0
2026-08-12 12:40:00+00:00,4429.145,4438.529,4423.803,4428.517,4883,50,0
2026-08-12 12:45:00+00:00,4428.447,4428.573,4416.61,4421.733,3066,50,0
2026-08-12 12:50:00+00:00,4421.933,4429.098,4420.97,4427.565,2545,50,0
2026-08-12 12:55:00+00:00,4427.892,4438.503,4426.315,4437.211,2517,50,0
2026-08-12 13:00:00+00:00,4437.315,4441.47,4426.673,4432.198,4692,50,0
2026-08-12 13:05:00+00:00,4432.349,4434.666,4427.541,4430.312,2611,50,0
2026-08-12 13:10:00+00:00,4430.098,4430.965,4420.785,4422.233,2279,50,0
2026-08-12 13:15:00+00:00,4422.168,4429.112,4421.084,4424.154,2039,50,0
2026-08-12 13:20:00+00:00,4424.483,4427.853,4417.056,4417.319,2117,50,0
2026-08-12 13:25:00+00:00,4417.265,4419.582,4414.704,4418.685,1919,50,0
2026-08-12 13:30:00+00:00,4418.749,4420.963,4412.425,4413.945,3476,50,0
2026-08-12 13:35:00+00:00,4413.963,4419.682,4410.336,4411.736,3727,50,0
2026-08-12 13:40:00+00:00,4411.675,4420.231,4408.346,4416.518,3805,50,0
2026-08-12 13:45:00+00:00,4416.849,4428.282,4415.481,4427.943,2658,50,0
2026-08-12 13:50:00+00:00,4428.02,4434.245,4426.155,4432.359,2389,50,0
2026-08-12 13:55:00+00:00,4432.421,4433.192,4427.01,4427.71,2372,50,0
2026-08-12 14:00:00+00:00,4427.764,4429.275,4420.987,4426.549,2672,50,0
2026-08-12 14:05:00+00:00,4426.606,4430.231,4426.184,4429.567,1894,50,0
2026-08-12 14:10:00+00:00,4429.714,4434.958,4429.17,4432.031,1588,50,0
2026-08-12 14:15:00+00:00,4431.814,4437.7,4430.011,4436.55,1540,50,0
2026-08-12 14:20:00+00:00,4436.212,4439.897,4433.944,4436.266,1405,50,0
2026-08-12 14:25:00+00:00,4436.422,4437.445,4430.379,4431.569,1301,50,0
2026-08-12 14:30:00+00:00,4431.648,4436.172,4419.289,4420.808,2038,50,0
2026-08-12 14:35:00+00:00,4420.862,4423.347,4416.594,4418.526,2275,50,0
2026-08-12 14:40:00+00:00,4418.408,4425.447,4417.0,4425.101,1967,50,0
2026-08-12 14:45:00+00:00,4424.888,4432.472,4420.063,4422.376,2708,50,0
2026-08-12 14:50:00+00:00,4422.163,4424.448,4416.684,4422.599,2521,50,0
2026-08-12 14:55:00+00:00,4422.908,4424.207,4418.966,4421.994,1915,50,0
2026-08-12 15:00:00+00:00,4421.926,4423.777,4415.506,4416.263,2734,50,0
2026-08-12 15:05:00+00:00,4416.065,4423.548,4414.965,4421.828,1782,50,0
2026-08-12 15:10:00+00:00,4421.617,4430.226,4421.338,4426.885,1924,50,0
2026-08-12 15:15:00+00:00,4426.752,4427.292,4422.166,4424.663,1293,50,0
2026-08-12 15:20:00+00:00,4424.376,4428.325,4424.273,4426.615,1004,50,0
2026-08-12 15:25:00+00:00,4426.408,4426.702,4419.532,4421.68,1149,50,0
2026-08-12 15:30:00+00:00,4421.464,4425.639,4418.458,4419.175,1392,50,0
2026-08-12 15:35:00+00:00,4419.23,4421.286,4416.608,4420.773,1188,50,0
2026-08-12 15:40:00+00:00,4420.714,4422.078,4416.993,4418.28,1148,50,0
2026-08-12 15:45:00+00:00,4418.363,4418.702,4414.185,4416.051,1207,50,0
2026-08-12 15:50:00+00:00,4415.989,4417.042,4410.918,4416.654,1216,50,0
2026-08-12 15:55:00+00:00,4416.868,4422.362,4416.541,4420.953,901,50,0
2026-08-12 16:00:00+00:00,4421.006,4425.791,4418.134,4420.712,1293,50,0
2026-08-12 16:05:00+00:00,4420.37,4422.307,4417.994,4419.773,1022,50,0
2026-08-12 16:10:00+00:00,4419.562,4424.336,4416.779,4423.349,900,50,0
2026-08-12 16:15:00+00:00,4423.689,4426.327,4422.598,4425.335,750,50,0
2026-08-12 16:20:00+00:00,4425.39,4426.689,4423.754,4426.519,574,50,0
2026-08-12 16:25:00+00:00,4426.149,4426.546,4422.288,4423.297,806,50,0
2026-08-12 16:30:00+00:00,4423.04,4424.077,4413.174,4413.174,1152,50,0
2026-08-12 16:35:00+00:00,4413.419,4416.174,4411.361,4413.978,1385,50,0
2026-08-12 16:40:00+00:00,4414.229,4415.989,4409.255,4411.124,1321,50,0
2026-08-12 16:45:00+00:00,4411.15,4411.555,4402.119,4402.517,1659,50,0
2026-08-12 16:50:00+00:00,4402.859,4406.461,4402.245,4405.653,1440,50,0
2026-08-12 16:55:00+00:00,4405.321,4405.507,4396.561,4401.509,1656,50,0
2026-08-12 17:00:00+00:00,4401.584,4405.463,4399.888,4403.098,1514,50,0
2026-08-12 17:05:00+00:00,4403.0,4407.675,4402.125,4406.408,1102,50,0
2026-08-12 17:10:00+00:00,4406.349,4406.925,4403.158,4403.636,985,50,0
2026-08-12 17:15:00+00:00,4403.701,4404.527,4401.924,4403.539,1055,50,0
2026-08-12 17:20:00+00:00,4403.596,4409.972,4402.962,4407.626,1239,50,0
2026-08-12 17:25:00+00:00,4407.871,4409.109,4405.362,4406.592,1052,50,0
2026-08-12 17:30:00+00:00,4406.709,4410.769,4405.928,4410.304,823,50,0
2026-08-12 17:35:00+00:00,4410.245,4411.629,4404.799,4405.665,828,50,0
2026-08-12 17:40:00+00:00,4405.704,4405.796,4401.26,4401.935,944,50,0
2026-08-12 17:45:00+00:00,4402.241,4404.153,4401.731,4403.147,756,50,0
2026-08-12 17:50:00+00:00,4403.161,4405.74,4399.707,4400.414,767,50,0
2026-08-12 17:55:00+00:00,4400.467,4401.872,4398.878,4399.659,745,50,0
2026-08-12 18:00:00+00:00,4399.553,4399.585,4396.226,4398.909,761,50,0
2026-08-12 18:05:00+00:00,4398.848,4404.118,4398.365,4404.118,647,50,0
2026-08-12 18:10:00+00:00,4404.127,4406.629,4404.127,4405.839,631,50,0
2026-08-12 18:15:00+00:00,4405.794,4408.312,4404.476,4408.011,564,50,0
2026-08-12 18:20:00+00:00,4408.004,4410.944,4407.27,4410.663,521,50,0
2026-08-12 18:25:00+00:00,4410.665,4411.465,4407.359,4408.604,779,50,0
2026-08-12 18:30:00+00:00,4408.743,4413.354,4407.978,4412.278,656,50,0
2026-08-12 18:35:00+00:00,4412.216,4413.151,4410.484,4411.215,536,50,0
2026-08-12 18:40:00+00:00,4411.306,4413.902,4410.399,4413.519,615,50,0
2026-08-12 18:45:00+00:00,4413.712,4418.018,4413.283,4417.306,791,50,0
2026-08-12 18:50:00+00:00,4417.291,4417.487,4413.515,4413.975,631,50,0
2026-08-12 18:55:00+00:00,4414.039,4414.418,4412.76,4413.205,483,50,0
2026-08-12 19:00:00+00:00,4413.185,4417.21,4412.785,4416.596,668,50,0
2026-08-12 19:05:00+00:00,4416.811,4418.506,4414.924,4416.191,592,50,0
2026-08-12 19:10:00+00:00,4415.971,4417.072,4415.495,4416.312,450,50,0
2026-08-12 19:15:00+00:00,4416.476,4418.07,4415.868,4417.462,473,50,0
2026-08-12 19:20:00+00:00,4417.443,4417.772,4416.021,4416.308,437,50,0
2026-08-12 19:25:00+00:00,4416.293,4417.332,4415.623,4416.642,511,50,0
2026-08-12 19:30:00+00:00,4416.697,4416.852,4413.337,4413.956,616,50,0
2026-08-12 19:35:00+00:00,4413.616,4414.446,4411.288,4411.722,631,50,0
2026-08-12 19:40:00+00:00,4412.027,4413.737,4411.298,4413.45,598,50,0
2026-08-12 19:45:00+00:00,4413.327,4413.763,4408.261,4409.833,743,50,0
2026-08-12 19:50:00+00:00,4409.974,4413.377,4409.91,4411.586,716,50,0
2026-08-12 19:55:00+00:00,4411.258,4414.201,4410.944,4413.759,720,50,0
2026-08-12 20:00:00+00:00,4413.825,4414.364,4411.041,4411.335,530,50,0
2026-08-12 20:05:00+00:00,4411.252,4412.213,4410.105,4410.495,445,50,0
2026-08-12 20:10:00+00:00,4410.81,4411.083,4408.708,4409.209,349,50,0
2026-08-12 20:15:00+00:00,4409.239,4410.155,4406.973,4407.276,344,50,0
2026-08-12 20:20:00+00:00,4407.27,4408.264,4406.504,4408.183,332,50,0
2026-08-12 20:25:00+00:00,4408.12,4408.996,4407.108,4407.65,292,50,0
2026-08-12 20:30:00+00:00,4407.706,4408.084,4406.763,4407.144,261,50,0
2026-08-12 20:35:00+00:00,4407.424,4408.797,4406.636,4408.236,373,50,0
2026-08-12 20:40:00+00:00,4408.325,4408.826,4407.271,4408.247,333,50,0
2026-08-12 20:45:00+00:00,4408.304,4408.93,4407.112,4408.588,385,50,0
2026-08-12 20:50:00+00:00,4408.606,4409.016,4406.798,4407.672,304,50,0
2026-08-12 20:55:00+00:00,4407.399,4409.206,4407.399,4408.831,249,50,0
2026-08-12 22:00:00+00:00,4408.534,4410.124,4405.458,4405.644,452,50,0
2026-08-12 22:05:00+00:00,4405.699,4405.976,4402.757,4404.238,333,50,0
2026-08-12 22:10:00+00:00,4404.239,4404.272,4402.443,4403.102,375,50,0
2026-08-12 22:15:00+00:00,4403.416,4403.494,4401.598,4402.447,294,50,0
2026-08-12 22:20:00+00:00,4402.416,4403.072,4401.62,4402.493,271,50,0
2026-08-12 22:25:00+00:00,4402.244,4402.988,4398.281,4399.474,398,50,0
2026-08-12 22:30:00+00:00,4399.474,4401.847,4399.166,4400.235,361,50,0
2026-08-12 22:35:00+00:00,4400.566,4401.229,4398.631,4399.407,315,50,0
2026-08-12 22:40:00+00:00,4399.697,4400.653,4399.373,4400.191,253,50,0
2026-08-12 22:45:00+00:00,4400.131,4401.403,4399.741,4400.682,280,50,0
2026-08-12 22:50:00+00:00,4400.7,4402.18,4400.627,4402.18,209,50,0
2026-08-12 22:55:00+00:00,4401.937,4402.875,4401.646,4401.919,257,50,0
2026-08-12 23:00:00+00:00,4401.866,4404.63,4401.663,4403.773,301,50,0
2026-08-12 23:05:00+00:00,4403.632,4405.527,4403.174,4405.524,283,50,0
2026-08-12 23:10:00+00:00,4405.47,4406.15,4404.925,4405.534,257,50,0
2026-08-12 23:15:00+00:00,4405.592,4408.218,4405.592,4407.157,244,50,0
2026-08-12 23:20:00+00:00,4407.166,4408.575,4407.166,4408.301,202,50,0
2026-08-12 23:25:00+00:00,4408.365,4409.822,4407.559,4408.264,393,50,0
2026-08-12 23:30:00+00:00,4408.552,4410.588,4408.176,4408.981,345,50,0
2026-08-12 23:35:00+00:00,4408.716,4409.735,4407.841,4408.419,263,50,0
2026-08-12 23:40:00+00:00,4408.106,4409.302,4407.24,4408.58,277,50,0
2026-08-12 23:45:00+00:00,4408.854,4410.16,4408.221,4408.732,315,50,0
2026-08-12 23:50:00+00:00,4408.553,4411.323,4407.874,4411.064,331,50,0
2026-08-12 23:55:00+00:00,4411.084,4414.478,4410.794,4414.367,401,40,0
2026-08-13 00:00:00+00:00,4414.432,4419.55,4412.909,4416.274,1430,50,0
2026-08-13 00:05:00+00:00,4416.49,4422.513,4415.438,4420.933,1182,50,0
2026-08-13 00:10:00+00:00,4421.152,4421.314,4418.486,4419.281,859,50,0
2026-08-13 00:15:00+00:00,4419.319,4429.511,4419.319,4428.63,1512,50,0
2026-08-13 00:20:00+00:00,4428.413,4437.67,4428.18,4434.411,1457,50,0
2026-08-13 00:25:00+00:00,4434.214,4434.671,4427.069,4428.576,1284,50,0
2026-08-13 00:30:00+00:00,4428.458,4449.943,4424.503,4444.348,2708,50,0
2026-08-13 00:35:00+00:00,4444.286,4445.624,4437.185,4437.68,1683,50,0
2026-08-13 00:40:00+00:00,4437.738,4440.6,4437.219,4440.453,1311,50,0
2026-08-13 00:45:00+00:00,4440.12,4440.458,4429.414,4430.005,1501,50,0
2026-08-13 00:50:00+00:00,4429.945,4432.808,4428.55,4431.65,1440,50,0
2026-08-13 00:55:00+00:00,4431.603,4431.82,4424.037,4428.165,1660,50,0
2026-08-13 01:00:00+00:00,4428.1,4434.067,4422.884,4433.531,4051,50,0
2026-08-13 01:05:00+00:00,4433.474,4435.564,4430.791,4435.208,2207,50,0
2026-08-13 01:10:00+00:00,4435.146,4435.214,4428.75,4430.272,1651,50,0
2026-08-13 01:15:00+00:00,4430.184,4435.347,4426.735,4427.425,1733,50,0
2026-08-13 01:20:00+00:00,4427.058,4427.768,4419.214,4421.395,1889,50,0
2026-08-13 01:25:00+00:00,4421.512,4423.732,4419.007,4419.57,1388,50,0
2026-08-13 01:30:00+00:00,4419.328,4428.989,4419.001,4428.335,1834,50,0
2026-08-13 01:35:00+00:00,4428.394,4430.319,4424.213,4424.457,1552,50,0
2026-08-13 01:40:00+00:00,4424.399,4424.399,4417.683,4419.498,1660,50,0
2026-08-13 01:45:00+00:00,4419.44,4419.44,4410.37,4413.024,2020,50,0
2026-08-13 01:50:00+00:00,4412.969,4415.788,4409.389,4415.445,1795,50,0
2026-08-13 01:55:00+00:00,4415.503,4416.11,4406.236,4408.577,1479,50,0
2026-08-13 02:00:00+00:00,4408.544,4410.367,4405.73,4408.184,1532,50,0
2026-08-13 02:05:00+00:00,4408.127,4413.465,4405.349,4413.039,1734,50,0
2026-08-13 02:10:00+00:00,4412.983,4413.98,4410.017,4410.74,1269,50,0
2026-08-13 02:15:00+00:00,4410.637,4412.23,4409.875,4411.941,860,50,0
2026-08-13 02:20:00+00:00,4411.893,4412.655,4405.998,4406.709,764,50,0
2026-08-13 02:25:00+00:00,4406.719,4409.087,4406.197,4406.38,763,50,0
2026-08-13 02:30:00+00:00,4406.595,4406.595,4400.399,4402.712,2596,50,0
2026-08-13 02:35:00+00:00,4402.493,4409.055,4398.861,4408.634,1552,50,0
2026-08-13 02:40:00+00:00,4408.51,4410.318,4406.134,4410.318,1048,50,0
2026-08-13 02:45:00+00:00,4410.386,4410.557,4407.327,4410.068,1100,50,0
2026-08-13 02:50:00+00:00,4410.01,4410.623,4405.379,4405.379,815,50,0
2026-08-13 02:55:00+00:00,4405.711,4408.502,4405.492,4406.958,695,50,0
2026-08-13 03:00:00+00:00,4406.902,4411.712,4406.672,4411.034,1034,50,0
2026-08-13 03:05:00+00:00,4411.109,4412.141,4407.824,4408.254,1061,50,0
2026-08-13 03:10:00+00:00,4408.222,4409.641,4404.05,4407.216,953,50,0
2026-08-13 03:15:00+00:00,4406.909,4410.429,4405.444,4408.772,828,50,0
2026-08-13 03:20:00+00:00,4409.039,4409.688,4406.896,4409.183,807,50,0
2026-08-13 03:25:00+00:00,4409.338,4410.333,4407.664,4409.363,745,50,0
2026-08-13 03:30:00+00:00,4409.418,4410.379,4408.859,4410.068,465,50,0
2026-08-13 03:35:00+00:00,4410.134,4410.461,4408.869,4409.161,416,50,0
2026-08-13 03:40:00+00:00,4409.107,4409.404,4405.652,4406.042,606,50,0
2026-08-13 03:45:00+00:00,4405.951,4407.663,4404.922,4405.589,625,50,0
2026-08-13 03:50:00+00:00,4405.571,4406.207,4402.237,4403.264,614,50,0
2026-08-13 03:55:00+00:00,4403.459,4403.459,4398.659,4400.347,855,50,0
2026-08-13 04:00:00+00:00,4400.355,4400.616,4394.532,4396.305,1433,50,0
2026-08-13 04:05:00+00:00,4396.251,4397.499,4395.075,4396.052,931,50,0
2026-08-13 04:10:00+00:00,4396.104,4396.267,4391.553,4394.426,909,50,0
2026-08-13 04:15:00+00:00,4394.698,4395.79,4393.239,4394.704,755,50,0
2026-08-13 04:20:00+00:00,4394.666,4397.864,4392.657,4397.481,724,50,0
2026-08-13 04:25:00+00:00,4397.427,4399.137,4396.776,4398.063,553,50,0
2026-08-13 04:30:00+00:00,4398.066,4399.705,4397.535,4398.843,552,50,0
2026-08-13 04:35:00+00:00,4398.75,4399.493,4397.189,4397.82,446,50,0
2026-08-13 04:40:00+00:00,4397.553,4399.433,4395.124,4396.014,501,50,0
2026-08-13 04:45:00+00:00,4395.833,4398.805,4395.565,4395.918,973,50,0
2026-08-13 04:50:00+00:00,4395.865,4397.717,4395.318,4396.745,575,50,0
2026-08-13 04:55:00+00:00,4396.824,4398.74,4396.187,4397.912,474,50,0
2026-08-13 05:00:00+00:00,4397.964,4398.053,4393.051,4394.618,1104,50,0
2026-08-13 05:05:00+00:00,4394.923,4397.824,4394.326,4396.701,870,50,0
2026-08-13 05:10:00+00:00,4396.756,4405.015,4395.312,4404.549,1281,50,0
2026-08-13 05:15:00+00:00,4404.491,4405.875,4400.78,4401.515,1113,50,0
2026-08-13 05:20:00+00:00,4401.39,4403.859,4401.065,4402.927,714,50,0
2026-08-13 05:25:00+00:00,4403.115,4407.459,4402.617,4406.254,714,50,0
2026-08-13 05:30:00+00:00,4406.427,4407.313,4393.403,4397.678,2119,50,0
2026-08-13 05:35:00+00:00,4397.744,4400.121,4396.99,4399.62,1277,50,0
2026-08-13 05:40:00+00:00,4399.62,4401.104,4386.545,4387.838,1780,50,0
2026-08-13 05:45:00+00:00,4387.779,4389.54,4383.041,4387.311,1800,50,0
2026-08-13 05:50:00+00:00,4387.075,4389.448,4384.455,4384.744,1568,50,0
2026-08-13 05:55:00+00:00,4384.676,4386.324,4380.698,4382.92,1573,50,0
2026-08-13 06:00:00+00:00,4382.905,4385.633,4376.284,4378.329,1434,50,0
2026-08-13 06:05:00+00:00,4378.199,4379.981,4375.522,4379.074,1587,50,0
2026-08-13 06:10:00+00:00,4379.055,4380.806,4375.16,4376.046,1514,50,0
2026-08-13 06:15:00+00:00,4375.958,4378.619,4375.034,4375.646,1071,50,0
2026-08-13 06:20:00+00:00,4375.583,4378.791,4374.24,4378.791,1263,50,0
2026-08-13 06:25:00+00:00,4378.575,4378.903,4374.458,4375.901,1334,50,0
2026-08-13 06:30:00+00:00,4376.11,4378.924,4369.808,4372.209,1568,50,0
2026-08-13 06:35:00+00:00,4371.944,4372.876,4368.938,4371.773,1277,50,0
2026-08-13 06:40:00+00:00,4371.881,4374.754,4371.434,4374.069,1094,50,0
2026-08-13 06:45:00+00:00,4374.308,4379.095,4373.861,4378.55,1079,50,0
2026-08-13 06:50:00+00:00,4378.496,4380.391,4378.186,4380.177,980,50,0
2026-08-13 06:55:00+00:00,4380.073,4381.621,4379.598,4380.816,869,50,0
2026-08-13 07:00:00+00:00,4380.746,4381.909,4378.219,4379.606,1210,50,0
2026-08-13 07:05:00+00:00,4379.901,4380.661,4377.362,4378.345,956,50,0
2026-08-13 07:10:00+00:00,4378.163,4379.157,4375.21,4376.854,1028,50,0
2026-08-13 07:15:00+00:00,4377.027,4377.922,4373.743,4374.267,916,50,0
2026-08-13 07:20:00+00:00,4373.876,4377.074,4373.628,4376.731,850,50,0
2026-08-13 07:25:00+00:00,4376.713,4377.393,4374.662,4376.622,886,50,0
2026-08-13 07:30:00+00:00,4376.567,4377.503,4372.011,4373.358,1014,50,0
2026-08-13 07:35:00+00:00,4373.311,4376.75,4372.447,4374.676,840,50,0
2026-08-13 07:40:00+00:00,4374.746,4378.843,4373.898,4378.781,853,50,0
2026-08-13 07:45:00+00:00,4378.841,4379.038,4371.237,4371.987,1255,50,0
2026-08-13 07:50:00+00:00,4371.934,4373.725,4370.042,4373.152,852,50,0
2026-08-13 07:55:00+00:00,4372.925,4373.186,4369.168,4370.119,923,50,0
2026-08-13 08:00:00+00:00,4370.062,4370.867,4365.524,4366.932,1465,50,0
2026-08-13 08:05:00+00:00,4366.994,4369.706,4365.867,4366.042,931,50,0
2026-08-13 08:10:00+00:00,4365.708,4368.098,4364.072,4366.089,1188,50,0
2026-08-13 08:15:00+00:00,4365.889,4368.113,4365.235,4365.421,869,50,0
2026-08-13 08:20:00+00:00,4365.523,4370.85,4364.824,4370.126,869,50,0
2026-08-13 08:25:00+00:00,4370.127,4373.665,4369.575,4372.998,843,50,0
2026-08-13 08:30:00+00:00,4372.943,4375.938,4371.852,4374.526,781,50,0
2026-08-13 08:35:00+00:00,4374.592,4375.76,4373.421,4373.494,742,50,0
2026-08-13 08:40:00+00:00,4373.654,4375.401,4373.318,4373.775,583,50,0
2026-08-13 08:45:00+00:00,4373.708,4379.328,4373.491,4378.53,734,50,0
2026-08-13 08:50:00+00:00,4378.453,4379.322,4374.896,4376.245,662,50,0
2026-08-13 08:55:00+00:00,4376.283,4377.248,4375.006,4375.842,474,50,0
2026-08-13 09:00:00+00:00,4375.765,4376.816,4373.424,4374.148,553,50,0
2026-08-13 09:05:00+00:00,4374.208,4378.253,4372.399,4377.192,756,50,0
2026-08-13 09:10:00+00:00,4377.264,4378.376,4376.436,4377.015,706,50,0
2026-08-13 09:15:00+00:00,4376.96,4381.019,4376.233,4380.474,759,50,0
2026-08-13 09:20:00+00:00,4380.687,4381.997,4378.036,4378.852,619,50,0
2026-08-13 09:25:00+00:00,4378.907,4382.563,4378.788,4380.219,786,50,0
2026-08-13 09:30:00+00:00,4380.089,4381.425,4379.677,4380.851,756,50,0
2026-08-13 09:35:00+00:00,4380.876,4381.814,4380.154,4380.991,577,50,0
2026-08-13 09:40:00+00:00,4380.952,4381.696,4378.729,4380.103,612,50,0
2026-08-13 09:45:00+00:00,4380.132,4380.806,4378.429,4379.494,457,50,0
2026-08-13 09:50:00+00:00,4379.548,4381.279,4378.992,4380.249,542,50,0
2026-08-13 09:55:00+00:00,4380.299,4384.797,4380.036,4384.464,636,50,0
2026-08-13 10:00:00+00:00,4384.524,4385.542,4383.431,4384.361,710,50,0
2026-08-13 10:05:00+00:00,4384.692,4385.578,4383.854,4384.108,525,50,0
2026-08-13 10:10:00+00:00,4383.973,4384.928,4381.509,4381.81,503,50,0
2026-08-13 10:15:00+00:00,4381.863,4386.12,4381.735,4385.212,539,50,0
2026-08-13 10:20:00+00:00,4385.155,4386.633,4383.734,4384.691,607,50,0
2026-08-13 10:25:00+00:00,4384.676,4387.693,4384.536,4387.138,574,50,0
2026-08-13 10:30:00+00:00,4387.173,4388.011,4384.551,4385.53,495,50,0
2026-08-13 10:35:00+00:00,4385.255,4389.35,4385.255,4388.554,453,50,0
2026-08-13 10:40:00+00:00,4388.49,4390.738,4387.936,4390.473,457,50,0
2026-08-13 10:45:00+00:00,4390.53,4390.672,4388.281,4390.192,433,50,0
2026-08-13 10:50:00+00:00,4390.313,4393.937,4390.122,4392.588,534,50,0
2026-08-13 10:55:00+00:00,4392.578,4393.059,4391.06,4392.273,501,50,0
2026-08-13 11:00:00+00:00,4392.214,4393.189,4388.521,4389.166,771,50,0
2026-08-13 11:05:00+00:00,4389.35,4391.836,4389.111,4390.567,497,50,0
2026-08-13 11:10:00+00:00,4390.56,4394.203,4390.166,4394.14,479,50,0
2026-08-13 11:15:00+00:00,4394.197,4396.788,4392.616,4393.467,772,50,0
2026-08-13 11:20:00+00:00,4393.137,4394.407,4391.113,4392.446,606,50,0
2026-08-13 11:25:00+00:00,4392.68,4393.238,4388.069,4388.247,620,50,0
2026-08-13 11:30:00+00:00,4388.3,4389.467,4386.806,4388.38,694,50,0
2026-08-13 11:35:00+00:00,4388.357,4389.895,4387.735,4388.995,586,50,0
2026-08-13 11:40:00+00:00,4388.969,4389.222,4383.717,4383.908,730,50,0
2026-08-13 11:45:00+00:00,4383.856,4385.992,4382.978,4384.856,738,50,0
2026-08-13 11:50:00+00:00,4384.641,4385.527,4382.79,4384.704,598,50,0
2026-08-13 11:55:00+00:00,4384.667,4388.311,4383.098,4387.614,768,50,0
2026-08-13 12:00:00+00:00,4387.678,4388.349,4385.653,4386.989,790,50,0
2026-08-13 12:05:00+00:00,4387.051,4391.757,4385.891,4390.731,820,50,0
2026-08-13 12:10:00+00:00,4390.951,4390.984,4388.0,4389.148,850,50,0
2026-08-13 12:15:00+00:00,4389.196,4389.552,4384.672,4386.618,742,50,0
2026-08-13 12:20:00+00:00,4386.479,4390.07,4384.492,4385.865,1249,50,0
2026-08-13 12:25:00+00:00,4385.798,4393.115,4384.016,4390.93,1063,50,0
2026-08-13 12:30:00+00:00,4391.006,4401.134,4380.68,4391.707,2252,50,0
2026-08-13 12:35:00+00:00,4391.761,4392.83,4386.422,4390.332,1787,50,0
2026-08-13 12:40:00+00:00,4390.082,4394.17,4385.833,4392.035,1755,50,0
2026-08-13 12:45:00+00:00,4392.109,4397.509,4391.608,4394.828,1246,50,0
2026-08-13 12:50:00+00:00,4394.881,4396.933,4392.708,4394.678,1099,50,0
2026-08-13 12:55:00+00:00,4394.985,4402.179,4392.788,4402.127,1406,50,0
2026-08-13 13:00:00+00:00,4401.797,4402.388,4391.536,4394.206,2566,50,0
2026-08-13 13:05:00+00:00,4394.334,4398.059,4392.02,4393.596,1900,50,0
2026-08-13 13:10:00+00:00,4393.384,4394.81,4390.93,4393.79,1656,50,0
2026-08-13 13:15:00+00:00,4393.847,4395.565,4390.607,4392.202,1451,50,0
2026-08-13 13:20:00+00:00,4392.534,4395.407,4388.518,4388.905,1640,50,0
2026-08-13 13:25:00+00:00,4388.717,4390.232,4384.111,4385.264,1923,50,0
2026-08-13 13:30:00+00:00,4385.203,4389.957,4377.049,4378.811,3368,50,0
2026-08-13 13:35:00+00:00,4378.668,4382.786,4375.112,4382.44,2600,50,0
2026-08-13 13:40:00+00:00,4382.365,4384.317,4376.514,4379.65,2396,50,0
2026-08-13 13:45:00+00:00,4379.706,4383.142,4375.75,4377.75,2508,50,0
2026-08-13 13:50:00+00:00,4377.812,4378.537,4370.814,4376.24,2691,50,0
2026-08-13 13:55:00+00:00,4376.293,4378.408,4372.014,4373.009,2740,50,0
2026-08-13 14:00:00+00:00,4373.068,4379.022,4369.777,4373.109,3424,50,0
2026-08-13 14:05:00+00:00,4373.171,4379.017,4368.342,4369.645,2582,50,0
2026-08-13 14:10:00+00:00,4369.525,4372.073,4366.813,4370.988,2520,50,0
2026-08-13 14:15:00+00:00,4371.106,4378.252,4368.997,4375.936,2542,50,0
2026-08-13 14:20:00+00:00,4375.992,4378.049,4370.8,4374.333,2288,50,0
2026-08-13 14:25:00+00:00,4374.27,4376.426,4367.626,4367.864,2404,50,0
2026-08-13 14:30:00+00:00,4367.805,4376.432,4357.407,4374.779,3466,50,0
2026-08-13 14:35:00+00:00,4374.995,4378.171,4371.964,4377.555,2053,50,0
2026-08-13 14:40:00+00:00,4377.502,4381.776,4376.581,4381.189,1423,50,0
2026-08-13 14:45:00+00:00,4381.248,4387.356,4381.146,4384.707,1794,50,0
2026-08-13 14:50:00+00:00,4384.63,4387.067,4382.501,4383.986,1478,50,0
2026-08-13 14:55:00+00:00,4383.842,4386.868,4383.383,4383.902,1184,50,0
2026-08-13 15:00:00+00:00,4383.954,4385.72,4377.955,4378.226,1430,50,0
2026-08-13 15:05:00+00:00,4378.283,4378.591,4368.911,4371.08,1635,50,0
2026-08-13 15:10:00+00:00,4371.21,4372.142,4368.127,4369.676,1853,50,0
2026-08-13 15:15:00+00:00,4369.875,4370.727,4363.447,4367.872,1599,50,0
2026-08-13 15:20:00+00:00,4367.816,4372.204,4366.444,4371.395,1466,50,0
2026-08-13 15:25:00+00:00,4371.332,4374.056,4363.574,4365.493,2208,50,0
2026-08-13 15:30:00+00:00,4365.438,4365.628,4357.561,4360.505,2562,50,0
2026-08-13 15:35:00+00:00,4360.623,4371.66,4360.343,4369.156,1664,50,0
2026-08-13 15:40:00+00:00,4368.937,4371.714,4368.033,4368.563,1187,50,0
2026-08-13 15:45:00+00:00,4368.364,4371.067,4368.187,4369.466,1095,50,0
2026-08-13 15:50:00+00:00,4369.413,4370.29,4365.529,4366.105,1053,50,0
2026-08-13 15:55:00+00:00,4366.237,4368.338,4363.409,4365.331,1033,50,0
2026-08-13 16:00:00+00:00,4365.118,4367.608,4362.629,4363.332,1266,50,0
2026-08-13 16:05:00+00:00,4363.55,4363.827,4358.615,4358.713,1173,50,0
2026-08-13 16:10:00+00:00,4358.645,4360.403,4353.991,4355.366,1757,50,0
2026-08-13 16:15:00+00:00,4355.422,4355.86,4351.414,4351.627,1831,50,0
2026-08-13 16:20:00+00:00,4351.415,4358.462,4351.348,4358.267,1447,50,0
2026-08-13 16:25:00+00:00,4358.198,4362.977,4356.714,4362.446,1346,50,0
2026-08-13 16:30:00+00:00,4362.509,4366.555,4362.399,4366.502,1263,50,0
2026-08-13 16:35:00+00:00,4366.556,4366.989,4362.886,4363.978,922,50,0
2026-08-13 16:40:00+00:00,4363.92,4367.338,4363.486,4365.624,796,50,0
2026-08-13 16:45:00+00:00,4365.856,4367.72,4365.657,4366.065,703,50,0
2026-08-13 16:50:00+00:00,4366.121,4366.679,4363.959,4365.408,672,50,0
2026-08-13 16:55:00+00:00,4365.432,4368.507,4365.17,4367.171,635,50,0
2026-08-13 17:00:00+00:00,4367.232,4369.53,4365.012,4366.521,708,50,0
2026-08-13 17:05:00+00:00,4366.579,4372.795,4366.269,4372.261,967,50,0
2026-08-13 17:10:00+00:00,4371.97,4373.421,4370.954,4371.377,737,50,0
2026-08-13 17:15:00+00:00,4371.434,4371.894,4366.032,4367.774,872,40,0
2026-08-13 17:20:00+00:00,4367.558,4369.497,4367.051,4368.167,874,50,0
2026-08-13 17:25:00+00:00,4368.148,4369.309,4362.526,4363.313,904,50,0
2026-08-13 17:30:00+00:00,4363.346,4364.604,4360.039,4361.021,790,50,0
2026-08-13 17:35:00+00:00,4361.035,4362.331,4360.029,4361.73,809,50,0
2026-08-13 17:40:00+00:00,4361.414,4362.304,4355.695,4357.417,965,40,0
2026-08-13 17:45:00+00:00,4357.454,4360.028,4357.077,4359.519,766,40,0
2026-08-13 17:50:00+00:00,4359.29,4360.191,4357.357,4358.046,604,40,0
2026-08-13 17:55:00+00:00,4357.99,4358.462,4355.668,4356.114,508,40,0
2026-08-13 18:00:00+00:00,4356.168,4360.231,4356.082,4358.807,847,40,0
2026-08-13 18:05:00+00:00,4358.479,4360.082,4357.228,4359.414,686,40,0
2026-08-13 18:10:00+00:00,4359.634,4362.909,4357.977,4362.217,724,40,0
2026-08-13 18:15:00+00:00,4362.19,4363.834,4360.775,4363.305,650,40,0
2026-08-13 18:20:00+00:00,4362.984,4363.356,4355.971,4357.539,729,40,0
2026-08-13 18:25:00+00:00,4357.215,4358.468,4354.634,4357.642,718,40,0
2026-08-13 18:30:00+00:00,4357.838,4359.62,4356.32,4358.598,701,40,0
2026-08-13 18:35:00+00:00,4358.71,4360.181,4357.655,4359.471,642,40,0
2026-08-13 18:40:00+00:00,4359.405,4360.672,4357.225,4357.869,612,40,0
2026-08-13 18:45:00+00:00,4357.957,4358.535,4356.523,4357.329,497,40,0
2026-08-13 18:50:00+00:00,4357.384,4357.833,4354.898,4356.841,583,40,0
2026-08-13 18:55:00+00:00,4356.897,4358.113,4356.541,4357.138,492,40,0
2026-08-13 19:00:00+00:00,4357.207,4359.039,4356.036,4358.349,587,40,0
2026-08-13 19:05:00+00:00,4358.482,4358.51,4353.214,4353.785,625,40,0
2026-08-13 19:10:00+00:00,4353.731,4353.898,4346.324,4346.994,1122,50,0
2026-08-13 19:15:00+00:00,4346.941,4348.573,4343.626,4347.788,1420,40,0
2026-08-13 19:20:00+00:00,4347.855,4349.459,4346.43,4348.85,788,40,0
2026-08-13 19:25:00+00:00,4348.914,4351.677,4348.367,4351.474,925,50,0
2026-08-13 19:30:00+00:00,4351.377,4352.231,4349.786,4351.196,755,40,0
2026-08-13 19:35:00+00:00,4350.988,4354.322,4350.467,4353.076,551,40,0
2026-08-13 19:40:00+00:00,4353.018,4353.401,4350.774,4351.647,612,40,0
2026-08-13 19:45:00+00:00,4351.71,4351.71,4347.72,4349.21,663,40,0
2026-08-13 19:50:00+00:00,4349.155,4351.033,4348.565,4350.439,607,50,0
2026-08-13 19:55:00+00:00,4350.561,4350.778,4347.962,4349.969,821,40,0
2026-08-13 20:00:00+00:00,4350.024,4350.718,4346.842,4347.926,684,50,0
2026-08-13 20:05:00+00:00,4348.053,4350.322,4347.806,4350.03,386,50,0
2026-08-13 20:10:00+00:00,4349.967,4350.696,4349.241,4350.295,377,50,0
2026-08-13 20:15:00+00:00,4350.348,4351.485,4350.13,4350.282,298,50,0
2026-08-13 20:20:00+00:00,4350.541,4350.664,4349.335,4349.737,239,50,0
2026-08-13 20:25:00+00:00,4349.799,4352.442,4349.392,4351.502,339,50,0
2026-08-13 20:30:00+00:00,4351.547,4351.655,4348.035,4349.028,384,50,0
2026-08-13 20:35:00+00:00,4348.939,4350.001,4348.331,4349.271,317,50,0
2026-08-13 20:40:00+00:00,4349.281,4350.838,4348.256,4349.715,369,50,0
2026-08-13 20:45:00+00:00,4349.649,4350.473,4349.206,4349.764,276,50,0
2026-08-13 20:50:00+00:00,4349.764,4350.89,4348.613,4349.118,371,50,0
2026-08-13 20:55:00+00:00,4349.092,4350.763,4348.708,4350.703,265,50,0
2026-08-13 22:00:00+00:00,4353.714,4354.32,4351.952,4353.027,331,50,0
2026-08-13 22:05:00+00:00,4353.042,4357.089,4352.879,4356.814,363,50,0
2026-08-13 22:10:00+00:00,4357.088,4357.159,4353.794,4354.188,361,50,0
2026-08-13 22:15:00+00:00,4354.308,4354.692,4352.77,4353.254,324,50,0
2026-08-13 22:20:00+00:00,4353.241,4356.584,4353.241,4356.5,420,50,0
2026-08-13 22:25:00+00:00,4356.444,4358.065,4356.096,4357.093,290,50,0
2026-08-13 22:30:00+00:00,4357.104,4358.116,4355.745,4357.63,418,50,0
2026-08-13 22:35:00+00:00,4357.603,4362.446,4357.353,4361.69,487,50,0
2026-08-13 22:40:00+00:00,4361.69,4362.925,4359.648,4360.669,507,50,0
2026-08-13 22:45:00+00:00,4360.654,4361.358,4355.281,4355.886,612,50,0
2026-08-13 22:50:00+00:00,4355.947,4357.644,4354.515,4356.474,543,50,0
2026-08-13 22:55:00+00:00,4356.455,4356.813,4353.223,4354.758,461,50,0
2026-08-13 23:00:00+00:00,4354.795,4355.283,4349.075,4349.622,506,50,0
2026-08-13 23:05:00+00:00,4349.68,4359.692,4349.68,4359.279,635,50,0
2026-08-13 23:10:00+00:00,4359.368,4360.381,4354.672,4360.381,537,50,0
2026-08-13 23:15:00+00:00,4360.446,4361.502,4357.099,4358.761,698,50,0
2026-08-13 23:20:00+00:00,4358.602,4360.98,4357.051,4360.378,493,50,0
2026-08-13 23:25:00+00:00,4360.353,4363.199,4359.843,4363.061,529,50,0
2026-08-13 23:30:00+00:00,4362.987,4363.618,4360.853,4361.842,461,40,0
2026-08-13 23:35:00+00:00,4361.569,4362.025,4360.324,4361.822,372,40,0
2026-08-13 23:40:00+00:00,4361.75,4362.584,4358.593,4360.448,511,40,0
2026-08-13 23:45:00+00:00,4360.251,4364.338,4359.405,4361.742,562,40,0
2026-08-13 23:50:00+00:00,4361.777,4361.831,4357.26,4358.031,472,40,0
2026-08-13 23:55:00+00:00,4358.046,4359.771,4356.526,4356.652,512,40,0
2026-08-14 00:00:00+00:00,4356.6,4362.303,4355.495,4360.182,1424,50,0
2026-08-14 00:05:00+00:00,4360.235,4360.592,4353.97,4357.964,1086,50,0
2026-08-14 00:10:00+00:00,4357.957,4358.418,4350.516,4352.155,1181,50,0
2026-08-14 00:15:00+00:00,4352.473,4352.473,4348.076,4349.661,1490,50,0
2026-08-14 00:20:00+00:00,4349.607,4350.043,4345.623,4347.406,1034,50,0
2026-08-14 00:25:00+00:00,4347.189,4347.242,4339.394,4339.394,1663,50,0
2026-08-14 00:30:00+00:00,4339.453,4347.023,4337.165,4345.895,1774,50,0
2026-08-14 00:35:00+00:00,4345.843,4346.633,4334.533,4335.768,1611,50,0
2026-08-14 00:40:00+00:00,4335.737,4340.501,4334.576,4339.649,1377,50,0
2026-08-14 00:45:00+00:00,4339.772,4342.704,4329.059,4334.124,1831,50,0
2026-08-14 00:50:00+00:00,4334.186,4340.018,4333.542,4339.585,1807,50,0
2026-08-14 00:55:00+00:00,4339.533,4342.239,4337.801,4340.961,1668,50,0
2026-08-14 01:00:00+00:00,4340.839,4341.7,4329.377,4329.736,4090,50,0
2026-08-14 01:05:00+00:00,4329.77,4333.847,4328.074,4329.124,2408,50,0
2026-08-14 01:10:00+00:00,4329.072,4329.072,4322.2,4324.473,2337,50,0
2026-08-14 01:15:00+00:00,4324.549,4326.297,4317.795,4322.775,2125,50,0
2026-08-14 01:20:00+00:00,4322.722,4325.92,4315.851,4316.857,2168,50,0
2026-08-14 01:25:00+00:00,4316.802,4322.151,4315.032,4319.736,1763,50,0
2026-08-14 01:30:00+00:00,4319.857,4319.92,4313.21,4313.692,1685,50,0
2026-08-14 01:35:00+00:00,4313.64,4320.23,4313.161,4319.387,1405,50,0
2026-08-14 01:40:00+00:00,4319.738,4321.651,4318.609,4319.5,1269,50,0
2026-08-14 01:45:00+00:00,4319.833,4323.452,4313.988,4315.906,1446,50,0
2026-08-14 01:50:00+00:00,4315.871,4319.588,4312.165,4317.865,1422,40,0
2026-08-14 01:55:00+00:00,4317.705,4321.601,4316.202,4318.29,1566,50,0
2026-08-14 02:00:00+00:00,4318.081,4322.935,4315.646,4317.046,1683,50,0
2026-08-14 02:05:00+00:00,4317.1,4319.752,4315.975,4317.513,1238,50,0
2026-08-14 02:10:00+00:00,4317.288,4317.843,4310.932,4312.677,1618,50,0
2026-08-14 02:15:00+00:00,4312.698,4317.556,4312.449,4315.865,1289,50,0
2026-08-14 02:20:00+00:00,4315.947,4317.669,4314.954,4316.499,928,50,0
2026-08-14 02:25:00+00:00,4316.672,4318.595,4312.715,4313.018,877,40,0
2026-08-14 02:30:00+00:00,4313.174,4321.63,4311.606,4320.544,2259,50,0
2026-08-14 02:35:00+00:00,4320.493,4322.822,4318.027,4320.897,1413,50,0
2026-08-14 02:40:00+00:00,4320.646,4322.329,4318.036,4320.986,1269,50,0
2026-08-14 02:45:00+00:00,4320.921,4322.156,4313.797,4316.59,1434,50,0
2026-08-14 02:50:00+00:00,4316.655,4318.507,4315.133,4316.312,1149,50,0
2026-08-14 02:55:00+00:00,4316.514,4316.626,4312.912,4315.905,1243,50,0
2026-08-14 03:00:00+00:00,4315.966,4319.212,4313.791,4318.602,1114,50,0
2026-08-14 03:05:00+00:00,4318.609,4323.571,4318.609,4319.642,1066,50,0
2026-08-14 03:10:00+00:00,4319.728,4324.01,4318.651,4320.474,1019,50,0
2026-08-14 03:15:00+00:00,4320.254,4323.094,4319.897,4322.592,721,50,0
2026-08-14 03:20:00+00:00,4322.704,4326.206,4322.278,4325.099,900,50,0
2026-08-14 03:25:00+00:00,4325.107,4326.118,4324.329,4325.725,668,50,0
2026-08-14 03:30:00+00:00,4325.67,4328.089,4325.014,4327.225,579,50,0
2026-08-14 03:35:00+00:00,4327.499,4328.195,4325.34,4326.666,563,40,0
2026-08-14 03:40:00+00:00,4326.653,4326.819,4325.226,4325.766,340,40,0
2026-08-14 03:45:00+00:00,4325.94,4326.912,4325.568,4326.572,350,40,0
2026-08-14 03:50:00+00:00,4326.675,4326.996,4324.151,4324.192,472,40,0
2026-08-14 03:55:00+00:00,4324.477,4325.015,4323.425,4323.717,364,40,0
2026-08-14 04:00:00+00:00,4323.773,4325.012,4322.771,4322.967,490,40,0
2026-08-14 04:05:00+00:00,4323.257,4325.123,4322.769,4324.167,484,40,0
2026-08-14 04:10:00+00:00,4323.893,4327.43,4323.387,4326.174,596,40,0
2026-08-14 04:15:00+00:00,4326.119,4327.874,4325.456,4326.714,537,40,0
2026-08-14 04:20:00+00:00,4326.579,4328.229,4326.047,4326.889,447,40,0
2026-08-14 04:25:00+00:00,4326.821,4327.424,4325.098,4325.098,403,40,0
2026-08-14 04:30:00+00:00,4325.363,4325.91,4323.327,4324.93,620,40,0
2026-08-14 04:35:00+00:00,4324.753,4325.922,4324.245,4325.348,442,40,0
2026-08-14 04:40:00+00:00,4325.192,4326.646,4324.835,4325.39,430,40,0
2026-08-14 04:45:00+00:00,4325.327,4325.33,4323.958,4324.668,388,40,0
2026-08-14 04:50:00+00:00,4324.541,4325.542,4323.724,4324.789,343,40,0
2026-08-14 04:55:00+00:00,4324.778,4326.832,4324.385,4326.832,403,40,0
2026-08-14 05:00:00+00:00,4326.897,4327.121,4323.691,4325.084,577,40,0
2026-08-14 05:05:00+00:00,4325.22,4325.824,4320.044,4320.145,782,40,0
2026-08-14 05:10:00+00:00,4320.197,4322.275,4319.465,4320.399,653,40,0
2026-08-14 05:15:00+00:00,4320.426,4320.65,4317.926,4319.154,619,40,0
2026-08-14 05:20:00+00:00,4319.102,4319.613,4317.16,4318.34,547,40,0
2026-08-14 05:25:00+00:00,4318.243,4319.66,4317.703,4318.305,495,40,0
2026-08-14 05:30:00+00:00,4318.523,4318.523,4310.917,4316.768,2436,50,0
2026-08-14 05:35:00+00:00,4317.1,4325.156,4316.699,4322.718,1288,50,0
2026-08-14 05:40:00+00:00,4322.328,4324.631,4317.694,4317.994,1082,50,0
2026-08-14 05:45:00+00:00,4317.743,4324.265,4317.319,4323.991,1075,50,0
2026-08-14 05:50:00+00:00,4323.927,4329.949,4323.756,4329.491,1338,50,0
2026-08-14 05:55:00+00:00,4329.554,4333.532,4329.011,4333.532,1212,50,0
2026-08-14 06:00:00+00:00,4333.59,4336.248,4331.873,4335.729,1470,50,0
2026-08-14 06:05:00+00:00,4335.664,4336.85,4329.927,4330.683,1184,50,0
2026-08-14 06:10:00+00:00,4330.766,4334.23,4329.736,4332.619,1257,50,0
2026-08-14 06:15:00+00:00,4332.526,4333.714,4331.174,4331.881,903,50,0
2026-08-14 06:20:00+00:00,4331.996,4332.659,4328.419,4331.728,888,50,0
2026-08-14 06:25:00+00:00,4331.655,4332.429,4329.052,4329.378,873,50,0
2026-08-14 06:30:00+00:00,4329.311,4330.604,4328.306,4329.174,797,50,0
2026-08-14 06:35:00+00:00,4329.283,4330.696,4328.305,4329.672,795,50,0
2026-08-14 06:40:00+00:00,4329.976,4333.052,4328.027,4333.02,862,50,0
2026-08-14 06:45:00+00:00,4333.081,4335.53,4332.572,4335.216,712,50,0
2026-08-14 06:50:00+00:00,4334.948,4335.36,4333.284,4334.251,675,50,0
2026-08-14 06:55:00+00:00,4334.224,4336.037,4333.594,4335.505,556,40,0
2026-08-14 07:00:00+00:00,4335.569,4337.604,4332.796,4335.071,876,50,0
2026-08-14 07:05:00+00:00,4335.361,4335.474,4333.42,4334.49,607,40,0
2026-08-14 07:10:00+00:00,4334.548,4334.907,4331.093,4331.132,728,50,0
2026-08-14 07:15:00+00:00,4331.225,4333.626,4331.225,4332.288,590,40,0
2026-08-14 07:20:00+00:00,4332.343,4336.535,4329.926,4336.363,893,50,0
2026-08-14 07:25:00+00:00,4336.304,4336.505,4331.71,4332.08,672,40,0
2026-08-14 07:30:00+00:00,4332.136,4334.164,4331.579,4333.661,588,50,0
2026-08-14 07:35:00+00:00,4333.596,4336.896,4333.382,4336.304,650,40,0
2026-08-14 07:40:00+00:00,4336.337,4340.378,4336.169,4339.604,744,50,0
2026-08-14 07:45:00+00:00,4339.715,4343.645,4339.341,4342.401,904,50,0
2026-08-14 07:50:00+00:00,4342.511,4343.476,4341.483,4343.225,735,50,0
2026-08-14 07:55:00+00:00,4343.279,4345.422,4341.761,4343.556,693,50,0
2026-08-14 08:00:00+00:00,4343.609,4348.209,4342.2,4342.632,1217,50,0
2026-08-14 08:05:00+00:00,4342.81,4346.14,4341.879,4345.207,848,50,0
2026-08-14 08:10:00+00:00,4345.088,4348.091,4344.075,4347.636,693,50,0
2026-08-14 08:15:00+00:00,4347.636,4349.257,4345.861,4346.513,796,50,0
2026-08-14 08:20:00+00:00,4346.664,4347.192,4343.618,4344.3,693,50,0
2026-08-14 08:25:00+00:00,4344.024,4345.82,4343.701,4345.731,630,50,0
2026-08-14 08:30:00+00:00,4345.792,4346.828,4344.16,4344.504,622,50,0
2026-08-14 08:35:00+00:00,4344.533,4349.093,4344.27,4348.129,687,40,0
2026-08-14 08:40:00+00:00,4348.148,4349.482,4343.611,4343.969,641,50,0
2026-08-14 08:45:00+00:00,4343.814,4344.958,4342.874,4344.337,538,50,0
2026-08-14 08:50:00+00:00,4344.246,4347.665,4343.844,4346.673,575,50,0
2026-08-14 08:55:00+00:00,4346.926,4349.893,4346.75,4348.619,544,50,0
2026-08-14 09:00:00+00:00,4348.496,4348.923,4347.242,4347.705,491,50,0
2026-08-14 09:05:00+00:00,4347.427,4349.492,4346.142,4349.076,633,50,0
2026-08-14 09:10:00+00:00,4348.846,4351.183,4347.901,4350.697,561,50,0
2026-08-14 09:15:00+00:00,4350.647,4352.174,4349.201,4349.688,646,50,0
2026-08-14 09:20:00+00:00,4349.566,4352.618,4348.933,4352.203,613,50,0
2026-08-14 09:25:00+00:00,4352.259,4354.446,4350.094,4351.736,708,50,0
2026-08-14 09:30:00+00:00,4351.67,4354.512,4350.116,4352.56,919,50,0
2026-08-14 09:35:00+00:00,4352.87,4354.725,4352.145,4352.992,630,50,0
2026-08-14 09:40:00+00:00,4352.685,4353.726,4351.867,4353.48,522,50,0
2026-08-14 09:45:00+00:00,4353.535,4354.682,4352.545,4353.861,476,50,0
2026-08-14 09:50:00+00:00,4353.616,4355.532,4352.97,4354.672,525,50,0
2026-08-14 09:55:00+00:00,4354.679,4357.47,4353.77,4357.055,566,40,0
2026-08-14 10:00:00+00:00,4357.173,4357.555,4355.838,4356.786,545,40,0
2026-08-14 10:05:00+00:00,4356.729,4358.877,4355.716,4356.317,572,50,0
2026-08-14 10:10:00+00:00,4356.061,4356.997,4353.971,4354.314,601,50,0
2026-08-14 10:15:00+00:00,4354.481,4355.334,4351.849,4353.657,595,50,0
2026-08-14 10:20:00+00:00,4353.469,4354.464,4352.592,4353.828,455,50,0
2026-08-14 10:25:00+00:00,4353.855,4354.355,4350.368,4351.544,602,50,0
2026-08-14 10:30:00+00:00,4351.601,4351.709,4348.413,4349.711,564,50,0
2026-08-14 10:35:00+00:00,4349.724,4350.366,4348.732,4349.149,432,50,0
2026-08-14 10:40:00+00:00,4349.161,4352.192,4348.698,4352.18,477,50,0
2026-08-14 10:45:00+00:00,4351.875,4352.749,4351.254,4351.294,429,50,0
2026-08-14 10:50:00+00:00,4351.281,4353.717,4350.889,4351.017,477,40,0
2026-08-14 10:55:00+00:00,4351.284,4351.305,4348.356,4349.51,542,40,0
2026-08-14 11:00:00+00:00,4349.571,4351.232,4348.543,4349.124,599,50,0
2026-08-14 11:05:00+00:00,4349.241,4351.708,4348.993,4350.863,432,50,0
2026-08-14 11:10:00+00:00,4350.875,4351.722,4349.978,4350.588,428,40,0
2026-08-14 11:15:00+00:00,4350.744,4355.658,4350.634,4355.458,580,50,0
2026-08-14 11:20:00+00:00,4355.51,4356.864,4353.631,4354.194,592,50,0
2026-08-14 11:25:00+00:00,4354.14,4357.34,4353.133,4356.658,512,50,0
2026-08-14 11:30:00+00:00,4356.694,4361.957,4356.418,4361.465,874,50,0
2026-08-14 11:35:00+00:00,4361.804,4363.621,4360.199,4361.868,791,50,0
2026-08-14 11:40:00+00:00,4361.647,4363.584,4361.379,4362.51,615,50,0
2026-08-14 11:45:00+00:00,4362.441,4363.338,4360.934,4361.964,687,50,0
2026-08-14 11:50:00+00:00,4361.994,4368.187,4361.71,4367.117,872,50,0
2026-08-14 11:55:00+00:00,4367.171,4369.501,4365.56,4369.368,626,50,0
2026-08-14 12:00:00+00:00,4369.216,4375.527,4368.997,4373.758,1279,50,0
2026-08-14 12:05:00+00:00,4373.746,4377.069,4371.753,4372.277,946,50,0
2026-08-14 12:10:00+00:00,4372.223,4372.353,4365.681,4371.603,1044,50,0
2026-08-14 12:15:00+00:00,4371.901,4372.747,4369.575,4372.206,781,50,0
2026-08-14 12:20:00+00:00,4372.569,4380.498,4372.569,4379.276,1329,50,0
2026-08-14 12:25:00+00:00,4379.115,4381.067,4377.456,4380.094,913,50,0
2026-08-14 12:30:00+00:00,4379.952,4387.141,4377.674,4381.428,1466,50,0
2026-08-14 12:35:00+00:00,4381.32,4382.064,4376.061,4377.978,1121,50,0
2026-08-14 12:40:00+00:00,4377.926,4377.926,4372.242,4372.884,1090,50,0
2026-08-14 12:45:00+00:00,4373.066,4377.033,4370.92,4374.68,1132,50,0
2026-08-14 12:50:00+00:00,4374.648,4378.015,4372.723,4375.325,993,50,0
2026-08-14 12:55:00+00:00,4375.26,4375.841,4372.551,4373.862,1127,50,0
2026-08-14 13:00:00+00:00,4373.916,4379.172,4370.244,4378.231,2148,50,0
2026-08-14 13:05:00+00:00,4378.173,4380.474,4376.076,4379.767,1411,50,0
2026-08-14 13:10:00+00:00,4379.831,4381.271,4374.935,4375.175,1227,50,0
2026-08-14 13:15:00+00:00,4375.235,4381.177,4375.235,4380.901,1156,50,0
2026-08-14 13:20:00+00:00,4380.954,4385.621,4379.404,4385.621,1051,50,0
2026-08-14 13:25:00+00:00,4385.403,4386.696,4383.854,4384.678,1207,50,0
2026-08-14 13:30:00+00:00,4384.504,4391.824,4383.642,4391.015,2600,50,0
2026-08-14 13:35:00+00:00,4390.952,4397.113,4390.952,4395.358,2044,50,0
2026-08-14 13:40:00+00:00,4395.412,4396.28,4390.652,4393.801,1743,50,0
2026-08-14 13:45:00+00:00,4393.97,4394.834,4386.55,4386.702,1611,50,0
2026-08-14 13:50:00+00:00,4386.791,4388.637,4382.933,4384.527,1687,50,0
2026-08-14 13:55:00+00:00,4384.583,4385.935,4382.789,4384.74,1167,50,0
2026-08-14 14:00:00+00:00,4384.589,4392.797,4384.32,4391.428,1477,50,0
2026-08-14 14:05:00+00:00,4391.314,4392.091,4388.742,4388.742,1407,50,0
2026-08-14 14:10:00+00:00,4388.763,4393.264,4386.999,4390.737,1403,50,0
2026-08-14 14:15:00+00:00,4390.504,4392.324,4385.453,4386.503,1423,50,0
2026-08-14 14:20:00+00:00,4386.176,4392.556,4385.144,4391.964,1332,50,0
2026-08-14 14:25:00+00:00,4391.91,4394.84,4390.331,4390.611,1147,50,0
2026-08-14 14:30:00+00:00,4390.671,4391.593,4384.307,4384.799,1253,50,0
2026-08-14 14:35:00+00:00,4384.745,4387.319,4384.02,4386.039,1028,50,0
2026-08-14 14:40:00+00:00,4386.092,4386.718,4381.484,4384.213,1133,50,0
2026-08-14 14:45:00+00:00,4384.459,4384.459,4378.82,4380.699,1182,50,0
2026-08-14 14:50:00+00:00,4380.643,4383.165,4379.606,4381.78,1110,50,0
2026-08-14 14:55:00+00:00,4381.454,4383.056,4379.836,4381.674,1044,50,0
2026-08-14 15:00:00+00:00,4381.456,4390.974,4381.031,4387.013,1444,50,0
2026-08-14 15:05:00+00:00,4387.067,4389.31,4385.498,4386.463,1089,50,0
2026-08-14 15:10:00+00:00,4386.526,4394.213,4385.952,4392.049,1516,50,0
2026-08-14 15:15:00+00:00,4392.17,4394.095,4385.955,4386.155,1482,50,0
2026-08-14 15:20:00+00:00,4386.33,4387.269,4382.957,4383.27,1154,50,0
2026-08-14 15:25:00+00:00,4383.217,4385.187,4379.142,4385.058,1231,50,0
2026-08-14 15:30:00+00:00,4385.126,4389.213,4383.83,4387.54,1255,50,0
2026-08-14 15:35:00+00:00,4387.482,4390.048,4386.658,4387.792,1071,50,0
2026-08-14 15:40:00+00:00,4387.561,4389.945,4386.617,4389.699,894,50,0
2026-08-14 15:45:00+00:00,4389.635,4394.821,4389.258,4392.281,1102,50,0
2026-08-14 15:50:00+00:00,4392.274,4393.153,4389.941,4390.547,715,50,0
2026-08-14 15:55:00+00:00,4390.561,4393.247,4390.355,4391.556,670,50,0
2026-08-14 16:00:00+00:00,4391.842,4396.921,4390.829,4390.829,967,50,0
2026-08-14 16:05:00+00:00,4390.776,4393.036,4389.11,4390.173,676,50,0
2026-08-14 16:10:00+00:00,4390.114,4390.66,4388.723,4389.576,590,50,0
2026-08-14 16:15:00+00:00,4389.621,4392.198,4389.344,4391.773,650,50,0
2026-08-14 16:20:00+00:00,4391.989,4393.169,4389.363,4389.661,471,50,0
2026-08-14 16:25:00+00:00,4389.638,4389.784,4386.821,4387.691,550,50,0
2026-08-14 16:30:00+00:00,4387.808,4387.863,4380.099,4383.973,905,50,0
2026-08-14 16:35:00+00:00,4383.875,4389.143,4383.206,4388.269,806,50,0
2026-08-14 16:40:00+00:00,4388.149,4388.894,4385.519,4385.941,617,50,0
2026-08-14 16:45:00+00:00,4385.979,4387.154,4385.233,4386.932,511,50,0
2026-08-14 16:50:00+00:00,4386.829,4387.643,4385.389,4386.4,475,50,0
2026-08-14 16:55:00+00:00,4386.414,4386.851,4384.797,4385.919,495,50,0
2026-08-14 17:00:00+00:00,4385.85,4386.655,4382.967,4383.712,621,50,0
2026-08-14 17:05:00+00:00,4383.764,4384.337,4381.384,4382.469,540,50,0
2026-08-14 17:10:00+00:00,4382.33,4382.726,4380.49,4382.577,526,50,0
2026-08-14 17:15:00+00:00,4382.603,4385.025,4381.469,4381.494,602,50,0
2026-08-14 17:20:00+00:00,4381.68,4382.864,4379.793,4381.772,544,50,0
2026-08-14 17:25:00+00:00,4381.719,4382.625,4379.216,4379.659,608,50,0
2026-08-14 17:30:00+00:00,4379.594,4382.942,4379.539,4382.695,706,50,0
2026-08-14 17:35:00+00:00,4382.619,4382.694,4379.382,4379.658,572,50,0
2026-08-14 17:40:00+00:00,4379.589,4380.814,4376.957,4377.963,589,50,0
2026-08-14 17:45:00+00:00,4377.668,4378.126,4376.332,4377.12,504,50,0
2026-08-14 17:50:00+00:00,4377.114,4379.239,4376.425,4378.035,476,50,0
2026-08-14 17:55:00+00:00,4377.972,4378.699,4377.089,4378.699,375,40,0
2026-08-14 18:00:00+00:00,4378.76,4381.751,4376.565,4381.29,566,50,0
2026-08-14 18:05:00+00:00,4381.169,4381.91,4379.216,4380.094,551,50,0
2026-08-14 18:10:00+00:00,4380.077,4380.897,4376.885,4377.356,531,50,0
2026-08-14 18:15:00+00:00,4377.258,4379.252,4376.99,4378.672,458,50,0
2026-08-14 18:20:00+00:00,4378.664,4380.487,4378.182,4379.501,436,50,0
2026-08-14 18:25:00+00:00,4379.38,4380.513,4377.868,4379.274,448,50,0
2026-08-14 18:30:00+00:00,4379.339,4379.865,4377.358,4378.291,467,50,0
2026-08-14 18:35:00+00:00,4378.344,4382.853,4378.109,4382.694,467,50,0
2026-08-14 18:40:00+00:00,4382.637,4382.927,4376.167,4376.389,637,50,0
2026-08-14 18:45:00+00:00,4376.37,4377.185,4371.047,4374.001,768,50,0
2026-08-14 18:50:00+00:00,4374.285,4375.903,4372.849,4373.515,464,50,0
2026-08-14 18:55:00+00:00,4373.306,4374.463,4372.949,4373.547,440,50,0
2026-08-14 19:00:00+00:00,4373.594,4373.999,4372.533,4372.93,484,50,0
2026-08-14 19:05:00+00:00,4372.677,4376.868,4372.168,4376.489,484,50,0
2026-08-14 19:10:00+00:00,4376.269,4377.337,4375.616,4375.831,408,50,0
2026-08-14 19:15:00+00:00,4375.812,4376.687,4374.546,4375.291,426,50,0
2026-08-14 19:20:00+00:00,4375.31,4377.115,4375.067,4376.272,377,50,0
2026-08-14 19:25:00+00:00,4376.336,4378.022,4376.172,4377.202,398,50,0
2026-08-14 19:30:00+00:00,4377.088,4378.142,4376.756,4377.422,445,50,0
2026-08-14 19:35:00+00:00,4377.4,4378.325,4375.95,4376.533,458,50,0
2026-08-14 19:40:00+00:00,4376.417,4377.625,4375.63,4375.73,444,50,0
2026-08-14 19:45:00+00:00,4375.785,4376.149,4375.065,4375.935,403,50,0
2026-08-14 19:50:00+00:00,4375.992,4380.096,4375.798,4378.147,613,50,0
2026-08-14 19:55:00+00:00,4378.297,4378.297,4373.619,4376.109,928,50,0
2026-08-14 20:00:00+00:00,4376.189,4376.189,4373.556,4374.285,500,50,0
2026-08-14 20:05:00+00:00,4374.036,4374.596,4371.83,4372.197,474,50,0
2026-08-14 20:10:00+00:00,4372.253,4373.112,4371.398,4372.831,335,50,0
2026-08-14 20:15:00+00:00,4372.831,4373.956,4372.769,4373.292,223,50,0
2026-08-14 20:20:00+00:00,4373.136,4374.24,4372.325,4373.903,288,50,0
2026-08-14 20:25:00+00:00,4374.115,4375.034,4373.587,4374.853,294,50,0
2026-08-14 20:30:00+00:00,4374.685,4374.895,4373.833,4374.198,271,50,0
2026-08-14 20:35:00+00:00,4374.066,4376.401,4373.661,4375.86,371,50,0
2026-08-14 20:40:00+00:00,4375.92,4377.155,4374.737,4375.48,342,50,0
2026-08-14 20:45:00+00:00,4375.559,4376.121,4375.186,4375.334,279,50,0
2026-08-14 20:50:00+00:00,4375.584,4376.28,4375.066,4376.021,339,50,0
2026-08-14 20:55:00+00:00,4376.231,4376.312,4375.075,4375.988,328,50,0
2026-08-16 22:00:00+00:00,4379.527,4379.527,4372.343,4373.197,568,50,0
2026-08-16 22:05:00+00:00,4373.265,4376.947,4372.396,4376.606,610,50,0
2026-08-16 22:10:00+00:00,4376.617,4378.75,4374.205,4375.719,433,50,0
2026-08-16 22:15:00+00:00,4375.74,4376.24,4372.969,4373.98,360,50,0
2026-08-16 22:20:00+00:00,4374.256,4375.441,4373.155,4373.434,319,50,0
2026-08-16 22:25:00+00:00,4373.358,4375.315,4372.984,4374.808,362,50,0
2026-08-16 22:30:00+00:00,4374.808,4377.877,4374.754,4377.051,468,50,0
2026-08-16 22:35:00+00:00,4376.992,4379.045,4376.59,4378.455,346,50,0
2026-08-16 22:40:00+00:00,4378.78,4378.933,4376.529,4377.904,294,50,0
2026-08-16 22:45:00+00:00,4377.643,4381.189,4377.61,4380.871,459,40,0
2026-08-16 22:50:00+00:00,4380.822,4384.551,4380.311,4383.267,463,50,0
2026-08-16 22:55:00+00:00,4383.231,4387.022,4382.698,4386.156,432,50,0
2026-08-16 23:00:00+00:00,4386.006,4386.426,4380.853,4382.15,676,50,0
2026-08-16 23:05:00+00:00,4382.162,4383.314,4381.238,4383.278,387,40,0
2026-08-16 23:10:00+00:00,4383.154,4383.626,4379.555,4380.0,380,40,0
2026-08-16 23:15:00+00:00,4380.056,4381.431,4378.388,4380.116,444,50,0
2026-08-16 23:20:00+00:00,4379.867,4381.013,4375.5,4376.168,575,50,0
2026-08-16 23:25:00+00:00,4376.151,4376.783,4372.859,4374.704,484,50,0
2026-08-16 23:30:00+00:00,4374.772,4375.399,4369.81,4371.188,712,50,0
2026-08-16 23:35:00+00:00,4371.041,4371.911,4367.156,4370.679,630,50,0
2026-08-16 23:40:00+00:00,4370.435,4370.512,4367.908,4368.522,420,50,0
2026-08-16 23:45:00+00:00,4368.234,4373.829,4368.234,4371.64,539,40,0
2026-08-16 23:50:00+00:00,4371.904,4373.04,4370.417,4371.898,520,50,0
2026-08-16 23:55:00+00:00,4372.151,4372.557,4369.826,4370.459,536,40,0
2026-08-17 00:00:00+00:00,4370.534,4376.241,4368.194,4374.765,1696,40,0
2026-08-17 00:05:00+00:00,4375.087,4376.127,4372.152,4372.261,1121,50,0
2026-08-17 00:10:00+00:00,4372.49,4379.742,4372.199,4378.941,1046,50,0
2026-08-17 00:15:00+00:00,4378.64,4387.799,4378.36,4384.857,1230,50,0
2026-08-17 00:20:00+00:00,4384.648,4388.712,4384.081,4386.774,890,50,0
2026-08-17 00:25:00+00:00,4386.823,4391.107,4386.371,4389.716,875,50,0
2026-08-17 00:30:00+00:00,4389.937,4394.58,4389.334,4392.627,954,50,0
2026-08-17 00:35:00+00:00,4392.632,4393.302,4388.682,4389.054,599,50,0
2026-08-17 00:40:00+00:00,4389.004,4398.042,4387.588,4396.094,953,50,0
2026-08-17 00:45:00+00:00,4396.04,4396.503,4394.278,4395.291,787,50,0
2026-08-17 00:50:00+00:00,4395.323,4398.783,4394.4,4397.909,921,50,0
2026-08-17 00:55:00+00:00,4398.165,4402.194,4397.46,4401.094,1123,50,0
2026-08-17 01:00:00+00:00,4400.992,4409.37,4399.217,4407.741,3808,50,0
2026-08-17 01:05:00+00:00,4407.679,4411.733,4405.152,4407.074,1523,50,0
2026-08-17 01:10:00+00:00,4407.128,4412.05,4404.229,4409.47,1382,50,0
2026-08-17 01:15:00+00:00,4409.391,4410.676,4406.229,4408.135,1500,50,0
2026-08-17 01:20:00+00:00,4407.976,4416.689,4407.784,4412.679,1606,50,0
2026-08-17 01:25:00+00:00,4412.813,4414.838,4406.354,4407.41,1336,50,0
2026-08-17 01:30:00+00:00,4407.463,4408.346,4401.582,4402.563,1518,50,0
2026-08-17 01:35:00+00:00,4402.565,4403.554,4399.047,4400.901,1378,50,0
2026-08-17 01:40:00+00:00,4400.922,4403.738,4397.67,4403.627,1147,50,0
2026-08-17 01:45:00+00:00,4403.571,4404.147,4394.327,4395.428,1277,50,0
2026-08-17 01:50:00+00:00,4395.31,4398.887,4391.99,4397.533,1233,50,0
2026-08-17 01:55:00+00:00,4397.465,4397.618,4393.162,4395.852,975,50,0
2026-08-17 02:00:00+00:00,4395.799,4398.444,4394.801,4395.955,1023,50,0
2026-08-17 02:05:00+00:00,4396.025,4397.517,4392.583,4395.583,1015,50,0
2026-08-17 02:10:00+00:00,4395.43,4395.456,4392.835,4394.426,891,50,0
2026-08-17 02:15:00+00:00,4394.272,4395.864,4392.319,4393.831,918,50,0
2026-08-17 02:20:00+00:00,4393.9,4395.302,4389.852,4394.98,866,50,0
2026-08-17 02:25:00+00:00,4395.036,4397.709,4394.572,4395.592,709,50,0
2026-08-17 02:30:00+00:00,4395.66,4398.419,4392.25,4392.781,1396,50,0
2026-08-17 02:35:00+00:00,4392.726,4395.519,4391.472,4392.21,1184,50,0
2026-08-17 02:40:00+00:00,4392.049,4395.105,4389.772,4393.201,1096,50,0
2026-08-17 02:45:00+00:00,4392.854,4393.528,4390.453,4391.734,848,50,0
2026-08-17 02:50:00+00:00,4391.673,4392.848,4389.988,4390.446,868,50,0
2026-08-17 02:55:00+00:00,4390.39,4393.67,4388.505,4393.278,798,50,0
2026-08-17 03:00:00+00:00,4393.394,4395.082,4392.362,4392.762,895,50,0
2026-08-17 03:05:00+00:00,4392.952,4394.142,4389.473,4389.962,789,50,0
2026-08-17 03:10:00+00:00,4390.091,4391.703,4388.799,4390.251,673,50,0
2026-08-17 03:15:00+00:00,4390.317,4391.185,4387.943,4390.958,715,50,0
2026-08-17 03:20:00+00:00,4391.011,4391.854,4389.969,4390.872,583,50,0
2026-08-17 03:25:00+00:00,4390.884,4393.585,4388.724,4392.82,685,50,0
2026-08-17 03:30:00+00:00,4393.098,4395.746,4391.036,4394.654,774,50,0
2026-08-17 03:35:00+00:00,4394.521,4395.323,4392.246,4393.644,629,50,0
2026-08-17 03:40:00+00:00,4393.87,4397.289,4393.87,4395.368,686,50,0
2026-08-17 03:45:00+00:00,4395.314,4395.869,4392.896,4395.155,623,50,0
2026-08-17 03:50:00+00:00,4394.883,4395.583,4394.056,4394.921,500,50,0
2026-08-17 03:55:00+00:00,4395.002,4397.838,4393.896,4396.956,500,50,0
2026-08-17 04:00:00+00:00,4397.017,4399.698,4396.411,4397.574,663,50,0
2026-08-17 04:05:00+00:00,4397.585,4398.809,4396.374,4397.795,647,50,0
2026-08-17 04:10:00+00:00,4397.728,4399.561,4397.163,4398.483,558,50,0
2026-08-17 04:15:00+00:00,4398.56,4399.02,4396.648,4396.992,585,50,0
2026-08-17 04:20:00+00:00,4397.241,4397.241,4393.113,4393.853,574,50,0
2026-08-17 04:25:00+00:00,4394.016,4394.169,4390.147,4390.818,552,50,0
2026-08-17 04:30:00+00:00,4391.131,4392.109,4388.905,4391.812,529,50,0
2026-08-17 04:35:00+00:00,4391.805,4393.775,4390.094,4392.908,609,50,0
2026-08-17 04:40:00+00:00,4392.685,4396.617,4391.839,4395.858,634,50,0
2026-08-17 04:45:00+00:00,4395.625,4397.98,4395.311,4395.984,517,50,0
2026-08-17 04:50:00+00:00,4396.228,4396.898,4394.826,4395.259,480,50,0
2026-08-17 04:55:00+00:00,4395.422,4395.579,4389.876,4390.776,572,50,0
2026-08-17 05:00:00+00:00,4390.841,4393.105,4389.918,4393.054,707,50,0
2026-08-17 05:05:00+00:00,4392.658,4393.41,4389.729,4392.038,644,50,0
2026-08-17 05:10:00+00:00,4392.028,4392.187,4386.886,4387.94,666,50,0
2026-08-17 05:15:00+00:00,4387.783,4393.52,4386.89,4393.128,647,50,0
2026-08-17 05:20:00+00:00,4393.18,4396.886,4390.684,4395.298,833,50,0
2026-08-17 05:25:00+00:00,4395.182,4399.665,4394.512,4399.665,679,50,0
2026-08-17 05:30:00+00:00,4399.607,4401.398,4395.751,4396.552,1692,50,0
2026-08-17 05:35:00+00:00,4396.498,4396.561,4392.226,4395.625,1321,50,0
2026-08-17 05:40:00+00:00,4395.564,4397.015,4393.903,4395.886,989,50,0
2026-08-17 05:45:00+00:00,4395.694,4397.53,4392.213,4397.314,992,50,0
2026-08-17 05:50:00+00:00,4397.355,4397.66,4392.546,4393.264,902,50,0
2026-08-17 05:55:00+00:00,4393.321,4395.998,4392.771,4394.965,879,50,0
2026-08-17 06:00:00+00:00,4394.948,4398.402,4394.543,4395.576,1150,50,0
2026-08-17 06:05:00+00:00,4395.638,4397.934,4393.615,4395.421,1035,50,0
2026-08-17 06:10:00+00:00,4395.42,4397.579,4392.732,4396.739,970,50,0
2026-08-17 06:15:00+00:00,4396.883,4396.883,4392.743,4393.768,752,50,0
2026-08-17 06:20:00+00:00,4393.7,4396.845,4393.333,4395.188,893,50,0
2026-08-17 06:25:00+00:00,4395.159,4400.093,4394.421,4398.565,1173,50,0
2026-08-17 06:30:00+00:00,4398.621,4398.649,4394.84,4395.731,932,50,0
2026-08-17 06:35:00+00:00,4395.469,4395.991,4393.668,4395.226,850,50,0
2026-08-17 06:40:00+00:00,4394.941,4396.479,4393.583,4396.033,658,50,0
2026-08-17 06:45:00+00:00,4396.366,4401.059,4396.137,4400.322,1016,50,0
2026-08-17 06:50:00+00:00,4400.691,4404.658,4400.337,4402.208,906,50,0
2026-08-17 06:55:00+00:00,4401.954,4403.456,4401.104,4402.976,698,50,0
2026-08-17 07:00:00+00:00,4403.031,4404.088,4401.244,4401.675,1026,50,0
2026-08-17 07:05:00+00:00,4401.733,4403.085,4399.441,4400.498,806,50,0
2026-08-17 07:10:00+00:00,4400.553,4401.538,4396.112,4396.632,850,50,0
2026-08-17 07:15:00+00:00,4396.609,4399.27,4396.512,4397.476,796,50,0
2026-08-17 07:20:00+00:00,4397.732,4397.9,4395.98,4397.262,661,50,0
2026-08-17 07:25:00+00:00,4397.317,4405.194,4396.755,4404.888,839,50,0
2026-08-17 07:30:00+00:00,4404.948,4408.217,4404.677,4407.026,1168,50,0
2026-08-17 07:35:00+00:00,4407.018,4411.374,4406.737,4407.582,894,50,0
2026-08-17 07:40:00+00:00,4407.641,4411.026,4407.101,4409.213,619,50,0
2026-08-17 07:45:00+00:00,4409.569,4410.02,4407.203,4407.716,637,50,0
2026-08-17 07:50:00+00:00,4407.644,4408.378,4403.674,4404.362,690,50,0
2026-08-17 07:55:00+00:00,4404.366,4406.183,4403.889,4405.172,531,50,0
2026-08-17 08:00:00+00:00,4405.055,4405.055,4399.62,4400.261,1053,50,0
2026-08-17 08:05:00+00:00,4400.325,4400.804,4397.61,4399.878,739,50,0
2026-08-17 08:10:00+00:00,4399.759,4402.981,4398.639,4402.799,594,50,0
2026-08-17 08:15:00+00:00,4402.869,4403.714,4400.399,4401.325,605,50,0
2026-08-17 08:20:00+00:00,4401.26,4403.053,4400.36,4402.369,559,50,0
2026-08-17 08:25:00+00:00,4402.316,4403.166,4400.803,4401.752,543,50,0
2026-08-17 08:30:00+00:00,4402.084,4402.286,4399.442,4400.114,541,50,0
2026-08-17 08:35:00+00:00,4400.165,4402.307,4398.931,4401.408,527,50,0
2026-08-17 08:40:00+00:00,4401.192,4401.519,4395.965,4396.531,530,50,0
2026-08-17 08:45:00+00:00,4396.534,4397.043,4394.928,4395.717,536,50,0
2026-08-17 08:50:00+00:00,4395.836,4396.189,4392.866,4393.749,607,50,0
2026-08-17 08:55:00+00:00,4393.69,4395.917,4392.745,4395.225,591,50,0
2026-08-17 09:00:00+00:00,4395.316,4396.545,4393.287,4396.359,637,50,0
2026-08-17 09:05:00+00:00,4396.267,4399.673,4395.34,4399.415,597,50,0
2026-08-17 09:10:00+00:00,4399.5,4400.605,4398.811,4398.912,496,50,0
2026-08-17 09:15:00+00:00,4399.053,4400.127,4397.022,4398.631,599,50,0
2026-08-17 09:20:00+00:00,4398.232,4398.942,4396.247,4397.013,516,50,0
2026-08-17 09:25:00+00:00,4396.793,4398.366,4395.559,4397.009,633,50,0
2026-08-17 09:30:00+00:00,4397.081,4397.674,4394.49,4396.382,813,50,0
2026-08-17 09:35:00+00:00,4396.267,4397.291,4393.838,4394.51,671,50,0
2026-08-17 09:40:00+00:00,4394.559,4396.675,4393.775,4394.184,555,50,0
2026-08-17 09:45:00+00:00,4394.48,4395.501,4392.564,4395.225,596,50,0
2026-08-17 09:50:00+00:00,4395.295,4396.141,4392.836,4393.395,648,50,0
2026-08-17 09:55:00+00:00,4393.517,4395.785,4393.325,4395.527,502,50,0
2026-08-17 10:00:00+00:00,4395.582,4396.2,4393.144,4394.03,479,50,0
2026-08-17 10:05:00+00:00,4394.222,4396.437,4394.063,4394.372,520,50,0
2026-08-17 10:10:00+00:00,4394.384,4396.645,4393.91,4395.945,584,50,0
2026-08-17 10:15:00+00:00,4395.931,4400.254,4394.867,4396.17,728,50,0
2026-08-17 10:20:00+00:00,4396.028,4397.422,4395.075,4396.59,491,50,0
2026-08-17 10:25:00+00:00,4396.648,4405.715,4391.972,4405.056,1853,50,0
2026-08-17 10:30:00+00:00,4404.996,4406.095,4397.062,4397.389,2007,50,0
2026-08-17 10:35:00+00:00,4397.541,4398.538,4395.493,4396.127,806,50,0
2026-08-17 10:40:00+00:00,4396.186,4398.906,4395.329,4398.147,604,50,0
2026-08-17 10:45:00+00:00,4398.202,4399.364,4396.304,4397.095,547,50,0
2026-08-17 10:50:00+00:00,4397.154,4398.855,4396.609,4397.596,495,50,0
2026-08-17 10:55:00+00:00,4397.627,4399.688,4396.941,4399.149,613,50,0
2026-08-17 11:00:00+00:00,4399.271,4402.392,4397.876,4400.546,737,50,0
2026-08-17 11:05:00+00:00,4400.534,4404.084,4400.185,4402.288,590,50,0
2026-08-17 11:10:00+00:00,4402.234,4403.022,4399.608,4399.895,564,50,0
2026-08-17 11:15:00+00:00,4399.947,4400.271,4397.069,4398.403,520,50,0
2026-08-17 11:20:00+00:00,4398.483,4404.415,4398.483,4403.493,783,50,0
2026-08-17 11:25:00+00:00,4403.907,4404.87,4402.752,4403.806,556,50,0
2026-08-17 11:30:00+00:00,4403.864,4405.081,4402.429,4404.043,564,50,0
2026-08-17 11:35:00+00:00,4404.111,4404.799,4402.712,4403.023,525,50,0
2026-08-17 11:40:00+00:00,4403.045,4403.413,4399.301,4399.861,588,50,0
2026-08-17 11:45:00+00:00,4399.589,4400.961,4396.909,4397.245,499,50,0
2026-08-17 11:50:00+00:00,4397.246,4399.129,4395.553,4397.018,630,50,0
2026-08-17 11:55:00+00:00,4396.943,4397.802,4396.026,4396.812,550,50,0
2026-08-17 12:00:00+00:00,4396.981,4397.768,4393.591,4394.879,945,50,0
2026-08-17 12:05:00+00:00,4394.933,4395.33,4392.214,4392.718,885,50,0
2026-08-17 12:10:00+00:00,4392.774,4395.118,4391.531,4393.848,860,50,0
2026-08-17 12:15:00+00:00,4394.195,4395.847,4393.279,4395.001,757,50,0
2026-08-17 12:20:00+00:00,4394.806,4398.9,4392.062,4393.135,1188,50,0
2026-08-17 12:25:00+00:00,4393.082,4393.837,4382.664,4385.919,2265,50,0
2026-08-17 12:30:00+00:00,4385.859,4390.456,4383.997,4388.928,1093,50,0
2026-08-17 12:35:00+00:00,4388.981,4389.575,4381.281,4381.634,1334,50,0
2026-08-17 12:40:00+00:00,4381.754,4383.487,4378.251,4378.251,1179,50,0
2026-08-17 12:45:00+00:00,4378.234,4380.711,4377.388,4378.142,1104,50,0
2026-08-17 12:50:00+00:00,4378.211,4384.987,4377.893,4384.235,1021,50,0
2026-08-17 12:55:00+00:00,4384.296,4386.643,4383.399,4384.904,817,50,0
2026-08-17 13:00:00+00:00,4384.96,4388.67,4381.766,4385.08,1937,50,0
2026-08-17 13:05:00+00:00,4385.133,4386.499,4382.411,4385.498,1153,50,0
2026-08-17 13:10:00+00:00,4385.377,4389.746,4385.105,4386.567,1150,50,0
2026-08-17 13:15:00+00:00,4386.458,4387.154,4382.224,4385.788,1089,50,0
2026-08-17 13:20:00+00:00,4385.843,4388.93,4384.553,4386.553,889,50,0
2026-08-17 13:25:00+00:00,4386.605,4388.678,4386.094,4386.483,927,50,0
2026-08-17 13:30:00+00:00,4386.551,4390.35,4385.767,4388.798,1779,50,0
2026-08-17 13:35:00+00:00,4388.853,4392.096,4386.167,4388.75,1628,50,0
2026-08-17 13:40:00+00:00,4388.773,4389.723,4384.912,4385.943,1449,50,0
2026-08-17 13:45:00+00:00,4385.804,4395.809,4384.692,4395.331,1640,50,0
2026-08-17 13:50:00+00:00,4395.118,4407.814,4394.555,4401.873,2027,50,0
2026-08-17 13:55:00+00:00,4401.925,4416.537,4401.728,4408.78,2310,50,0
2026-08-17 14:00:00+00:00,4408.987,4410.338,4404.487,4407.96,2089,50,0
2026-08-17 14:05:00+00:00,4408.017,4408.669,4404.866,4405.164,1466,50,0
2026-08-17 14:10:00+00:00,4405.383,4413.099,4403.827,4412.426,1319,50,0
2026-08-17 14:15:00+00:00,4412.37,4421.088,4411.86,4418.614,2053,50,0
2026-08-17 14:20:00+00:00,4418.681,4427.755,4417.331,4424.347,2048,50,0
2026-08-17 14:25:00+00:00,4424.1,4426.421,4415.868,4418.196,1740,50,0
2026-08-17 14:30:00+00:00,4418.253,4424.798,4418.245,4422.125,1500,50,0
2026-08-17 14:35:00+00:00,4422.067,4423.778,4416.693,4417.843,1178,50,0
2026-08-17 14:40:00+00:00,4417.637,4421.621,4417.311,4417.466,1205,50,0
2026-08-17 14:45:00+00:00,4417.351,4419.707,4413.829,4417.406,1108,50,0
2026-08-17 14:50:00+00:00,4417.491,4421.271,4415.851,4416.219,1203,50,0
2026-08-17 14:55:00+00:00,4416.552,4418.467,4414.449,4417.281,829,50,0
2026-08-17 15:00:00+00:00,4417.224,4419.383,4414.974,4418.719,1376,50,0
2026-08-17 15:05:00+00:00,4418.774,4420.026,4416.036,4417.006,1007,50,0
2026-08-17 15:10:00+00:00,4416.95,4422.633,4416.146,4421.194,913,50,0
2026-08-17 15:15:00+00:00,4421.124,4423.409,4419.447,4422.019,974,50,0
2026-08-17 15:20:00+00:00,4422.363,4423.976,4421.419,4423.092,1082,50,0
2026-08-17 15:25:00+00:00,4423.222,4426.065,4420.901,4425.504,1049,50,0
2026-08-17 15:30:00+00:00,4425.564,4426.653,4421.317,4422.99,996,50,0
2026-08-17 15:35:00+00:00,4422.936,4424.066,4420.179,4422.119,881,50,0
2026-08-17 15:40:00+00:00,4422.086,4423.577,4418.717,4419.421,983,50,0
2026-08-17 15:45:00+00:00,4419.427,4424.517,4417.611,4423.787,834,50,0
2026-08-17 15:50:00+00:00,4423.718,4426.875,4422.993,4426.266,711,50,0
2026-08-17 15:55:00+00:00,4426.328,4427.973,4425.862,4427.465,815,50,0
2026-08-17 16:00:00+00:00,4427.525,4428.376,4423.966,4425.341,868,50,0
2026-08-17 16:05:00+00:00,4425.462,4428.597,4424.186,4427.312,775,50,0
2026-08-17 16:10:00+00:00,4427.24,4429.019,4425.853,4425.891,732,50,0
2026-08-17 16:15:00+00:00,4426.219,4427.656,4425.105,4425.707,636,50,0
2026-08-17 16:20:00+00:00,4425.603,4427.821,4424.677,4425.325,671,50,0
2026-08-17 16:25:00+00:00,4424.988,4425.498,4423.049,4424.758,632,50,0
2026-08-17 16:30:00+00:00,4425.103,4425.568,4422.623,4423.896,631,50,0
2026-08-17 16:35:00+00:00,4424.218,4427.24,4423.302,4426.591,602,50,0
2026-08-17 16:40:00+00:00,4426.811,4426.921,4424.531,4424.603,510,50,0
2026-08-17 16:45:00+00:00,4424.932,4425.133,4422.469,4424.318,590,50,0
2026-08-17 16:50:00+00:00,4424.262,4425.681,4422.899,4423.55,603,50,0
2026-08-17 16:55:00+00:00,4423.35,4425.681,4423.35,4424.156,537,50,0
2026-08-17 17:00:00+00:00,4424.428,4426.334,4423.788,4424.888,650,50,0
2026-08-17 17:05:00+00:00,4424.949,4425.115,4421.243,4422.477,752,50,0
2026-08-17 17:10:00+00:00,4422.349,4423.632,4421.714,4422.981,632,50,0
2026-08-17 17:15:00+00:00,4423.116,4423.44,4418.892,4419.614,791,50,0
2026-08-17 17:20:00+00:00,4419.669,4420.494,4416.013,4416.896,846,50,0
2026-08-17 17:25:00+00:00,4416.962,4417.597,4413.37,4416.453,975,50,0
2026-08-17 17:30:00+00:00,4416.391,4418.703,4414.008,4417.149,981,50,0
2026-08-17 17:35:00+00:00,4417.208,4417.684,4411.698,4412.129,856,50,0
2026-08-17 17:40:00+00:00,4411.871,4417.557,4411.194,4417.419,746,50,0
2026-08-17 17:45:00+00:00,4417.374,4420.615,4417.08,4419.129,693,50,0
2026-08-17 17:50:00+00:00,4419.092,4420.784,4416.958,4417.343,576,50,0
2026-08-17 17:55:00+00:00,4417.464,4418.036,4413.128,4413.891,599,50,0
2026-08-17 18:00:00+00:00,4413.92,4414.669,4410.742,4411.28,854,50,0
2026-08-17 18:05:00+00:00,4411.56,4413.198,4410.23,4411.94,739,50,0
2026-08-17 18:10:00+00:00,4411.883,4413.93,4410.161,4413.763,648,50,0
2026-08-17 18:15:00+00:00,4413.763,4416.358,4413.488,4415.224,703,50,0
2026-08-17 18:20:00+00:00,4415.14,4415.483,4408.923,4409.373,769,50,0
2026-08-17 18:25:00+00:00,4409.311,4409.973,4404.937,4406.483,1183,50,0
2026-08-17 18:30:00+00:00,4406.364,4407.06,4398.047,4400.129,1703,50,0
2026-08-17 18:35:00+00:00,4400.135,4402.631,4399.231,4402.176,909,50,0
2026-08-17 18:40:00+00:00,4402.122,4404.988,4401.5,4401.565,756,50,0
2026-08-17 18:45:00+00:00,4401.623,4406.141,4400.09,4405.723,662,50,0
2026-08-17 18:50:00+00:00,4405.748,4407.507,4404.964,4406.6,649,50,0
2026-08-17 18:55:00+00:00,4406.666,4407.074,4405.747,4406.843,449,50,0
2026-08-17 19:00:00+00:00,4406.724,4407.233,4401.954,4402.909,750,50,0
2026-08-17 19:05:00+00:00,4403.13,4403.892,4400.3,4403.892,716,50,0
2026-08-17 19:10:00+00:00,4403.618,4408.665,4403.618,4408.503,600,50,0
2026-08-17 19:15:00+00:00,4408.588,4416.096,4408.588,4415.086,1056,50,0
2026-08-17 19:20:00+00:00,4415.039,4416.955,4414.792,4416.016,723,50,0
2026-08-17 19:25:00+00:00,4415.952,4417.634,4414.434,4414.618,522,50,0
2026-08-17 19:30:00+00:00,4414.39,4416.847,4414.026,4416.571,545,50,0
2026-08-17 19:35:00+00:00,4416.516,4417.392,4414.954,4416.473,546,50,0
2026-08-17 19:40:00+00:00,4416.48,4420.61,4415.466,4419.341,604,50,0
2026-08-17 19:45:00+00:00,4419.223,4421.138,4418.464,4420.116,529,50,0
2026-08-17 19:50:00+00:00,4420.172,4420.19,4416.525,4418.164,719,50,0
2026-08-17 19:55:00+00:00,4418.089,4420.893,4417.552,4420.021,608,50,0
2026-08-17 20:00:00+00:00,4419.764,4421.428,4418.085,4418.637,470,50,0
2026-08-17 20:05:00+00:00,4418.931,4418.931,4416.695,4417.407,280,50,0
2026-08-17 20:10:00+00:00,4417.402,4418.167,4416.666,4417.666,254,50,0
2026-08-17 20:15:00+00:00,4417.969,4418.238,4417.398,4417.898,191,50,0
2026-08-17 20:20:00+00:00,4417.898,4418.348,4416.954,4417.294,178,50,0
2026-08-17 20:25:00+00:00,4417.025,4417.393,4414.906,4415.176,230,50,0
2026-08-17 20:30:00+00:00,4415.451,4415.87,4414.859,4415.493,233,50,0
2026-08-17 20:35:00+00:00,4415.44,4415.689,4414.787,4415.127,235,50,0
2026-08-17 20:40:00+00:00,4415.181,4416.153,4415.097,4415.683,304,50,0
2026-08-17 20:45:00+00:00,4415.67,4416.931,4415.28,4415.911,301,50,0
2026-08-17 20:50:00+00:00,4415.938,4416.401,4415.19,4415.831,241,50,0
2026-08-17 20:55:00+00:00,4415.78,4416.875,4415.666,4416.537,178,50,0
2026-08-17 22:00:00+00:00,4417.873,4419.062,4415.539,4416.425,288,50,0
2026-08-17 22:05:00+00:00,4416.531,4416.735,4415.236,4415.683,229,50,0
2026-08-17 22:10:00+00:00,4415.69,4417.175,4415.348,4416.802,276,50,0
2026-08-17 22:15:00+00:00,4416.921,4417.504,4415.646,4415.734,260,50,0
2026-08-17 22:20:00+00:00,4415.901,4416.557,4415.365,4415.765,244,50,0
2026-08-17 22:25:00+00:00,4415.549,4415.784,4412.012,4412.419,318,50,0
2026-08-17 22:30:00+00:00,4412.636,4413.553,4411.697,4412.516,393,50,0
2026-08-17 22:35:00+00:00,4412.5,4414.927,4412.245,4413.024,320,50,0
2026-08-17 22:40:00+00:00,4413.305,4415.837,4413.031,4414.715,281,50,0
2026-08-17 22:45:00+00:00,4414.49,4416.45,4414.045,4415.261,246,50,0
2026-08-17 22:50:00+00:00,4415.329,4415.762,4411.933,4411.933,273,50,0
2026-08-17 22:55:00+00:00,4411.935,4413.442,4410.528,4411.984,354,50,0
2026-08-17 23:00:00+00:00,4412.105,4413.765,4409.847,4413.643,458,50,0
2026-08-17 23:05:00+00:00,4413.447,4414.612,4412.909,4413.787,312,50,0
2026-08-17 23:10:00+00:00,4413.81,4415.052,4413.328,4414.827,263,50,0
2026-08-17 23:15:00+00:00,4415.003,4418.609,4414.823,4417.722,409,50,0
2026-08-17 23:20:00+00:00,4417.887,4418.389,4416.58,4417.82,324,50,0
2026-08-17 23:25:00+00:00,4418.091,4421.921,4417.735,4420.281,424,50,0
2026-08-17 23:30:00+00:00,4420.226,4422.481,4419.949,4421.984,386,50,0
2026-08-17 23:35:00+00:00,4422.329,4422.505,4420.618,4421.236,352,50,0
2026-08-17 23:40:00+00:00,4421.246,4422.96,4420.147,4422.876,400,50,0
2026-08-17 23:45:00+00:00,4422.933,4424.17,4421.568,4423.895,474,50,0
2026-08-17 23:50:00+00:00,4423.875,4424.466,4422.516,4423.735,443,50,0
2026-08-17 23:55:00+00:00,4423.752,4426.111,4423.084,4425.838,378,50,0
2026-08-18 00:00:00+00:00,4425.844,4430.174,4419.128,4425.591,1425,50,0
2026-08-18 00:05:00+00:00,4425.406,4426.293,4420.038,4420.371,939,50,0
2026-08-18 00:10:00+00:00,4420.425,4422.599,4418.892,4421.665,745,50,0
2026-08-18 00:15:00+00:00,4421.603,4428.321,4420.971,4427.182,1252,50,0
2026-08-18 00:20:00+00:00,4427.251,4431.778,4422.844,4428.162,1304,50,0
2026-08-18 00:25:00+00:00,4427.816,4431.653,4425.146,4431.339,1256,50,0
2026-08-18 00:30:00+00:00,4431.285,4432.28,4428.353,4431.524,942,50,0
2026-08-18 00:35:00+00:00,4431.581,4433.62,4430.376,4433.015,680,50,0
2026-08-18 00:40:00+00:00,4432.993,4433.285,4428.477,4429.778,633,50,0
2026-08-18 00:45:00+00:00,4429.579,4430.292,4428.463,4429.247,519,50,0
2026-08-18 00:50:00+00:00,4429.305,4430.613,4428.531,4429.374,592,50,0
2026-08-18 00:55:00+00:00,4429.224,4435.198,4428.792,4434.451,803,50,0
2026-08-18 01:00:00+00:00,4434.521,4436.382,4429.237,4431.227,3053,50,0
2026-08-18 01:05:00+00:00,4431.369,4436.413,4428.918,4430.443,1697,50,0
2026-08-18 01:10:00+00:00,4430.593,4432.048,4428.557,4429.199,1081,50,0
2026-08-18 01:15:00+00:00,4429.227,4431.033,4422.685,4425.325,1358,50,0
2026-08-18 01:20:00+00:00,4425.381,4426.714,4422.035,4423.876,1192,50,0
2026-08-18 01:25:00+00:00,4423.8,4425.932,4420.343,4425.241,1133,50,0
2026-08-18 01:30:00+00:00,4425.096,4426.314,4421.186,4422.351,1126,50,0
2026-08-18 01:35:00+00:00,4422.37,4423.763,4420.433,4420.597,793,50,0
2026-08-18 01:40:00+00:00,4420.381,4422.037,4411.762,4411.762,1256,50,0
2026-08-18 01:45:00+00:00,4411.981,4412.452,4404.276,4407.647,2276,50,0
2026-08-18 01:50:00+00:00,4407.805,4408.745,4404.253,4408.06,1878,50,0
2026-08-18 01:55:00+00:00,4408.028,4409.31,4407.432,4408.226,963,50,0
2026-08-18 02:00:00+00:00,4408.027,4408.445,4400.878,4402.385,1421,50,0
2026-08-18 02:05:00+00:00,4402.438,4404.263,4399.868,4400.195,1172,50,0
2026-08-18 02:10:00+00:00,4400.141,4402.729,4398.439,4401.258,1061,50,0
2026-08-18 02:15:00+00:00,4401.265,4405.517,4400.378,4404.044,949,50,0
2026-08-18 02:20:00+00:00,4404.103,4404.727,4401.45,4404.055,656,50,0
2026-08-18 02:25:00+00:00,4404.119,4405.435,4402.156,4402.503,678,50,0
2026-08-18 02:30:00+00:00,4402.443,4402.983,4395.983,4396.502,1535,50,0
2026-08-18 02:35:00+00:00,4396.421,4399.843,4395.29,4396.615,903,50,0
2026-08-18 02:40:00+00:00,4396.667,4397.143,4394.165,4395.202,872,50,0
2026-08-18 02:45:00+00:00,4395.256,4398.11,4394.344,4397.261,781,50,0
2026-08-18 02:50:00+00:00,4397.221,4398.348,4395.54,4398.033,695,50,0
2026-08-18 02:55:00+00:00,4397.759,4400.625,4397.156,4400.068,854,50,0
2026-08-18 03:00:00+00:00,4399.759,4404.044,4399.759,4403.001,989,50,0
2026-08-18 03:05:00+00:00,4403.0,4403.634,4399.543,4401.363,1012,50,0
2026-08-18 03:10:00+00:00,4401.422,4402.736,4398.769,4401.499,793,50,0
2026-08-18 03:15:00+00:00,4401.825,4402.337,4395.714,4396.705,982,50,0
2026-08-18 03:20:00+00:00,4396.707,4397.514,4394.286,4395.031,731,50,0
2026-08-18 03:25:00+00:00,4395.251,4397.759,4395.098,4397.313,576,50,0
2026-08-18 03:30:00+00:00,4397.112,4397.352,4395.741,4396.67,622,50,0
2026-08-18 03:35:00+00:00,4396.667,4397.108,4394.976,4395.18,554,50,0
2026-08-18 03:40:00+00:00,4395.198,4396.021,4394.557,4394.758,510,50,0
2026-08-18 03:45:00+00:00,4394.968,4395.204,4393.66,4393.914,435,50,0
2026-08-18 03:50:00+00:00,4393.627,4393.959,4391.612,4392.317,666,50,0
2026-08-18 03:55:00+00:00,4392.26,4392.77,4390.796,4392.064,531,50,0
2026-08-18 04:00:00+00:00,4392.012,4392.313,4390.105,4390.883,534,50,0
2026-08-18 04:05:00+00:00,4390.89,4392.368,4389.885,4391.211,520,50,0
2026-08-18 04:10:00+00:00,4391.061,4392.986,4390.784,4392.483,445,50,0
2026-08-18 04:15:00+00:00,4392.548,4393.636,4390.938,4391.455,492,50,0
2026-08-18 04:20:00+00:00,4391.584,4392.647,4390.628,4392.647,427,50,0
2026-08-18 04:25:00+00:00,4392.401,4392.982,4391.44,4392.586,402,50,0
2026-08-18 04:30:00+00:00,4392.57,4394.028,4391.455,4392.158,511,50,0
2026-08-18 04:35:00+00:00,4391.937,4393.215,4388.681,4391.394,721,50,0
2026-08-18 04:40:00+00:00,4391.722,4394.524,4390.351,4393.449,469,50,0
2026-08-18 04:45:00+00:00,4393.653,4395.035,4392.209,4394.649,460,50,0
2026-08-18 04:50:00+00:00,4394.588,4395.544,4393.574,4395.289,436,50,0
2026-08-18 04:55:00+00:00,4395.366,4395.604,4392.948,4393.551,422,50,0
2026-08-18 05:00:00+00:00,4393.771,4393.946,4391.244,4391.535,608,50,0
2026-08-18 05:05:00+00:00,4391.571,4394.278,4391.455,4394.087,481,50,0
2026-08-18 05:10:00+00:00,4394.142,4394.16,4390.766,4391.589,471,50,0
2026-08-18 05:15:00+00:00,4391.59,4394.56,4391.078,4394.364,430,50,0
2026-08-18 05:20:00+00:00,4394.432,4396.083,4394.379,4395.606,502,50,0
2026-08-18 05:25:00+00:00,4395.535,4396.095,4391.565,4391.565,511,50,0
2026-08-18 05:30:00+00:00,4391.495,4391.764,4386.04,4387.034,1849,50,0
2026-08-18 05:35:00+00:00,4386.823,4391.177,4386.691,4390.003,968,50,0
2026-08-18 05:40:00+00:00,4390.086,4394.445,4388.607,4393.587,833,50,0
2026-08-18 05:45:00+00:00,4393.918,4395.751,4392.996,4395.74,720,50,0
2026-08-18 05:50:00+00:00,4395.711,4397.679,4393.92,4395.619,737,50,0
2026-08-18 05:55:00+00:00,4395.682,4396.86,4393.924,4394.599,587,50,0
2026-08-18 06:00:00+00:00,4394.268,4394.492,4388.829,4390.849,1008,50,0
2026-08-18 06:05:00+00:00,4390.858,4394.036,4387.589,4392.79,980,50,0
2026-08-18 06:10:00+00:00,4392.802,4395.465,4392.361,4395.465,741,50,0
2026-08-18 06:15:00+00:00,4395.137,4396.425,4393.494,4395.259,816,50,0
2026-08-18 06:20:00+00:00,4395.206,4398.154,4394.428,4397.692,747,50,0
2026-08-18 06:25:00+00:00,4397.892,4399.926,4396.69,4399.405,711,50,0
2026-08-18 06:30:00+00:00,4399.334,4400.132,4395.399,4395.473,677,50,0
2026-08-18 06:35:00+00:00,4395.507,4397.759,4395.102,4397.311,679,50,0
2026-08-18 06:40:00+00:00,4397.279,4398.92,4396.843,4397.332,555,50,0
2026-08-18 06:45:00+00:00,4397.179,4399.435,4397.14,4397.832,525,50,0
2026-08-18 06:50:00+00:00,4398.09,4399.165,4397.624,4398.381,573,50,0
2026-08-18 06:55:00+00:00,4398.666,4399.084,4397.316,4398.881,634,50,0
2026-08-18 07:00:00+00:00,4398.8,4400.382,4396.833,4400.074,831,50,0
2026-08-18 07:05:00+00:00,4399.829,4401.098,4397.259,4397.867,655,50,0
2026-08-18 07:10:00+00:00,4397.59,4399.53,4396.946,4397.637,747,50,0
2026-08-18 07:15:00+00:00,4397.581,4400.912,4397.433,4399.491,598,50,0
2026-08-18 07:20:00+00:00,4399.491,4401.651,4399.266,4401.349,609,50,0
2026-08-18 07:25:00+00:00,4401.345,4403.503,4401.096,4403.102,700,50,0
2026-08-18 07:30:00+00:00,4403.401,4403.639,4396.584,4397.167,810,50,0
2026-08-18 07:35:00+00:00,4397.161,4402.6,4396.755,4401.865,672,50,0
2026-08-18 07:40:00+00:00,4401.918,4403.763,4400.159,4401.511,679,50,0
2026-08-18 07:45:00+00:00,4401.566,4402.902,4399.65,4400.21,594,50,0
2026-08-18 07:50:00+00:00,4400.157,4400.645,4397.917,4398.512,543,50,0
2026-08-18 07:55:00+00:00,4398.627,4398.97,4395.489,4395.842,514,50,0
2026-08-18 08:00:00+00:00,4395.671,4396.351,4394.038,4394.635,878,50,0
2026-08-18 08:05:00+00:00,4394.385,4394.707,4389.931,4391.05,824,50,0
2026-08-18 08:10:00+00:00,4390.996,4394.642,4388.075,4392.842,867,50,0
2026-08-18 08:15:00+00:00,4392.78,4393.745,4391.538,4391.946,705,50,0
2026-08-18 08:20:00+00:00,4392.248,4392.731,4386.891,4388.845,762,50,0
2026-08-18 08:25:00+00:00,4388.844,4389.67,4387.199,4389.67,725,50,0
2026-08-18 08:30:00+00:00,4389.338,4394.207,4389.072,4393.561,648,50,0
2026-08-18 08:35:00+00:00,4393.621,4398.57,4393.528,4398.124,707,50,0
2026-08-18 08:40:00+00:00,4398.134,4398.658,4396.479,4396.479,617,50,0
2026-08-18 08:45:00+00:00,4396.753,4397.165,4391.554,4393.339,603,50,0
2026-08-18 08:50:00+00:00,4393.125,4393.757,4391.701,4393.751,593,50,0
2026-08-18 08:55:00+00:00,4393.689,4394.661,4392.278,4393.279,629,50,0
2026-08-18 09:00:00+00:00,4393.148,4394.041,4392.117,4392.531,638,50,0
2026-08-18 09:05:00+00:00,4392.258,4393.103,4391.011,4391.618,640,50,0
2026-08-18 09:10:00+00:00,4391.876,4393.694,4391.473,4392.899,550,50,0
2026-08-18 09:15:00+00:00,4392.831,4393.033,4390.819,4391.401,520,50,0
2026-08-18 09:20:00+00:00,4391.348,4391.695,4388.912,4390.277,683,50,0
2026-08-18 09:25:00+00:00,4390.402,4391.689,4388.625,4389.586,743,50,0
2026-08-18 09:30:00+00:00,4389.497,4393.959,4389.174,4393.631,897,50,0
2026-08-18 09:35:00+00:00,4393.691,4395.195,4390.495,4391.135,764,50,0
2026-08-18 09:40:00+00:00,4391.463,4391.839,4387.228,4388.422,643,50,0
2026-08-18 09:45:00+00:00,4388.369,4392.298,4386.852,4392.248,719,50,0
2026-08-18 09:50:00+00:00,4391.948,4394.45,4391.948,4394.199,633,50,0
2026-08-18 09:55:00+00:00,4394.261,4395.17,4392.777,4393.493,551,50,0
2026-08-18 10:00:00+00:00,4393.277,4395.926,4392.361,4393.994,631,50,0
2026-08-18 10:05:00+00:00,4393.938,4394.843,4392.479,4393.353,511,50,0
2026-08-18 10:10:00+00:00,4393.355,4394.87,4392.58,4394.367,553,50,0
2026-08-18 10:15:00+00:00,4394.604,4396.37,4394.044,4395.724,524,50,0
2026-08-18 10:20:00+00:00,4395.808,4395.808,4391.281,4391.592,479,50,0
2026-08-18 10:25:00+00:00,4391.654,4392.467,4389.783,4392.065,520,50,0
2026-08-18 10:30:00+00:00,4392.319,4394.444,4391.599,4393.532,476,50,0
2026-08-18 10:35:00+00:00,4393.827,4397.846,4393.498,4397.542,505,50,0
2026-08-18 10:40:00+00:00,4397.527,4398.761,4396.966,4398.566,493,50,0
2026-08-18 10:45:00+00:00,4398.572,4399.735,4398.105,4398.795,446,50,0
2026-08-18 10:50:00+00:00,4398.857,4399.601,4396.525,4396.875,437,50,0
2026-08-18 10:55:00+00:00,4396.935,4397.987,4396.386,4397.906,448,50,0
2026-08-18 11:00:00+00:00,4397.968,4399.305,4393.69,4394.114,654,50,0
2026-08-18 11:05:00+00:00,4394.057,4394.827,4392.442,4393.779,529,50,0
2026-08-18 11:10:00+00:00,4393.627,4394.288,4392.176,4393.737,440,50,0
2026-08-18 11:15:00+00:00,4393.713,4394.882,4392.075,4393.279,503,50,0
2026-08-18 11:20:00+00:00,4393.354,4394.083,4390.16,4390.498,518,50,0
2026-08-18 11:25:00+00:00,4390.445,4391.987,4389.662,4390.15,557,50,0
2026-08-18 11:30:00+00:00,4389.973,4391.898,4389.293,4389.636,566,50,0
2026-08-18 11:35:00+00:00,4389.747,4391.668,4388.528,4390.615,593,50,0
2026-08-18 11:40:00+00:00,4390.561,4392.584,4389.396,4390.881,548,50,0
2026-08-18 11:45:00+00:00,4391.209,4393.914,4390.687,4392.12,481,50,0
2026-08-18 11:50:00+00:00,4392.425,4393.301,4390.019,4390.755,481,50,0
2026-08-18 11:55:00+00:00,4391.043,4396.886,4390.608,4395.862,648,50,0
2026-08-18 12:00:00+00:00,4395.94,4397.117,4391.501,4396.823,884,50,0
2026-08-18 12:05:00+00:00,4396.657,4397.23,4390.402,4391.355,999,50,0
2026-08-18 12:10:00+00:00,4391.139,4393.566,4389.472,4393.048,803,50,0
2026-08-18 12:15:00+00:00,4393.176,4393.914,4391.43,4392.848,527,50,0
2026-08-18 12:20:00+00:00,4392.947,4401.028,4392.79,4395.932,1544,50,0
2026-08-18 12:25:00+00:00,4395.994,4396.241,4391.934,4395.046,925,50,0
2026-08-18 12:30:00+00:00,4395.163,4398.239,4392.243,4396.476,680,50,0
2026-08-18 12:35:00+00:00,4396.767,4397.978,4392.751,4394.495,1057,50,0
2026-08-18 12:40:00+00:00,4394.369,4394.369,4390.977,4392.287,834,50,0
2026-08-18 12:45:00+00:00,4392.34,4396.756,4392.101,4395.969,809,50,0
2026-08-18 12:50:00+00:00,4396.044,4397.024,4392.432,4393.248,836,50,0
2026-08-18 12:55:00+00:00,4393.315,4395.936,4390.811,4394.064,924,50,0
2026-08-18 13:00:00+00:00,4393.994,4397.5,4390.419,4395.661,1954,50,0
2026-08-18 13:05:00+00:00,4395.634,4396.599,4388.886,4389.186,1265,50,0
2026-08-18 13:10:00+00:00,4389.126,4396.075,4388.389,4395.749,1140,50,0
2026-08-18 13:15:00+00:00,4395.805,4396.343,4388.373,4391.146,914,50,0
2026-08-18 13:20:00+00:00,4390.991,4393.388,4388.284,4389.978,1280,50,0
2026-08-18 13:25:00+00:00,4390.036,4392.258,4388.222,4389.252,1348,50,0
2026-08-18 13:30:00+00:00,4389.31,4399.095,4376.065,4396.759,4601,50,0
2026-08-18 13:35:00+00:00,4397.007,4403.382,4395.255,4402.827,2762,50,0
2026-08-18 13:40:00+00:00,4402.947,4407.152,4399.635,4401.352,2321,50,0
2026-08-18 13:45:00+00:00,4401.176,4402.412,4391.514,4394.991,2704,50,0
2026-08-18 13:50:00+00:00,4394.928,4398.33,4389.396,4391.141,2513,50,0
2026-08-18 13:55:00+00:00,4391.196,4395.161,4389.937,4394.604,1737,50,0
2026-08-18 14:00:00+00:00,4394.606,4406.647,4393.296,4404.316,1667,50,0
2026-08-18 14:05:00+00:00,4403.984,4404.601,4397.975,4398.352,1952,50,0
2026-08-18 14:10:00+00:00,4398.406,4399.25,4391.12,4393.489,2022,50,0
2026-08-18 14:15:00+00:00,4393.437,4405.241,4392.971,4401.552,1883,50,0
2026-08-18 14:20:00+00:00,4401.501,4402.928,4395.753,4397.756,1786,50,0
2026-08-18 14:25:00+00:00,4398.012,4398.925,4392.251,4394.269,1729,50,0
2026-08-18 14:30:00+00:00,4394.322,4396.506,4385.28,4389.956,2329,50,0
2026-08-18 14:35:00+00:00,4389.788,4390.247,4382.068,4383.159,2017,50,0
2026-08-18 14:40:00+00:00,4383.216,4385.162,4377.793,4379.836,2433,50,0
2026-08-18 14:45:00+00:00,4379.677,4388.442,4377.874,4386.748,1782,50,0
2026-08-18 14:50:00+00:00,4386.804,4389.111,4372.353,4378.821,2639,50,0
2026-08-18 14:55:00+00:00,4378.555,4383.202,4363.682,4366.526,3324,50,0
2026-08-18 15:00:00+00:00,4366.744,4376.54,4365.743,4375.546,4244,50,0
2026-08-18 15:05:00+00:00,4375.694,4377.834,4364.878,4365.913,2553,50,0
2026-08-18 15:10:00+00:00,4366.049,4368.506,4358.87,4360.12,2741,50,0
2026-08-18 15:15:00+00:00,4360.066,4365.195,4354.975,4354.975,2263,50,0
2026-08-18 15:20:00+00:00,4355.178,4357.089,4351.457,4354.655,2991,50,0
2026-08-18 15:25:00+00:00,4354.726,4360.899,4353.113,4355.17,2083,50,0
2026-08-18 15:30:00+00:00,4355.111,4362.226,4354.431,4359.664,2444,50,0
2026-08-18 15:35:00+00:00,4359.842,4362.252,4356.709,4361.337,1925,50,0
2026-08-18 15:40:00+00:00,4361.185,4362.061,4356.714,4358.801,1531,50,0
2026-08-18 15:45:00+00:00,4358.59,4365.208,4358.59,4363.979,1676,50,0
2026-08-18 15:50:00+00:00,4364.033,4366.724,4361.142,4364.756,1163,50,0
2026-08-18 15:55:00+00:00,4364.687,4366.05,4363.271,4364.745,1002,50,0
2026-08-18 16:00:00+00:00,4365.143,4369.343,4365.012,4368.027,1091,50,0
2026-08-18 16:05:00+00:00,4368.06,4371.758,4366.808,4371.547,1094,50,0
2026-08-18 16:10:00+00:00,4371.401,4371.579,4367.42,4367.937,861,50,0
2026-08-18 16:15:00+00:00,4367.718,4368.553,4364.569,4367.166,1003,50,0
2026-08-18 16:20:00+00:00,4367.228,4369.857,4366.566,4368.514,851,50,0
2026-08-18 16:25:00+00:00,4368.394,4369.284,4363.54,4364.336,842,50,0
2026-08-18 16:30:00+00:00,4364.458,4366.837,4363.268,4365.715,1035,50,0
2026-08-18 16:35:00+00:00,4365.77,4367.289,4363.025,4365.361,843,50,0
2026-08-18 16:40:00+00:00,4365.476,4368.808,4365.058,4367.277,760,50,0
2026-08-18 16:45:00+00:00,4367.627,4367.967,4363.29,4363.793,786,50,0
2026-08-18 16:50:00+00:00,4363.637,4368.808,4362.935,4368.572,805,50,0
2026-08-18 16:55:00+00:00,4368.728,4368.728,4363.161,4363.962,777,50,0
2026-08-18 17:00:00+00:00,4363.91,4365.963,4363.567,4364.456,1024,50,0
2026-08-18 17:05:00+00:00,4364.547,4366.466,4364.262,4365.739,786,50,0
2026-08-18 17:10:00+00:00,4366.066,4367.404,4364.82,4366.898,694,50,0
2026-08-18 17:15:00+00:00,4366.964,4368.2,4363.357,4364.515,831,50,0
2026-08-18 17:20:00+00:00,4364.586,4367.624,4364.27,4367.434,803,50,0
2026-08-18 17:25:00+00:00,4367.494,4368.431,4363.724,4365.595,954,50,0
2026-08-18 17:30:00+00:00,4365.537,4366.339,4361.311,4364.622,846,50,0
2026-08-18 17:35:00+00:00,4364.568,4365.319,4360.854,4362.825,798,50,0
2026-08-18 17:40:00+00:00,4362.878,4365.188,4358.666,4358.883,852,50,0
2026-08-18 17:45:00+00:00,4358.934,4360.629,4357.192,4358.072,805,50,0
2026-08-18 17:50:00+00:00,4358.126,4360.01,4357.863,4358.912,632,50,0
2026-08-18 17:55:00+00:00,4358.967,4359.371,4356.681,4357.897,644,50,0
2026-08-18 18:00:00+00:00,4358.016,4358.147,4352.67,4353.776,816,40,0
2026-08-18 18:05:00+00:00,4353.837,4356.025,4352.889,4355.696,772,40,0
2026-08-18 18:10:00+00:00,4355.715,4358.315,4352.809,4357.725,627,50,0
2026-08-18 18:15:00+00:00,4357.86,4359.23,4356.664,4358.829,587,40,0
2026-08-18 18:20:00+00:00,4358.914,4359.553,4355.823,4357.168,584,40,0
2026-08-18 18:25:00+00:00,4357.244,4361.174,4356.482,4360.143,626,40,0
2026-08-18 18:30:00+00:00,4360.478,4360.816,4357.96,4359.643,549,40,0
2026-08-18 18:35:00+00:00,4359.988,4360.215,4358.366,4359.568,597,50,0
2026-08-18 18:40:00+00:00,4359.634,4359.896,4353.665,4354.394,645,50,0
2026-08-18 18:45:00+00:00,4354.385,4355.78,4352.777,4353.917,591,40,0
2026-08-18 18:50:00+00:00,4353.991,4355.371,4353.991,4354.514,453,50,0
2026-08-18 18:55:00+00:00,4354.502,4356.355,4353.882,4354.419,543,50,0
2026-08-18 19:00:00+00:00,4354.472,4358.214,4354.126,4355.592,692,50,0
2026-08-18 19:05:00+00:00,4355.512,4357.132,4355.01,4355.378,531,50,0
2026-08-18 19:10:00+00:00,4355.402,4358.724,4354.659,4356.885,705,50,0
2026-08-18 19:15:00+00:00,4356.89,4358.856,4354.174,4354.788,704,50,0
2026-08-18 19:20:00+00:00,4354.809,4356.392,4352.594,4353.408,742,50,0
2026-08-18 19:25:00+00:00,4353.417,4355.8,4352.38,4354.977,667,50,0
2026-08-18 19:30:00+00:00,4355.031,4356.678,4353.692,4354.315,690,50,0
2026-08-18 19:35:00+00:00,4354.296,4355.671,4353.413,4355.065,584,40,0
2026-08-18 19:40:00+00:00,4355.059,4357.827,4349.615,4349.752,826,40,0
2026-08-18 19:45:00+00:00,4349.807,4353.444,4343.909,4346.099,1475,50,0
2026-08-18 19:50:00+00:00,4345.961,4347.158,4342.149,4345.233,1515,50,0
2026-08-18 19:55:00+00:00,4345.5,4346.443,4338.332,4345.473,2045,50,0
2026-08-18 20:00:00+00:00,4345.533,4346.616,4342.796,4344.042,929,50,0
2026-08-18 20:05:00+00:00,4344.218,4344.566,4342.576,4343.201,481,50,0
2026-08-18 20:10:00+00:00,4343.22,4343.951,4340.789,4342.221,497,50,0
2026-08-18 20:15:00+00:00,4342.165,4342.593,4339.854,4342.062,428,50,0
2026-08-18 20:20:00+00:00,4342.121,4342.121,4333.368,4337.992,981,50,0
2026-08-18 20:25:00+00:00,4338.01,4338.816,4336.537,4338.008,481,50,0
2026-08-18 20:30:00+00:00,4338.199,4339.814,4336.611,4339.453,357,50,0
2026-08-18 20:35:00+00:00,4339.122,4339.666,4337.466,4338.004,350,50,0
2026-08-18 20:40:00+00:00,4338.023,4338.682,4331.816,4332.416,607,50,0
2026-08-18 20:45:00+00:00,4332.36,4333.464,4328.979,4332.998,937,50,0
2026-08-18 20:50:00+00:00,4333.052,4334.34,4330.049,4334.34,708,50,0
2026-08-18 20:55:00+00:00,4334.394,4335.498,4332.517,4334.691,356,50,0
2026-08-18 22:00:00+00:00,4340.293,4341.679,4340.046,4341.283,19,160,0
2026-08-18 22:05:00+00:00,4340.735,4343.138,4340.242,4342.528,305,90,0
2026-08-18 22:10:00+00:00,4342.529,4343.201,4339.58,4340.363,344,50,0
2026-08-18 22:15:00+00:00,4340.312,4341.261,4338.157,4338.844,423,50,0
2026-08-18 22:20:00+00:00,4338.879,4339.682,4333.611,4335.059,587,50,0
2026-08-18 22:25:00+00:00,4335.106,4338.738,4334.196,4336.265,502,50,0
2026-08-18 22:30:00+00:00,4336.165,4336.579,4335.273,4335.724,373,50,0
2026-08-18 22:35:00+00:00,4335.975,4336.523,4333.35,4333.972,335,50,0
2026-08-18 22:40:00+00:00,4333.725,4334.539,4332.856,4333.932,462,50,0
2026-08-18 22:45:00+00:00,4333.931,4334.907,4333.125,4334.883,275,50,0
2026-08-18 22:50:00+00:00,4334.901,4335.588,4333.896,4335.134,359,50,0
2026-08-18 22:55:00+00:00,4334.967,4335.089,4333.082,4333.944,292,40,0
2026-08-18 23:00:00+00:00,4334.096,4336.294,4332.74,4335.828,407,40,0
2026-08-18 23:05:00+00:00,4335.856,4338.349,4334.52,4335.242,442,40,0
2026-08-18 23:10:00+00:00,4335.094,4335.549,4332.567,4334.347,468,40,0
2026-08-18 23:15:00+00:00,4333.952,4335.008,4332.154,4332.337,424,40,0
2026-08-18 23:20:00+00:00,4332.442,4337.223,4330.799,4332.642,599,40,0
2026-08-18 23:25:00+00:00,4332.955,4333.699,4330.147,4330.715,558,40,0
2026-08-18 23:30:00+00:00,4330.774,4332.452,4327.204,4330.862,597,40,0
2026-08-18 23:35:00+00:00,4331.042,4331.911,4327.332,4329.198,549,40,0
2026-08-18 23:40:00+00:00,4329.199,4330.414,4328.06,4329.723,484,40,0
2026-08-18 23:45:00+00:00,4330.026,4332.085,4329.53,4330.917,530,40,0
2026-08-18 23:50:00+00:00,4330.955,4334.433,4330.068,4334.197,487,40,0
2026-08-18 23:55:00+00:00,4333.907,4334.109,4331.635,4332.957,417,40,0
2026-08-19 00:00:00+00:00,4333.049,4340.875,4331.44,4337.101,1592,40,0
2026-08-19 00:05:00+00:00,4337.127,4341.285,4335.834,4340.014,1754,50,0
2026-08-19 00:10:00+00:00,4339.943,4345.061,4338.245,4343.11,1491,50,0
2026-08-19 00:15:00+00:00,4343.035,4346.489,4342.788,4343.792,1432,50,0
2026-08-19 00:20:00+00:00,4343.807,4346.119,4341.453,4343.39,1280,50,0
2026-08-19 00:25:00+00:00,4343.261,4343.948,4339.118,4342.925,1240,50,0
2026-08-19 00:30:00+00:00,4342.875,4345.928,4339.602,4340.882,1289,50,0
2026-08-19 00:35:00+00:00,4340.65,4346.983,4340.603,4345.069,1321,50,0
2026-08-19 00:40:00+00:00,4344.804,4347.352,4343.123,4343.905,892,50,0
2026-08-19 00:45:00+00:00,4343.852,4344.738,4342.473,4342.949,999,40,0
2026-08-19 00:50:00+00:00,4342.897,4345.002,4341.282,4341.359,1466,50,0
2026-08-19 00:55:00+00:00,4341.608,4342.55,4337.094,4338.238,1688,50,0
2026-08-19 01:00:00+00:00,4338.17,4340.174,4324.582,4332.33,4807,50,0
2026-08-19 01:05:00+00:00,4332.466,4342.919,4331.479,4340.403,2266,50,0
2026-08-19 01:10:00+00:00,4340.35,4344.03,4337.031,4343.862,1788,50,0
2026-08-19 01:15:00+00:00,4343.917,4346.284,4334.784,4337.832,2370,50,0
2026-08-19 01:20:00+00:00,4337.885,4340.331,4333.049,4337.281,1933,50,0
2026-08-19 01:25:00+00:00,4337.336,4342.72,4335.598,4342.193,1407,50,0
2026-08-19 01:30:00+00:00,4342.24,4351.287,4342.24,4350.638,1467,50,0
2026-08-19 01:35:00+00:00,4350.69,4356.536,4350.182,4355.312,1399,50,0
2026-08-19 01:40:00+00:00,4355.366,4357.745,4354.293,4355.391,1183,50,0
2026-08-19 01:45:00+00:00,4355.443,4356.872,4350.953,4351.334,1323,50,0
2026-08-19 01:50:00+00:00,4351.278,4355.222,4350.661,4353.511,1078,50,0
2026-08-19 01:55:00+00:00,4353.44,4356.729,4352.653,4356.445,952,50,0
2026-08-19 02:00:00+00:00,4356.508,4357.436,4351.782,4354.485,884,50,0
2026-08-19 02:05:00+00:00,4354.556,4357.172,4352.905,4355.721,941,50,0
2026-08-19 02:10:00+00:00,4355.813,4356.092,4352.736,4353.448,840,50,0
2026-08-19 02:15:00+00:00,4353.559,4360.807,4352.616,4358.781,1723,50,0
2026-08-19 02:20:00+00:00,4358.961,4362.132,4357.939,4359.9,848,50,0
2026-08-19 02:25:00+00:00,4359.845,4361.338,4359.144,4359.914,677,50,0
2026-08-19 02:30:00+00:00,4359.76,4360.377,4355.56,4356.845,1492,50,0
2026-08-19 02:35:00+00:00,4356.792,4358.461,4354.36,4355.466,1202,50,0
2026-08-19 02:40:00+00:00,4355.502,4358.37,4354.741,4355.497,861,50,0
2026-08-19 02:45:00+00:00,4355.592,4357.407,4354.089,4355.451,957,50,0
2026-08-19 02:50:00+00:00,4355.721,4356.696,4353.12,4354.2,873,50,0
2026-08-19 02:55:00+00:00,4354.187,4355.069,4351.451,4354.893,839,50,0
2026-08-19 03:00:00+00:00,4355.22,4356.183,4352.621,4355.856,900,50,0
2026-08-19 03:05:00+00:00,4355.798,4355.798,4352.004,4353.581,791,50,0
2026-08-19 03:10:00+00:00,4353.579,4355.479,4353.329,4354.407,738,50,0
2026-08-19 03:15:00+00:00,4354.459,4356.315,4351.975,4353.028,779,50,0
2026-08-19 03:20:00+00:00,4352.993,4356.014,4351.862,4355.643,590,50,0
2026-08-19 03:25:00+00:00,4355.708,4358.206,4355.708,4357.27,574,50,0
2026-08-19 03:30:00+00:00,4357.335,4358.52,4355.975,4356.949,534,50,0
2026-08-19 03:35:00+00:00,4356.98,4360.466,4356.853,4358.411,445,50,0
2026-08-19 03:40:00+00:00,4358.284,4359.052,4356.942,4358.446,470,50,0
2026-08-19 03:45:00+00:00,4358.567,4359.07,4356.515,4357.815,448,50,0
2026-08-19 03:50:00+00:00,4357.788,4358.68,4355.749,4355.913,435,50,0
2026-08-19 03:55:00+00:00,4355.912,4356.704,4354.724,4355.13,373,40,0
2026-08-19 04:00:00+00:00,4355.12,4356.193,4353.593,4353.99,426,40,0
2026-08-19 04:05:00+00:00,4354.057,4355.075,4353.295,4354.634,353,40,0
2026-08-19 04:10:00+00:00,4354.698,4355.118,4353.73,4354.861,424,50,0
2026-08-19 04:15:00+00:00,4354.588,4355.169,4349.989,4352.378,663,40,0
2026-08-19 04:20:00+00:00,4352.535,4353.027,4350.784,4351.866,586,40,0
2026-08-19 04:25:00+00:00,4351.918,4351.918,4350.162,4351.127,446,40,0
2026-08-19 04:30:00+00:00,4351.179,4352.202,4349.639,4349.865,596,40,0
2026-08-19 04:35:00+00:00,4349.92,4350.852,4346.549,4346.763,608,40,0
2026-08-19 04:40:00+00:00,4346.763,4347.731,4344.918,4346.471,595,50,0
2026-08-19 04:45:00+00:00,4346.69,4347.202,4345.739,4346.849,444,40,0
2026-08-19 04:50:00+00:00,4346.837,4346.837,4343.736,4345.028,514,40,0
2026-08-19 04:55:00+00:00,4345.14,4348.547,4344.543,4348.462,601,40,0
2026-08-19 05:00:00+00:00,4348.369,4350.766,4346.263,4347.553,674,40,0
2026-08-19 05:05:00+00:00,4347.617,4347.771,4342.287,4342.661,739,50,0
2026-08-19 05:10:00+00:00,4342.729,4342.967,4338.713,4339.093,709,50,0
2026-08-19 05:15:00+00:00,4339.101,4339.791,4336.682,4337.926,672,50,0
2026-08-19 05:20:00+00:00,4337.866,4342.8,4337.404,4341.568,776,50,0
2026-08-19 05:25:00+00:00,4341.63,4345.211,4340.491,4345.183,614,50,0
2026-08-19 05:30:00+00:00,4345.243,4345.466,4336.818,4338.618,2461,50,0
2026-08-19 05:35:00+00:00,4338.659,4342.888,4336.779,4342.846,1295,50,0
2026-08-19 05:40:00+00:00,4342.899,4343.504,4339.942,4342.092,1009,50,0
2026-08-19 05:45:00+00:00,4342.136,4342.272,4335.11,4337.291,1225,50,0
2026-08-19 05:50:00+00:00,4337.272,4338.204,4335.181,4335.707,1169,50,0
2026-08-19 05:55:00+00:00,4335.762,4338.765,4335.256,4335.702,831,50,0
2026-08-19 06:00:00+00:00,4335.725,4341.264,4335.325,4337.887,1106,50,0
2026-08-19 06:05:00+00:00,4337.676,4340.465,4335.425,4338.86,1312,50,0
2026-08-19 06:10:00+00:00,4338.804,4341.772,4336.955,4337.581,1045,50,0
2026-08-19 06:15:00+00:00,4337.602,4346.158,4336.931,4345.131,1065,50,0
2026-08-19 06:20:00+00:00,4345.126,4348.319,4344.601,4345.987,1070,50,0
2026-08-19 06:25:00+00:00,4346.045,4346.875,4340.574,4343.144,988,50,0
2026-08-19 06:30:00+00:00,4343.175,4343.585,4337.036,4338.771,1403,50,0
2026-08-19 06:35:00+00:00,4338.806,4345.659,4338.736,4343.945,868,50,0
2026-08-19 06:40:00+00:00,4343.892,4344.496,4341.65,4342.049,1006,50,0
2026-08-19 06:45:00+00:00,4342.109,4344.179,4340.837,4343.817,1093,50,0
2026-08-19 06:50:00+00:00,4344.011,4347.879,4343.846,4347.703,972,50,0
2026-08-19 06:55:00+00:00,4347.631,4349.633,4347.227,4348.934,964,50,0
2026-08-19 07:00:00+00:00,4349.056,4351.35,4347.442,4347.909,1075,50,0
2026-08-19 07:05:00+00:00,4347.856,4353.541,4347.856,4352.926,857,50,0
2026-08-19 07:10:00+00:00,4352.75,4353.618,4349.86,4350.653,593,50,0
2026-08-19 07:15:00+00:00,4350.594,4351.628,4347.437,4350.519,746,50,0
2026-08-19 07:20:00+00:00,4350.577,4355.047,4348.832,4354.222,799,50,0
2026-08-19 07:25:00+00:00,4354.28,4357.096,4353.877,4356.706,799,50,0
2026-08-19 07:30:00+00:00,4356.653,4360.996,4356.176,4359.408,865,50,0
2026-08-19 07:35:00+00:00,4359.323,4363.18,4357.071,4357.632,758,50,0
2026-08-19 07:40:00+00:00,4357.686,4358.039,4352.941,4354.423,676,50,0
2026-08-19 07:45:00+00:00,4354.678,4357.099,4354.148,4356.441,664,50,0
2026-08-19 07:50:00+00:00,4356.784,4357.834,4354.785,4355.477,646,50,0
2026-08-19 07:55:00+00:00,4355.86,4356.477,4354.603,4355.034,558,40,0
2026-08-19 08:00:00+00:00,4355.021,4357.592,4351.114,4356.942,1207,50,0
2026-08-19 08:05:00+00:00,4356.799,4361.278,4356.072,4360.835,989,50,0
2026-08-19 08:10:00+00:00,4360.782,4363.01,4359.947,4361.824,755,50,0
2026-08-19 08:15:00+00:00,4361.805,4362.654,4359.741,4359.909,637,50,0
2026-08-19 08:20:00+00:00,4359.692,4360.18,4357.365,4360.025,665,50,0
2026-08-19 08:25:00+00:00,4360.071,4361.222,4358.229,4361.222,724,50,0
2026-08-19 08:30:00+00:00,4360.895,4361.259,4356.905,4357.235,872,50,0
2026-08-19 08:35:00+00:00,4357.388,4361.149,4356.567,4360.045,678,50,0
2026-08-19 08:40:00+00:00,4360.097,4363.287,4359.339,4362.49,691,50,0
2026-08-19 08:45:00+00:00,4362.487,4363.172,4360.675,4361.606,631,50,0
2026-08-19 08:50:00+00:00,4361.608,4362.08,4358.299,4358.54,590,40,0
2026-08-19 08:55:00+00:00,4358.598,4358.649,4354.75,4355.86,685,40,0
2026-08-19 09:00:00+00:00,4355.823,4359.23,4354.919,4359.003,583,50,0
2026-08-19 09:05:00+00:00,4358.992,4359.966,4355.34,4356.031,764,50,0
2026-08-19 09:10:00+00:00,4355.991,4357.908,4355.396,4356.252,694,50,0
2026-08-19 09:15:00+00:00,4356.456,4356.887,4353.384,4355.204,784,50,0
2026-08-19 09:20:00+00:00,4355.298,4357.273,4353.559,4356.242,788,50,0
2026-08-19 09:25:00+00:00,4356.234,4357.517,4354.024,4356.573,605,40,0
2026-08-19 09:30:00+00:00,4356.79,4357.911,4355.424,4356.345,724,50,0
2026-08-19 09:35:00+00:00,4356.618,4357.479,4355.994,4356.858,510,50,0
2026-08-19 09:40:00+00:00,4356.721,4360.898,4356.544,4358.794,637,40,0
2026-08-19 09:45:00+00:00,4358.917,4361.185,4358.263,4360.404,512,50,0
2026-08-19 09:50:00+00:00,4360.463,4361.047,4358.106,4359.753,595,40,0
2026-08-19 09:55:00+00:00,4359.806,4362.03,4358.935,4361.91,574,40,0
2026-08-19 10:00:00+00:00,4361.891,4363.404,4359.675,4360.199,795,40,0
2026-08-19 10:05:00+00:00,4359.942,4362.764,4359.561,4361.613,543,40,0
2026-08-19 10:10:00+00:00,4361.635,4364.359,4360.83,4363.652,615,50,0
2026-08-19 10:15:00+00:00,4363.848,4368.624,4363.518,4368.348,703,40,0
2026-08-19 10:20:00+00:00,4368.711,4369.132,4366.798,4368.29,632,50,0
2026-08-19 10:25:00+00:00,4368.221,4369.232,4366.699,4368.644,506,40,0
2026-08-19 10:30:00+00:00,4368.759,4369.606,4365.712,4367.148,548,50,0
2026-08-19 10:35:00+00:00,4367.202,4367.883,4366.486,4366.919,481,50,0
2026-08-19 10:40:00+00:00,4366.954,4368.688,4366.36,4368.003,500,40,0
2026-08-19 10:45:00+00:00,4368.058,4369.746,4367.287,4368.39,483,40,0
2026-08-19 10:50:00+00:00,4368.728,4368.739,4366.999,4367.622,465,50,0
2026-08-19 10:55:00+00:00,4367.544,4368.101,4366.25,4367.532,432,40,0
2026-08-19 11:00:00+00:00,4367.652,4371.221,4367.466,4371.138,886,50,0
2026-08-19 11:05:00+00:00,4370.875,4373.808,4370.461,4371.405,760,50,0
2026-08-19 11:10:00+00:00,4371.136,4374.335,4370.748,4373.203,662,50,0
2026-08-19 11:15:00+00:00,4373.263,4374.244,4369.86,4370.631,638,50,0
2026-08-19 11:20:00+00:00,4370.655,4371.419,4368.816,4370.828,540,40,0
2026-08-19 11:25:00+00:00,4371.08,4373.556,4370.499,4371.04,600,40,0
2026-08-19 11:30:00+00:00,4371.099,4371.998,4368.693,4369.334,702,50,0
2026-08-19 11:35:00+00:00,4369.363,4370.123,4366.874,4368.166,648,50,0
2026-08-19 11:40:00+00:00,4368.194,4368.25,4363.15,4363.735,680,50,0
2026-08-19 11:45:00+00:00,4363.677,4367.445,4363.397,4367.212,655,50,0
2026-08-19 11:50:00+00:00,4367.152,4367.426,4363.685,4365.913,643,40,0
2026-08-19 11:55:00+00:00,4365.977,4366.466,4364.039,4364.902,513,40,0
2026-08-19 12:00:00+00:00,4364.848,4365.494,4361.943,4363.989,896,50,0
2026-08-19 12:05:00+00:00,4364.29,4368.249,4363.352,4367.754,857,50,0
2026-08-19 12:10:00+00:00,4367.801,4370.803,4366.657,4368.162,749,50,0
2026-08-19 12:15:00+00:00,4368.218,4370.275,4365.916,4368.034,780,50,0
2026-08-19 12:20:00+00:00,4368.092,4373.62,4367.602,4370.519,1507,50,0
2026-08-19 12:25:00+00:00,4370.511,4371.349,4367.829,4369.574,878,50,0
2026-08-19 12:30:00+00:00,4369.632,4385.055,4368.587,4384.378,2774,50,0
2026-08-19 12:35:00+00:00,4384.272,4416.741,4382.664,4412.504,7869,50,0
2026-08-19 12:40:00+00:00,4412.45,4420.991,4406.653,4417.569,6060,50,0
2026-08-19 12:45:00+00:00,4417.622,4421.209,4411.537,4417.238,4732,50,0
2026-08-19 12:50:00+00:00,4417.177,4428.904,4411.6,4428.598,3826,50,0
2026-08-19 12:55:00+00:00,4428.534,4442.585,4426.348,4438.725,4846,50,0
2026-08-19 13:00:00+00:00,4438.84,4442.212,4427.131,4427.783,5538,50,0
2026-08-19 13:05:00+00:00,4427.605,4441.53,4424.205,4441.422,3627,50,0
2026-08-19 13:10:00+00:00,4441.753,4461.062,4441.093,4456.058,5609,50,0
2026-08-19 13:15:00+00:00,4456.162,4464.517,4455.71,4460.19,3807,50,0
2026-08-19 13:20:00+00:00,4460.247,4463.002,4454.926,4459.184,2958,50,0
2026-08-19 13:25:00+00:00,4459.317,4461.469,4455.188,4458.347,2727,50,0
2026-08-19 13:30:00+00:00,4458.412,4466.415,4455.26,4461.647,5161,50,0
2026-08-19 13:35:00+00:00,4461.977,4462.175,4442.483,4455.66,5299,50,0
2026-08-19 13:40:00+00:00,4455.722,4464.765,4449.795,4460.92,3665,50,0
2026-08-19 13:45:00+00:00,4460.854,4462.085,4449.496,4450.464,3262,50,0
2026-08-19 13:50:00+00:00,4450.407,4456.475,4445.191,4453.457,3164,50,0
2026-08-19 13:55:00+00:00,4453.524,4463.413,4451.553,4459.557,2887,50,0
2026-08-19 14:00:00+00:00,4459.483,4462.843,4455.11,4460.391,3298,50,0
2026-08-19 14:05:00+00:00,4460.681,4472.221,4460.374,4471.858,3410,50,0
2026-08-19 14:10:00+00:00,4471.745,4475.723,4469.107,4473.709,2780,50,0
2026-08-19 14:15:00+00:00,4473.767,4478.65,4471.389,4471.389,3142,50,0
2026-08-19 14:20:00+00:00,4471.723,4480.731,4470.184,4478.603,3095,50,0
2026-08-19 14:25:00+00:00,4478.435,4487.972,4477.374,4485.846,2420,50,0
2026-08-19 14:30:00+00:00,4485.964,4491.616,4483.911,4487.463,1766,50,0
2026-08-19 14:35:00+00:00,4487.599,4491.837,4486.553,4489.033,2221,50,0
2026-08-19 14:40:00+00:00,4489.092,4498.832,4487.161,4489.705,3326,50,0
2026-08-19 14:45:00+00:00,4489.773,4489.773,4478.244,4479.407,2291,50,0
2026-08-19 14:50:00+00:00,4479.472,4486.912,4478.435,4485.673,1708,50,0
2026-08-19 14:55:00+00:00,4485.7,4489.716,4485.237,4488.093,1646,50,0
2026-08-19 15:00:00+00:00,4488.237,4488.523,4481.15,4484.825,2136,50,0
2026-08-19 15:05:00+00:00,4484.951,4487.368,4482.031,4482.371,1681,50,0
2026-08-19 15:10:00+00:00,4482.503,4488.045,4479.724,4485.418,1721,50,0
2026-08-19 15:15:00+00:00,4485.475,4487.482,4483.791,4485.979,1511,50,0
2026-08-19 15:20:00+00:00,4485.902,4488.095,4480.983,4481.197,1377,50,0
2026-08-19 15:25:00+00:00,4480.864,4484.659,4478.141,4483.694,1742,50,0
2026-08-19 15:30:00+00:00,4483.627,4486.343,4480.102,4484.857,2016,50,0
2026-08-19 15:35:00+00:00,4484.771,4488.524,4484.565,4487.013,1225,50,0
2026-08-19 15:40:00+00:00,4487.137,4492.729,4484.844,4490.157,1443,50,0
2026-08-19 15:45:00+00:00,4490.097,4494.274,4489.76,4490.545,1410,50,0
2026-08-19 15:50:00+00:00,4490.687,4492.998,4488.503,4491.163,1061,50,0
2026-08-19 15:55:00+00:00,4491.11,4493.974,4490.701,4493.761,991,50,0
2026-08-19 16:00:00+00:00,4493.82,4497.644,4493.12,4493.49,1397,50,0
2026-08-19 16:05:00+00:00,4493.288,4497.751,4490.946,4497.26,1146,50,0
2026-08-19 16:10:00+00:00,4497.203,4499.227,4496.531,4497.839,1032,50,0
2026-08-19 16:15:00+00:00,4497.704,4499.481,4495.049,4495.237,1098,50,0
2026-08-19 16:20:00+00:00,4495.173,4496.875,4493.521,4494.785,1020,50,0
2026-08-19 16:25:00+00:00,4495.063,4495.823,4490.603,4491.286,990,50,0
2026-08-19 16:30:00+00:00,4491.133,4495.917,4490.539,4495.66,1000,50,0
2026-08-19 16:35:00+00:00,4495.868,4496.38,4491.966,4495.415,953,50,0
2026-08-19 16:40:00+00:00,4495.47,4496.456,4493.704,4495.357,977,50,0
2026-08-19 16:45:00+00:00,4495.24,4497.007,4493.577,4494.564,982,50,0
2026-08-19 16:50:00+00:00,4494.554,4497.737,4494.105,4494.785,869,50,0
2026-08-19 16:55:00+00:00,4494.554,4495.347,4493.448,4493.448,970,50,0
2026-08-19 17:00:00+00:00,4493.236,4499.303,4493.236,4496.744,1372,50,0
2026-08-19 17:05:00+00:00,4496.772,4497.328,4491.606,4493.017,1167,50,0
2026-08-19 17:10:00+00:00,4492.963,4493.941,4488.98,4492.655,1126,50,0
2026-08-19 17:15:00+00:00,4492.716,4492.868,4486.983,4489.205,1003,50,0
2026-08-19 17:20:00+00:00,4489.539,4490.698,4487.949,4489.645,1095,50,0
2026-08-19 17:25:00+00:00,4489.518,4489.737,4486.235,4488.198,1057,50,0
2026-08-19 17:30:00+00:00,4488.021,4489.235,4484.449,4488.193,932,50,0
2026-08-19 17:35:00+00:00,4488.138,4490.164,4486.592,4488.394,818,50,0
2026-08-19 17:40:00+00:00,4488.546,4491.816,4487.038,4488.555,839,50,0
2026-08-19 17:45:00+00:00,4488.466,4489.728,4487.671,4488.451,663,50,0
2026-08-19 17:50:00+00:00,4488.507,4489.127,4485.799,4486.577,693,50,0
2026-08-19 17:55:00+00:00,4486.681,4487.23,4484.414,4487.23,624,50,0
2026-08-19 18:00:00+00:00,4487.348,4496.108,4485.551,4495.57,1343,50,0
2026-08-19 18:05:00+00:00,4495.633,4496.741,4486.084,4489.18,2182,50,0
2026-08-19 18:10:00+00:00,4488.846,4490.395,4486.037,4488.215,1136,50,0
2026-08-19 18:15:00+00:00,4487.885,4488.126,4482.278,4484.815,1080,50,0
2026-08-19 18:20:00+00:00,4484.778,4485.297,4480.988,4481.446,994,50,0
2026-08-19 18:25:00+00:00,4481.508,4482.127,4472.779,4475.659,1570,50,0
2026-08-19 18:30:00+00:00,4475.711,4481.514,4472.039,4480.612,1668,50,0
2026-08-19 18:35:00+00:00,4480.683,4484.826,4478.714,4483.989,1157,50,0
2026-08-19 18:40:00+00:00,4484.115,4491.784,4483.637,4490.35,1253,50,0
2026-08-19 18:45:00+00:00,4490.469,4492.318,4489.386,4491.748,791,50,0
2026-08-19 18:50:00+00:00,4491.602,4496.869,4490.779,4494.287,943,50,0
2026-08-19 18:55:00+00:00,4494.398,4496.024,4494.065,4495.327,810,50,0
2026-08-19 19:00:00+00:00,4495.383,4498.72,4494.309,4497.198,1224,50,0
2026-08-19 19:05:00+00:00,4496.981,4506.023,4495.283,4504.967,1380,50,0
2026-08-19 19:10:00+00:00,4505.023,4505.655,4502.099,4503.499,1050,50,0
2026-08-19 19:15:00+00:00,4503.171,4506.268,4502.923,4504.325,943,50,0
2026-08-19 19:20:00+00:00,4504.252,4505.458,4502.519,4505.295,752,50,0
2026-08-19 19:25:00+00:00,4505.504,4507.881,4503.268,4506.918,1023,50,0
2026-08-19 19:30:00+00:00,4506.985,4510.897,4505.787,4509.4,904,50,0
2026-08-19 19:35:00+00:00,4509.462,4510.264,4503.667,4506.051,1033,50,0
2026-08-19 19:40:00+00:00,4506.113,4507.851,4502.401,4506.99,886,50,0
2026-08-19 19:45:00+00:00,4506.922,4511.448,4505.174,4510.886,1013,50,0
2026-08-19 19:50:00+00:00,4511.007,4512.227,4508.194,4511.406,932,50,0
2026-08-19 19:55:00+00:00,4511.353,4512.422,4508.515,4511.068,1241,50,0
2026-08-19 20:00:00+00:00,4511.156,4511.849,4508.895,4509.705,653,50,0
2026-08-19 20:05:00+00:00,4509.355,4510.777,4507.838,4510.481,491,50,0
2026-08-19 20:10:00+00:00,4510.52,4512.191,4505.384,4507.076,580,50,0
2026-08-19 20:15:00+00:00,4507.132,4511.399,4506.368,4510.238,464,50,0
2026-08-19 20:20:00+00:00,4510.632,4518.105,4509.918,4517.873,641,50,0
2026-08-19 20:25:00+00:00,4518.012,4522.225,4517.306,4518.389,1191,50,0
2026-08-19 20:30:00+00:00,4518.328,4523.754,4517.865,4521.34,846,50,0
2026-08-19 20:35:00+00:00,4521.331,4521.527,4518.76,4519.573,563,50,0
2026-08-19 20:40:00+00:00,4519.566,4520.977,4518.904,4519.734,493,50,0
2026-08-19 20:45:00+00:00,4519.806,4522.098,4519.407,4521.16,575,50,0
2026-08-19 20:50:00+00:00,4521.038,4524.033,4520.844,4523.733,673,50,0
2026-08-19 20:55:00+00:00,4523.702,4524.477,4522.451,4523.281,506,50,0
2026-08-19 22:00:00+00:00,4523.075,4527.709,4519.496,4521.255,637,50,0
2026-08-19 22:05:00+00:00,4521.384,4523.514,4520.441,4521.094,455,50,0
2026-08-19 22:10:00+00:00,4520.963,4521.886,4518.873,4519.962,430,50,0
2026-08-19 22:15:00+00:00,4519.912,4520.937,4519.329,4520.354,391,50,0
2026-08-19 22:20:00+00:00,4520.285,4521.591,4519.162,4521.493,361,50,0
2026-08-19 22:25:00+00:00,4521.389,4521.637,4519.632,4520.92,333,50,0
2026-08-19 22:30:00+00:00,4520.918,4522.07,4518.034,4518.996,548,50,0
2026-08-19 22:35:00+00:00,4519.074,4520.093,4517.641,4518.163,444,50,0
2026-08-19 22:40:00+00:00,4518.0,4519.596,4517.848,4518.52,393,50,0
2026-08-19 22:45:00+00:00,4518.613,4521.282,4518.052,4519.511,388,50,0
2026-08-19 22:50:00+00:00,4519.784,4521.917,4518.782,4519.756,358,50,0
2026-08-19 22:55:00+00:00,4519.933,4520.187,4516.566,4519.039,480,50,0
2026-08-19 23:00:00+00:00,4519.096,4523.843,4517.545,4521.085,841,50,0
2026-08-19 23:05:00+00:00,4521.421,4523.672,4521.18,4521.8,555,50,0
2026-08-19 23:10:00+00:00,4521.987,4522.099,4519.41,4519.568,402,50,0
2026-08-19 23:15:00+00:00,4519.543,4520.411,4518.014,4520.019,382,50,0
2026-08-19 23:20:00+00:00,4519.975,4520.133,4515.227,4518.925,514,50,0
2026-08-19 23:25:00+00:00,4519.182,4519.335,4516.271,4517.85,387,50,0
2026-08-19 23:30:00+00:00,4517.673,4518.402,4514.284,4514.284,452,50,0
2026-08-19 23:35:00+00:00,4514.23,4516.446,4513.902,4514.14,513,50,0
2026-08-19 23:40:00+00:00,4514.153,4515.563,4513.57,4514.474,373,50,0
2026-08-19 23:45:00+00:00,4514.277,4517.538,4514.04,4515.09,524,50,0
2026-08-19 23:50:00+00:00,4515.001,4515.344,4512.006,4513.16,416,50,0
2026-08-19 23:55:00+00:00,4513.102,4513.487,4511.359,4511.946,514,50,0
2026-08-20 00:00:00+00:00,4512.003,4518.9,4510.197,4514.986,2110,50,0
2026-08-20 00:05:00+00:00,4514.921,4518.298,4513.856,4515.243,1852,50,0
2026-08-20 00:10:00+00:00,4515.299,4516.584,4512.6,4516.268,1399,50,0
2026-08-20 00:15:00+00:00,4516.522,4521.216,4514.358,4517.971,1529,50,0
2026-08-20 00:20:00+00:00,4518.024,4518.203,4510.062,4511.836,1507,50,0
2026-08-20 00:25:00+00:00,4512.054,4512.577,4508.572,4510.483,1108,50,0
2026-08-20 00:30:00+00:00,4510.427,4513.331,4509.408,4511.684,1073,50,0
2026-08-20 00:35:00+00:00,4511.452,4511.81,4508.728,4509.501,795,50,0
2026-08-20 00:40:00+00:00,4509.556,4509.634,4504.117,4506.128,971,50,0
2026-08-20 00:45:00+00:00,4506.18,4508.315,4504.657,4507.525,1293,50,0
2026-08-20 00:50:00+00:00,4507.47,4510.238,4504.708,4506.234,1297,50,0
2026-08-20 00:55:00+00:00,4506.321,4510.663,4503.96,4504.554,1375,50,0
2026-08-20 01:00:00+00:00,4504.881,4510.48,4492.694,4493.292,4171,50,0
2026-08-20 01:05:00+00:00,4493.354,4499.676,4491.77,4498.366,2435,50,0
2026-08-20 01:10:00+00:00,4498.313,4498.636,4492.273,4493.455,1965,50,0
2026-08-20 01:15:00+00:00,4493.523,4499.611,4493.3,4498.701,1873,50,0
2026-08-20 01:20:00+00:00,4498.641,4503.4,4498.641,4502.541,1641,50,0
2026-08-20 01:25:00+00:00,4502.18,4503.43,4497.556,4500.698,1343,50,0
2026-08-20 01:30:00+00:00,4500.643,4501.471,4495.362,4498.321,2346,50,0
2026-08-20 01:35:00+00:00,4498.459,4499.713,4493.725,4495.741,1892,50,0
2026-08-20 01:40:00+00:00,4495.77,4499.509,4493.51,4494.035,1459,50,0
2026-08-20 01:45:00+00:00,4494.006,4495.617,4489.025,4489.812,1265,50,0
2026-08-20 01:50:00+00:00,4489.874,4490.852,4484.577,4485.288,1252,50,0
2026-08-20 01:55:00+00:00,4484.957,4490.853,4484.786,4489.698,1522,50,0
2026-08-20 02:00:00+00:00,4489.835,4498.916,4488.672,4497.693,1970,50,0
2026-08-20 02:05:00+00:00,4497.756,4499.084,4494.302,4495.962,1414,50,0
2026-08-20 02:10:00+00:00,4495.824,4499.834,4495.465,4497.859,1086,50,0
2026-08-20 02:15:00+00:00,4497.797,4497.853,4489.613,4491.344,889,50,0
2026-08-20 02:20:00+00:00,4491.33,4494.527,4489.673,4493.934,805,50,0
2026-08-20 02:25:00+00:00,4493.771,4495.067,4491.056,4492.674,721,50,0
2026-08-20 02:30:00+00:00,4493.076,4494.776,4490.838,4491.954,1379,50,0
2026-08-20 02:35:00+00:00,4492.081,4494.103,4490.323,4492.661,951,50,0
2026-08-20 02:40:00+00:00,4492.625,4494.048,4490.33,4490.61,979,50,0
2026-08-20 02:45:00+00:00,4490.524,4492.164,4488.913,4488.988,940,50,0
2026-08-20 02:50:00+00:00,4488.92,4494.637,4488.83,4493.548,1009,50,0
2026-08-20 02:55:00+00:00,4493.487,4493.487,4490.624,4490.896,887,50,0
2026-08-20 03:00:00+00:00,4490.99,4496.515,4490.99,4496.085,862,50,0
2026-08-20 03:05:00+00:00,4495.808,4497.187,4491.429,4492.172,948,50,0
2026-08-20 03:10:00+00:00,4492.333,4492.646,4487.881,4492.646,1212,50,0
2026-08-20 03:15:00+00:00,4492.612,4493.77,4490.447,4492.867,943,50,0
2026-08-20 03:20:00+00:00,4492.79,4496.253,4491.376,4495.075,995,50,0
2026-08-20 03:25:00+00:00,4495.179,4496.47,4493.105,4493.386,874,50,0
2026-08-20 03:30:00+00:00,4493.602,4498.393,4492.323,4497.801,900,50,0
2026-08-20 03:35:00+00:00,4497.742,4497.986,4494.906,4497.321,740,50,0
2026-08-20 03:40:00+00:00,4497.33,4498.829,4496.069,4497.785,627,50,0
2026-08-20 03:45:00+00:00,4497.896,4498.527,4496.992,4498.35,644,50,0
2026-08-20 03:50:00+00:00,4498.295,4500.569,4496.889,4499.694,743,50,0
2026-08-20 03:55:00+00:00,4499.697,4501.142,4498.025,4499.085,664,50,0
2026-08-20 04:00:00+00:00,4499.141,4499.402,4495.074,4495.878,718,50,0
2026-08-20 04:05:00+00:00,4495.824,4497.962,4495.423,4497.02,685,50,0
2026-08-20 04:10:00+00:00,4496.76,4497.689,4496.199,4496.629,509,50,0
2026-08-20 04:15:00+00:00,4496.301,4497.183,4495.02,4496.502,507,50,0
2026-08-20 04:20:00+00:00,4496.442,4497.314,4494.086,4495.268,679,50,0
2026-08-20 04:25:00+00:00,4495.267,4495.492,4489.986,4490.123,683,50,0
2026-08-20 04:30:00+00:00,4489.854,4491.065,4486.821,4488.094,759,50,0
2026-08-20 04:35:00+00:00,4488.38,4488.815,4486.313,4487.47,677,50,0
2026-08-20 04:40:00+00:00,4487.525,4488.834,4486.773,4487.084,535,50,0
2026-08-20 04:45:00+00:00,4487.04,4490.748,4486.883,4490.171,555,50,0
2026-08-20 04:50:00+00:00,4490.151,4491.64,4489.424,4490.02,591,50,0
2026-08-20 04:55:00+00:00,4489.939,4491.73,4487.951,4488.492,609,50,0
2026-08-20 05:00:00+00:00,4488.759,4491.857,4488.317,4491.53,625,50,0
2026-08-20 05:05:00+00:00,4491.559,4494.202,4490.807,4491.053,644,50,0
2026-08-20 05:10:00+00:00,4491.052,4491.812,4484.094,4485.838,869,50,0
2026-08-20 05:15:00+00:00,4485.831,4486.921,4484.173,4484.725,851,50,0
2026-08-20 05:20:00+00:00,4484.7,4487.151,4484.049,4486.306,673,50,0
2026-08-20 05:25:00+00:00,4486.308,4486.434,4482.803,4483.072,767,50,0
2026-08-20 05:30:00+00:00,4483.275,4486.227,4479.65,4480.527,1585,50,0
2026-08-20 05:35:00+00:00,4480.583,4481.82,4478.138,4480.343,1069,50,0
2026-08-20 05:40:00+00:00,4480.382,4482.552,4479.108,4480.655,994,50,0
2026-08-20 05:45:00+00:00,4480.989,4481.708,4479.314,4481.155,762,50,0
2026-08-20 05:50:00+00:00,4481.465,4481.805,4478.452,4478.701,811,50,0
2026-08-20 05:55:00+00:00,4478.756,4483.127,4477.82,4481.165,685,50,0
2026-08-20 06:00:00+00:00,4481.108,4488.931,4480.186,4488.397,918,50,0
2026-08-20 06:05:00+00:00,4488.34,4491.564,4487.822,4490.303,910,50,0
2026-08-20 06:10:00+00:00,4490.285,4493.646,4489.711,4492.693,905,50,0
2026-08-20 06:15:00+00:00,4492.748,4496.106,4491.811,4493.723,1030,50,0
2026-08-20 06:20:00+00:00,4493.616,4494.433,4492.142,4493.376,823,50,0
2026-08-20 06:25:00+00:00,4493.438,4495.558,4493.067,4494.049,735,50,0
2026-08-20 06:30:00+00:00,4493.991,4495.191,4492.299,4495.163,779,50,0
2026-08-20 06:35:00+00:00,4495.094,4495.469,4493.222,4493.627,621,50,0
2026-08-20 06:40:00+00:00,4493.632,4494.423,4491.667,4492.275,752,50,0
2026-08-20 06:45:00+00:00,4492.329,4495.619,4492.329,4493.224,718,50,0
2026-08-20 06:50:00+00:00,4493.232,4493.407,4491.186,4492.074,794,50,0
2026-08-20 06:55:00+00:00,4492.013,4494.395,4491.289,4493.99,711,50,0
2026-08-20 07:00:00+00:00,4493.823,4493.965,4487.554,4488.594,1101,50,0
2026-08-20 07:05:00+00:00,4488.932,4490.743,4487.438,4489.239,845,50,0
2026-08-20 07:10:00+00:00,4489.093,4490.403,4487.026,4487.759,791,50,0
2026-08-20 07:15:00+00:00,4488.046,4490.542,4487.018,4487.268,727,50,0
2026-08-20 07:20:00+00:00,4487.081,4488.338,4485.834,4485.834,676,50,0
2026-08-20 07:25:00+00:00,4485.764,4486.335,4483.726,4484.176,703,50,0
2026-08-20 07:30:00+00:00,4484.141,4489.711,4483.445,4489.711,921,50,0
2026-08-20 07:35:00+00:00,4489.65,4491.205,4489.076,4490.302,809,50,0
2026-08-20 07:40:00+00:00,4490.041,4493.196,4489.332,4491.103,880,50,0
2026-08-20 07:45:00+00:00,4491.293,4494.409,4489.174,4489.232,705,50,0
2026-08-20 07:50:00+00:00,4489.138,4491.131,4488.298,4491.109,627,50,0
2026-08-20 07:55:00+00:00,4491.039,4492.433,4489.345,4490.851,723,50,0
2026-08-20 08:00:00+00:00,4490.84,4494.947,4490.584,4492.729,1110,50,0
2026-08-20 08:05:00+00:00,4492.673,4494.516,4491.002,4493.84,882,50,0
2026-08-20 08:10:00+00:00,4493.959,4495.357,4491.695,4494.164,769,50,0
2026-08-20 08:15:00+00:00,4494.276,4498.85,4493.871,4496.542,950,50,0
2026-08-20 08:20:00+00:00,4496.487,4498.155,4494.94,4495.673,789,50,0
2026-08-20 08:25:00+00:00,4495.706,4496.385,4489.876,4491.521,844,50,0
2026-08-20 08:30:00+00:00,4491.228,4493.287,4487.063,4493.061,1107,50,0
2026-08-20 08:35:00+00:00,4493.377,4495.349,4490.055,4491.706,891,50,0
2026-08-20 08:40:00+00:00,4491.837,4493.141,4490.361,4490.74,824,50,0
2026-08-20 08:45:00+00:00,4490.666,4491.706,4487.86,4487.86,760,50,0
2026-08-20 08:50:00+00:00,4488.187,4492.025,4487.636,4491.731,688,50,0
2026-08-20 08:55:00+00:00,4491.656,4492.201,4487.656,4489.298,688,50,0
2026-08-20 09:00:00+00:00,4489.242,4491.239,4488.487,4490.642,772,50,0
2026-08-20 09:05:00+00:00,4490.655,4493.164,4488.781,4491.73,742,50,0
2026-08-20 09:10:00+00:00,4491.671,4494.344,4491.318,4492.442,770,50,0
2026-08-20 09:15:00+00:00,4492.585,4493.868,4489.114,4489.392,775,50,0
2026-08-20 09:20:00+00:00,4489.487,4492.887,4488.198,4490.023,777,50,0
2026-08-20 09:25:00+00:00,4490.036,4491.025,4488.163,4490.106,638,50,0
2026-08-20 09:30:00+00:00,4490.04,4490.58,4487.07,4487.715,1000,50,0
2026-08-20 09:35:00+00:00,4487.72,4488.532,4484.548,4486.385,741,50,0
2026-08-20 09:40:00+00:00,4486.03,4490.313,4485.785,4489.2,740,50,0
2026-08-20 09:45:00+00:00,4489.408,4489.408,4484.998,4485.746,590,50,0
2026-08-20 09:50:00+00:00,4485.746,4486.464,4481.883,4484.157,814,50,0
2026-08-20 09:55:00+00:00,4484.217,4484.898,4481.988,4482.838,791,50,0
2026-08-20 10:00:00+00:00,4482.503,4486.06,4480.631,4485.319,766,50,0
2026-08-20 10:05:00+00:00,4485.259,4489.872,4485.206,4489.493,650,50,0
2026-08-20 10:10:00+00:00,4489.371,4491.515,4488.075,4490.46,674,50,0
2026-08-20 10:15:00+00:00,4490.676,4491.927,4489.867,4490.501,700,50,0
2026-08-20 10:20:00+00:00,4490.445,4490.853,4486.573,4488.863,658,50,0
2026-08-20 10:25:00+00:00,4488.927,4494.133,4488.437,4493.687,792,50,0
2026-08-20 10:30:00+00:00,4493.745,4494.949,4492.423,4493.077,654,50,0
2026-08-20 10:35:00+00:00,4493.022,4494.809,4490.251,4490.637,770,50,0
2026-08-20 10:40:00+00:00,4490.511,4491.405,4489.965,4491.321,535,50,0
2026-08-20 10:45:00+00:00,4491.376,4491.511,4488.677,4490.124,520,50,0
2026-08-20 10:50:00+00:00,4490.328,4490.884,4487.421,4488.103,588,50,0
2026-08-20 10:55:00+00:00,4488.046,4490.583,4487.608,4490.343,533,50,0
2026-08-20 11:00:00+00:00,4490.462,4491.508,4487.61,4488.494,1149,50,0
2026-08-20 11:05:00+00:00,4488.548,4488.641,4485.846,4487.538,818,50,0
2026-08-20 11:10:00+00:00,4487.489,4487.749,4482.653,4485.252,809,50,0
2026-08-20 11:15:00+00:00,4485.198,4486.069,4481.221,4482.528,843,50,0
2026-08-20 11:20:00+00:00,4482.523,4487.652,4481.677,4487.495,887,50,0
2026-08-20 11:25:00+00:00,4487.432,4490.086,4484.101,4484.462,710,50,0
2026-08-20 11:30:00+00:00,4484.539,4486.126,4482.539,4485.094,913,50,0
2026-08-20 11:35:00+00:00,4485.041,4486.968,4479.787,4481.924,1023,50,0
2026-08-20 11:40:00+00:00,4481.977,4482.831,4474.221,4474.988,1302,50,0
2026-08-20 11:45:00+00:00,4475.045,4475.935,4465.675,4471.469,1626,50,0
2026-08-20 11:50:00+00:00,4471.139,4473.159,4466.142,4467.371,1648,50,0
2026-08-20 11:55:00+00:00,4467.306,4471.516,4465.389,4467.259,1261,50,0
2026-08-20 12:00:00+00:00,4467.315,4467.396,4457.066,4458.436,2397,50,0
2026-08-20 12:05:00+00:00,4458.103,4459.586,4450.495,4456.998,3038,50,0
2026-08-20 12:10:00+00:00,4456.98,4466.351,4456.518,4462.643,1826,50,0
2026-08-20 12:15:00+00:00,4462.461,4467.298,4462.023,4466.849,1889,50,0
2026-08-20 12:20:00+00:00,4466.794,4468.082,4461.8,4463.819,1877,50,0
2026-08-20 12:25:00+00:00,4463.766,4463.807,4456.903,4459.587,1523,50,0
2026-08-20 12:30:00+00:00,4459.76,4461.043,4450.985,4453.553,1508,50,0
2026-08-20 12:35:00+00:00,4453.48,4463.488,4451.773,4463.338,2047,50,0
2026-08-20 12:40:00+00:00,4463.017,4467.252,4459.928,4466.621,1534,50,0
2026-08-20 12:45:00+00:00,4466.812,4471.438,4464.116,4471.299,1246,50,0
2026-08-20 12:50:00+00:00,4471.297,4475.514,4469.993,4472.119,1015,50,0
2026-08-20 12:55:00+00:00,4472.123,4477.329,4471.756,4474.745,1187,50,0
2026-08-20 13:00:00+00:00,4474.922,4484.764,4473.736,4478.817,2552,50,0
2026-08-20 13:05:00+00:00,4478.877,4480.481,4473.031,4473.875,1816,50,0
2026-08-20 13:10:00+00:00,4473.953,4476.084,4471.787,4472.885,1818,50,0
2026-08-20 13:15:00+00:00,4472.818,4476.962,4470.961,4475.018,1971,50,0
2026-08-20 13:20:00+00:00,4474.802,4476.597,4471.419,4474.276,1424,50,0
2026-08-20 13:25:00+00:00,4474.221,4474.623,4470.131,4472.102,1706,50,0
2026-08-20 13:30:00+00:00,4471.967,4477.634,4469.267,4475.724,3451,50,0
2026-08-20 13:35:00+00:00,4475.907,4486.854,4474.588,4483.798,4095,50,0
2026-08-20 13:40:00+00:00,4483.674,4488.139,4477.797,4486.857,2708,50,0
2026-08-20 13:45:00+00:00,4486.704,4489.469,4480.351,4482.41,2512,50,0
2026-08-20 13:50:00+00:00,4482.21,4486.757,4481.202,4485.686,2249,50,0
2026-08-20 13:55:00+00:00,4485.745,4486.748,4479.396,4481.661,1695,50,0
2026-08-20 14:00:00+00:00,4481.716,4490.844,4481.662,4483.613,2528,50,0
2026-08-20 14:05:00+00:00,4483.697,4486.915,4480.786,4485.321,2366,50,0
2026-08-20 14:10:00+00:00,4485.227,4489.159,4483.612,4485.381,2134,50,0
2026-08-20 14:15:00+00:00,4485.194,4489.611,4481.875,4482.266,1900,50,0
2026-08-20 14:20:00+00:00,4482.399,4494.032,4481.892,4490.839,2088,50,0
2026-08-20 14:25:00+00:00,4491.053,4493.27,4486.696,4491.576,1882,50,0
2026-08-20 14:30:00+00:00,4491.906,4497.246,4491.805,4494.344,1746,50,0
2026-08-20 14:35:00+00:00,4494.702,4500.993,4493.025,4495.921,1563,50,0
2026-08-20 14:40:00+00:00,4496.258,4501.286,4493.848,4499.229,1419,50,0
2026-08-20 14:45:00+00:00,4499.16,4509.097,4498.662,4507.96,1490,50,0
2026-08-20 14:50:00+00:00,4507.902,4510.628,4505.009,4509.853,1580,50,0
2026-08-20 14:55:00+00:00,4509.779,4516.387,4509.28,4515.78,1924,50,0
2026-08-20 15:00:00+00:00,4515.912,4536.873,4515.035,4535.708,6372,50,0
2026-08-20 15:05:00+00:00,4535.642,4536.601,4522.331,4524.762,5385,50,0
2026-08-20 15:10:00+00:00,4524.69,4537.575,4521.502,4534.954,4566,50,0
2026-08-20 15:15:00+00:00,4535.024,4540.91,4530.462,4539.571,3599,50,0
2026-08-20 15:20:00+00:00,4539.976,4540.973,4523.443,4527.376,3409,50,0
2026-08-20 15:25:00+00:00,4527.048,4534.347,4525.701,4532.578,2557,50,0
2026-08-20 15:30:00+00:00,4532.396,4533.909,4522.861,4523.912,3004,50,0
2026-08-20 15:35:00+00:00,4524.032,4527.025,4517.362,4518.795,2534,50,0
2026-08-20 15:40:00+00:00,4518.74,4519.924,4509.191,4511.767,2374,50,0
2026-08-20 15:45:00+00:00,4511.826,4521.578,4511.021,4520.362,2148,50,0
2026-08-20 15:50:00+00:00,4520.307,4521.766,4515.613,4519.334,2138,50,0
2026-08-20 15:55:00+00:00,4519.277,4524.33,4517.571,4521.824,1681,50,0
2026-08-20 16:00:00+00:00,4521.88,4524.912,4519.234,4519.844,1742,50,0
2026-08-20 16:05:00+00:00,4519.901,4522.21,4518.613,4519.987,1397,50,0
2026-08-20 16:10:00+00:00,4519.924,4520.576,4510.324,4511.421,1646,50,0
2026-08-20 16:15:00+00:00,4511.324,4513.386,4508.527,4512.341,1594,50,0
2026-08-20 16:20:00+00:00,4512.39,4513.184,4509.292,4511.708,1474,50,0
2026-08-20 16:25:00+00:00,4511.834,4512.02,4505.278,4509.439,1450,50,0
2026-08-20 16:30:00+00:00,4509.324,4509.933,4502.826,4509.206,1471,50,0
2026-08-20 16:35:00+00:00,4509.147,4512.84,4506.973,4507.424,1427,50,0
2026-08-20 16:40:00+00:00,4507.364,4510.459,4507.1,4509.374,1065,50,0
2026-08-20 16:45:00+00:00,4509.313,4512.701,4507.584,4512.199,1023,50,0
2026-08-20 16:50:00+00:00,4512.139,4513.919,4508.767,4509.711,1052,50,0
2026-08-20 16:55:00+00:00,4509.633,4511.391,4507.722,4510.223,1021,50,0
2026-08-20 17:00:00+00:00,4510.033,4514.135,4509.822,4511.762,1191,50,0
2026-08-20 17:05:00+00:00,4511.816,4512.097,4507.655,4509.888,899,50,0
2026-08-20 17:10:00+00:00,4509.831,4510.702,4507.887,4509.632,911,50,0
2026-08-20 17:15:00+00:00,4509.362,4511.58,4508.056,4508.87,1062,50,0
2026-08-20 17:20:00+00:00,4508.628,4514.465,4508.401,4511.46,1358,50,0
2026-08-20 17:25:00+00:00,4511.327,4516.711,4509.293,4513.116,1259,50,0
2026-08-20 17:30:00+00:00,4513.175,4518.612,4510.749,4518.461,1192,50,0
2026-08-20 17:35:00+00:00,4518.13,4518.793,4516.134,4516.879,878,50,0
2026-08-20 17:40:00+00:00,4516.839,4518.507,4515.99,4518.211,827,50,0
2026-08-20 17:45:00+00:00,4518.155,4520.434,4517.197,4519.021,844,50,0
2026-08-20 17:50:00+00:00,4519.215,4520.146,4517.06,4518.911,768,50,0
2026-08-20 17:55:00+00:00,4518.655,4520.686,4518.043,4519.85,714,50,0
2026-08-20 18:00:00+00:00,4519.921,4522.46,4518.206,4521.726,1040,50,0
2026-08-20 18:05:00+00:00,4521.786,4522.595,4514.646,4516.795,1155,50,0
2026-08-20 18:10:00+00:00,4516.739,4516.831,4509.341,4510.833,1457,50,0
2026-08-20 18:15:00+00:00,4510.779,4516.481,4508.158,4515.703,1347,50,0
2026-08-20 18:20:00+00:00,4515.762,4518.228,4514.909,4516.422,893,50,0
2026-08-20 18:25:00+00:00,4516.302,4520.24,4516.228,4519.205,894,50,0
2026-08-20 18:30:00+00:00,4519.137,4521.714,4518.399,4519.327,856,50,0
2026-08-20 18:35:00+00:00,4519.383,4523.535,4518.726,4521.292,865,50,0
2026-08-20 18:40:00+00:00,4521.022,4521.998,4519.656,4520.019,714,50,0
2026-08-20 18:45:00+00:00,4520.144,4521.7,4517.791,4521.615,764,50,0
2026-08-20 18:50:00+00:00,4521.32,4525.494,4521.053,4524.847,816,50,0
2026-08-20 18:55:00+00:00,4524.902,4525.114,4521.346,4522.194,753,50,0
2026-08-20 19:00:00+00:00,4522.099,4522.655,4518.159,4521.559,981,50,0
2026-08-20 19:05:00+00:00,4521.846,4526.369,4521.284,4526.011,723,50,0
2026-08-20 19:10:00+00:00,4526.049,4528.27,4524.211,4527.566,706,50,0
2026-08-20 19:15:00+00:00,4527.834,4529.56,4525.669,4525.863,643,50,0
2026-08-20 19:20:00+00:00,4526.035,4528.227,4523.658,4527.069,812,50,0
2026-08-20 19:25:00+00:00,4526.923,4527.963,4522.653,4522.944,645,50,0
2026-08-20 19:30:00+00:00,4522.883,4524.695,4521.984,4524.172,729,50,0
2026-08-20 19:35:00+00:00,4524.117,4529.709,4523.011,4528.928,911,50,0
2026-08-20 19:40:00+00:00,4528.928,4529.128,4526.215,4526.349,752,50,0
2026-08-20 19:45:00+00:00,4526.315,4530.467,4524.847,4528.705,871,50,0
2026-08-20 19:50:00+00:00,4528.647,4532.269,4527.968,4530.899,1088,50,0
2026-08-20 19:55:00+00:00,4530.847,4531.687,4526.851,4528.839,1106,50,0
2026-08-20 20:00:00+00:00,4528.5,4529.181,4525.937,4527.234,670,50,0
2026-08-20 20:05:00+00:00,4527.279,4528.093,4522.583,4523.072,676,50,0
2026-08-20 20:10:00+00:00,4523.138,4524.984,4522.344,4522.606,468,50,0
2026-08-20 20:15:00+00:00,4522.567,4523.024,4520.878,4522.181,394,50,0
2026-08-20 20:20:00+00:00,4522.06,4522.445,4520.593,4521.589,377,50,0
2026-08-20 20:25:00+00:00,4521.394,4522.142,4520.5,4520.699,419,50,0
2026-08-20 20:30:00+00:00,4521.109,4521.225,4516.87,4518.24,577,50,0
2026-08-20 20:35:00+00:00,4518.219,4518.885,4517.314,4518.206,394,50,0
2026-08-20 20:40:00+00:00,4517.933,4519.02,4517.662,4518.297,286,50,0
2026-08-20 20:45:00+00:00,4518.361,4519.238,4517.863,4518.568,274,50,0
2026-08-20 20:50:00+00:00,4518.846,4521.45,4518.22,4519.752,522,50,0
2026-08-20 20:55:00+00:00,4520.004,4520.577,4518.845,4518.845,273,50,0
2026-08-20 22:00:00+00:00,4519.119,4521.322,4519.119,4519.973,306,50,0
2026-08-20 22:05:00+00:00,4520.079,4520.983,4518.084,4518.084,266,50,0
2026-08-20 22:10:00+00:00,4518.054,4519.781,4516.872,4518.396,265,50,0
2026-08-20 22:15:00+00:00,4518.412,4520.123,4518.412,4519.708,250,50,0
2026-08-20 22:20:00+00:00,4519.682,4520.208,4517.871,4518.623,268,50,0
2026-08-20 22:25:00+00:00,4518.649,4520.901,4518.416,4519.595,331,50,0
2026-08-20 22:30:00+00:00,4519.63,4520.396,4518.642,4520.125,318,50,0
2026-08-20 22:35:00+00:00,4520.398,4522.742,4519.617,4521.525,342,50,0
2026-08-20 22:40:00+00:00,4521.787,4523.788,4521.271,4522.648,353,50,0
2026-08-20 22:45:00+00:00,4522.928,4523.816,4519.548,4522.12,425,50,0
2026-08-20 22:50:00+00:00,4522.12,4524.565,4521.785,4523.878,310,50,0
2026-08-20 22:55:00+00:00,4523.817,4524.607,4523.509,4524.244,271,50,0
2026-08-20 23:00:00+00:00,4524.23,4530.204,4523.483,4529.137,495,50,0
2026-08-20 23:05:00+00:00,4529.248,4530.457,4524.876,4527.2,546,50,0
2026-08-20 23:10:00+00:00,4527.203,4532.965,4527.203,4531.923,484,50,0
2026-08-20 23:15:00+00:00,4531.785,4532.466,4529.433,4531.672,435,50,0
2026-08-20 23:20:00+00:00,4531.64,4531.64,4528.105,4529.031,339,50,0
2026-08-20 23:25:00+00:00,4529.031,4530.66,4522.724,4527.197,617,50,0
2026-08-20 23:30:00+00:00,4527.356,4528.826,4522.286,4523.958,625,50,0
2026-08-20 23:35:00+00:00,4523.91,4524.614,4521.04,4523.622,508,50,0
2026-08-20 23:40:00+00:00,4523.566,4525.122,4523.515,4524.519,324,50,0
2026-08-20 23:45:00+00:00,4524.504,4527.58,4523.193,4527.503,365,50,0
2026-08-20 23:50:00+00:00,4527.424,4528.368,4525.932,4527.549,443,50,0
2026-08-20 23:55:00+00:00,4527.529,4527.8,4525.972,4526.564,434,50,0
2026-08-21 00:00:00+00:00,4526.445,4527.685,4522.178,4523.045,1165,50,0
2026-08-21 00:05:00+00:00,4522.78,4523.309,4519.839,4520.315,935,50,0
2026-08-21 00:10:00+00:00,4520.261,4523.253,4517.393,4518.888,1109,50,0
2026-08-21 00:15:00+00:00,4518.712,4519.89,4514.522,4517.92,1193,50,0
2026-08-21 00:20:00+00:00,4517.816,4519.319,4516.394,4517.831,911,50,0
2026-08-21 00:25:00+00:00,4517.631,4520.915,4513.924,4515.142,1045,50,0
2026-08-21 00:30:00+00:00,4515.203,4517.263,4513.138,4514.205,950,50,0
2026-08-21 00:35:00+00:00,4514.262,4515.935,4511.467,4512.934,1156,50,0
2026-08-21 00:40:00+00:00,4512.829,4514.549,4510.853,4513.895,851,50,0
2026-08-21 00:45:00+00:00,4513.702,4514.167,4509.974,4511.766,979,50,0
2026-08-21 00:50:00+00:00,4511.826,4512.882,4510.28,4511.313,946,50,0
2026-08-21 00:55:00+00:00,4511.37,4511.813,4509.832,4510.618,920,50,0
2026-08-21 01:00:00+00:00,4510.684,4517.449,4508.719,4513.299,3168,50,0
2026-08-21 01:05:00+00:00,4513.09,4516.285,4512.355,4513.841,2359,50,0
2026-08-21 01:10:00+00:00,4513.929,4521.19,4512.093,4520.798,1791,50,0
2026-08-21 01:15:00+00:00,4520.741,4526.987,4520.33,4523.997,1421,50,0
2026-08-21 01:20:00+00:00,4524.359,4530.185,4522.641,4526.687,1557,50,0
2026-08-21 01:25:00+00:00,4526.843,4530.849,4525.368,4529.693,1327,50,0
2026-08-21 01:30:00+00:00,4529.475,4539.315,4528.494,4537.23,1759,50,0
2026-08-21 01:35:00+00:00,4537.287,4544.061,4526.971,4528.924,2205,50,0
2026-08-21 01:40:00+00:00,4528.867,4529.244,4523.638,4525.922,1263,50,0
2026-08-21 01:45:00+00:00,4526.043,4533.618,4525.913,4531.345,1025,50,0
2026-08-21 01:50:00+00:00,4531.405,4532.536,4525.342,4526.252,1185,50,0
2026-08-21 01:55:00+00:00,4526.198,4531.082,4525.971,4530.787,989,50,0
2026-08-21 02:00:00+00:00,4530.731,4531.299,4521.239,4522.881,1477,50,0
2026-08-21 02:05:00+00:00,4522.936,4525.411,4521.034,4523.164,1175,50,0
2026-08-21 02:10:00+00:00,4523.227,4523.721,4518.398,4520.986,1109,50,0
2026-08-21 02:15:00+00:00,4521.104,4522.66,4520.037,4522.578,761,50,0
2026-08-21 02:20:00+00:00,4522.621,4527.477,4522.144,4527.329,615,50,0
2026-08-21 02:25:00+00:00,4527.329,4529.384,4526.054,4527.389,624,50,0
2026-08-21 02:30:00+00:00,4527.581,4530.97,4525.178,4526.271,1652,50,0
2026-08-21 02:35:00+00:00,4526.632,4531.781,4526.306,4531.284,1125,50,0
2026-08-21 02:40:00+00:00,4531.227,4538.45,4531.01,4538.45,973,50,0
2026-08-21 02:45:00+00:00,4538.104,4539.67,4535.203,4538.971,1073,50,0
2026-08-21 02:50:00+00:00,4538.841,4543.142,4534.946,4541.115,1154,50,0
2026-08-21 02:55:00+00:00,4540.723,4541.237,4532.251,4534.019,979,50,0
2026-08-21 03:00:00+00:00,4534.08,4538.483,4532.885,4533.527,1055,50,0
2026-08-21 03:05:00+00:00,4533.407,4536.097,4531.805,4534.544,814,50,0
2026-08-21 03:10:00+00:00,4534.565,4536.745,4532.273,4532.434,854,50,0
2026-08-21 03:15:00+00:00,4532.707,4534.761,4531.966,4533.034,838,50,0
2026-08-21 03:20:00+00:00,4533.036,4535.089,4532.655,4533.644,785,50,0
2026-08-21 03:25:00+00:00,4533.699,4534.68,4529.742,4529.813,904,50,0
2026-08-21 03:30:00+00:00,4529.795,4535.873,4529.304,4535.763,796,50,0
2026-08-21 03:35:00+00:00,4535.818,4535.874,4529.125,4529.125,741,50,0
2026-08-21 03:40:00+00:00,4529.327,4529.701,4526.698,4529.191,784,50,0
2026-08-21 03:45:00+00:00,4529.236,4534.029,4528.093,4531.762,706,50,0
2026-08-21 03:50:00+00:00,4531.434,4533.347,4531.428,4532.996,543,50,0
2026-08-21 03:55:00+00:00,4533.058,4535.632,4532.374,4535.333,483,50,0
2026-08-21 04:00:00+00:00,4535.453,4539.426,4535.36,4538.528,665,50,0
2026-08-21 04:05:00+00:00,4538.534,4539.829,4536.019,4538.15,655,50,0
2026-08-21 04:10:00+00:00,4538.377,4541.729,4537.169,4540.064,768,50,0
2026-08-21 04:15:00+00:00,4540.124,4541.655,4537.417,4541.655,691,50,0
2026-08-21 04:20:00+00:00,4541.601,4546.265,4540.93,4543.323,903,50,0
2026-08-21 04:25:00+00:00,4543.379,4547.441,4542.562,4546.804,782,50,0
2026-08-21 04:30:00+00:00,4546.91,4548.307,4543.135,4544.279,856,50,0
2026-08-21 04:35:00+00:00,4544.313,4544.925,4540.72,4542.061,533,50,0
2026-08-21 04:40:00+00:00,4542.091,4543.391,4540.698,4541.595,552,50,0
2026-08-21 04:45:00+00:00,4541.898,4542.345,4540.097,4541.262,502,50,0
2026-08-21 04:50:00+00:00,4541.241,4542.659,4540.739,4541.728,471,50,0
2026-08-21 04:55:00+00:00,4541.473,4542.477,4540.31,4540.865,465,50,0
2026-08-21 05:00:00+00:00,4540.537,4541.016,4536.616,4537.971,673,50,0
2026-08-21 05:05:00+00:00,4537.78,4539.987,4535.347,4536.984,729,50,0
2026-08-21 05:10:00+00:00,4536.96,4537.779,4534.653,4537.417,680,50,0
2026-08-21 05:15:00+00:00,4537.086,4538.848,4530.977,4533.625,1039,50,0
2026-08-21 05:20:00+00:00,4533.953,4534.812,4532.623,4533.712,603,50,0
2026-08-21 05:25:00+00:00,4533.838,4534.656,4530.67,4530.67,658,50,0
2026-08-21 05:30:00+00:00,4530.569,4538.448,4529.338,4538.083,1641,50,0
2026-08-21 05:35:00+00:00,4538.141,4541.056,4535.242,4536.455,1119,50,0
2026-08-21 05:40:00+00:00,4536.497,4543.442,4535.917,4543.072,1074,50,0
2026-08-21 05:45:00+00:00,4543.088,4546.582,4541.649,4546.099,939,50,0
2026-08-21 05:50:00+00:00,4546.038,4549.365,4543.361,4547.851,1035,50,0
2026-08-21 05:55:00+00:00,4547.911,4556.388,4547.785,4553.724,1269,50,0
2026-08-21 06:00:00+00:00,4553.816,4555.374,4547.623,4549.687,945,50,0
2026-08-21 06:05:00+00:00,4549.628,4551.795,4546.95,4548.655,1067,50,0
2026-08-21 06:10:00+00:00,4548.595,4550.343,4545.483,4549.183,1192,50,0
2026-08-21 06:15:00+00:00,4549.241,4556.842,4549.241,4555.921,1201,50,0
2026-08-21 06:20:00+00:00,4556.062,4556.936,4549.988,4550.783,1076,50,0
2026-08-21 06:25:00+00:00,4550.721,4558.347,4550.293,4555.605,1160,50,0
2026-08-21 06:30:00+00:00,4555.67,4563.702,4554.515,4561.166,1296,50,0
2026-08-21 06:35:00+00:00,4561.226,4565.957,4561.226,4564.888,1038,50,0
2026-08-21 06:40:00+00:00,4564.949,4565.213,4560.408,4562.7,1195,50,0
2026-08-21 06:45:00+00:00,4562.484,4567.79,4562.484,4567.297,939,50,0
2026-08-21 06:50:00+00:00,4567.206,4567.678,4564.232,4564.751,1008,50,0
2026-08-21 06:55:00+00:00,4565.005,4567.83,4561.146,4561.151,979,50,0
2026-08-21 07:00:00+00:00,4560.965,4566.31,4559.481,4565.994,1002,50,0
2026-08-21 07:05:00+00:00,4565.955,4565.955,4559.038,4559.038,833,50,0
2026-08-21 07:10:00+00:00,4558.71,4561.884,4558.449,4561.494,834,50,0
2026-08-21 07:15:00+00:00,4561.834,4567.071,4559.703,4566.252,888,50,0
2026-08-21 07:20:00+00:00,4566.312,4568.067,4562.954,4563.616,916,50,0
2026-08-21 07:25:00+00:00,4563.555,4564.733,4560.671,4561.543,686,50,0
2026-08-21 07:30:00+00:00,4561.735,4564.913,4560.273,4562.395,954,50,0
2026-08-21 07:35:00+00:00,4562.455,4565.037,4560.1,4564.016,906,50,0
2026-08-21 07:40:00+00:00,4564.007,4566.391,4562.439,4564.367,847,50,0
2026-08-21 07:45:00+00:00,4564.705,4568.334,4562.756,4565.913,995,50,0
2026-08-21 07:50:00+00:00,4566.039,4567.406,4560.758,4561.979,799,50,0
2026-08-21 07:55:00+00:00,4561.917,4564.893,4561.141,4564.256,753,50,0
2026-08-21 08:00:00+00:00,4564.315,4566.767,4561.416,4561.476,938,50,0
2026-08-21 08:05:00+00:00,4561.532,4562.935,4559.166,4561.542,891,50,0
2026-08-21 08:10:00+00:00,4561.869,4568.24,4561.422,4565.739,932,50,0
2026-08-21 08:15:00+00:00,4565.683,4573.682,4563.909,4572.545,1023,50,0
2026-08-21 08:20:00+00:00,4572.477,4579.165,4571.686,4577.623,1082,50,0
2026-08-21 08:25:00+00:00,4577.503,4582.038,4577.346,4579.577,1088,50,0
2026-08-21 08:30:00+00:00,4579.647,4581.695,4577.807,4580.938,750,50,0
2026-08-21 08:35:00+00:00,4580.721,4582.941,4576.742,4579.44,1032,50,0
2026-08-21 08:40:00+00:00,4579.785,4584.381,4578.869,4582.302,946,50,0
2026-08-21 08:45:00+00:00,4582.341,4583.638,4580.478,4581.027,683,50,0
2026-08-21 08:50:00+00:00,4581.0,4583.268,4580.401,4581.696,738,50,0
2026-08-21 08:55:00+00:00,4581.592,4585.136,4580.372,4584.023,687,50,0
2026-08-21 09:00:00+00:00,4584.082,4586.09,4582.154,4586.055,824,50,0
2026-08-21 09:05:00+00:00,4586.255,4596.601,4584.564,4595.8,1242,50,0
2026-08-21 09:10:00+00:00,4595.469,4600.715,4595.298,4599.27,1166,50,0
2026-08-21 09:15:00+00:00,4599.326,4602.054,4593.239,4593.366,1087,50,0
2026-08-21 09:20:00+00:00,4593.308,4593.432,4585.033,4587.107,1217,50,0
2026-08-21 09:25:00+00:00,4587.182,4588.035,4581.221,4582.404,939,50,0
2026-08-21 09:30:00+00:00,4582.337,4584.699,4581.479,4582.941,1077,50,0
2026-08-21 09:35:00+00:00,4582.655,4586.08,4580.702,4585.671,826,50,0
2026-08-21 09:40:00+00:00,4585.525,4586.959,4581.759,4583.278,731,50,0
2026-08-21 09:45:00+00:00,4583.218,4583.828,4580.897,4581.654,703,50,0
2026-08-21 09:50:00+00:00,4581.71,4584.324,4580.336,4584.096,714,50,0
2026-08-21 09:55:00+00:00,4584.379,4585.381,4581.229,4582.515,634,50,0
2026-08-21 10:00:00+00:00,4582.451,4589.188,4581.665,4585.039,902,50,0
2026-08-21 10:05:00+00:00,4585.298,4585.516,4581.536,4583.424,820,50,0
2026-08-21 10:10:00+00:00,4583.544,4584.408,4577.954,4578.832,978,50,0
2026-08-21 10:15:00+00:00,4578.9,4587.098,4578.344,4584.618,830,50,0
2026-08-21 10:20:00+00:00,4584.418,4586.856,4583.132,4585.95,627,50,0
2026-08-21 10:25:00+00:00,4585.973,4589.52,4585.522,4588.526,815,50,0
2026-08-21 10:30:00+00:00,4588.521,4590.943,4585.859,4590.375,754,50,0
2026-08-21 10:35:00+00:00,4590.516,4593.747,4589.494,4593.571,684,50,0
2026-08-21 10:40:00+00:00,4593.634,4594.281,4591.062,4593.119,683,50,0
2026-08-21 10:45:00+00:00,4593.182,4593.587,4590.173,4590.635,692,50,0
2026-08-21 10:50:00+00:00,4590.825,4592.865,4588.373,4590.31,879,50,0
2026-08-21 10:55:00+00:00,4590.251,4591.196,4587.838,4588.425,698,50,0
2026-08-21 11:00:00+00:00,4588.819,4595.248,4587.162,4593.847,976,50,0
2026-08-21 11:05:00+00:00,4593.724,4595.497,4590.846,4592.239,847,50,0
2026-08-21 11:10:00+00:00,4592.295,4593.535,4588.468,4590.863,783,50,0
2026-08-21 11:15:00+00:00,4590.635,4597.792,4590.596,4596.115,834,50,0
2026-08-21 11:20:00+00:00,4596.173,4601.192,4595.859,4598.251,1457,50,0
2026-08-21 11:25:00+00:00,4598.233,4600.276,4595.654,4598.357,1393,50,0
2026-08-21 11:30:00+00:00,4598.417,4598.998,4593.338,4595.29,1149,50,0
2026-08-21 11:35:00+00:00,4595.348,4604.64,4595.07,4597.386,1383,50,0
2026-08-21 11:40:00+00:00,4597.611,4597.843,4593.289,4596.941,1106,50,0
2026-08-21 11:45:00+00:00,4597.27,4600.681,4596.441,4599.775,878,50,0
2026-08-21 11:50:00+00:00,4599.802,4600.284,4595.61,4597.783,1016,50,0
2026-08-21 11:55:00+00:00,4597.842,4598.926,4596.107,4597.279,774,50,0
2026-08-21 12:00:00+00:00,4597.341,4601.884,4593.781,4595.675,1421,50,0
2026-08-21 12:05:00+00:00,4595.816,4600.412,4591.879,4593.723,1306,50,0
2026-08-21 12:10:00+00:00,4594.058,4594.194,4589.172,4592.762,1284,50,0
2026-08-21 12:15:00+00:00,4592.889,4596.119,4586.205,4587.833,1490,50,0
2026-08-21 12:20:00+00:00,4587.892,4589.294,4582.128,4585.495,1619,50,0
2026-08-21 12:25:00+00:00,4585.435,4586.829,4583.789,4584.906,850,50,0
2026-08-21 12:30:00+00:00,4584.847,4584.847,4576.502,4578.046,1094,50,0
2026-08-21 12:35:00+00:00,4578.102,4578.411,4564.375,4564.745,1665,50,0
2026-08-21 12:40:00+00:00,4564.8,4575.937,4563.426,4573.645,1592,50,0
2026-08-21 12:45:00+00:00,4573.575,4579.474,4573.018,4579.366,989,50,0
2026-08-21 12:50:00+00:00,4579.434,4580.984,4576.848,4579.756,1000,50,0
2026-08-21 12:55:00+00:00,4579.884,4581.155,4574.872,4577.958,985,50,0
2026-08-21 13:00:00+00:00,4578.174,4584.73,4575.789,4581.035,2097,50,0
2026-08-21 13:05:00+00:00,4581.32,4584.172,4579.249,4581.116,1524,50,0
2026-08-21 13:10:00+00:00,4581.175,4587.155,4580.308,4585.215,1197,50,0
2026-08-21 13:15:00+00:00,4585.271,4587.992,4579.528,4580.862,1256,50,0
2026-08-21 13:20:00+00:00,4580.622,4586.997,4579.077,4583.318,1053,50,0
2026-08-21 13:25:00+00:00,4583.257,4585.606,4581.441,4584.386,1284,50,0
2026-08-21 13:30:00+00:00,4584.331,4587.065,4573.566,4573.896,3130,50,0
2026-08-21 13:35:00+00:00,4573.839,4591.105,4573.231,4587.424,2771,50,0
2026-08-21 13:40:00+00:00,4587.367,4590.702,4584.529,4587.891,1897,50,0
2026-08-21 13:45:00+00:00,4587.722,4593.31,4583.817,4589.775,1512,50,0
2026-08-21 13:50:00+00:00,4589.916,4591.401,4576.69,4581.274,2446,50,0
2026-08-21 13:55:00+00:00,4581.602,4585.485,4580.0,4581.244,1936,50,0
2026-08-21 14:00:00+00:00,4581.174,4589.026,4579.952,4588.542,1535,50,0
2026-08-21 14:05:00+00:00,4588.497,4590.661,4583.016,4587.322,1548,50,0
2026-08-21 14:10:00+00:00,4587.25,4590.098,4585.246,4589.568,1311,50,0
2026-08-21 14:15:00+00:00,4589.623,4591.272,4586.493,4590.215,1606,50,0
2026-08-21 14:20:00+00:00,4590.089,4598.448,4589.946,4597.795,1763,50,0
2026-08-21 14:25:00+00:00,4598.058,4603.329,4597.637,4603.329,1284,50,0
2026-08-21 14:30:00+00:00,4603.348,4603.885,4589.869,4590.096,1812,50,0
2026-08-21 14:35:00+00:00,4590.02,4592.947,4581.271,4582.268,2974,50,0
2026-08-21 14:40:00+00:00,4582.326,4589.7,4580.513,4582.833,2828,50,0
2026-08-21 14:45:00+00:00,4582.773,4591.786,4580.555,4591.362,1967,50,0
2026-08-21 14:50:00+00:00,4591.301,4595.304,4588.448,4589.803,1746,50,0
2026-08-21 14:55:00+00:00,4589.747,4592.703,4584.381,4591.811,1692,50,0
2026-08-21 15:00:00+00:00,4591.866,4594.565,4587.234,4593.539,2042,50,0
2026-08-21 15:05:00+00:00,4593.572,4598.484,4592.108,4593.945,1327,50,0
2026-08-21 15:10:00+00:00,4594.003,4598.09,4593.79,4595.386,1196,50,0
2026-08-21 15:15:00+00:00,4595.542,4599.452,4595.009,4597.549,1214,50,0
2026-08-21 15:20:00+00:00,4597.607,4602.874,4595.261,4602.399,1215,50,0
2026-08-21 15:25:00+00:00,4602.508,4607.905,4600.01,4602.865,1743,50,0
2026-08-21 15:30:00+00:00,4602.927,4606.262,4599.571,4606.034,1529,50,0
2026-08-21 15:35:00+00:00,4606.315,4608.603,4604.942,4606.774,1335,50,0
2026-08-21 15:40:00+00:00,4606.932,4610.785,4605.737,4609.534,1273,50,0
2026-08-21 15:45:00+00:00,4609.591,4611.173,4607.051,4607.832,1276,50,0
2026-08-21 15:50:00+00:00,4607.892,4615.21,4607.504,4613.692,1346,50,0
2026-08-21 15:55:00+00:00,4613.75,4615.497,4610.897,4614.491,1274,50,0
2026-08-21 16:00:00+00:00,4614.554,4617.898,4612.896,4617.342,1122,50,0
2026-08-21 16:05:00+00:00,4617.415,4617.415,4609.071,4610.254,1452,50,0
2026-08-21 16:10:00+00:00,4610.483,4616.066,4610.251,4614.689,1142,50,0
2026-08-21 16:15:00+00:00,4614.766,4616.167,4613.786,4614.309,888,50,0
2026-08-21 16:20:00+00:00,4614.254,4621.078,4611.442,4613.137,2380,50,0
2026-08-21 16:25:00+00:00,4613.198,4614.555,4610.526,4614.017,1101,50,0
2026-08-21 16:30:00+00:00,4614.053,4616.491,4612.166,4615.593,1158,50,0
2026-08-21 16:35:00+00:00,4615.652,4621.124,4614.442,4619.204,1174,50,0
2026-08-21 16:40:00+00:00,4619.265,4622.173,4617.347,4621.644,903,50,0
2026-08-21 16:45:00+00:00,4621.442,4625.061,4620.968,4623.912,928,50,0
2026-08-21 16:50:00+00:00,4623.978,4627.625,4623.762,4627.568,914,50,0
2026-08-21 16:55:00+00:00,4627.409,4629.352,4625.894,4628.754,831,50,0
2026-08-21 17:00:00+00:00,4628.809,4631.181,4626.83,4627.572,1160,50,0
2026-08-21 17:05:00+00:00,4627.629,4632.235,4626.124,4630.667,1235,50,0
2026-08-21 17:10:00+00:00,4630.606,4631.902,4621.72,4623.308,1511,50,0
2026-08-21 17:15:00+00:00,4623.367,4626.041,4621.956,4623.454,1356,50,0
2026-08-21 17:20:00+00:00,4623.394,4624.665,4615.499,4618.351,1582,50,0
2026-08-21 17:25:00+00:00,4618.151,4624.533,4615.429,4621.928,1418,50,0
2026-08-21 17:30:00+00:00,4622.016,4622.461,4619.526,4620.606,984,50,0
2026-08-21 17:35:00+00:00,4620.671,4624.889,4620.527,4622.893,743,50,0
2026-08-21 17:40:00+00:00,4622.618,4624.679,4618.572,4619.646,923,50,0
2026-08-21 17:45:00+00:00,4619.522,4619.983,4616.857,4618.896,1053,50,0
2026-08-21 17:50:00+00:00,4618.816,4622.542,4618.033,4619.741,975,50,0
2026-08-21 17:55:00+00:00,4619.798,4621.741,4619.237,4620.462,599,50,0
2026-08-21 18:00:00+00:00,4620.497,4626.403,4620.347,4626.095,782,50,0
2026-08-21 18:05:00+00:00,4626.152,4627.839,4624.261,4625.972,702,50,0
2026-08-21 18:10:00+00:00,4625.635,4626.263,4623.022,4624.213,544,50,0
2026-08-21 18:15:00+00:00,4624.223,4627.142,4623.958,4626.581,497,50,0
2026-08-21 18:20:00+00:00,4626.585,4627.781,4625.449,4626.319,479,50,0
2026-08-21 18:25:00+00:00,4626.375,4627.833,4624.334,4625.363,561,50,0
2026-08-21 18:30:00+00:00,4625.242,4625.35,4619.878,4622.303,799,50,0
2026-08-21 18:35:00+00:00,4622.425,4623.199,4619.465,4619.877,684,50,0
2026-08-21 18:40:00+00:00,4619.636,4621.631,4619.636,4620.789,539,50,0
2026-08-21 18:45:00+00:00,4620.792,4626.041,4620.737,4624.428,649,50,0
2026-08-21 18:50:00+00:00,4624.548,4625.169,4622.811,4624.823,500,50,0
2026-08-21 18:55:00+00:00,4624.691,4624.726,4623.095,4624.279,498,50,0
2026-08-21 19:00:00+00:00,4624.355,4625.667,4621.44,4622.239,824,50,0
2026-08-21 19:05:00+00:00,4622.229,4622.4,4618.508,4621.191,752,50,0
2026-08-21 19:10:00+00:00,4621.108,4623.577,4620.488,4622.867,598,50,0
2026-08-21 19:15:00+00:00,4622.88,4622.88,4620.065,4622.458,623,50,0
2026-08-21 19:20:00+00:00,4622.707,4623.407,4622.002,4622.468,574,50,0
2026-08-21 19:25:00+00:00,4622.413,4623.069,4617.925,4618.254,602,50,0
2026-08-21 19:30:00+00:00,4618.309,4619.899,4616.596,4617.153,636,50,0
2026-08-21 19:35:00+00:00,4617.161,4618.53,4615.753,4618.115,664,50,0
2026-08-21 19:40:00+00:00,4618.138,4619.794,4617.855,4618.214,649,50,0
2026-08-21 19:45:00+00:00,4618.371,4623.288,4617.277,4622.709,743,50,0
2026-08-21 19:50:00+00:00,4622.609,4623.909,4621.228,4622.779,742,50,0
2026-08-21 19:55:00+00:00,4622.706,4622.976,4615.728,4617.173,1003,50,0
2026-08-21 20:00:00+00:00,4617.263,4617.562,4615.059,4617.545,577,50,0
2026-08-21 20:05:00+00:00,4617.579,4617.708,4615.524,4616.701,490,50,0
2026-08-21 20:10:00+00:00,4616.463,4617.802,4615.973,4616.998,399,50,0
2026-08-21 20:15:00+00:00,4617.129,4617.776,4611.491,4612.994,604,50,0
2026-08-21 20:20:00+00:00,4613.067,4613.701,4610.477,4610.933,656,50,0
2026-08-21 20:25:00+00:00,4610.989,4612.066,4610.159,4610.908,494,50,0
2026-08-21 20:30:00+00:00,4610.96,4612.154,4609.929,4610.651,548,50,0
2026-08-21 20:35:00+00:00,4610.707,4611.886,4607.408,4608.456,575,50,0
2026-08-21 20:40:00+00:00,4608.4,4609.708,4607.766,4608.159,537,50,0
2026-08-21 20:45:00+00:00,4608.28,4608.852,4603.063,4606.1,817,50,0
2026-08-21 20:50:00+00:00,4606.042,4607.21,4603.711,4605.204,959,50,0
2026-08-21 20:55:00+00:00,4605.269,4605.492,4602.55,4603.934,942,50,0
2026-08-23 22:00:00+00:00,4615.78,4615.78,4607.517,4610.237,961,90,0
2026-08-23 22:05:00+00:00,4610.311,4617.783,4608.879,4617.371,727,50,0
2026-08-23 22:10:00+00:00,4617.309,4620.589,4615.738,4617.355,759,50,0
2026-08-23 22:15:00+00:00,4617.473,4618.482,4612.849,4618.482,608,50,0
2026-08-23 22:20:00+00:00,4618.423,4621.337,4615.903,4617.223,588,50,0
2026-08-23 22:25:00+00:00,4617.266,4617.608,4613.091,4614.242,514,50,0
2026-08-23 22:30:00+00:00,4614.008,4617.175,4613.617,4614.826,617,50,0
2026-08-23 22:35:00+00:00,4614.887,4616.766,4611.513,4611.779,540,50,0
2026-08-23 22:40:00+00:00,4611.779,4612.314,4606.867,4610.809,650,50,0
2026-08-23 22:45:00+00:00,4611.141,4611.197,4607.244,4608.768,618,50,0
2026-08-23 22:50:00+00:00,4608.766,4609.201,4607.075,4607.43,449,50,0
2026-08-23 22:55:00+00:00,4607.488,4608.074,4606.06,4606.291,333,50,0
2026-08-23 23:00:00+00:00,4606.42,4609.303,4605.034,4607.688,568,50,0
2026-08-23 23:05:00+00:00,4607.726,4608.046,4604.604,4607.965,414,50,0
2026-08-23 23:10:00+00:00,4607.98,4609.684,4607.558,4607.727,382,50,0
2026-08-23 23:15:00+00:00,4607.727,4608.337,4606.79,4607.463,348,50,0
2026-08-23 23:20:00+00:00,4607.364,4613.269,4607.303,4613.152,495,50,0
2026-08-23 23:25:00+00:00,4612.911,4616.29,4612.14,4615.317,484,50,0
2026-08-23 23:30:00+00:00,4615.314,4618.789,4613.929,4618.016,501,50,0
2026-08-23 23:35:00+00:00,4618.074,4619.445,4613.384,4613.572,520,50,0
2026-08-23 23:40:00+00:00,4613.299,4614.677,4607.791,4608.539,605,50,0
2026-08-23 23:45:00+00:00,4608.635,4615.353,4608.213,4615.079,954,50,0
2026-08-23 23:50:00+00:00,4615.024,4622.467,4615.006,4622.452,992,50,0
2026-08-23 23:55:00+00:00,4622.396,4624.725,4622.233,4624.04,698,50,0
2026-08-24 00:00:00+00:00,4624.24,4628.216,4620.245,4627.328,2520,50,0
2026-08-24 00:05:00+00:00,4627.456,4639.435,4627.388,4634.987,2852,50,0
2026-08-24 00:10:00+00:00,4635.165,4641.136,4633.59,4637.471,1816,50,0
2026-08-24 00:15:00+00:00,4637.354,4640.75,4628.72,4629.371,1996,50,0
2026-08-24 00:20:00+00:00,4629.566,4630.305,4611.809,4612.607,2630,50,0
2026-08-24 00:25:00+00:00,4612.547,4612.973,4594.319,4605.1,4017,50,0
2026-08-24 00:30:00+00:00,4605.042,4608.806,4602.693,4602.693,2407,50,0
2026-08-24 00:35:00+00:00,4602.906,4609.122,4601.014,4601.651,2248,50,0
2026-08-24 00:40:00+00:00,4601.621,4607.959,4600.982,4607.065,1423,50,0
2026-08-24 00:45:00+00:00,4607.009,4615.758,4603.849,4614.341,1962,50,0
2026-08-24 00:50:00+00:00,4614.389,4617.313,4611.502,4617.002,1189,50,0
2026-08-24 00:55:00+00:00,4617.13,4623.648,4615.835,4621.695,1488,50,0
2026-08-24 01:00:00+00:00,4621.751,4635.319,4619.005,4622.435,5375,50,0
2026-08-24 01:05:00+00:00,4622.361,4630.342,4619.911,4623.181,3074,50,0
2026-08-24 01:10:00+00:00,4623.238,4628.131,4621.774,4622.266,2246,50,0
2026-08-24 01:15:00+00:00,4622.316,4625.984,4616.717,4621.557,2537,50,0
2026-08-24 01:20:00+00:00,4621.499,4622.44,4611.094,4614.858,2478,50,0
2026-08-24 01:25:00+00:00,4614.786,4618.138,4612.014,4614.705,2520,50,0
2026-08-24 01:30:00+00:00,4614.565,4615.417,4608.071,4614.562,2196,50,0
2026-08-24 01:35:00+00:00,4614.598,4621.226,4612.455,4614.332,2276,50,0
2026-08-24 01:40:00+00:00,4614.439,4618.472,4608.432,4617.981,1787,50,0
2026-08-24 01:45:00+00:00,4618.135,4619.232,4614.954,4618.841,1710,50,0
2026-08-24 01:50:00+00:00,4619.173,4630.135,4619.114,4628.846,1895,50,0
2026-08-24 01:55:00+00:00,4628.689,4637.768,4626.629,4632.209,1804,50,0
2026-08-24 02:00:00+00:00,4632.143,4638.832,4627.856,4636.962,2388,50,0
2026-08-24 02:05:00+00:00,4636.884,4643.214,4634.017,4642.687,2110,50,0
2026-08-24 02:10:00+00:00,4642.707,4652.464,4642.331,4650.395,2639,50,0
2026-08-24 02:15:00+00:00,4650.336,4655.401,4649.17,4654.287,1418,50,0
2026-08-24 02:20:00+00:00,4654.252,4655.146,4649.125,4654.29,1586,50,0
2026-08-24 02:25:00+00:00,4654.168,4655.629,4649.714,4655.607,1348,50,0
2026-08-24 02:30:00+00:00,4655.664,4657.059,4650.107,4652.179,2431,50,0
2026-08-24 02:35:00+00:00,4651.964,4653.873,4645.105,4645.367,1827,50,0
2026-08-24 02:40:00+00:00,4645.271,4645.823,4637.477,4637.845,1988,50,0
2026-08-24 02:45:00+00:00,4637.788,4638.163,4627.599,4628.821,2010,50,0
2026-08-24 02:50:00+00:00,4628.797,4638.554,4627.905,4638.128,1947,50,0
2026-08-24 02:55:00+00:00,4638.341,4644.735,4637.368,4643.665,1642,50,0
2026-08-24 03:00:00+00:00,4643.726,4644.192,4637.737,4640.627,1452,50,0
2026-08-24 03:05:00+00:00,4640.57,4640.57,4634.724,4637.724,1335,50,0
2026-08-24 03:10:00+00:00,4637.765,4639.678,4633.288,4637.43,1341,50,0
2026-08-24 03:15:00+00:00,4637.343,4641.695,4636.87,4639.03,1200,50,0
2026-08-24 03:20:00+00:00,4638.946,4643.977,4635.369,4642.486,1472,50,0
2026-08-24 03:25:00+00:00,4642.683,4648.455,4642.496,4643.981,1444,50,0
2026-08-24 03:30:00+00:00,4643.924,4648.528,4643.867,4648.043,1101,50,0
2026-08-24 03:35:00+00:00,4648.101,4650.301,4646.841,4647.572,879,50,0
2026-08-24 03:40:00+00:00,4647.707,4648.294,4642.499,4643.083,883,50,0
2026-08-24 03:45:00+00:00,4643.008,4644.989,4642.265,4642.875,777,50,0
2026-08-24 03:50:00+00:00,4642.507,4644.968,4641.139,4641.193,758,50,0
2026-08-24 03:55:00+00:00,4641.399,4643.86,4640.006,4641.564,822,50,0
2026-08-24 04:00:00+00:00,4641.509,4642.801,4637.845,4639.697,940,50,0
2026-08-24 04:05:00+00:00,4639.503,4639.503,4632.602,4633.887,1236,50,0
2026-08-24 04:10:00+00:00,4633.602,4638.854,4632.779,4638.518,1158,50,0
2026-08-24 04:15:00+00:00,4638.455,4641.147,4634.426,4640.104,1002,50,0
2026-08-24 04:20:00+00:00,4640.16,4640.493,4637.364,4637.685,912,50,0
2026-08-24 04:25:00+00:00,4638.041,4642.195,4637.588,4640.74,1085,50,0
2026-08-24 04:30:00+00:00,4640.654,4640.919,4632.969,4635.913,1060,50,0
2026-08-24 04:35:00+00:00,4635.58,4637.782,4634.9,4636.964,922,50,0
2026-08-24 04:40:00+00:00,4636.748,4638.622,4635.175,4638.385,791,50,0
2026-08-24 04:45:00+00:00,4638.055,4639.302,4635.728,4636.523,715,50,0
2026-08-24 04:50:00+00:00,4636.426,4640.579,4635.94,4640.171,730,50,0
2026-08-24 04:55:00+00:00,4639.959,4640.444,4637.16,4638.927,649,50,0
2026-08-24 05:00:00+00:00,4638.888,4641.854,4638.512,4639.629,994,50,0
2026-08-24 05:05:00+00:00,4639.568,4643.051,4639.125,4640.144,934,50,0
2026-08-24 05:10:00+00:00,4640.086,4643.684,4639.104,4643.425,931,50,0
2026-08-24 05:15:00+00:00,4643.269,4646.714,4641.665,4643.439,949,50,0
2026-08-24 05:20:00+00:00,4643.326,4643.369,4638.108,4638.513,1090,50,0
2026-08-24 05:25:00+00:00,4638.57,4642.379,4636.223,4636.223,950,50,0
2026-08-24 05:30:00+00:00,4636.165,4639.681,4629.707,4632.869,3125,50,0
2026-08-24 05:35:00+00:00,4632.961,4638.89,4630.697,4633.323,1848,50,0
2026-08-24 05:40:00+00:00,4633.263,4635.692,4631.405,4633.322,1790,50,0
2026-08-24 05:45:00+00:00,4633.162,4638.828,4630.146,4638.688,1714,50,0
2026-08-24 05:50:00+00:00,4638.671,4643.431,4636.539,4638.653,1472,50,0
2026-08-24 05:55:00+00:00,4638.764,4641.529,4637.428,4641.021,1053,50,0
2026-08-24 06:00:00+00:00,4640.839,4646.135,4639.305,4644.79,1867,50,0
2026-08-24 06:05:00+00:00,4644.722,4651.764,4643.206,4648.952,1833,50,0
2026-08-24 06:10:00+00:00,4649.01,4652.537,4647.227,4651.797,1416,50,0
2026-08-24 06:15:00+00:00,4651.893,4660.132,4651.893,4656.529,1934,50,0
2026-08-24 06:20:00+00:00,4656.434,4658.566,4646.325,4650.113,1856,50,0
2026-08-24 06:25:00+00:00,4650.329,4650.329,4640.744,4642.561,1844,50,0
2026-08-24 06:30:00+00:00,4642.876,4652.569,4642.211,4650.624,1587,50,0
2026-08-24 06:35:00+00:00,4650.637,4653.784,4650.157,4651.158,1398,50,0
2026-08-24 06:40:00+00:00,4651.244,4652.124,4642.027,4643.158,1398,50,0
2026-08-24 06:45:00+00:00,4643.279,4650.452,4643.013,4650.064,1193,50,0
2026-08-24 06:50:00+00:00,4650.132,4653.997,4645.93,4651.488,1190,50,0
2026-08-24 06:55:00+00:00,4651.619,4651.625,4648.778,4649.904,1120,50,0
2026-08-24 07:00:00+00:00,4650.117,4654.934,4647.337,4649.045,1661,50,0
2026-08-24 07:05:00+00:00,4648.988,4650.417,4644.107,4646.693,1272,50,0
2026-08-24 07:10:00+00:00,4646.94,4649.51,4644.653,4648.545,1466,50,0
2026-08-24 07:15:00+00:00,4648.583,4650.247,4642.79,4645.886,1456,50,0
2026-08-24 07:20:00+00:00,4646.097,4648.115,4642.237,4643.671,1295,50,0
2026-08-24 07:25:00+00:00,4643.739,4647.74,4642.379,4642.823,1146,50,0
2026-08-24 07:30:00+00:00,4642.829,4646.794,4641.308,4646.791,1144,50,0
2026-08-24 07:35:00+00:00,4646.531,4648.229,4643.152,4644.637,1059,50,0
2026-08-24 07:40:00+00:00,4644.636,4645.281,4634.684,4634.684,1627,50,0
2026-08-24 07:45:00+00:00,4634.744,4635.488,4630.477,4631.677,1894,50,0
2026-08-24 07:50:00+00:00,4631.772,4637.119,4630.271,4635.993,1305,50,0
2026-08-24 07:55:00+00:00,4636.27,4643.941,4635.724,4641.843,1042,50,0
2026-08-24 08:00:00+00:00,4641.927,4643.804,4636.453,4640.839,1733,50,0
2026-08-24 08:05:00+00:00,4640.776,4646.117,4636.48,4638.56,1815,50,0
2026-08-24 08:10:00+00:00,4638.282,4640.563,4635.908,4637.532,1383,50,0
2026-08-24 08:15:00+00:00,4637.744,4637.822,4631.625,4635.955,1195,50,0
2026-08-24 08:20:00+00:00,4635.951,4638.808,4635.245,4635.983,1051,50,0
2026-08-24 08:25:00+00:00,4636.328,4640.111,4629.33,4629.33,1476,50,0
2026-08-24 08:30:00+00:00,4629.272,4634.766,4628.76,4634.136,1257,50,0
2026-08-24 08:35:00+00:00,4634.172,4637.397,4633.471,4637.274,866,50,0
2026-08-24 08:40:00+00:00,4637.253,4646.005,4636.153,4645.3,1030,50,0
2026-08-24 08:45:00+00:00,4645.427,4646.261,4642.283,4643.68,980,50,0
2026-08-24 08:50:00+00:00,4643.89,4644.838,4640.347,4641.474,828,50,0
2026-08-24 08:55:00+00:00,4641.735,4642.573,4636.109,4638.11,912,50,0
2026-08-24 09:00:00+00:00,4638.055,4643.425,4637.267,4642.596,1272,50,0
2026-08-24 09:05:00+00:00,4642.632,4645.005,4640.315,4642.008,936,50,0
2026-08-24 09:10:00+00:00,4642.341,4643.738,4639.596,4641.921,865,50,0
2026-08-24 09:15:00+00:00,4641.892,4642.221,4634.872,4636.86,1002,50,0
2026-08-24 09:20:00+00:00,4636.801,4639.378,4636.263,4636.95,849,50,0
2026-08-24 09:25:00+00:00,4637.291,4638.753,4635.49,4636.043,785,50,0
2026-08-24 09:30:00+00:00,4636.109,4640.871,4634.331,4635.686,1403,50,0
2026-08-24 09:35:00+00:00,4635.756,4637.529,4632.823,4636.983,1033,50,0
2026-08-24 09:40:00+00:00,4637.041,4640.044,4636.435,4639.144,1001,50,0
2026-08-24 09:45:00+00:00,4639.087,4645.127,4638.879,4643.958,946,50,0
2026-08-24 09:50:00+00:00,4643.886,4645.531,4641.658,4644.438,673,50,0
2026-08-24 09:55:00+00:00,4644.24,4646.158,4643.359,4645.873,579,50,0
2026-08-24 10:00:00+00:00,4645.943,4649.928,4645.598,4648.822,826,50,0
2026-08-24 10:05:00+00:00,4648.806,4650.337,4645.744,4646.993,836,50,0
2026-08-24 10:10:00+00:00,4647.05,4650.276,4645.59,4648.318,927,50,0
2026-08-24 10:15:00+00:00,4648.379,4648.802,4646.276,4646.795,735,50,0
2026-08-24 10:20:00+00:00,4647.125,4647.676,4642.878,4644.99,821,50,0
2026-08-24 10:25:00+00:00,4645.028,4646.169,4642.315,4643.135,846,50,0
2026-08-24 10:30:00+00:00,4643.071,4645.528,4642.622,4645.249,701,50,0
2026-08-24 10:35:00+00:00,4645.311,4649.351,4642.843,4648.163,747,50,0
2026-08-24 10:40:00+00:00,4648.222,4648.406,4644.018,4644.266,745,50,0
2026-08-24 10:45:00+00:00,4644.404,4646.001,4641.775,4645.773,770,50,0
2026-08-24 10:50:00+00:00,4645.77,4647.344,4644.366,4645.889,771,50,0
2026-08-24 10:55:00+00:00,4645.814,4646.786,4642.386,4643.398,749,50,0
2026-08-24 11:00:00+00:00,4643.296,4647.081,4639.93,4646.245,1056,50,0
2026-08-24 11:05:00+00:00,4646.127,4646.772,4639.78,4640.692,989,50,0
2026-08-24 11:10:00+00:00,4640.557,4644.902,4639.032,4642.24,743,50,0
2026-08-24 11:15:00+00:00,4642.49,4645.546,4641.596,4644.548,683,50,0
2026-08-24 11:20:00+00:00,4644.604,4645.96,4640.476,4641.575,853,50,0
2026-08-24 11:25:00+00:00,4641.499,4647.737,4640.941,4646.431,851,50,0
2026-08-24 11:30:00+00:00,4646.566,4652.568,4643.502,4652.082,1639,50,0
2026-08-24 11:35:00+00:00,4652.225,4670.457,4650.608,4660.697,5836,50,0
2026-08-24 11:40:00+00:00,4660.757,4666.756,4653.914,4659.007,2929,50,0
2026-08-24 11:45:00+00:00,4659.103,4661.758,4648.079,4649.158,1983,50,0
2026-08-24 11:50:00+00:00,4649.29,4659.757,4648.533,4659.728,1724,50,0
2026-08-24 11:55:00+00:00,4659.67,4660.349,4655.546,4657.92,1150,50,0
2026-08-24 12:00:00+00:00,4658.113,4658.58,4650.297,4652.545,1746,50,0
2026-08-24 12:05:00+00:00,4652.625,4656.619,4650.007,4655.11,1411,50,0
2026-08-24 12:10:00+00:00,4655.167,4660.199,4653.981,4657.253,1332,50,0
2026-08-24 12:15:00+00:00,4657.466,4657.553,4651.834,4653.387,1243,50,0
2026-08-24 12:20:00+00:00,4653.308,4659.752,4651.738,4657.824,2236,50,0
2026-08-24 12:25:00+00:00,4657.762,4662.816,4655.19,4661.745,1380,50,0
2026-08-24 12:30:00+00:00,4662.021,4662.021,4645.79,4655.044,2103,50,0
2026-08-24 12:35:00+00:00,4654.918,4664.234,4654.426,4662.941,1515,50,0
2026-08-24 12:40:00+00:00,4663.003,4669.054,4655.12,4657.694,1974,50,0
2026-08-24 12:45:00+00:00,4657.751,4662.083,4654.629,4661.962,1309,50,0
2026-08-24 12:50:00+00:00,4662.027,4667.043,4661.302,4667.043,1377,50,0
2026-08-24 12:55:00+00:00,4666.979,4667.362,4661.537,4663.021,1405,50,0
2026-08-24 13:00:00+00:00,4663.063,4671.329,4661.762,4667.366,2590,50,0
2026-08-24 13:05:00+00:00,4667.427,4674.35,4666.971,4673.502,1920,50,0
2026-08-24 13:10:00+00:00,4673.564,4677.968,4673.159,4677.031,1814,50,0
2026-08-24 13:15:00+00:00,4677.093,4678.025,4671.524,4672.47,1762,50,0
2026-08-24 13:20:00+00:00,4672.41,4672.939,4667.732,4670.874,1653,50,0
2026-08-24 13:25:00+00:00,4670.656,4674.864,4668.228,4672.482,1686,50,0
2026-08-24 13:30:00+00:00,4672.54,4680.245,4669.893,4679.87,4085,50,0
2026-08-24 13:35:00+00:00,4679.812,4681.002,4666.897,4666.897,4009,50,0
2026-08-24 13:40:00+00:00,4666.961,4674.584,4658.412,4658.895,3583,50,0
2026-08-24 13:45:00+00:00,4658.817,4678.003,4656.095,4673.816,3703,50,0
2026-08-24 13:50:00+00:00,4673.756,4676.184,4658.436,4666.784,3327,50,0
2026-08-24 13:55:00+00:00,4666.881,4669.094,4659.262,4664.823,3108,50,0
2026-08-24 14:00:00+00:00,4664.754,4667.959,4659.759,4662.673,3422,50,0
2026-08-24 14:05:00+00:00,4662.735,4670.835,4662.322,4670.835,2853,50,0
2026-08-24 14:10:00+00:00,4670.629,4672.11,4662.036,4665.827,2535,50,0
2026-08-24 14:15:00+00:00,4665.741,4666.477,4655.506,4665.276,3162,50,0
2026-08-24 14:20:00+00:00,4665.334,4670.074,4664.643,4666.469,2149,50,0
2026-08-24 14:25:00+00:00,4666.527,4675.035,4665.709,4671.621,1655,50,0
2026-08-24 14:30:00+00:00,4671.881,4677.615,4670.811,4676.604,2702,50,0
2026-08-24 14:35:00+00:00,4676.659,4678.866,4674.505,4675.876,2681,50,0
2026-08-24 14:40:00+00:00,4675.824,4678.057,4669.538,4671.866,2341,50,0
2026-08-24 14:45:00+00:00,4672.14,4673.418,4664.827,4665.715,2201,50,0
2026-08-24 14:50:00+00:00,4666.027,4668.408,4656.86,4668.407,3471,50,0
2026-08-24 14:55:00+00:00,4668.466,4675.994,4667.001,4670.565,2699,50,0
2026-08-24 15:00:00+00:00,4670.627,4676.871,4665.215,4675.625,3085,50,0
2026-08-24 15:05:00+00:00,4675.671,4676.701,4672.808,4673.386,2505,50,0
2026-08-24 15:10:00+00:00,4673.344,4675.233,4671.003,4673.192,1726,50,0
2026-08-24 15:15:00+00:00,4673.251,4673.932,4669.654,4673.2,1989,50,0
2026-08-24 15:20:00+00:00,4673.196,4673.483,4668.094,4670.466,1667,50,0
2026-08-24 15:25:00+00:00,4670.51,4679.757,4669.11,4676.157,2908,50,0
2026-08-24 15:30:00+00:00,4676.079,4677.79,4669.788,4672.732,3548,50,0
2026-08-24 15:35:00+00:00,4672.778,4674.907,4667.459,4668.614,2335,50,0
2026-08-24 15:40:00+00:00,4668.569,4668.761,4659.911,4660.939,3801,50,0
2026-08-24 15:45:00+00:00,4660.983,4663.32,4645.253,4646.917,4706,50,0
2026-08-24 15:50:00+00:00,4647.032,4655.904,4646.867,4653.585,3321,50,0
2026-08-24 15:55:00+00:00,4653.481,4653.481,4639.83,4649.137,4549,50,0
2026-08-24 16:00:00+00:00,4649.048,4661.805,4646.402,4658.816,5411,50,0
2026-08-24 16:05:00+00:00,4659.129,4662.198,4654.055,4654.505,2477,50,0
2026-08-24 16:10:00+00:00,4654.579,4658.233,4653.67,4657.433,2055,50,0
2026-08-24 16:15:00+00:00,4657.475,4660.673,4656.162,4658.69,2443,50,0
2026-08-24 16:20:00+00:00,4658.912,4659.455,4656.018,4656.427,1724,50,0
2026-08-24 16:25:00+00:00,4656.469,4659.436,4656.165,4658.839,1203,50,0
2026-08-24 16:30:00+00:00,4658.758,4661.635,4658.67,4660.518,1283,50,0
2026-08-24 16:35:00+00:00,4660.631,4662.472,4659.235,4659.527,1275,50,0
2026-08-24 16:40:00+00:00,4659.485,4661.587,4658.36,4659.566,1442,50,0
2026-08-24 16:45:00+00:00,4659.631,4660.29,4655.163,4657.674,1229,50,0
2026-08-24 16:50:00+00:00,4657.554,4658.063,4650.986,4652.615,1562,50,0
2026-08-24 16:55:00+00:00,4652.667,4652.771,4642.035,4645.038,2976,50,0
2026-08-24 17:00:00+00:00,4645.125,4647.937,4641.577,4646.058,3322,50,0
2026-08-24 17:05:00+00:00,4645.864,4655.414,4644.019,4652.226,3867,50,0
2026-08-24 17:10:00+00:00,4652.185,4654.895,4649.415,4652.002,2848,50,0
2026-08-24 17:15:00+00:00,4652.047,4654.122,4647.616,4648.399,2963,50,0
2026-08-24 17:20:00+00:00,4648.481,4648.481,4630.381,4636.626,6638,50,0
2026-08-24 17:25:00+00:00,4636.937,4645.199,4632.797,4638.776,4082,50,0
2026-08-24 17:30:00+00:00,4638.722,4641.234,4635.514,4637.836,2813,50,0
2026-08-24 17:35:00+00:00,4637.726,4643.008,4636.634,4640.998,2386,50,0
2026-08-24 17:40:00+00:00,4641.126,4642.48,4638.313,4638.965,1950,50,0
2026-08-24 17:45:00+00:00,4638.923,4639.288,4633.683,4633.699,2068,50,0
2026-08-24 17:50:00+00:00,4633.754,4638.657,4632.552,4634.441,2304,50,0
2026-08-24 17:55:00+00:00,4634.491,4637.756,4632.96,4636.746,1732,50,0
2026-08-24 18:00:00+00:00,4636.785,4640.986,4635.219,4640.212,2671,50,0
2026-08-24 18:05:00+00:00,4640.226,4640.244,4624.896,4632.136,3326,50,0
2026-08-24 18:10:00+00:00,4632.185,4635.188,4629.899,4632.249,3683,50,0
2026-08-24 18:15:00+00:00,4632.292,4634.519,4627.771,4628.578,3500,50,0
2026-08-24 18:20:00+00:00,4628.576,4637.014,4627.211,4636.147,2468,50,0
2026-08-24 18:25:00+00:00,4636.242,4642.358,4636.227,4640.191,1797,50,0
2026-08-24 18:30:00+00:00,4640.258,4641.869,4631.809,4632.478,1641,50,0
2026-08-24 18:35:00+00:00,4632.283,4633.461,4625.345,4629.991,3665,50,0
2026-08-24 18:40:00+00:00,4630.045,4635.951,4630.034,4634.892,1664,50,0
2026-08-24 18:45:00+00:00,4634.935,4635.788,4631.648,4633.467,1679,50,0
2026-08-24 18:50:00+00:00,4633.568,4635.622,4633.08,4633.608,1303,50,0
2026-08-24 18:55:00+00:00,4633.898,4637.786,4633.738,4636.458,1399,50,0
2026-08-24 19:00:00+00:00,4636.401,4640.742,4636.178,4638.929,1443,50,0
2026-08-24 19:05:00+00:00,4639.009,4640.733,4636.484,4638.849,1504,50,0
2026-08-24 19:10:00+00:00,4638.8,4638.983,4636.014,4636.527,1207,50,0
2026-08-24 19:15:00+00:00,4636.59,4643.183,4635.889,4642.922,1254,50,0
2026-08-24 19:20:00+00:00,4642.969,4645.146,4641.595,4642.384,984,50,0
2026-08-24 19:25:00+00:00,4642.46,4643.096,4640.204,4641.626,1098,50,0
2026-08-24 19:30:00+00:00,4641.73,4642.773,4640.168,4641.073,1398,50,0
2026-08-24 19:35:00+00:00,4641.182,4646.389,4640.901,4645.032,1275,50,0
2026-08-24 19:40:00+00:00,4645.081,4650.935,4644.617,4649.987,1447,50,0
2026-08-24 19:45:00+00:00,4650.046,4655.298,4649.852,4655.249,1559,50,0
2026-08-24 19:50:00+00:00,4655.022,4656.394,4651.373,4653.099,1678,50,0
2026-08-24 19:55:00+00:00,4653.139,4654.246,4650.162,4651.875,1874,50,0
2026-08-24 20:00:00+00:00,4651.978,4655.325,4650.657,4654.278,1069,50,0
2026-08-24 20:05:00+00:00,4654.285,4654.797,4653.419,4653.873,499,50,0
2026-08-24 20:10:00+00:00,4653.786,4655.45,4650.254,4650.718,567,50,0
2026-08-24 20:15:00+00:00,4650.699,4653.875,4650.61,4651.997,453,50,0
2026-08-24 20:20:00+00:00,4651.956,4652.79,4650.517,4650.774,498,50,0
2026-08-24 20:25:00+00:00,4650.785,4650.785,4648.89,4649.532,347,50,0
2026-08-24 20:30:00+00:00,4649.563,4650.239,4648.484,4648.971,407,50,0
2026-08-24 20:35:00+00:00,4649.048,4649.487,4648.085,4648.89,355,50,0
2026-08-24 20:40:00+00:00,4648.89,4648.985,4647.272,4647.846,333,50,0
2026-08-24 20:45:00+00:00,4648.133,4650.791,4647.157,4650.213,704,50,0
2026-08-24 20:50:00+00:00,4650.303,4651.755,4648.948,4651.441,633,50,0
2026-08-24 20:55:00+00:00,4651.499,4652.644,4649.942,4652.61,451,50,0
2026-08-24 22:00:00+00:00,4655.023,4656.718,4652.646,4655.965,628,90,0
2026-08-24 22:05:00+00:00,4655.845,4660.771,4655.157,4658.88,638,50,0
2026-08-24 22:10:00+00:00,4659.007,4659.969,4657.894,4658.638,383,50,0
2026-08-24 22:15:00+00:00,4658.627,4659.621,4657.993,4658.274,294,50,0
2026-08-24 22:20:00+00:00,4658.268,4659.162,4657.477,4658.712,314,50,0
2026-08-24 22:25:00+00:00,4658.484,4658.757,4656.819,4658.04,296,50,0
2026-08-24 22:30:00+00:00,4657.776,4659.293,4657.19,4659.16,408,50,0
2026-08-24 22:35:00+00:00,4659.16,4661.363,4658.834,4660.729,369,50,0
2026-08-24 22:40:00+00:00,4660.586,4661.845,4660.218,4661.568,303,50,0
2026-08-24 22:45:00+00:00,4661.766,4662.733,4660.946,4662.505,313,50,0
2026-08-24 22:50:00+00:00,4662.557,4665.264,4662.309,4664.557,419,50,0
2026-08-24 22:55:00+00:00,4664.912,4668.508,4664.014,4667.612,460,50,0
2026-08-24 23:00:00+00:00,4667.667,4669.85,4667.667,4668.641,542,50,0
2026-08-24 23:05:00+00:00,4668.629,4669.437,4666.848,4669.323,460,50,0
2026-08-24 23:10:00+00:00,4669.319,4672.421,4668.835,4672.185,550,50,0
2026-08-24 23:15:00+00:00,4672.279,4677.113,4672.279,4675.124,653,50,0
2026-08-24 23:20:00+00:00,4675.062,4675.637,4673.64,4674.698,454,50,0
2026-08-24 23:25:00+00:00,4674.698,4674.997,4669.129,4669.178,523,50,0
2026-08-24 23:30:00+00:00,4669.161,4673.281,4667.579,4672.459,599,50,0
2026-08-24 23:35:00+00:00,4672.746,4677.164,4671.506,4675.139,595,50,0
2026-08-24 23:40:00+00:00,4675.095,4677.066,4674.982,4676.394,649,50,0
2026-08-24 23:45:00+00:00,4676.606,4677.788,4674.922,4677.125,884,50,0
2026-08-24 23:50:00+00:00,4677.441,4683.013,4676.867,4679.383,1341,50,0
2026-08-24 23:55:00+00:00,4679.206,4680.761,4677.822,4679.867,833,50,0
2026-08-25 00:00:00+00:00,4679.907,4689.347,4677.041,4677.546,4192,50,0
2026-08-25 00:05:00+00:00,4677.472,4687.647,4675.337,4681.968,3243,50,0
2026-08-25 00:10:00+00:00,4681.925,4691.756,4679.838,4690.446,2812,50,0
2026-08-25 00:15:00+00:00,4690.805,4691.338,4680.934,4681.161,3175,50,0
2026-08-25 00:20:00+00:00,4681.512,4683.039,4679.046,4679.625,2318,50,0
2026-08-25 00:25:00+00:00,4679.669,4683.922,4676.727,4682.734,2646,50,0
2026-08-25 00:30:00+00:00,4682.683,4693.346,4681.739,4688.941,3695,50,0
2026-08-25 00:35:00+00:00,4688.897,4696.589,4687.751,4695.357,2281,50,0
2026-08-25 00:40:00+00:00,4695.307,4697.232,4692.01,4693.685,2641,50,0
2026-08-25 00:45:00+00:00,4693.739,4695.01,4687.54,4692.619,2634,50,0
2026-08-25 00:50:00+00:00,4692.38,4694.167,4687.712,4688.585,1940,50,0
2026-08-25 00:55:00+00:00,4688.488,4689.918,4683.858,4684.605,1738,50,0
2026-08-25 01:00:00+00:00,4684.518,4686.768,4670.995,4677.08,5625,50,0
2026-08-25 01:05:00+00:00,4677.033,4680.791,4670.874,4678.684,3627,50,0
2026-08-25 01:10:00+00:00,4678.529,4680.267,4674.727,4678.304,3282,50,0
2026-08-25 01:15:00+00:00,4678.376,4680.279,4673.092,4678.12,3555,50,0
2026-08-25 01:20:00+00:00,4677.804,4678.347,4666.054,4667.054,3427,50,0
2026-08-25 01:25:00+00:00,4667.214,4672.929,4664.119,4669.74,2798,50,0
2026-08-25 01:30:00+00:00,4669.789,4674.729,4666.754,4668.354,3406,50,0
2026-08-25 01:35:00+00:00,4668.453,4674.86,4666.636,4668.325,3337,50,0
2026-08-25 01:40:00+00:00,4668.421,4673.474,4667.353,4670.933,3296,50,0
2026-08-25 01:45:00+00:00,4670.751,4675.879,4664.956,4674.455,2932,50,0
2026-08-25 01:50:00+00:00,4674.401,4675.08,4663.537,4665.156,3598,50,0
2026-08-25 01:55:00+00:00,4665.237,4665.606,4656.482,4658.158,3445,50,0
2026-08-25 02:00:00+00:00,4658.118,4661.734,4650.412,4651.523,4452,50,0
2026-08-25 02:05:00+00:00,4651.452,4651.676,4639.522,4644.833,6332,50,0
2026-08-25 02:10:00+00:00,4644.509,4645.909,4638.161,4641.885,4362,50,0
2026-08-25 02:15:00+00:00,4641.898,4650.201,4640.869,4649.445,3042,50,0
2026-08-25 02:20:00+00:00,4649.392,4655.891,4649.344,4654.314,2503,50,0
2026-08-25 02:25:00+00:00,4654.369,4656.863,4652.741,4656.213,2116,50,0
2026-08-25 02:30:00+00:00,4656.172,4656.891,4642.429,4646.333,5536,50,0
2026-08-25 02:35:00+00:00,4646.323,4647.375,4639.694,4643.554,3048,50,0
2026-08-25 02:40:00+00:00,4643.337,4647.498,4631.0,4631.108,3907,50,0
2026-08-25 02:45:00+00:00,4630.986,4637.521,4630.204,4633.069,4613,50,0
2026-08-25 02:50:00+00:00,4632.858,4636.389,4617.89,4627.017,5788,50,0
2026-08-25 02:55:00+00:00,4627.094,4629.563,4620.831,4629.563,4736,50,0
2026-08-25 03:00:00+00:00,4629.72,4631.64,4622.277,4624.069,4616,50,0
2026-08-25 03:05:00+00:00,4624.162,4638.265,4622.914,4635.083,3557,50,0
2026-08-25 03:10:00+00:00,4635.035,4638.338,4631.904,4634.014,3096,50,0
2026-08-25 03:15:00+00:00,4633.981,4637.369,4631.981,4635.714,2808,50,0
2026-08-25 03:20:00+00:00,4635.669,4637.359,4632.645,4634.688,2400,50,0
2026-08-25 03:25:00+00:00,4634.727,4638.568,4634.693,4637.849,2266,50,0
2026-08-25 03:30:00+00:00,4637.772,4641.529,4636.05,4640.319,1629,50,0
2026-08-25 03:35:00+00:00,4640.292,4641.552,4634.483,4635.842,1412,50,0
2026-08-25 03:40:00+00:00,4635.819,4637.51,4634.018,4634.604,1325,50,0
2026-08-25 03:45:00+00:00,4634.551,4635.448,4631.409,4633.804,1565,50,0
2026-08-25 03:50:00+00:00,4633.795,4635.011,4631.59,4633.232,1392,50,0
2026-08-25 03:55:00+00:00,4633.434,4636.032,4632.347,4633.942,1165,50,0
2026-08-25 04:00:00+00:00,4633.57,4635.87,4630.815,4634.919,1583,50,0
2026-08-25 04:05:00+00:00,4635.002,4636.75,4634.151,4636.159,1051,50,0
2026-08-25 04:10:00+00:00,4636.235,4638.026,4635.23,4637.07,1196,50,0
2026-08-25 04:15:00+00:00,4637.271,4637.539,4633.403,4634.693,1301,50,0
2026-08-25 04:20:00+00:00,4634.747,4635.899,4631.172,4633.137,1259,50,0
2026-08-25 04:25:00+00:00,4633.079,4633.159,4628.931,4630.841,1167,50,0
2026-08-25 04:30:00+00:00,4631.124,4632.99,4626.088,4629.535,2019,50,0
2026-08-25 04:35:00+00:00,4629.578,4631.512,4626.565,4627.565,1841,50,0
2026-08-25 04:40:00+00:00,4627.611,4627.777,4623.697,4625.808,2049,50,0
2026-08-25 04:45:00+00:00,4625.862,4627.067,4624.447,4626.229,2004,50,0
2026-08-25 04:50:00+00:00,4626.467,4629.151,4624.068,4627.028,1687,50,0
2026-08-25 04:55:00+00:00,4627.104,4627.843,4625.583,4626.133,1214,50,0
2026-08-25 05:00:00+00:00,4625.77,4629.248,4623.954,4629.248,2298,50,0
2026-08-25 05:05:00+00:00,4629.129,4639.224,4629.018,4635.743,2185,50,0
2026-08-25 05:10:00+00:00,4635.798,4639.218,4635.63,4637.879,1481,50,0
2026-08-25 05:15:00+00:00,4637.845,4644.405,4637.792,4644.226,1466,50,0
2026-08-25 05:20:00+00:00,4644.455,4646.47,4643.017,4644.335,1321,50,0
2026-08-25 05:25:00+00:00,4644.258,4648.072,4642.749,4646.543,1303,50,0
2026-08-25 05:30:00+00:00,4646.61,4647.123,4639.394,4642.69,3758,50,0
2026-08-25 05:35:00+00:00,4642.774,4646.692,4642.004,4643.209,2313,50,0
2026-08-25 05:40:00+00:00,4643.13,4643.607,4637.909,4639.299,2743,50,0
2026-08-25 05:45:00+00:00,4639.34,4642.474,4635.899,4639.722,2223,50,0
2026-08-25 05:50:00+00:00,4639.589,4643.961,4636.996,4643.648,2283,50,0
2026-08-25 05:55:00+00:00,4643.597,4646.059,4641.516,4643.053,1716,50,0
2026-08-25 06:00:00+00:00,4642.967,4646.401,4641.347,4644.467,1683,50,0
2026-08-25 06:05:00+00:00,4644.51,4648.65,4644.16,4647.929,1974,50,0
2026-08-25 06:10:00+00:00,4647.886,4650.643,4647.886,4649.656,1915,50,0
2026-08-25 06:15:00+00:00,4649.848,4649.848,4646.776,4647.555,1465,50,0
2026-08-25 06:20:00+00:00,4647.453,4652.347,4645.385,4651.513,1915,50,0
2026-08-25 06:25:00+00:00,4651.819,4653.605,4649.755,4650.326,1627,50,0
2026-08-25 06:30:00+00:00,4650.371,4653.642,4648.881,4651.329,1549,50,0
2026-08-25 06:35:00+00:00,4651.56,4652.818,4648.156,4649.555,1818,50,0
2026-08-25 06:40:00+00:00,4649.689,4652.962,4647.83,4648.006,1586,50,0
2026-08-25 06:45:00+00:00,4647.953,4649.501,4646.76,4647.896,1279,50,0
2026-08-25 06:50:00+00:00,4648.053,4648.361,4641.131,4641.131,1527,50,0
2026-08-25 06:55:00+00:00,4641.251,4642.093,4637.014,4638.6,1925,50,0
2026-08-25 07:00:00+00:00,4638.639,4640.87,4636.88,4639.869,2669,50,0
2026-08-25 07:05:00+00:00,4640.142,4642.142,4636.347,4641.034,2157,50,0
2026-08-25 07:10:00+00:00,4640.989,4641.998,4637.627,4640.054,1639,50,0
2026-08-25 07:15:00+00:00,4639.821,4643.01,4637.732,4641.146,1964,50,0
2026-08-25 07:20:00+00:00,4641.146,4643.96,4639.607,4640.919,1419,50,0
2026-08-25 07:25:00+00:00,4641.062,4641.324,4634.131,4634.775,1672,50,0
2026-08-25 07:30:00+00:00,4634.76,4639.065,4634.075,4635.409,1479,50,0
2026-08-25 07:35:00+00:00,4635.081,4636.931,4633.858,4636.591,1784,50,0
2026-08-25 07:40:00+00:00,4636.907,4640.286,4635.234,4639.661,1432,50,0
2026-08-25 07:45:00+00:00,4639.727,4640.621,4634.536,4635.966,1402,50,0
2026-08-25 07:50:00+00:00,4636.015,4637.143,4631.274,4631.683,1893,50,0
2026-08-25 07:55:00+00:00,4631.628,4631.796,4629.803,4630.295,1343,50,0
2026-08-25 08:00:00+00:00,4630.283,4631.393,4625.245,4625.9,1798,50,0
2026-08-25 08:05:00+00:00,4625.883,4629.224,4620.242,4623.488,2219,50,0
2026-08-25 08:10:00+00:00,4623.527,4626.862,4622.961,4626.607,1893,50,0
2026-08-25 08:15:00+00:00,4626.523,4630.503,4625.952,4628.101,1510,50,0
2026-08-25 08:20:00+00:00,4628.089,4645.379,4626.765,4643.679,4523,50,0
2026-08-25 08:25:00+00:00,4643.727,4643.822,4631.944,4632.777,3422,50,0
2026-08-25 08:30:00+00:00,4632.818,4635.461,4631.817,4634.901,2790,50,0
2026-08-25 08:35:00+00:00,4634.94,4635.054,4629.006,4630.18,2204,50,0
2026-08-25 08:40:00+00:00,4630.12,4632.273,4625.709,4632.177,1880,50,0
2026-08-25 08:45:00+00:00,4632.136,4633.981,4627.321,4628.153,1292,50,0
2026-08-25 08:50:00+00:00,4628.101,4628.571,4625.028,4626.644,1646,50,0
2026-08-25 08:55:00+00:00,4626.751,4630.805,4626.204,4630.262,1364,50,0
2026-08-25 09:00:00+00:00,4630.151,4630.366,4624.742,4626.701,2087,50,0
2026-08-25 09:05:00+00:00,4626.613,4633.578,4625.102,4632.782,1816,50,0
2026-08-25 09:10:00+00:00,4632.817,4633.102,4629.191,4630.628,1343,50,0
2026-08-25 09:15:00+00:00,4630.703,4633.644,4629.928,4631.731,1720,50,0
2026-08-25 09:20:00+00:00,4631.674,4632.548,4629.722,4630.117,1341,50,0
2026-08-25 09:25:00+00:00,4629.883,4629.944,4625.755,4626.773,1253,50,0
2026-08-25 09:30:00+00:00,4626.719,4639.724,4623.998,4636.945,3446,50,0
2026-08-25 09:35:00+00:00,4636.894,4637.142,4629.562,4630.691,3010,50,0
2026-08-25 09:40:00+00:00,4630.65,4639.357,4629.403,4637.198,2287,50,0
2026-08-25 09:45:00+00:00,4637.121,4640.827,4636.49,4640.499,2102,50,0
2026-08-25 09:50:00+00:00,4640.691,4642.75,4637.968,4638.08,1839,50,0
2026-08-25 09:55:00+00:00,4638.137,4641.312,4635.969,4636.596,1808,50,0
2026-08-25 10:00:00+00:00,4636.45,4637.43,4633.188,4634.598,1497,50,0
2026-08-25 10:05:00+00:00,4634.651,4637.057,4633.513,4635.573,1219,50,0
2026-08-25 10:10:00+00:00,4635.597,4638.735,4633.615,4635.328,1261,50,0
2026-08-25 10:15:00+00:00,4635.435,4639.259,4635.062,4637.276,1012,50,0
2026-08-25 10:20:00+00:00,4637.329,4638.444,4635.476,4635.652,924,50,0
2026-08-25 10:25:00+00:00,4635.685,4637.912,4633.324,4633.926,974,50,0
2026-08-25 10:30:00+00:00,4633.968,4637.13,4632.937,4635.38,1114,50,0
2026-08-25 10:35:00+00:00,4635.596,4638.384,4633.694,4637.603,886,50,0
2026-08-25 10:40:00+00:00,4637.623,4641.21,4636.973,4637.727,1061,50,0
2026-08-25 10:45:00+00:00,4637.774,4641.203,4637.338,4638.481,927,50,0
2026-08-25 10:50:00+00:00,4638.528,4642.117,4637.056,4641.269,870,50,0
2026-08-25 10:55:00+00:00,4641.227,4642.54,4639.356,4639.398,798,50,0
2026-08-25 11:00:00+00:00,4639.352,4641.024,4637.779,4640.347,1201,50,0
2026-08-25 11:05:00+00:00,4640.3,4643.69,4636.069,4640.42,1302,50,0
2026-08-25 11:10:00+00:00,4640.743,4643.077,4639.277,4642.816,1072,50,0
2026-08-25 11:15:00+00:00,4642.861,4645.385,4641.45,4644.059,984,50,0
2026-08-25 11:20:00+00:00,4644.271,4644.801,4640.943,4642.357,856,50,0
2026-08-25 11:25:00+00:00,4642.353,4642.98,4638.951,4641.693,1009,50,0
2026-08-25 11:30:00+00:00,4641.551,4644.743,4640.53,4643.422,1350,50,0
2026-08-25 11:35:00+00:00,4643.434,4645.063,4642.198,4644.586,1018,50,0
2026-08-25 11:40:00+00:00,4644.542,4645.312,4640.321,4640.855,1378,50,0
2026-08-25 11:45:00+00:00,4640.897,4646.288,4640.733,4644.556,1339,50,0
2026-08-25 11:50:00+00:00,4644.661,4647.641,4641.683,4644.013,1656,50,0
2026-08-25 11:55:00+00:00,4644.067,4644.949,4641.985,4642.62,1029,50,0
2026-08-25 12:00:00+00:00,4642.773,4642.875,4634.882,4636.657,1112,50,0
2026-08-25 12:05:00+00:00,4636.695,4638.574,4635.425,4637.202,1474,50,0
2026-08-25 12:10:00+00:00,4637.268,4642.082,4636.062,4638.966,1851,50,0
2026-08-25 12:15:00+00:00,4639.193,4639.348,4633.169,4635.612,1645,50,0
2026-08-25 12:20:00+00:00,4635.775,4639.492,4631.883,4633.908,1729,50,0
2026-08-25 12:25:00+00:00,4633.958,4637.737,4632.941,4637.204,1569,50,0
2026-08-25 12:30:00+00:00,4637.272,4637.825,4632.798,4633.004,2175,50,0
2026-08-25 12:35:00+00:00,4633.188,4635.086,4630.461,4630.958,1638,50,0
2026-08-25 12:40:00+00:00,4630.573,4640.877,4630.025,4638.595,1719,50,0
2026-08-25 12:45:00+00:00,4638.392,4642.798,4637.331,4640.328,1602,50,0
2026-08-25 12:50:00+00:00,4640.523,4644.46,4639.776,4641.255,1338,50,0
2026-08-25 12:55:00+00:00,4641.202,4641.516,4638.492,4640.822,1142,50,0
2026-08-25 13:00:00+00:00,4640.993,4641.294,4630.073,4634.51,3969,50,0
2026-08-25 13:05:00+00:00,4634.555,4636.4,4628.176,4630.9,2828,50,0
2026-08-25 13:10:00+00:00,4630.852,4634.114,4622.659,4623.34,3731,50,0
2026-08-25 13:15:00+00:00,4623.247,4628.18,4620.389,4626.194,3297,50,0
2026-08-25 13:20:00+00:00,4625.851,4626.542,4612.642,4614.411,4104,50,0
2026-08-25 13:25:00+00:00,4614.751,4618.329,4608.564,4609.917,4112,50,0
2026-08-25 13:30:00+00:00,4609.76,4623.694,4609.306,4621.967,5971,50,0
2026-08-25 13:35:00+00:00,4622.014,4622.066,4609.793,4615.728,5133,50,0
2026-08-25 13:40:00+00:00,4615.663,4621.584,4610.961,4612.925,5303,50,0
2026-08-25 13:45:00+00:00,4613.028,4615.511,4605.33,4607.253,5037,50,0
2026-08-25 13:50:00+00:00,4607.153,4612.569,4605.969,4607.429,4959,50,0
2026-08-25 13:55:00+00:00,4607.373,4618.105,4605.808,4616.476,3721,50,0
2026-08-25 14:00:00+00:00,4616.43,4621.599,4613.39,4618.822,3146,50,0
2026-08-25 14:05:00+00:00,4618.748,4625.183,4617.874,4623.163,3943,50,0
2026-08-25 14:10:00+00:00,4623.289,4626.601,4621.816,4622.925,3281,50,0
2026-08-25 14:15:00+00:00,4622.868,4624.9,4619.179,4619.279,3502,50,0
2026-08-25 14:20:00+00:00,4619.332,4626.144,4618.341,4625.5,3420,50,0
2026-08-25 14:25:00+00:00,4625.543,4628.691,4623.534,4624.111,2699,50,0
2026-08-25 14:30:00+00:00,4624.154,4631.752,4613.181,4629.62,5145,50,0
2026-08-25 14:35:00+00:00,4629.56,4637.567,4629.455,4636.663,2722,50,0
2026-08-25 14:40:00+00:00,4636.62,4638.374,4631.262,4637.045,2372,50,0
2026-08-25 14:45:00+00:00,4637.002,4640.257,4635.42,4636.556,2686,50,0
2026-08-25 14:50:00+00:00,4636.448,4638.259,4632.659,4635.053,2293,50,0
2026-08-25 14:55:00+00:00,4635.096,4637.396,4633.042,4635.469,2045,50,0
2026-08-25 15:00:00+00:00,4635.59,4637.371,4630.623,4632.447,2433,50,0
2026-08-25 15:05:00+00:00,4632.498,4634.119,4630.572,4632.381,2210,50,0
2026-08-25 15:10:00+00:00,4632.592,4635.536,4630.756,4633.13,1966,50,0
2026-08-25 15:15:00+00:00,4633.18,4639.647,4629.272,4638.672,2518,50,0
2026-08-25 15:20:00+00:00,4638.756,4644.967,4638.584,4640.874,2314,50,0
2026-08-25 15:25:00+00:00,4640.8,4643.44,4637.02,4639.817,1968,50,0
2026-08-25 15:30:00+00:00,4639.767,4651.376,4639.767,4648.805,3670,50,0
2026-08-25 15:35:00+00:00,4648.949,4658.58,4648.016,4655.771,5906,50,0
2026-08-25 15:40:00+00:00,4655.835,4659.771,4654.385,4656.024,3090,50,0
2026-08-25 15:45:00+00:00,4656.135,4657.442,4650.856,4651.589,2675,50,0
2026-08-25 15:50:00+00:00,4651.53,4652.566,4649.13,4650.61,2229,50,0
2026-08-25 15:55:00+00:00,4650.613,4654.281,4648.975,4652.888,1885,50,0
2026-08-25 16:00:00+00:00,4652.679,4653.58,4647.813,4648.256,2196,50,0
2026-08-25 16:05:00+00:00,4648.271,4649.519,4644.959,4645.064,1664,50,0
2026-08-25 16:10:00+00:00,4645.107,4646.27,4642.735,4644.648,1551,50,0
2026-08-25 16:15:00+00:00,4644.607,4647.485,4641.739,4643.383,1497,50,0
2026-08-25 16:20:00+00:00,4643.367,4643.668,4637.763,4640.287,1872,50,0
2026-08-25 16:25:00+00:00,4640.059,4642.675,4639.024,4640.82,1558,50,0
2026-08-25 16:30:00+00:00,4640.861,4642.404,4638.295,4638.474,2237,50,0
2026-08-25 16:35:00+00:00,4638.532,4645.555,4636.959,4644.328,1796,50,0
2026-08-25 16:40:00+00:00,4644.277,4645.311,4642.815,4644.155,1301,50,0
2026-08-25 16:45:00+00:00,4643.93,4646.386,4641.749,4645.242,1381,50,0
2026-08-25 16:50:00+00:00,4645.43,4646.511,4643.413,4643.898,1059,50,0
2026-08-25 16:55:00+00:00,4643.939,4645.464,4640.36,4643.636,1222,50,0
2026-08-25 17:00:00+00:00,4643.798,4644.014,4638.457,4640.51,1734,50,0
2026-08-25 17:05:00+00:00,4640.462,4640.709,4634.948,4636.044,1530,50,0
2026-08-25 17:10:00+00:00,4636.374,4640.114,4634.269,4638.13,1488,50,0
2026-08-25 17:15:00+00:00,4637.897,4643.086,4634.287,4642.628,1298,50,0
2026-08-25 17:20:00+00:00,4642.623,4645.032,4638.037,4639.404,1452,50,0
2026-08-25 17:25:00+00:00,4639.333,4641.167,4636.0,4637.225,2115,50,0
2026-08-25 17:30:00+00:00,4637.271,4639.784,4636.348,4638.399,1555,50,0
2026-08-25 17:35:00+00:00,4638.35,4643.274,4637.882,4642.741,1398,50,0
2026-08-25 17:40:00+00:00,4642.739,4644.825,4641.27,4643.062,1096,50,0
2026-08-25 17:45:00+00:00,4643.187,4646.768,4642.694,4645.871,1055,50,0
2026-08-25 17:50:00+00:00,4645.913,4646.347,4642.55,4644.75,892,50,0
2026-08-25 17:55:00+00:00,4644.807,4648.594,4644.676,4648.314,801,50,0
2026-08-25 18:00:00+00:00,4648.357,4648.651,4644.409,4645.078,1118,50,0
2026-08-25 18:05:00+00:00,4644.968,4647.941,4644.205,4646.232,919,50,0
2026-08-25 18:10:00+00:00,4646.517,4650.517,4645.912,4646.984,781,50,0
2026-08-25 18:15:00+00:00,4647.265,4649.279,4646.162,4648.894,856,50,0
2026-08-25 18:20:00+00:00,4648.978,4649.669,4648.086,4649.08,742,50,0
2026-08-25 18:25:00+00:00,4649.123,4650.692,4648.781,4649.911,754,50,0
2026-08-25 18:30:00+00:00,4649.905,4650.203,4646.174,4647.408,911,50,0
2026-08-25 18:35:00+00:00,4647.644,4648.75,4645.853,4648.27,771,50,0
2026-08-25 18:40:00+00:00,4648.003,4650.546,4647.638,4649.217,703,50,0
2026-08-25 18:45:00+00:00,4649.159,4652.427,4649.085,4651.479,752,50,0
2026-08-25 18:50:00+00:00,4651.355,4651.529,4649.772,4651.13,580,50,0
2026-08-25 18:55:00+00:00,4650.883,4655.211,4650.667,4654.404,803,50,0
2026-08-25 19:00:00+00:00,4654.47,4657.915,4653.356,4654.33,1221,50,0
2026-08-25 19:05:00+00:00,4654.26,4660.454,4653.513,4659.191,1139,50,0
2026-08-25 19:10:00+00:00,4659.139,4663.453,4658.783,4662.116,818,50,0
2026-08-25 19:15:00+00:00,4662.174,4668.309,4661.765,4666.354,843,50,0
2026-08-25 19:20:00+00:00,4666.685,4667.326,4662.945,4664.285,795,50,0
2026-08-25 19:25:00+00:00,4664.143,4664.556,4659.93,4661.067,601,50,0
2026-08-25 19:30:00+00:00,4661.098,4662.006,4658.573,4659.046,676,50,0
2026-08-25 19:35:00+00:00,4658.964,4660.522,4657.946,4659.632,684,50,0
2026-08-25 19:40:00+00:00,4659.367,4664.657,4659.189,4662.188,761,50,0
2026-08-25 19:45:00+00:00,4662.277,4664.967,4660.38,4664.365,670,50,0
2026-08-25 19:50:00+00:00,4664.304,4667.456,4662.108,4665.098,1198,50,0
2026-08-25 19:55:00+00:00,4665.379,4667.68,4660.984,4666.833,1199,50,0
2026-08-25 20:00:00+00:00,4667.164,4667.828,4664.355,4665.194,627,50,0
2026-08-25 20:05:00+00:00,4665.256,4668.695,4662.726,4668.695,682,50,0
2026-08-25 20:10:00+00:00,4668.393,4669.18,4665.708,4665.708,689,50,0
2026-08-25 20:15:00+00:00,4665.599,4666.902,4665.313,4666.285,504,50,0
2026-08-25 20:20:00+00:00,4666.005,4667.922,4665.645,4666.18,485,50,0
2026-08-25 20:25:00+00:00,4666.245,4666.329,4662.053,4662.574,531,50,0
2026-08-25 20:30:00+00:00,4662.505,4664.441,4661.344,4662.02,471,50,0
2026-08-25 20:35:00+00:00,4662.147,4662.737,4661.243,4661.592,416,50,0
2026-08-25 20:40:00+00:00,4661.799,4662.176,4660.172,4661.492,389,50,0
2026-08-25 20:45:00+00:00,4661.516,4662.458,4660.807,4661.341,392,50,0
2026-08-25 20:50:00+00:00,4661.27,4661.753,4659.274,4659.817,447,50,0
2026-08-25 20:55:00+00:00,4659.881,4660.309,4657.829,4658.776,378,50,0
2026-08-25 22:00:00+00:00,4658.099,4661.493,4657.805,4661.461,562,90,0
2026-08-25 22:05:00+00:00,4661.565,4662.122,4660.243,4661.485,325,50,0
2026-08-25 22:10:00+00:00,4661.662,4664.92,4660.86,4664.597,307,50,0
2026-08-25 22:15:00+00:00,4664.575,4666.819,4664.374,4666.431,286,50,0
2026-08-25 22:20:00+00:00,4666.215,4666.95,4665.04,4666.737,276,50,0
2026-08-25 22:25:00+00:00,4666.763,4666.909,4665.513,4666.701,251,50,0
2026-08-25 22:30:00+00:00,4666.718,4669.285,4666.69,4669.285,359,50,0
2026-08-25 22:35:00+00:00,4669.344,4671.067,4667.11,4670.047,461,50,0
2026-08-25 22:40:00+00:00,4670.048,4670.617,4668.896,4669.929,315,50,0
2026-08-25 22:45:00+00:00,4669.865,4672.84,4669.807,4672.375,361,50,0
2026-08-25 22:50:00+00:00,4672.238,4673.729,4672.082,4672.468,333,50,0
2026-08-25 22:55:00+00:00,4672.495,4673.684,4672.433,4672.567,296,50,0
2026-08-25 23:00:00+00:00,4672.754,4673.444,4670.277,4672.062,420,50,0
2026-08-25 23:05:00+00:00,4672.337,4672.768,4669.044,4669.044,348,50,0
2026-08-25 23:10:00+00:00,4669.332,4670.104,4667.147,4667.986,338,50,0
2026-08-25 23:15:00+00:00,4668.259,4668.356,4666.481,4667.498,290,50,0
2026-08-25 23:20:00+00:00,4667.509,4667.509,4661.903,4661.903,483,50,0
2026-08-25 23:25:00+00:00,4661.821,4662.028,4660.031,4661.2,376,50,0
2026-08-25 23:30:00+00:00,4661.2,4661.583,4658.68,4660.442,398,50,0
2026-08-25 23:35:00+00:00,4660.447,4660.948,4659.158,4659.158,243,50,0
2026-08-25 23:40:00+00:00,4659.096,4659.937,4655.592,4656.335,533,50,0
2026-08-25 23:45:00+00:00,4656.28,4658.921,4655.165,4655.938,726,50,0
2026-08-25 23:50:00+00:00,4655.956,4657.221,4653.949,4655.108,571,50,0
2026-08-25 23:55:00+00:00,4655.141,4655.733,4653.307,4654.885,422,50,0
2026-08-26 00:00:00+00:00,4654.972,4657.905,4651.572,4652.514,1778,50,0
2026-08-26 00:05:00+00:00,4652.636,4654.329,4651.526,4653.833,1135,50,0
2026-08-26 00:10:00+00:00,4653.793,4654.921,4651.1,4651.203,928,50,0
2026-08-26 00:15:00+00:00,4651.221,4655.11,4650.271,4651.498,1003,50,0
2026-08-26 00:20:00+00:00,4651.368,4651.725,4645.033,4645.52,843,50,0
2026-08-26 00:25:00+00:00,4645.643,4647.684,4643.072,4646.534,854,50,0
2026-08-26 00:30:00+00:00,4646.849,4650.114,4643.896,4645.189,1110,50,0
2026-08-26 00:35:00+00:00,4645.126,4645.51,4638.35,4640.03,1211,50,0
2026-08-26 00:40:00+00:00,4640.092,4640.271,4636.471,4637.206,1015,50,0
2026-08-26 00:45:00+00:00,4637.139,4638.67,4636.013,4636.531,1184,50,0
2026-08-26 00:50:00+00:00,4636.593,4639.078,4634.357,4636.191,1117,50,0
2026-08-26 00:55:00+00:00,4636.327,4639.088,4635.804,4637.488,876,50,0
2026-08-26 01:00:00+00:00,4637.832,4646.388,4629.398,4646.047,3211,50,0
2026-08-26 01:05:00+00:00,4645.986,4648.041,4640.841,4644.849,1733,50,0
2026-08-26 01:10:00+00:00,4644.719,4646.457,4640.732,4644.043,1489,50,0
2026-08-26 01:15:00+00:00,4644.321,4650.544,4644.037,4645.76,1389,50,0
2026-08-26 01:20:00+00:00,4645.692,4649.287,4644.068,4644.132,1408,50,0
2026-08-26 01:25:00+00:00,4644.071,4648.046,4643.224,4643.452,1066,50,0
2026-08-26 01:30:00+00:00,4643.798,4645.483,4638.885,4639.361,2054,50,0
2026-08-26 01:35:00+00:00,4639.421,4646.88,4639.421,4645.776,1682,50,0
2026-08-26 01:40:00+00:00,4645.591,4647.238,4639.67,4644.684,1340,50,0
2026-08-26 01:45:00+00:00,4644.749,4651.255,4643.128,4651.059,1430,50,0
2026-08-26 01:50:00+00:00,4650.966,4653.8,4650.538,4651.886,1548,50,0
2026-08-26 01:55:00+00:00,4651.875,4661.128,4651.605,4657.262,1441,50,0
2026-08-26 02:00:00+00:00,4657.259,4660.503,4654.972,4659.705,1429,50,0
2026-08-26 02:05:00+00:00,4659.788,4661.996,4658.574,4660.463,1106,50,0
2026-08-26 02:10:00+00:00,4660.604,4661.587,4657.937,4660.328,1082,50,0
2026-08-26 02:15:00+00:00,4660.166,4661.647,4659.167,4661.253,749,50,0
2026-08-26 02:20:00+00:00,4661.333,4661.995,4658.801,4659.077,680,50,0
2026-08-26 02:25:00+00:00,4659.144,4660.026,4656.026,4659.219,796,50,0
2026-08-26 02:30:00+00:00,4659.134,4664.009,4657.587,4663.719,1508,50,0
2026-08-26 02:35:00+00:00,4663.652,4665.985,4659.68,4663.515,1356,50,0
2026-08-26 02:40:00+00:00,4663.476,4670.78,4662.036,4667.447,1207,50,0
2026-08-26 02:45:00+00:00,4667.516,4669.274,4665.551,4665.961,1012,50,0
2026-08-26 02:50:00+00:00,4665.714,4667.034,4660.53,4661.176,955,50,0
2026-08-26 02:55:00+00:00,4661.228,4661.426,4657.954,4658.661,780,50,0
2026-08-26 03:00:00+00:00,4658.445,4658.942,4653.155,4656.941,1225,50,0
2026-08-26 03:05:00+00:00,4657.0,4657.311,4649.449,4650.344,994,50,0
2026-08-26 03:10:00+00:00,4650.288,4650.466,4647.355,4648.482,819,50,0
2026-08-26 03:15:00+00:00,4648.454,4648.927,4645.937,4647.692,841,50,0
2026-08-26 03:20:00+00:00,4647.761,4650.788,4647.273,4649.193,846,50,0
2026-08-26 03:25:00+00:00,4649.092,4650.785,4647.783,4650.195,826,50,0
2026-08-26 03:30:00+00:00,4650.338,4651.513,4649.528,4650.208,651,50,0
2026-08-26 03:35:00+00:00,4650.295,4651.462,4646.693,4648.567,689,50,0
2026-08-26 03:40:00+00:00,4648.248,4649.309,4645.398,4645.477,613,50,0
2026-08-26 03:45:00+00:00,4645.475,4645.549,4642.549,4644.819,648,50,0
2026-08-26 03:50:00+00:00,4644.687,4645.685,4643.2,4644.468,465,50,0
2026-08-26 03:55:00+00:00,4644.468,4644.828,4642.884,4642.888,465,50,0
2026-08-26 04:00:00+00:00,4642.614,4644.452,4642.508,4643.064,566,50,0
2026-08-26 04:05:00+00:00,4643.005,4644.079,4641.762,4643.927,432,50,0
2026-08-26 04:10:00+00:00,4643.925,4644.205,4642.608,4642.733,441,50,0
2026-08-26 04:15:00+00:00,4642.689,4643.525,4641.343,4642.097,423,50,0
2026-08-26 04:20:00+00:00,4642.055,4643.113,4641.447,4642.675,467,50,0
2026-08-26 04:25:00+00:00,4642.804,4643.053,4641.055,4642.464,398,50,0
2026-08-26 04:30:00+00:00,4642.185,4643.479,4641.095,4641.944,445,50,0
2026-08-26 04:35:00+00:00,4641.888,4642.447,4640.275,4640.543,448,50,0
2026-08-26 04:40:00+00:00,4640.531,4642.194,4639.744,4641.011,473,50,0
2026-08-26 04:45:00+00:00,4640.737,4641.475,4638.856,4640.124,485,50,0
2026-08-26 04:50:00+00:00,4640.386,4641.926,4639.593,4641.004,503,50,0
2026-08-26 04:55:00+00:00,4641.049,4641.846,4639.615,4640.74,460,50,0
2026-08-26 05:00:00+00:00,4640.907,4643.995,4640.3,4642.151,651,50,0
2026-08-26 05:05:00+00:00,4642.16,4645.995,4641.806,4645.589,664,50,0
2026-08-26 05:10:00+00:00,4645.525,4645.667,4641.329,4643.246,526,50,0
2026-08-26 05:15:00+00:00,4643.521,4644.934,4641.396,4643.606,636,50,0
2026-08-26 05:20:00+00:00,4643.347,4644.741,4641.815,4643.865,556,50,0
2026-08-26 05:25:00+00:00,4643.922,4645.571,4642.622,4643.347,518,50,0
2026-08-26 05:30:00+00:00,4643.29,4649.427,4640.925,4645.54,1687,50,0
2026-08-26 05:35:00+00:00,4645.597,4646.135,4638.562,4641.541,1358,50,0
2026-08-26 05:40:00+00:00,4641.486,4644.651,4637.927,4638.222,1013,50,0
2026-08-26 05:45:00+00:00,4638.154,4640.847,4635.392,4637.933,1193,50,0
2026-08-26 05:50:00+00:00,4637.86,4640.539,4636.884,4639.184,909,50,0
2026-08-26 05:55:00+00:00,4638.844,4639.898,4637.18,4639.898,880,50,0
2026-08-26 06:00:00+00:00,4639.561,4641.606,4636.096,4641.305,1321,50,0
2026-08-26 06:05:00+00:00,4641.074,4641.176,4637.465,4639.025,897,50,0
2026-08-26 06:10:00+00:00,4638.967,4639.246,4636.127,4637.696,839,50,0
2026-08-26 06:15:00+00:00,4637.753,4638.05,4631.172,4634.42,989,50,0
2026-08-26 06:20:00+00:00,4634.342,4634.596,4625.955,4627.241,1211,50,0
2026-08-26 06:25:00+00:00,4627.278,4629.11,4624.675,4626.905,1066,50,0
2026-08-26 06:30:00+00:00,4626.7,4630.962,4625.641,4630.962,995,50,0
2026-08-26 06:35:00+00:00,4630.899,4631.425,4627.042,4630.567,1062,50,0
2026-08-26 06:40:00+00:00,4630.585,4634.024,4629.777,4633.267,852,50,0
2026-08-26 06:45:00+00:00,4633.237,4636.85,4633.237,4634.92,655,50,0
2026-08-26 06:50:00+00:00,4634.859,4635.884,4632.367,4633.236,753,50,0
2026-08-26 06:55:00+00:00,4633.255,4634.704,4630.492,4634.186,833,50,0
2026-08-26 07:00:00+00:00,4634.059,4639.36,4634.001,4639.072,1057,50,0
2026-08-26 07:05:00+00:00,4639.063,4639.384,4632.998,4635.144,782,50,0
2026-08-26 07:10:00+00:00,4635.086,4637.307,4633.591,4636.368,849,50,0
2026-08-26 07:15:00+00:00,4636.312,4638.047,4633.684,4634.034,798,50,0
2026-08-26 07:20:00+00:00,4634.164,4635.584,4632.106,4634.48,711,50,0
2026-08-26 07:25:00+00:00,4634.083,4636.232,4630.815,4631.613,779,50,0
2026-08-26 07:30:00+00:00,4631.557,4636.637,4631.113,4633.466,930,50,0
2026-08-26 07:35:00+00:00,4633.401,4634.625,4630.046,4630.425,649,50,0
2026-08-26 07:40:00+00:00,4630.77,4631.935,4628.863,4631.93,673,50,0
2026-08-26 07:45:00+00:00,4631.667,4635.039,4630.722,4631.77,671,50,0
2026-08-26 07:50:00+00:00,4632.059,4632.059,4627.612,4628.678,803,50,0
2026-08-26 07:55:00+00:00,4628.462,4629.908,4626.412,4628.869,825,50,0
2026-08-26 08:00:00+00:00,4628.854,4630.523,4626.842,4628.779,1030,50,0
2026-08-26 08:05:00+00:00,4628.853,4629.8,4625.779,4627.609,851,50,0
2026-08-26 08:10:00+00:00,4627.824,4628.593,4625.511,4625.878,812,50,0
2026-08-26 08:15:00+00:00,4625.866,4628.427,4622.744,4625.21,892,50,0
2026-08-26 08:20:00+00:00,4625.241,4626.643,4622.104,4626.28,679,50,0
2026-08-26 08:25:00+00:00,4626.34,4629.634,4625.563,4629.634,655,50,0
2026-08-26 08:30:00+00:00,4629.579,4630.841,4625.037,4628.381,893,50,0
2026-08-26 08:35:00+00:00,4628.068,4630.58,4627.867,4629.432,642,50,0
2026-08-26 08:40:00+00:00,4629.356,4629.754,4627.825,4629.646,625,50,0
2026-08-26 08:45:00+00:00,4629.569,4630.132,4627.019,4628.91,628,50,0
2026-08-26 08:50:00+00:00,4628.967,4629.068,4627.514,4627.522,493,50,0
2026-08-26 08:55:00+00:00,4627.718,4628.818,4625.948,4628.234,580,50,0
2026-08-26 09:00:00+00:00,4628.517,4631.138,4625.726,4625.874,906,50,0
2026-08-26 09:05:00+00:00,4625.959,4627.726,4624.107,4624.473,741,50,0
2026-08-26 09:10:00+00:00,4624.399,4627.905,4623.972,4625.152,744,50,0
2026-08-26 09:15:00+00:00,4625.151,4625.405,4620.82,4621.226,755,50,0
2026-08-26 09:20:00+00:00,4621.373,4621.641,4618.426,4619.204,726,50,0
2026-08-26 09:25:00+00:00,4619.146,4619.806,4616.276,4616.944,925,50,0
2026-08-26 09:30:00+00:00,4617.095,4622.476,4616.936,4620.973,848,50,0
2026-08-26 09:35:00+00:00,4621.042,4621.639,4619.939,4620.588,508,50,0
2026-08-26 09:40:00+00:00,4620.527,4622.593,4619.605,4622.215,565,50,0
2026-08-26 09:45:00+00:00,4622.033,4625.708,4621.855,4624.208,583,50,0
2026-08-26 09:50:00+00:00,4624.227,4625.305,4622.722,4624.132,595,50,0
2026-08-26 09:55:00+00:00,4624.189,4625.361,4623.361,4623.361,509,50,0
2026-08-26 10:00:00+00:00,4623.305,4624.267,4620.503,4623.372,648,50,0
2026-08-26 10:05:00+00:00,4623.372,4623.598,4620.626,4621.917,587,50,0
2026-08-26 10:10:00+00:00,4622.171,4622.171,4617.592,4618.909,489,50,0
2026-08-26 10:15:00+00:00,4619.114,4620.629,4617.091,4617.445,606,50,0
2026-08-26 10:20:00+00:00,4617.529,4620.073,4616.132,4618.767,672,50,0
2026-08-26 10:25:00+00:00,4618.822,4618.822,4613.313,4615.391,802,50,0
2026-08-26 10:30:00+00:00,4615.451,4619.465,4614.576,4619.38,645,50,0
2026-08-26 10:35:00+00:00,4619.316,4624.159,4618.285,4623.987,566,50,0
2026-08-26 10:40:00+00:00,4623.987,4623.996,4620.8,4622.291,562,50,0
2026-08-26 10:45:00+00:00,4622.234,4623.963,4622.175,4623.689,454,50,0
2026-08-26 10:50:00+00:00,4623.814,4624.179,4621.586,4622.819,556,50,0
2026-08-26 10:55:00+00:00,4622.761,4622.761,4618.814,4620.379,483,50,0
2026-08-26 11:00:00+00:00,4620.438,4621.975,4619.417,4620.673,781,50,0
2026-08-26 11:05:00+00:00,4620.617,4621.006,4616.833,4617.882,579,50,0
2026-08-26 11:10:00+00:00,4617.824,4619.354,4616.702,4618.668,515,50,0
2026-08-26 11:15:00+00:00,4618.428,4623.107,4618.193,4622.027,605,50,0
2026-08-26 11:20:00+00:00,4621.898,4622.984,4616.656,4616.712,580,50,0
2026-08-26 11:25:00+00:00,4616.857,4621.67,4616.825,4621.004,713,50,0
2026-08-26 11:30:00+00:00,4620.571,4622.967,4618.409,4619.263,767,50,0
2026-08-26 11:35:00+00:00,4618.927,4620.173,4617.191,4618.471,706,50,0
2026-08-26 11:40:00+00:00,4618.188,4619.773,4617.363,4619.274,605,50,0
2026-08-26 11:45:00+00:00,4619.333,4619.333,4616.862,4618.364,769,50,0
2026-08-26 11:50:00+00:00,4618.663,4620.335,4617.42,4619.504,758,50,0
2026-08-26 11:55:00+00:00,4619.78,4625.338,4619.087,4624.586,656,50,0
2026-08-26 12:00:00+00:00,4624.833,4629.466,4623.564,4627.353,1148,50,0
2026-08-26 12:05:00+00:00,4627.685,4629.799,4626.805,4627.096,812,50,0
2026-08-26 12:10:00+00:00,4627.414,4628.251,4625.02,4625.639,841,50,0
2026-08-26 12:15:00+00:00,4625.439,4630.287,4624.645,4628.96,760,50,0
2026-08-26 12:20:00+00:00,4629.019,4629.807,4625.189,4626.348,1035,50,0
2026-08-26 12:25:00+00:00,4626.262,4631.092,4625.6,4631.092,860,50,0
2026-08-26 12:30:00+00:00,4631.02,4633.559,4612.274,4623.452,2646,50,0
2026-08-26 12:35:00+00:00,4623.396,4626.155,4617.792,4622.059,2554,50,0
2026-08-26 12:40:00+00:00,4622.0,4625.632,4614.497,4622.634,2220,50,0
2026-08-26 12:45:00+00:00,4622.574,4625.141,4618.339,4623.819,1668,50,0
2026-08-26 12:50:00+00:00,4623.878,4626.498,4610.501,4616.148,2236,50,0
2026-08-26 12:55:00+00:00,4616.204,4618.639,4612.998,4614.222,2165,50,0
2026-08-26 13:00:00+00:00,4614.288,4621.533,4608.818,4612.139,3931,50,0
2026-08-26 13:05:00+00:00,4612.192,4617.57,4608.312,4609.356,2516,50,0
2026-08-26 13:10:00+00:00,4609.417,4613.24,4608.334,4611.401,2529,50,0
2026-08-26 13:15:00+00:00,4611.458,4614.031,4598.104,4611.284,3126,50,0
2026-08-26 13:20:00+00:00,4611.226,4614.395,4604.269,4609.056,2187,50,0
2026-08-26 13:25:00+00:00,4609.111,4612.845,4605.446,4611.185,1998,50,0
2026-08-26 13:30:00+00:00,4611.225,4618.875,4610.26,4615.71,3520,50,0
2026-08-26 13:35:00+00:00,4615.655,4617.194,4612.455,4613.51,3003,50,0
2026-08-26 13:40:00+00:00,4613.6,4623.215,4612.102,4619.823,2440,50,0
2026-08-26 13:45:00+00:00,4619.812,4625.656,4618.173,4625.516,2062,50,0
2026-08-26 13:50:00+00:00,4625.457,4629.073,4622.572,4624.127,2440,50,0
2026-08-26 13:55:00+00:00,4624.211,4631.98,4623.829,4631.541,2083,50,0
2026-08-26 14:00:00+00:00,4631.598,4633.608,4622.801,4624.329,2731,50,0
2026-08-26 14:05:00+00:00,4624.386,4626.192,4620.579,4622.826,1864,50,0
2026-08-26 14:10:00+00:00,4622.891,4627.26,4619.515,4620.524,1584,50,0
2026-08-26 14:15:00+00:00,4620.309,4624.49,4619.36,4623.175,1637,50,0
2026-08-26 14:20:00+00:00,4623.08,4627.104,4619.191,4621.02,1545,50,0
2026-08-26 14:25:00+00:00,4621.113,4621.445,4616.28,4616.867,1858,50,0
2026-08-26 14:30:00+00:00,4616.732,4619.584,4614.651,4618.546,1276,50,0
2026-08-26 14:35:00+00:00,4618.601,4618.774,4612.64,4617.079,1626,50,0
2026-08-26 14:40:00+00:00,4617.296,4623.128,4616.926,4622.142,1408,50,0
2026-08-26 14:45:00+00:00,4622.087,4622.88,4611.746,4613.015,1857,50,0
2026-08-26 14:50:00+00:00,4612.724,4614.266,4606.072,4607.91,1554,50,0
2026-08-26 14:55:00+00:00,4607.861,4612.585,4602.703,4602.897,1728,50,0
2026-08-26 15:00:00+00:00,4603.114,4605.59,4592.943,4598.662,3040,50,0
2026-08-26 15:05:00+00:00,4598.332,4598.846,4588.043,4597.802,2971,50,0
2026-08-26 15:10:00+00:00,4597.672,4599.905,4588.259,4589.214,2209,50,0
2026-08-26 15:15:00+00:00,4589.273,4594.263,4583.021,4590.849,2585,50,0
2026-08-26 15:20:00+00:00,4591.061,4594.234,4589.081,4591.747,1818,50,0
2026-08-26 15:25:00+00:00,4591.973,4598.12,4590.48,4594.978,1697,50,0
2026-08-26 15:30:00+00:00,4594.916,4598.473,4594.597,4598.473,1476,50,0
2026-08-26 15:35:00+00:00,4598.53,4601.801,4597.36,4601.585,1240,50,0
2026-08-26 15:40:00+00:00,4601.802,4604.855,4600.276,4604.761,964,50,0
2026-08-26 15:45:00+00:00,4604.826,4609.462,4604.403,4608.268,1128,50,0
2026-08-26 15:50:00+00:00,4608.139,4608.553,4598.358,4600.35,2065,50,0
2026-08-26 15:55:00+00:00,4600.683,4604.212,4596.005,4596.256,1415,50,0
2026-08-26 16:00:00+00:00,4596.319,4599.099,4590.637,4597.483,1771,50,0
2026-08-26 16:05:00+00:00,4597.148,4601.672,4596.947,4599.619,1211,50,0
2026-08-26 16:10:00+00:00,4599.411,4600.687,4597.127,4600.321,1198,50,0
2026-08-26 16:15:00+00:00,4600.24,4601.129,4596.98,4599.228,1078,50,0
2026-08-26 16:20:00+00:00,4599.131,4600.019,4594.05,4595.961,1121,50,0
2026-08-26 16:25:00+00:00,4596.274,4597.405,4594.315,4595.128,1125,50,0
2026-08-26 16:30:00+00:00,4595.191,4596.479,4592.882,4594.178,1060,50,0
2026-08-26 16:35:00+00:00,4594.109,4595.627,4586.668,4587.399,1252,50,0
2026-08-26 16:40:00+00:00,4587.294,4591.48,4585.663,4588.473,1181,50,0
2026-08-26 16:45:00+00:00,4588.414,4595.032,4588.022,4595.032,970,50,0
2026-08-26 16:50:00+00:00,4594.799,4597.029,4589.219,4589.778,1041,50,0
2026-08-26 16:55:00+00:00,4589.57,4592.317,4588.498,4591.821,977,50,0
2026-08-26 17:00:00+00:00,4591.629,4594.038,4591.249,4593.185,951,50,0
2026-08-26 17:05:00+00:00,4593.185,4596.202,4590.792,4594.534,917,50,0
2026-08-26 17:10:00+00:00,4594.261,4595.504,4593.158,4594.707,774,50,0
2026-08-26 17:15:00+00:00,4594.915,4596.323,4593.454,4596.017,737,50,0
2026-08-26 17:20:00+00:00,4596.082,4599.09,4595.148,4596.714,943,50,0
2026-08-26 17:25:00+00:00,4596.835,4598.678,4594.295,4597.797,986,50,0
2026-08-26 17:30:00+00:00,4597.835,4602.451,4596.732,4601.015,899,50,0
2026-08-26 17:35:00+00:00,4601.169,4601.386,4596.165,4596.594,701,50,0
2026-08-26 17:40:00+00:00,4596.838,4599.587,4595.619,4597.323,806,50,0
2026-08-26 17:45:00+00:00,4597.31,4599.072,4596.287,4598.247,641,50,0
2026-08-26 17:50:00+00:00,4598.307,4599.527,4597.405,4597.573,542,50,0
2026-08-26 17:55:00+00:00,4597.512,4598.027,4594.151,4597.787,707,50,0
2026-08-26 18:00:00+00:00,4597.842,4603.537,4596.702,4603.055,831,50,0
2026-08-26 18:05:00+00:00,4602.917,4604.85,4600.487,4602.405,802,50,0
2026-08-26 18:10:00+00:00,4602.461,4603.912,4599.9,4600.348,599,50,0
2026-08-26 18:15:00+00:00,4600.514,4600.756,4595.008,4595.899,689,50,0
2026-08-26 18:20:00+00:00,4595.832,4596.058,4592.728,4593.848,729,50,0
2026-08-26 18:25:00+00:00,4594.176,4595.273,4592.93,4595.043,738,50,0
2026-08-26 18:30:00+00:00,4594.835,4595.953,4593.367,4593.67,735,50,0
2026-08-26 18:35:00+00:00,4593.612,4596.567,4592.398,4594.277,609,50,0
2026-08-26 18:40:00+00:00,4594.226,4597.661,4593.8,4596.975,523,50,0
2026-08-26 18:45:00+00:00,4596.916,4597.984,4596.03,4596.852,492,50,0
2026-08-26 18:50:00+00:00,4597.106,4597.897,4596.064,4596.418,447,50,0
2026-08-26 18:55:00+00:00,4596.082,4596.438,4593.28,4593.976,571,50,0
2026-08-26 19:00:00+00:00,4594.135,4595.202,4591.147,4592.121,684,50,0
2026-08-26 19:05:00+00:00,4592.123,4593.671,4590.925,4593.192,568,50,0
2026-08-26 19:10:00+00:00,4593.13,4595.828,4592.846,4594.355,574,50,0
2026-08-26 19:15:00+00:00,4594.367,4595.78,4591.519,4591.962,601,50,0
2026-08-26 19:20:00+00:00,4591.713,4594.547,4591.27,4594.357,537,50,0
2026-08-26 19:25:00+00:00,4594.361,4599.139,4594.305,4598.744,624,50,0
2026-08-26 19:30:00+00:00,4598.415,4601.689,4596.744,4597.74,641,50,0
2026-08-26 19:35:00+00:00,4597.446,4598.563,4596.268,4596.929,545,50,0
2026-08-26 19:40:00+00:00,4596.731,4597.138,4594.171,4595.908,538,50,0
2026-08-26 19:45:00+00:00,4595.916,4596.686,4594.839,4595.057,516,50,0
2026-08-26 19:50:00+00:00,4595.267,4595.572,4592.625,4593.868,674,50,0
2026-08-26 19:55:00+00:00,4593.941,4595.012,4592.465,4594.368,731,50,0
2026-08-26 20:00:00+00:00,4594.278,4595.053,4593.003,4594.092,633,50,0
2026-08-26 20:05:00+00:00,4594.165,4596.901,4594.029,4594.528,431,50,0
2026-08-26 20:10:00+00:00,4594.584,4595.211,4591.803,4591.803,423,50,0
2026-08-26 20:15:00+00:00,4591.929,4592.089,4589.136,4589.622,500,50,0
2026-08-26 20:20:00+00:00,4589.278,4589.83,4583.998,4589.83,1198,50,0
2026-08-26 20:25:00+00:00,4589.55,4592.179,4589.105,4591.273,476,50,0
2026-08-26 20:30:00+00:00,4591.28,4592.164,4590.263,4591.884,399,50,0
2026-08-26 20:35:00+00:00,4591.876,4593.679,4591.75,4593.428,445,50,0
2026-08-26 20:40:00+00:00,4593.455,4593.455,4591.335,4592.193,399,50,0
2026-08-26 20:45:00+00:00,4592.137,4593.712,4591.548,4593.445,382,50,0
2026-08-26 20:50:00+00:00,4593.353,4594.011,4592.285,4593.078,384,50,0
2026-08-26 20:55:00+00:00,4593.091,4594.595,4592.804,4594.265,299,50,0
2026-08-26 22:00:00+00:00,4599.539,4606.599,4598.367,4603.638,656,50,0
2026-08-26 22:05:00+00:00,4603.639,4605.159,4603.219,4603.997,395,50,0
2026-08-26 22:10:00+00:00,4604.044,4605.513,4601.93,4602.513,398,50,0
2026-08-26 22:15:00+00:00,4602.575,4612.366,4602.345,4610.715,728,50,0
2026-08-26 22:20:00+00:00,4610.584,4613.463,4606.15,4607.052,584,50,0
2026-08-26 22:25:00+00:00,4607.119,4611.24,4605.561,4610.719,465,50,0
2026-08-26 22:30:00+00:00,4610.774,4611.73,4609.455,4609.455,385,50,0
2026-08-26 22:35:00+00:00,4609.455,4611.455,4608.665,4610.176,429,50,0
2026-08-26 22:40:00+00:00,4610.176,4611.822,4608.79,4610.791,417,50,0
2026-08-26 22:45:00+00:00,4610.846,4612.326,4607.772,4608.988,423,50,0
2026-08-26 22:50:00+00:00,4609.009,4609.682,4606.946,4607.579,362,50,0
2026-08-26 22:55:00+00:00,4607.586,4609.943,4606.835,4609.244,420,50,0
2026-08-26 23:00:00+00:00,4609.185,4612.125,4607.087,4608.567,636,50,0
2026-08-26 23:05:00+00:00,4608.421,4612.492,4608.152,4611.102,460,50,0
2026-08-26 23:10:00+00:00,4611.199,4615.758,4611.199,4615.374,386,50,0
2026-08-26 23:15:00+00:00,4615.222,4620.796,4614.288,4620.644,498,50,0
2026-08-26 23:20:00+00:00,4620.577,4622.429,4620.371,4621.257,375,50,0
2026-08-26 23:25:00+00:00,4621.35,4622.558,4619.614,4620.086,402,50,0
2026-08-26 23:30:00+00:00,4620.147,4621.241,4618.244,4621.241,423,50,0
2026-08-26 23:35:00+00:00,4621.247,4625.054,4619.056,4624.831,474,50,0
2026-08-26 23:40:00+00:00,4625.036,4625.036,4622.23,4622.608,391,50,0
2026-08-26 23:45:00+00:00,4622.606,4625.039,4620.984,4623.315,725,50,0
2026-08-26 23:50:00+00:00,4623.261,4624.853,4620.806,4621.442,436,50,0
2026-08-26 23:55:00+00:00,4621.082,4624.473,4620.829,4623.571,549,50,0
2026-08-27 00:00:00+00:00,4623.647,4627.257,4622.631,4624.334,1449,50,0
2026-08-27 00:05:00+00:00,4624.56,4624.56,4618.227,4618.852,1060,50,0
2026-08-27 00:10:00+00:00,4618.759,4619.625,4616.197,4617.955,987,50,0
2026-08-27 00:15:00+00:00,4618.018,4619.668,4613.29,4619.045,1052,50,0
2026-08-27 00:20:00+00:00,4619.228,4621.328,4618.377,4620.32,846,50,0
2026-08-27 00:25:00+00:00,4620.002,4621.673,4617.23,4619.298,888,50,0
2026-08-27 00:30:00+00:00,4619.194,4619.194,4613.038,4613.538,791,50,0
2026-08-27 00:35:00+00:00,4613.542,4615.424,4610.167,4612.517,1110,50,0
2026-08-27 00:40:00+00:00,4612.481,4613.533,4605.324,4606.264,1114,50,0
2026-08-27 00:45:00+00:00,4606.468,4611.354,4606.005,4609.497,1057,50,0
2026-08-27 00:50:00+00:00,4609.562,4610.017,4600.47,4602.78,1116,50,0
2026-08-27 00:55:00+00:00,4602.724,4605.481,4601.958,4605.062,1125,50,0
2026-08-27 01:00:00+00:00,4604.934,4615.22,4602.292,4614.281,3680,50,0
2026-08-27 01:05:00+00:00,4614.347,4619.934,4612.041,4616.336,2081,50,0
2026-08-27 01:10:00+00:00,4616.667,4625.114,4616.519,4624.708,1568,50,0
2026-08-27 01:15:00+00:00,4624.766,4625.034,4617.124,4622.266,1592,50,0
2026-08-27 01:20:00+00:00,4622.329,4625.371,4618.656,4624.962,1393,50,0
2026-08-27 01:25:00+00:00,4624.929,4625.236,4618.467,4618.789,978,50,0
2026-08-27 01:30:00+00:00,4618.731,4622.894,4617.83,4621.563,1143,50,0
2026-08-27 01:35:00+00:00,4621.506,4630.324,4619.92,4628.37,1468,50,0
2026-08-27 01:40:00+00:00,4628.429,4631.634,4621.836,4624.101,1515,50,0
2026-08-27 01:45:00+00:00,4624.064,4631.62,4623.586,4629.616,1372,50,0
2026-08-27 01:50:00+00:00,4629.926,4635.576,4628.935,4634.823,1159,50,0
2026-08-27 01:55:00+00:00,4634.754,4641.158,4634.45,4639.986,1015,50,0
2026-08-27 02:00:00+00:00,4640.063,4643.186,4638.134,4638.89,1215,50,0
2026-08-27 02:05:00+00:00,4638.884,4642.678,4638.132,4642.129,996,50,0
2026-08-27 02:10:00+00:00,4642.251,4642.411,4638.669,4640.307,849,50,0
2026-08-27 02:15:00+00:00,4640.365,4640.823,4637.407,4638.905,715,50,0
2026-08-27 02:20:00+00:00,4638.714,4640.806,4636.826,4637.226,657,50,0
2026-08-27 02:25:00+00:00,4636.953,4637.854,4632.945,4633.223,681,50,0
2026-08-27 02:30:00+00:00,4633.284,4634.075,4628.412,4629.578,1446,50,0
2026-08-27 02:35:00+00:00,4629.636,4630.773,4624.724,4628.14,1126,50,0
2026-08-27 02:40:00+00:00,4628.296,4628.841,4623.659,4627.247,1109,50,0
2026-08-27 02:45:00+00:00,4627.58,4630.498,4624.432,4629.297,915,50,0
2026-08-27 02:50:00+00:00,4629.059,4631.494,4627.75,4629.264,819,50,0
2026-08-27 02:55:00+00:00,4629.017,4631.057,4628.417,4629.653,772,50,0
2026-08-27 03:00:00+00:00,4629.593,4634.56,4628.46,4634.432,1093,50,0
2026-08-27 03:05:00+00:00,4634.443,4635.273,4629.776,4630.359,749,50,0
2026-08-27 03:10:00+00:00,4630.479,4634.97,4629.176,4634.199,849,50,0
2026-08-27 03:15:00+00:00,4634.255,4635.371,4632.899,4633.566,794,50,0
2026-08-27 03:20:00+00:00,4633.446,4638.868,4633.162,4637.952,773,50,0
2026-08-27 03:25:00+00:00,4637.891,4638.125,4634.836,4635.661,679,50,0
2026-08-27 03:30:00+00:00,4635.54,4635.876,4633.399,4634.068,671,50,0
2026-08-27 03:35:00+00:00,4633.795,4634.54,4631.966,4632.464,540,50,0
2026-08-27 03:40:00+00:00,4632.469,4632.59,4628.946,4629.468,546,50,0
2026-08-27 03:45:00+00:00,4629.48,4629.821,4626.628,4627.779,523,50,0
2026-08-27 03:50:00+00:00,4627.716,4628.06,4625.73,4626.894,480,50,0
2026-08-27 03:55:00+00:00,4626.907,4627.275,4624.415,4625.443,458,50,0
2026-08-27 04:00:00+00:00,4625.507,4627.421,4624.779,4626.698,595,50,0
2026-08-27 04:05:00+00:00,4626.666,4627.167,4624.454,4625.629,490,50,0
2026-08-27 04:10:00+00:00,4625.641,4626.348,4624.446,4625.535,479,50,0
2026-08-27 04:15:00+00:00,4625.554,4627.19,4623.808,4623.989,502,50,0
2026-08-27 04:20:00+00:00,4624.046,4624.892,4622.716,4623.395,526,50,0
2026-08-27 04:25:00+00:00,4623.3,4624.316,4620.584,4620.719,552,50,0
2026-08-27 04:30:00+00:00,4620.502,4621.112,4618.401,4618.923,588,50,0
2026-08-27 04:35:00+00:00,4618.821,4620.458,4617.473,4618.323,509,50,0
2026-08-27 04:40:00+00:00,4618.268,4620.257,4617.171,4619.065,464,50,0
2026-08-27 04:45:00+00:00,4619.346,4620.71,4617.73,4620.443,619,50,0
2026-08-27 04:50:00+00:00,4620.507,4620.909,4619.134,4620.002,609,50,0
2026-08-27 04:55:00+00:00,4619.948,4620.129,4617.702,4618.761,547,50,0
2026-08-27 05:00:00+00:00,4618.818,4620.298,4616.068,4620.149,689,50,0
2026-08-27 05:05:00+00:00,4620.174,4621.493,4618.637,4619.957,603,50,0
2026-08-27 05:10:00+00:00,4619.851,4621.589,4619.215,4619.903,511,50,0
2026-08-27 05:15:00+00:00,4620.052,4621.667,4618.317,4620.068,674,50,0
2026-08-27 05:20:00+00:00,4620.134,4621.359,4618.2,4620.54,534,50,0
2026-08-27 05:25:00+00:00,4620.688,4621.56,4616.973,4617.088,631,50,0
2026-08-27 05:30:00+00:00,4617.305,4620.132,4609.254,4611.204,2498,50,0
2026-08-27 05:35:00+00:00,4611.309,4613.04,4608.325,4611.198,1057,50,0
2026-08-27 05:40:00+00:00,4611.271,4611.35,4604.795,4605.509,1415,50,0
2026-08-27 05:45:00+00:00,4605.453,4610.016,4604.548,4606.57,1292,50,0
2026-08-27 05:50:00+00:00,4606.508,4608.849,4600.903,4602.836,1343,50,0
2026-08-27 05:55:00+00:00,4603.152,4607.819,4601.984,4607.012,1100,50,0
2026-08-27 06:00:00+00:00,4606.955,4607.733,4599.541,4603.965,1335,50,0
2026-08-27 06:05:00+00:00,4603.923,4605.745,4601.247,4605.03,1238,50,0
2026-08-27 06:10:00+00:00,4605.259,4607.232,4600.378,4605.983,1206,50,0
2026-08-27 06:15:00+00:00,4605.932,4607.711,4603.886,4606.557,904,50,0
2026-08-27 06:20:00+00:00,4606.733,4610.133,4606.043,4609.448,826,50,0
2026-08-27 06:25:00+00:00,4609.378,4610.411,4607.181,4610.352,816,50,0
2026-08-27 06:30:00+00:00,4610.415,4611.874,4605.288,4607.504,966,50,0
2026-08-27 06:35:00+00:00,4607.701,4608.452,4604.905,4607.693,928,50,0
2026-08-27 06:40:00+00:00,4607.634,4609.289,4606.947,4607.78,682,50,0
2026-08-27 06:45:00+00:00,4607.548,4609.689,4603.579,4604.478,941,50,0
2026-08-27 06:50:00+00:00,4604.85,4606.398,4601.4,4602.075,980,50,0
2026-08-27 06:55:00+00:00,4602.163,4602.745,4597.915,4600.214,967,50,0
2026-08-27 07:00:00+00:00,4600.32,4603.886,4598.614,4603.23,1309,50,0
2026-08-27 07:05:00+00:00,4603.466,4605.937,4602.39,4603.284,918,50,0
2026-08-27 07:10:00+00:00,4603.227,4603.996,4601.289,4603.849,876,50,0
2026-08-27 07:15:00+00:00,4603.79,4603.995,4595.789,4597.758,963,50,0
2026-08-27 07:20:00+00:00,4597.701,4598.962,4596.101,4596.763,721,50,0
2026-08-27 07:25:00+00:00,4597.037,4599.526,4593.613,4599.311,944,50,0
2026-08-27 07:30:00+00:00,4599.383,4601.369,4595.128,4596.552,796,50,0
2026-08-27 07:35:00+00:00,4596.612,4598.357,4595.004,4596.624,852,50,0
2026-08-27 07:40:00+00:00,4596.563,4598.543,4595.87,4597.848,670,50,0
2026-08-27 07:45:00+00:00,4598.182,4599.359,4596.353,4597.671,729,50,0
2026-08-27 07:50:00+00:00,4597.38,4599.765,4595.705,4598.383,762,50,0
2026-08-27 07:55:00+00:00,4598.049,4602.726,4597.898,4600.474,728,50,0
2026-08-27 08:00:00+00:00,4600.416,4606.271,4599.578,4605.274,887,50,0
2026-08-27 08:05:00+00:00,4605.517,4607.029,4602.764,4603.487,672,50,0
2026-08-27 08:10:00+00:00,4603.455,4604.974,4602.952,4603.435,588,50,0
2026-08-27 08:15:00+00:00,4603.491,4606.301,4602.635,4603.957,681,50,0
2026-08-27 08:20:00+00:00,4603.917,4603.975,4600.045,4603.345,717,50,0
2026-08-27 08:25:00+00:00,4603.402,4604.043,4600.721,4601.025,676,50,0
2026-08-27 08:30:00+00:00,4600.831,4602.061,4598.738,4599.205,715,50,0
2026-08-27 08:35:00+00:00,4599.351,4599.838,4597.299,4598.499,732,50,0
2026-08-27 08:40:00+00:00,4598.453,4599.165,4594.828,4596.256,771,50,0
2026-08-27 08:45:00+00:00,4596.135,4598.711,4595.57,4598.515,739,50,0
2026-08-27 08:50:00+00:00,4598.575,4600.256,4597.728,4599.571,620,50,0
2026-08-27 08:55:00+00:00,4599.812,4602.359,4598.574,4599.168,569,50,0
2026-08-27 09:00:00+00:00,4598.979,4600.792,4593.571,4594.916,955,50,0
2026-08-27 09:05:00+00:00,4594.926,4597.435,4594.181,4596.533,820,50,0
2026-08-27 09:10:00+00:00,4596.596,4598.812,4595.237,4596.279,696,50,0
2026-08-27 09:15:00+00:00,4596.164,4597.306,4594.914,4595.59,579,50,0
2026-08-27 09:20:00+00:00,4595.646,4597.22,4595.241,4596.76,625,50,0
2026-08-27 09:25:00+00:00,4596.7,4599.508,4593.83,4597.932,1112,50,0
2026-08-27 09:30:00+00:00,4598.065,4599.286,4592.932,4593.988,1324,50,0
2026-08-27 09:35:00+00:00,4593.752,4594.377,4577.604,4584.631,1769,50,0
2026-08-27 09:40:00+00:00,4584.57,4584.718,4580.991,4582.671,1072,50,0
2026-08-27 09:45:00+00:00,4582.325,4584.311,4580.647,4582.828,859,50,0
2026-08-27 09:50:00+00:00,4582.887,4585.785,4581.437,4582.579,746,50,0
2026-08-27 09:55:00+00:00,4582.575,4582.957,4579.001,4580.51,914,50,0
2026-08-27 10:00:00+00:00,4580.48,4581.13,4568.954,4572.752,1639,50,0
2026-08-27 10:05:00+00:00,4572.358,4576.573,4569.805,4576.573,1059,50,0
2026-08-27 10:10:00+00:00,4576.646,4582.153,4576.646,4581.569,1103,50,0
2026-08-27 10:15:00+00:00,4581.787,4583.703,4577.406,4581.106,863,50,0
2026-08-27 10:20:00+00:00,4580.902,4582.544,4579.972,4582.184,611,50,0
2026-08-27 10:25:00+00:00,4582.173,4582.61,4580.065,4580.583,736,50,0
2026-08-27 10:30:00+00:00,4580.313,4581.041,4578.256,4579.084,643,50,0
2026-08-27 10:35:00+00:00,4578.843,4579.397,4576.344,4577.039,739,50,0
2026-08-27 10:40:00+00:00,4577.068,4586.083,4576.192,4585.558,870,50,0
2026-08-27 10:45:00+00:00,4585.488,4588.227,4585.459,4586.96,795,50,0
2026-08-27 10:50:00+00:00,4587.021,4589.61,4586.111,4589.02,696,50,0
2026-08-27 10:55:00+00:00,4589.044,4590.745,4588.246,4590.2,553,50,0
2026-08-27 11:00:00+00:00,4590.12,4591.44,4587.311,4589.241,857,50,0
2026-08-27 11:05:00+00:00,4589.299,4591.299,4588.838,4590.834,622,50,0
2026-08-27 11:10:00+00:00,4590.828,4592.718,4589.659,4592.467,638,50,0
2026-08-27 11:15:00+00:00,4592.409,4593.01,4591.031,4592.265,504,50,0
2026-08-27 11:20:00+00:00,4592.479,4596.459,4592.174,4596.344,694,50,0
2026-08-27 11:25:00+00:00,4596.343,4597.136,4592.871,4594.315,505,50,0
2026-08-27 11:30:00+00:00,4594.444,4599.24,4593.767,4595.597,936,50,0
2026-08-27 11:35:00+00:00,4595.9,4597.116,4594.22,4596.881,785,50,0
2026-08-27 11:40:00+00:00,4596.938,4599.841,4596.568,4597.766,664,50,0
2026-08-27 11:45:00+00:00,4597.824,4597.902,4594.65,4595.471,590,50,0
2026-08-27 11:50:00+00:00,4595.171,4600.237,4594.519,4600.237,669,50,0
2026-08-27 11:55:00+00:00,4600.171,4600.471,4597.068,4598.23,669,50,0
2026-08-27 12:00:00+00:00,4598.284,4601.378,4597.824,4598.544,845,50,0
2026-08-27 12:05:00+00:00,4598.551,4598.744,4593.879,4595.209,673,50,0
2026-08-27 12:10:00+00:00,4595.41,4595.665,4592.687,4592.946,680,50,0
2026-08-27 12:15:00+00:00,4592.937,4596.202,4591.787,4594.945,922,50,0
2026-08-27 12:20:00+00:00,4595.003,4600.892,4594.968,4596.657,1326,50,0
2026-08-27 12:25:00+00:00,4596.587,4596.882,4592.604,4595.533,807,50,0
2026-08-27 12:30:00+00:00,4595.59,4596.593,4593.128,4593.807,699,50,0
2026-08-27 12:35:00+00:00,4593.891,4595.944,4587.875,4589.244,1176,50,0
2026-08-27 12:40:00+00:00,4589.186,4590.532,4587.054,4587.68,1175,50,0
2026-08-27 12:45:00+00:00,4587.735,4588.213,4583.038,4583.584,1073,50,0
2026-08-27 12:50:00+00:00,4583.529,4585.09,4580.61,4584.704,901,50,0
2026-08-27 12:55:00+00:00,4584.685,4588.282,4583.597,4585.737,963,50,0
2026-08-27 13:00:00+00:00,4586.028,4590.24,4579.572,4588.501,2748,50,0
2026-08-27 13:05:00+00:00,4588.402,4591.043,4586.084,4587.105,1641,50,0
2026-08-27 13:10:00+00:00,4586.776,4590.873,4584.354,4585.507,1336,50,0
2026-08-27 13:15:00+00:00,4585.448,4588.926,4583.179,4586.578,1481,50,0
2026-08-27 13:20:00+00:00,4586.458,4588.85,4585.363,4587.61,1415,50,0
2026-08-27 13:25:00+00:00,4587.665,4593.497,4587.133,4590.185,1761,50,0
2026-08-27 13:30:00+00:00,4590.399,4593.333,4575.669,4576.044,2786,50,0
2026-08-27 13:35:00+00:00,4575.808,4581.325,4574.024,4575.566,2812,50,0
2026-08-27 13:40:00+00:00,4575.51,4583.659,4572.239,4578.952,2182,50,0
2026-08-27 13:45:00+00:00,4578.895,4579.962,4565.037,4576.965,2894,50,0
2026-08-27 13:50:00+00:00,4577.025,4583.057,4570.549,4572.44,2553,50,0
2026-08-27 13:55:00+00:00,4572.384,4576.038,4571.219,4572.552,2266,50,0
2026-08-27 14:00:00+00:00,4572.677,4576.192,4568.325,4575.811,3365,50,0
2026-08-27 14:05:00+00:00,4575.717,4579.353,4571.557,4574.626,2421,50,0
2026-08-27 14:10:00+00:00,4574.841,4577.953,4572.041,4573.648,1921,50,0
2026-08-27 14:15:00+00:00,4573.863,4582.56,4573.863,4579.559,1771,50,0
2026-08-27 14:20:00+00:00,4579.614,4584.193,4575.096,4578.471,2168,50,0
2026-08-27 14:25:00+00:00,4578.413,4581.83,4573.883,4581.202,1755,50,0
2026-08-27 14:30:00+00:00,4581.143,4586.32,4581.023,4586.119,1544,50,0
2026-08-27 14:35:00+00:00,4585.79,4591.348,4585.727,4589.268,1636,50,0
2026-08-27 14:40:00+00:00,4589.324,4597.488,4586.866,4595.428,2043,50,0
2026-08-27 14:45:00+00:00,4595.286,4598.478,4592.235,4593.313,1804,50,0
2026-08-27 14:50:00+00:00,4593.133,4594.33,4590.876,4591.193,1376,50,0
2026-08-27 14:55:00+00:00,4591.522,4593.423,4588.271,4591.459,1508,50,0
2026-08-27 15:00:00+00:00,4591.243,4595.583,4591.243,4593.867,1454,50,0
2026-08-27 15:05:00+00:00,4593.81,4595.384,4591.033,4592.207,1325,50,0
2026-08-27 15:10:00+00:00,4592.305,4595.383,4591.688,4592.793,1107,50,0
2026-08-27 15:15:00+00:00,4592.461,4598.066,4592.461,4597.03,1244,50,0
2026-08-27 15:20:00+00:00,4597.293,4597.293,4589.279,4590.572,1223,50,0
2026-08-27 15:25:00+00:00,4590.627,4595.83,4588.882,4593.288,997,50,0
2026-08-27 15:30:00+00:00,4592.952,4599.011,4592.131,4596.975,1206,50,0
2026-08-27 15:35:00+00:00,4597.03,4599.582,4595.823,4599.515,1042,50,0
2026-08-27 15:40:00+00:00,4599.572,4605.998,4599.244,4601.428,1490,50,0
2026-08-27 15:45:00+00:00,4601.438,4604.644,4600.218,4604.15,1281,50,0
2026-08-27 15:50:00+00:00,4604.285,4609.919,4603.323,4609.29,1045,50,0
2026-08-27 15:55:00+00:00,4609.227,4611.516,4608.129,4610.367,1061,50,0
2026-08-27 16:00:00+00:00,4610.491,4612.975,4608.981,4611.462,1259,50,0
2026-08-27 16:05:00+00:00,4611.394,4611.614,4606.017,4607.429,978,50,0
2026-08-27 16:10:00+00:00,4607.27,4607.998,4604.432,4604.621,848,50,0
2026-08-27 16:15:00+00:00,4604.74,4605.909,4602.452,4603.263,838,50,0
2026-08-27 16:20:00+00:00,4603.382,4608.264,4603.145,4606.454,871,50,0
2026-08-27 16:25:00+00:00,4606.509,4608.687,4605.709,4607.869,699,50,0
2026-08-27 16:30:00+00:00,4607.814,4609.113,4605.943,4608.707,842,50,0
2026-08-27 16:35:00+00:00,4608.852,4612.954,4607.649,4611.912,982,50,0
2026-08-27 16:40:00+00:00,4611.612,4612.023,4609.932,4611.467,664,50,0
2026-08-27 16:45:00+00:00,4611.41,4614.776,4610.453,4610.873,1021,50,0
2026-08-27 16:50:00+00:00,4610.931,4616.912,4610.072,4616.027,851,50,0
2026-08-27 16:55:00+00:00,4616.257,4616.257,4612.379,4614.893,653,50,0
2026-08-27 17:00:00+00:00,4614.954,4616.568,4612.259,4614.128,821,50,0
2026-08-27 17:05:00+00:00,4614.151,4614.326,4609.97,4610.306,723,50,0
2026-08-27 17:10:00+00:00,4610.366,4611.65,4608.466,4610.34,625,50,0
2026-08-27 17:15:00+00:00,4610.402,4610.593,4608.364,4609.168,614,50,0
2026-08-27 17:20:00+00:00,4609.253,4612.123,4608.925,4611.685,633,50,0
2026-08-27 17:25:00+00:00,4611.795,4612.21,4608.776,4610.439,715,50,0
2026-08-27 17:30:00+00:00,4610.496,4611.772,4609.184,4610.119,689,50,0
2026-08-27 17:35:00+00:00,4610.048,4611.242,4608.273,4611.14,544,50,0
2026-08-27 17:40:00+00:00,4611.2,4614.432,4609.659,4611.196,741,50,0
2026-08-27 17:45:00+00:00,4611.262,4611.894,4606.527,4609.8,1069,50,0
2026-08-27 17:50:00+00:00,4609.665,4610.414,4606.776,4608.142,788,50,0
2026-08-27 17:55:00+00:00,4608.232,4609.227,4605.289,4606.662,693,50,0
2026-08-27 18:00:00+00:00,4606.662,4607.509,4602.301,4603.332,946,50,0
2026-08-27 18:05:00+00:00,4603.398,4608.044,4602.837,4604.795,866,50,0
2026-08-27 18:10:00+00:00,4604.865,4606.71,4603.648,4605.593,861,50,0
2026-08-27 18:15:00+00:00,4605.738,4607.846,4604.788,4607.759,668,50,0
2026-08-27 18:20:00+00:00,4607.703,4608.13,4603.115,4603.719,670,50,0
2026-08-27 18:25:00+00:00,4603.571,4603.737,4601.518,4601.518,671,50,0
2026-08-27 18:30:00+00:00,4601.458,4603.839,4600.759,4602.246,657,50,0
2026-08-27 18:35:00+00:00,4602.191,4605.016,4601.703,4604.274,583,50,0
2026-08-27 18:40:00+00:00,4604.313,4604.907,4603.591,4604.506,467,50,0
2026-08-27 18:45:00+00:00,4604.841,4606.904,4604.187,4605.959,524,50,0
2026-08-27 18:50:00+00:00,4605.969,4611.372,4604.812,4609.145,668,50,0
2026-08-27 18:55:00+00:00,4609.118,4610.893,4608.765,4610.337,571,50,0
2026-08-27 19:00:00+00:00,4610.665,4616.972,4610.555,4613.757,718,50,0
2026-08-27 19:05:00+00:00,4613.427,4618.285,4612.896,4616.932,1035,50,0
2026-08-27 19:10:00+00:00,4616.868,4617.22,4614.819,4615.495,596,50,0
2026-08-27 19:15:00+00:00,4615.466,4616.103,4609.462,4611.418,674,50,0
2026-08-27 19:20:00+00:00,4611.511,4611.817,4606.405,4607.688,601,50,0
2026-08-27 19:25:00+00:00,4607.568,4608.473,4604.399,4605.798,608,50,0
2026-08-27 19:30:00+00:00,4606.14,4608.22,4604.793,4607.172,663,50,0
2026-08-27 19:35:00+00:00,4607.435,4608.41,4606.656,4607.789,464,50,0
2026-08-27 19:40:00+00:00,4607.797,4610.341,4607.646,4609.742,473,50,0
2026-08-27 19:45:00+00:00,4609.683,4612.958,4608.553,4610.179,573,50,0
2026-08-27 19:50:00+00:00,4610.116,4610.58,4606.734,4608.283,581,50,0
2026-08-27 19:55:00+00:00,4608.228,4609.98,4605.307,4609.431,909,50,0
2026-08-27 20:00:00+00:00,4609.123,4609.88,4604.656,4605.298,501,50,0
2026-08-27 20:05:00+00:00,4605.353,4605.353,4603.787,4604.282,411,50,0
2026-08-27 20:10:00+00:00,4604.387,4606.312,4603.583,4605.056,413,50,0
2026-08-27 20:15:00+00:00,4604.999,4605.506,4604.408,4605.288,271,50,0
2026-08-27 20:20:00+00:00,4605.538,4605.653,4604.588,4604.675,248,50,0
2026-08-27 20:25:00+00:00,4604.95,4604.95,4602.648,4603.782,321,50,0
2026-08-27 20:30:00+00:00,4603.907,4604.279,4603.055,4603.703,244,50,0
2026-08-27 20:35:00+00:00,4603.572,4603.812,4601.936,4603.405,253,50,0
2026-08-27 20:40:00+00:00,4603.366,4604.641,4603.028,4603.957,212,50,0
2026-08-27 20:45:00+00:00,4603.927,4604.83,4602.109,4604.64,364,50,0
2026-08-27 20:50:00+00:00,4604.971,4604.971,4600.799,4601.269,527,50,0
2026-08-27 20:55:00+00:00,4601.147,4601.147,4600.01,4600.89,239,50,0
2026-08-27 22:00:00+00:00,4606.468,4607.793,4601.984,4602.168,624,50,0
2026-08-27 22:05:00+00:00,4602.161,4605.588,4601.333,4605.052,307,50,0
2026-08-27 22:10:00+00:00,4605.325,4605.504,4603.805,4604.879,292,50,0
2026-08-27 22:15:00+00:00,4605.14,4606.488,4604.593,4606.161,339,50,0
2026-08-27 22:20:00+00:00,4606.162,4608.552,4606.125,4608.243,347,50,0
2026-08-27 22:25:00+00:00,4608.395,4608.416,4606.408,4607.948,379,50,0
2026-08-27 22:30:00+00:00,4607.635,4609.31,4606.595,4609.021,399,50,0
2026-08-27 22:35:00+00:00,4608.964,4609.509,4608.019,4609.266,299,50,0
2026-08-27 22:40:00+00:00,4609.289,4610.297,4607.281,4607.829,312,50,0
2026-08-27 22:45:00+00:00,4608.051,4608.305,4606.795,4607.544,278,50,0
2026-08-27 22:50:00+00:00,4607.534,4610.258,4606.717,4609.107,290,50,0
2026-08-27 22:55:00+00:00,4609.348,4611.015,4608.886,4610.894,252,50,0
2026-08-27 23:00:00+00:00,4610.894,4611.646,4608.954,4609.462,320,50,0
2026-08-27 23:05:00+00:00,4609.204,4609.801,4605.494,4605.494,285,50,0
2026-08-27 23:10:00+00:00,4605.223,4605.65,4602.813,4602.842,418,50,0
2026-08-27 23:15:00+00:00,4603.087,4603.813,4602.178,4603.014,274,50,0
2026-08-27 23:20:00+00:00,4603.014,4603.514,4599.831,4602.331,351,50,0
2026-08-27 23:25:00+00:00,4602.604,4602.896,4600.277,4601.185,308,50,0
2026-08-27 23:30:00+00:00,4601.166,4601.806,4599.314,4599.644,361,50,0
2026-08-27 23:35:00+00:00,4599.388,4602.546,4598.496,4601.119,454,50,0
2026-08-27 23:40:00+00:00,4601.162,4601.746,4599.163,4599.943,303,50,0
2026-08-27 23:45:00+00:00,4599.858,4599.858,4595.996,4596.734,543,50,0
2026-08-27 23:50:00+00:00,4596.706,4596.885,4594.73,4595.381,490,50,0
2026-08-27 23:55:00+00:00,4595.128,4595.596,4594.314,4594.661,397,50,0
2026-08-28 00:00:00+00:00,4594.717,4600.252,4593.177,4596.918,1267,50,0
2026-08-28 00:05:00+00:00,4596.983,4600.381,4596.045,4600.092,936,50,0
2026-08-28 00:10:00+00:00,4600.026,4602.688,4599.628,4600.864,751,50,0
2026-08-28 00:15:00+00:00,4600.864,4601.025,4593.144,4593.526,954,50,0
2026-08-28 00:20:00+00:00,4593.461,4595.937,4591.279,4593.715,984,50,0
2026-08-28 00:25:00+00:00,4593.77,4594.26,4590.499,4594.26,678,50,0
2026-08-28 00:30:00+00:00,4594.189,4594.445,4587.598,4589.629,836,50,0
2026-08-28 00:35:00+00:00,4589.574,4590.575,4588.206,4589.564,749,50,0
2026-08-28 00:40:00+00:00,4589.508,4591.386,4588.974,4591.386,766,50,0
2026-08-28 00:45:00+00:00,4591.311,4591.311,4586.173,4587.581,821,50,0
2026-08-28 00:50:00+00:00,4587.506,4589.414,4586.779,4587.844,818,50,0
2026-08-28 00:55:00+00:00,4587.718,4588.997,4585.633,4588.713,650,50,0
2026-08-28 01:00:00+00:00,4589.06,4596.019,4586.347,4594.567,2662,50,0
2026-08-28 01:05:00+00:00,4594.558,4600.455,4591.831,4599.869,1406,50,0
2026-08-28 01:10:00+00:00,4600.001,4602.196,4592.295,4594.125,1516,50,0
2026-08-28 01:15:00+00:00,4593.909,4598.22,4591.272,4595.798,1718,50,0
2026-08-28 01:20:00+00:00,4596.13,4597.347,4590.621,4592.411,1312,50,0
2026-08-28 01:25:00+00:00,4591.991,4593.411,4583.83,4585.809,1836,50,0
2026-08-28 01:30:00+00:00,4586.142,4589.23,4583.842,4587.309,1934,50,0
2026-08-28 01:35:00+00:00,4587.524,4589.072,4580.587,4581.162,1800,50,0
2026-08-28 01:40:00+00:00,4581.106,4582.934,4578.421,4582.293,1396,50,0
2026-08-28 01:45:00+00:00,4581.964,4582.76,4577.7,4582.623,1434,50,0
2026-08-28 01:50:00+00:00,4582.294,4583.478,4575.881,4577.226,1144,50,0
2026-08-28 01:55:00+00:00,4577.091,4578.903,4575.209,4576.138,994,50,0
2026-08-28 02:00:00+00:00,4576.077,4578.125,4575.03,4577.416,1158,50,0
2026-08-28 02:05:00+00:00,4577.42,4581.628,4577.088,4580.683,814,50,0
2026-08-28 02:10:00+00:00,4580.355,4582.78,4578.381,4581.685,895,50,0
2026-08-28 02:15:00+00:00,4581.62,4581.62,4578.565,4581.447,591,50,0
2026-08-28 02:20:00+00:00,4581.661,4584.55,4580.34,4584.328,598,50,0
2026-08-28 02:25:00+00:00,4584.054,4585.102,4582.694,4583.544,549,50,0
2026-08-28 02:30:00+00:00,4583.797,4587.281,4583.097,4585.252,1033,50,0
2026-08-28 02:35:00+00:00,4585.251,4589.591,4585.251,4588.157,727,50,0
2026-08-28 02:40:00+00:00,4588.166,4588.71,4584.03,4585.254,743,50,0
2026-08-28 02:45:00+00:00,4585.318,4586.614,4582.311,4586.137,785,50,0
2026-08-28 02:50:00+00:00,4586.532,4587.36,4584.77,4586.06,659,50,0
2026-08-28 02:55:00+00:00,4586.004,4586.783,4582.89,4586.27,703,50,0
2026-08-28 03:00:00+00:00,4586.179,4588.131,4584.449,4587.409,800,50,0
2026-08-28 03:05:00+00:00,4587.748,4588.521,4585.091,4586.636,623,50,0
2026-08-28 03:10:00+00:00,4586.48,4587.98,4582.71,4584.068,697,50,0
2026-08-28 03:15:00+00:00,4584.379,4588.963,4584.219,4587.394,798,50,0
2026-08-28 03:20:00+00:00,4587.198,4589.843,4585.791,4589.684,668,50,0
2026-08-28 03:25:00+00:00,4589.532,4590.122,4586.701,4588.131,795,50,0
2026-08-28 03:30:00+00:00,4588.186,4588.558,4583.307,4584.296,727,50,0
2026-08-28 03:35:00+00:00,4584.552,4584.552,4582.291,4582.85,540,50,0
2026-08-28 03:40:00+00:00,4582.906,4583.807,4580.955,4581.87,492,50,0
2026-08-28 03:45:00+00:00,4581.991,4582.157,4579.539,4580.57,558,50,0
2026-08-28 03:50:00+00:00,4580.683,4581.07,4578.713,4579.266,385,50,0
2026-08-28 03:55:00+00:00,4579.308,4580.214,4578.693,4580.164,387,50,0
2026-08-28 04:00:00+00:00,4579.862,4580.435,4578.762,4579.476,488,50,0
2026-08-28 04:05:00+00:00,4579.531,4579.668,4577.924,4579.303,370,50,0
2026-08-28 04:10:00+00:00,4579.02,4580.467,4578.842,4579.397,447,50,0
2026-08-28 04:15:00+00:00,4579.578,4583.578,4578.673,4583.565,503,50,0
2026-08-28 04:20:00+00:00,4583.279,4584.744,4582.597,4584.501,452,50,0
2026-08-28 04:25:00+00:00,4584.496,4585.492,4583.055,4584.761,398,50,0
2026-08-28 04:30:00+00:00,4584.845,4584.845,4581.562,4581.846,457,50,0
2026-08-28 04:35:00+00:00,4581.628,4582.128,4578.063,4578.618,478,50,0
2026-08-28 04:40:00+00:00,4578.628,4580.444,4578.251,4580.06,396,50,0
2026-08-28 04:45:00+00:00,4579.79,4582.466,4578.181,4580.737,454,50,0
2026-08-28 04:50:00+00:00,4581.001,4582.858,4580.735,4581.919,389,50,0
2026-08-28 04:55:00+00:00,4581.963,4585.262,4581.334,4584.293,444,50,0
2026-08-28 05:00:00+00:00,4584.579,4585.435,4582.046,4582.697,550,50,0
2026-08-28 05:05:00+00:00,4582.787,4583.088,4578.965,4579.32,549,50,0
2026-08-28 05:10:00+00:00,4579.38,4580.864,4578.503,4580.102,568,50,0
2026-08-28 05:15:00+00:00,4580.096,4582.206,4579.077,4581.911,432,50,0
2026-08-28 05:20:00+00:00,4582.239,4584.575,4580.703,4584.171,478,50,0
2026-08-28 05:25:00+00:00,4584.116,4586.543,4582.347,4583.958,579,50,0
2026-08-28 05:30:00+00:00,4584.023,4584.284,4577.738,4578.917,1764,50,0
2026-08-28 05:35:00+00:00,4579.058,4579.739,4574.822,4574.997,1324,50,0
2026-08-28 05:40:00+00:00,4574.931,4576.36,4571.475,4572.889,1013,50,0
2026-08-28 05:45:00+00:00,4572.943,4575.914,4571.703,4574.009,860,50,0
2026-08-28 05:50:00+00:00,4574.066,4577.262,4573.413,4576.842,712,50,0
2026-08-28 05:55:00+00:00,4576.978,4577.614,4572.631,4573.571,799,50,0
2026-08-28 06:00:00+00:00,4573.685,4577.638,4572.563,4576.875,1321,50,0
2026-08-28 06:05:00+00:00,4576.938,4580.902,4574.217,4580.633,861,50,0
2026-08-28 06:10:00+00:00,4580.677,4583.539,4580.412,4581.849,907,50,0
2026-08-28 06:15:00+00:00,4581.758,4585.207,4580.647,4582.836,880,50,0
2026-08-28 06:20:00+00:00,4582.997,4585.769,4582.007,4583.771,832,50,0
2026-08-28 06:25:00+00:00,4583.547,4585.915,4583.116,4584.981,758,50,0
2026-08-28 06:30:00+00:00,4584.921,4587.056,4582.933,4584.164,905,50,0
2026-08-28 06:35:00+00:00,4583.967,4588.2,4583.78,4586.191,920,50,0
2026-08-28 06:40:00+00:00,4586.265,4588.592,4584.425,4588.169,1022,50,0
2026-08-28 06:45:00+00:00,4588.348,4600.206,4588.15,4599.43,1287,50,0
2026-08-28 06:50:00+00:00,4599.619,4606.931,4596.765,4604.059,2505,50,0
2026-08-28 06:55:00+00:00,4604.184,4613.476,4603.822,4612.582,1748,50,0
2026-08-28 07:00:00+00:00,4612.454,4613.655,4605.822,4606.959,1078,50,0
2026-08-28 07:05:00+00:00,4607.288,4607.601,4599.394,4601.183,1119,50,0
2026-08-28 07:10:00+00:00,4601.125,4603.591,4596.72,4600.945,1109,50,0
2026-08-28 07:15:00+00:00,4600.682,4606.888,4599.332,4605.998,1063,50,0
2026-08-28 07:20:00+00:00,4605.933,4610.253,4605.799,4607.762,1040,50,0
2026-08-28 07:25:00+00:00,4607.488,4610.015,4606.665,4607.556,790,50,0
2026-08-28 07:30:00+00:00,4607.539,4612.037,4607.181,4611.67,843,50,0
2026-08-28 07:35:00+00:00,4611.612,4614.524,4609.698,4610.477,998,50,0
2026-08-28 07:40:00+00:00,4610.752,4610.933,4608.445,4609.408,746,50,0
2026-08-28 07:45:00+00:00,4609.402,4611.655,4607.667,4610.411,800,50,0
2026-08-28 07:50:00+00:00,4610.469,4613.114,4609.969,4611.587,686,50,0
2026-08-28 07:55:00+00:00,4611.465,4613.42,4609.653,4611.706,482,50,0
2026-08-28 08:00:00+00:00,4611.637,4614.788,4610.597,4612.681,888,50,0
2026-08-28 08:05:00+00:00,4612.774,4613.278,4609.888,4611.875,719,50,0
2026-08-28 08:10:00+00:00,4611.815,4613.196,4610.851,4611.606,723,50,0
2026-08-28 08:15:00+00:00,4611.936,4612.469,4609.053,4609.417,561,50,0
2026-08-28 08:20:00+00:00,4609.186,4611.66,4608.002,4610.924,597,50,0
2026-08-28 08:25:00+00:00,4611.185,4611.514,4608.834,4609.347,613,50,0
2026-08-28 08:30:00+00:00,4609.287,4611.533,4608.129,4609.636,756,50,0
2026-08-28 08:35:00+00:00,4609.576,4611.577,4606.552,4607.324,775,50,0
2026-08-28 08:40:00+00:00,4607.243,4607.922,4603.234,4603.834,652,50,0
2026-08-28 08:45:00+00:00,4603.773,4603.878,4600.943,4602.055,794,50,0
2026-08-28 08:50:00+00:00,4602.12,4606.135,4601.735,4604.672,686,50,0
2026-08-28 08:55:00+00:00,4604.927,4605.242,4601.141,4603.109,604,50,0
2026-08-28 09:00:00+00:00,4602.752,4604.441,4601.947,4604.024,587,50,0
2026-08-28 09:05:00+00:00,4604.085,4604.326,4601.25,4601.995,690,50,0
2026-08-28 09:10:00+00:00,4602.06,4603.153,4600.691,4601.817,599,50,0
2026-08-28 09:15:00+00:00,4601.758,4602.904,4600.432,4602.36,632,50,0
2026-08-28 09:20:00+00:00,4602.481,4604.292,4600.771,4603.328,706,50,0
2026-08-28 09:25:00+00:00,4603.111,4603.502,4600.367,4601.976,666,50,0
2026-08-28 09:30:00+00:00,4601.921,4604.395,4601.719,4602.779,712,50,0
2026-08-28 09:35:00+00:00,4602.633,4605.348,4600.971,4603.666,698,50,0
2026-08-28 09:40:00+00:00,4603.542,4605.228,4602.356,4604.135,631,50,0
2026-08-28 09:45:00+00:00,4604.191,4605.436,4603.028,4604.485,574,50,0
2026-08-28 09:50:00+00:00,4604.511,4607.296,4604.28,4606.948,569,50,0
2026-08-28 09:55:00+00:00,4606.945,4607.539,4605.173,4605.268,477,50,0
2026-08-28 10:00:00+00:00,4605.305,4606.54,4603.354,4605.846,635,50,0
2026-08-28 10:05:00+00:00,4605.807,4607.729,4605.529,4607.346,525,50,0
2026-08-28 10:10:00+00:00,4607.62,4609.079,4606.846,4608.486,631,50,0
2026-08-28 10:15:00+00:00,4608.639,4610.055,4604.355,4604.539,704,50,0
2026-08-28 10:20:00+00:00,4604.469,4604.667,4602.503,4603.91,524,50,0
2026-08-28 10:25:00+00:00,4603.776,4605.515,4601.692,4605.245,573,50,0
2026-08-28 10:30:00+00:00,4605.542,4608.165,4605.066,4607.299,612,50,0
2026-08-28 10:35:00+00:00,4607.243,4607.499,4602.821,4604.032,500,50,0
2026-08-28 10:40:00+00:00,4604.102,4604.445,4601.756,4602.957,551,50,0
2026-08-28 10:45:00+00:00,4602.897,4603.469,4599.892,4601.509,618,50,0
2026-08-28 10:50:00+00:00,4601.447,4601.447,4597.458,4598.192,713,50,0
2026-08-28 10:55:00+00:00,4598.292,4600.476,4597.872,4600.01,558,50,0
2026-08-28 11:00:00+00:00,4600.129,4601.363,4597.309,4598.853,870,50,0
2026-08-28 11:05:00+00:00,4598.715,4599.26,4594.842,4596.163,838,50,0
2026-08-28 11:10:00+00:00,4596.242,4599.074,4595.303,4599.074,747,50,0
2026-08-28 11:15:00+00:00,4598.868,4601.484,4598.23,4600.005,611,50,0
2026-08-28 11:20:00+00:00,4600.292,4600.637,4597.928,4600.324,597,50,0
2026-08-28 11:25:00+00:00,4600.594,4601.085,4597.592,4598.948,535,50,0
2026-08-28 11:30:00+00:00,4598.875,4600.843,4597.788,4598.577,670,50,0
2026-08-28 11:35:00+00:00,4598.951,4599.089,4593.611,4593.662,773,50,0
2026-08-28 11:40:00+00:00,4593.568,4595.12,4591.211,4594.867,872,50,0
2026-08-28 11:45:00+00:00,4594.923,4596.207,4593.195,4594.415,684,50,0
2026-08-28 11:50:00+00:00,4594.531,4596.077,4593.543,4594.452,640,50,0
2026-08-28 11:55:00+00:00,4594.634,4594.707,4591.69,4593.566,725,50,0
2026-08-28 12:00:00+00:00,4593.444,4595.983,4590.732,4594.667,1011,50,0
2026-08-28 12:05:00+00:00,4594.609,4595.872,4592.123,4594.451,914,50,0
2026-08-28 12:10:00+00:00,4594.395,4597.303,4592.29,4594.515,859,50,0
2026-08-28 12:15:00+00:00,4594.606,4595.646,4592.393,4594.342,827,50,0
2026-08-28 12:20:00+00:00,4594.583,4601.512,4594.188,4601.292,917,50,0
2026-08-28 12:25:00+00:00,4601.351,4603.943,4600.144,4601.493,847,50,0
2026-08-28 12:30:00+00:00,4601.629,4602.352,4591.802,4593.43,1029,50,0
2026-08-28 12:35:00+00:00,4593.394,4593.972,4589.001,4589.646,1607,50,0
2026-08-28 12:40:00+00:00,4589.41,4592.892,4589.41,4591.838,1248,50,0
2026-08-28 12:45:00+00:00,4592.053,4595.475,4590.116,4594.073,1239,50,0
2026-08-28 12:50:00+00:00,4594.138,4597.541,4591.891,4596.241,1159,50,0
2026-08-28 12:55:00+00:00,4596.299,4602.707,4596.299,4601.495,1124,50,0
2026-08-28 13:00:00+00:00,4601.599,4603.693,4596.079,4599.209,2446,50,0
2026-08-28 13:05:00+00:00,4599.4,4605.616,4598.852,4600.55,1799,50,0
2026-08-28 13:10:00+00:00,4600.494,4601.356,4597.685,4598.86,1525,50,0
2026-08-28 13:15:00+00:00,4599.263,4599.818,4593.835,4598.373,1566,50,0
2026-08-28 13:20:00+00:00,4598.311,4601.402,4596.099,4601.068,1490,50,0
2026-08-28 13:25:00+00:00,4600.931,4604.666,4599.673,4603.886,1544,50,0
2026-08-28 13:30:00+00:00,4603.83,4605.733,4598.912,4605.039,2869,50,0
2026-08-28 13:35:00+00:00,4605.104,4607.274,4600.577,4605.947,2183,50,0
2026-08-28 13:40:00+00:00,4606.139,4608.049,4601.731,4604.828,1683,50,0
2026-08-28 13:45:00+00:00,4604.893,4612.632,4604.858,4610.123,1475,50,0
2026-08-28 13:50:00+00:00,4609.728,4612.29,4607.129,4610.114,1847,50,0
2026-08-28 13:55:00+00:00,4610.324,4627.653,4604.313,4604.968,2395,50,0
2026-08-28 14:00:00+00:00,4604.814,4632.4,4573.654,4577.479,7176,50,0
2026-08-28 14:05:00+00:00,4577.536,4581.661,4548.243,4573.819,13899,50,0
2026-08-28 14:10:00+00:00,4573.656,4574.389,4543.632,4546.349,11273,50,0
2026-08-28 14:15:00+00:00,4546.416,4566.668,4545.032,4554.061,8297,50,0
2026-08-28 14:20:00+00:00,4553.981,4568.593,4548.399,4557.548,6351,50,0
2026-08-28 14:25:00+00:00,4557.612,4559.493,4529.716,4552.006,7997,50,0
2026-08-28 14:30:00+00:00,4552.075,4570.252,4551.693,4569.966,6682,50,0
2026-08-28 14:35:00+00:00,4569.907,4577.222,4564.507,4564.978,5252,50,0
2026-08-28 14:40:00+00:00,4564.786,4568.903,4557.421,4561.609,5201,50,0
2026-08-28 14:45:00+00:00,4561.539,4563.02,4551.741,4552.95,5677,50,0
2026-08-28 14:50:00+00:00,4552.706,4571.117,4550.314,4570.761,4644,50,0
2026-08-28 14:55:00+00:00,4570.889,4581.088,4569.954,4576.756,4129,50,0
2026-08-28 15:00:00+00:00,4576.698,4583.186,4571.97,4580.251,4892,50,0
2026-08-28 15:05:00+00:00,4580.084,4581.952,4572.189,4573.169,4211,50,0
2026-08-28 15:10:00+00:00,4573.114,4574.241,4556.801,4559.335,4145,50,0
2026-08-28 15:15:00+00:00,4559.394,4564.67,4554.049,4555.674,3745,50,0
2026-08-28 15:20:00+00:00,4555.582,4566.42,4551.533,4565.961,3916,50,0
2026-08-28 15:25:00+00:00,4565.727,4569.268,4558.799,4567.151,3837,50,0
2026-08-28 15:30:00+00:00,4567.094,4567.695,4555.173,4557.709,3549,50,0
2026-08-28 15:35:00+00:00,4557.773,4562.698,4546.875,4547.601,3379,50,0
2026-08-28 15:40:00+00:00,4547.455,4548.466,4534.341,4539.521,5135,50,0
2026-08-28 15:45:00+00:00,4539.589,4546.179,4531.657,4535.901,5325,50,0
2026-08-28 15:50:00+00:00,4536.159,4545.68,4534.14,4540.084,4199,50,0
2026-08-28 15:55:00+00:00,4540.013,4541.106,4523.884,4524.734,6005,50,0
2026-08-28 16:00:00+00:00,4524.608,4529.56,4520.399,4520.733,6111,50,0
2026-08-28 16:05:00+00:00,4520.668,4520.668,4508.254,4508.387,5430,50,0
2026-08-28 16:10:00+00:00,4508.443,4515.671,4497.324,4498.122,5202,50,0
2026-08-28 16:15:00+00:00,4498.062,4503.811,4481.466,4481.711,6165,50,0
2026-08-28 16:20:00+00:00,4481.495,4483.859,4464.067,4469.333,8486,50,0
2026-08-28 16:25:00+00:00,4469.104,4482.074,4464.689,4481.224,5822,50,0
2026-08-28 16:30:00+00:00,4480.884,4487.802,4471.147,4474.07,5367,50,0
2026-08-28 16:35:00+00:00,4474.32,4486.315,4473.616,4485.008,4550,50,0
2026-08-28 16:40:00+00:00,4484.92,4486.637,4465.806,4469.353,4416,50,0
2026-08-28 16:45:00+00:00,4469.28,4481.959,4469.28,4481.958,3847,50,0
2026-08-28 16:50:00+00:00,4481.622,4485.316,4479.524,4480.94,2866,50,0
2026-08-28 16:55:00+00:00,4481.008,4482.96,4475.009,4479.602,2836,50,0
2026-08-28 17:00:00+00:00,4479.668,4480.989,4473.272,4476.079,3893,50,0
2026-08-28 17:05:00+00:00,4476.154,4482.896,4474.873,4480.236,2840,50,0
2026-08-28 17:10:00+00:00,4480.337,4481.083,4471.093,4480.947,2840,50,0
2026-08-28 17:15:00+00:00,4480.73,4482.167,4475.054,4480.859,2374,50,0
2026-08-28 17:20:00+00:00,4480.923,4486.735,4479.732,4484.947,2484,50,0
2026-08-28 17:25:00+00:00,4485.025,4486.149,4475.845,4478.435,2912,50,0
2026-08-28 17:30:00+00:00,4478.362,4481.339,4473.503,4478.564,2439,50,0
2026-08-28 17:35:00+00:00,4478.625,4481.671,4470.992,4472.051,2196,50,0
2026-08-28 17:40:00+00:00,4471.88,4474.985,4460.413,4467.265,2850,50,0
2026-08-28 17:45:00+00:00,4467.319,4475.787,4466.41,4474.145,2144,50,0
2026-08-28 17:50:00+00:00,4474.208,4475.734,4471.668,4472.85,1586,50,0
2026-08-28 17:55:00+00:00,4472.782,4472.782,4466.493,4469.28,1437,50,0
2026-08-28 18:00:00+00:00,4469.19,4471.877,4460.303,4461.092,1935,50,0
2026-08-28 18:05:00+00:00,4461.154,4466.986,4459.57,4461.754,2556,50,0
2026-08-28 18:10:00+00:00,4461.966,4465.109,4459.701,4461.165,1797,50,0
2026-08-28 18:15:00+00:00,4461.252,4462.879,4453.424,4458.909,2210,50,0
2026-08-28 18:20:00+00:00,4458.841,4463.679,4452.549,4453.391,2259,50,0
2026-08-28 18:25:00+00:00,4453.72,4462.94,4452.431,4456.411,2454,50,0
2026-08-28 18:30:00+00:00,4456.351,4458.873,4452.185,4457.428,1879,50,0
2026-08-28 18:35:00+00:00,4457.102,4457.491,4451.76,4452.835,1670,50,0
2026-08-28 18:40:00+00:00,4453.055,4455.374,4445.393,4451.24,1892,50,0
2026-08-28 18:45:00+00:00,4451.257,4455.201,4448.375,4453.407,1656,50,0
2026-08-28 18:50:00+00:00,4453.227,4457.024,4451.63,4454.542,1691,50,0
2026-08-28 18:55:00+00:00,4454.488,4458.433,4452.546,4457.011,1644,50,0
2026-08-28 19:00:00+00:00,4456.801,4462.025,4452.853,4458.294,2600,50,0
2026-08-28 19:05:00+00:00,4458.173,4462.858,4456.929,4461.871,1623,50,0
2026-08-28 19:10:00+00:00,4461.937,4462.151,4454.427,4457.362,1686,50,0
2026-08-28 19:15:00+00:00,4457.026,4460.874,4455.264,4460.169,1291,50,0
2026-08-28 19:20:00+00:00,4460.097,4462.167,4457.52,4459.76,1033,50,0
2026-08-28 19:25:00+00:00,4459.741,4463.865,4459.741,4462.25,1149,50,0
2026-08-28 19:30:00+00:00,4462.183,4465.066,4460.945,4463.021,1403,50,0
2026-08-28 19:35:00+00:00,4463.181,4467.109,4461.898,4466.329,1028,50,0
2026-08-28 19:40:00+00:00,4466.264,4466.93,4464.472,4465.242,711,50,0
2026-08-28 19:45:00+00:00,4465.187,4465.219,4454.881,4457.411,1386,50,0
2026-08-28 19:50:00+00:00,4457.536,4459.753,4452.992,4457.403,1652,50,0
2026-08-28 19:55:00+00:00,4457.27,4461.403,4456.538,4458.572,1473,50,0
2026-08-28 20:00:00+00:00,4458.623,4462.851,4455.566,4460.771,1192,50,0
2026-08-28 20:05:00+00:00,4460.647,4461.691,4460.048,4460.555,675,50,0
2026-08-28 20:10:00+00:00,4460.483,4461.533,4457.556,4457.95,671,50,0
2026-08-28 20:15:00+00:00,4457.733,4460.81,4457.733,4458.55,486,50,0
2026-08-28 20:20:00+00:00,4458.518,4458.518,4453.835,4454.626,576,50,0
2026-08-28 20:25:00+00:00,4454.861,4458.452,4453.877,4458.072,497,50,0
2026-08-28 20:30:00+00:00,4458.14,4458.342,4455.533,4456.2,581,50,0
2026-08-28 20:35:00+00:00,4456.145,4457.76,4455.473,4455.629,572,50,0
2026-08-28 20:40:00+00:00,4455.792,4457.379,4453.693,4457.124,550,50,0
2026-08-28 20:45:00+00:00,4457.073,4460.069,4455.899,4459.325,682,50,0
2026-08-28 20:50:00+00:00,4459.38,4460.082,4453.47,4454.436,940,50,0
2026-08-28 20:55:00+00:00,4454.456,4456.294,4453.077,4456.185,386,50,0
2026-08-30 22:00:00+00:00,4439.165,4446.978,4439.1,4446.227,867,50,0
2026-08-30 22:05:00+00:00,4446.088,4456.824,4446.088,4455.951,944,50,0
2026-08-30 22:10:00+00:00,4455.899,4459.617,4455.059,4458.891,697,50,0
2026-08-30 22:15:00+00:00,4458.879,4463.102,4456.106,4461.877,505,50,0
2026-08-30 22:20:00+00:00,4461.816,4466.055,4460.51,4462.44,600,50,0
2026-08-30 22:25:00+00:00,4462.709,4465.551,4458.041,4459.834,610,50,0
2026-08-30 22:30:00+00:00,4459.897,4459.93,4452.967,4453.231,600,50,0
2026-08-30 22:35:00+00:00,4453.426,4461.71,4453.209,4460.384,580,50,0
2026-08-30 22:40:00+00:00,4460.331,4462.72,4456.78,4458.055,540,50,0
2026-08-30 22:45:00+00:00,4458.048,4460.641,4457.156,4459.71,465,50,0
2026-08-30 22:50:00+00:00,4459.859,4460.253,4458.537,4458.973,346,50,0
2026-08-30 22:55:00+00:00,4459.235,4462.73,4458.681,4461.479,427,50,0
2026-08-30 23:00:00+00:00,4461.694,4463.289,4459.853,4462.243,568,50,0
2026-08-30 23:05:00+00:00,4462.352,4466.996,4461.965,4465.394,553,50,0
2026-08-30 23:10:00+00:00,4465.475,4465.789,4459.974,4460.715,525,50,0
2026-08-30 23:15:00+00:00,4460.84,4464.129,4460.118,4463.212,438,50,0
2026-08-30 23:20:00+00:00,4463.548,4465.413,4458.997,4459.961,656,50,0
2026-08-30 23:25:00+00:00,4459.767,4459.976,4455.252,4457.452,587,50,0
2026-08-30 23:30:00+00:00,4457.406,4458.099,4451.282,4454.858,1021,50,0
2026-08-30 23:35:00+00:00,4454.769,4454.878,4450.185,4450.22,649,50,0
2026-08-30 23:40:00+00:00,4450.245,4451.457,4446.469,4447.725,748,50,0
2026-08-30 23:45:00+00:00,4447.666,4447.666,4435.725,4439.845,1834,50,0
2026-08-30 23:50:00+00:00,4439.832,4448.146,4439.693,4447.678,1120,50,0
2026-08-30 23:55:00+00:00,4447.459,4460.58,4447.459,4458.345,1270,50,0
2026-08-31 00:00:00+00:00,4458.406,4462.207,4453.47,4458.501,2791,50,0
2026-08-31 00:05:00+00:00,4458.712,4460.155,4454.268,4457.074,1760,50,0
2026-08-31 00:10:00+00:00,4457.062,4463.524,4454.902,4461.794,1769,50,0
2026-08-31 00:15:00+00:00,4461.919,4465.249,4459.344,4459.854,1291,50,0
2026-08-31 00:20:00+00:00,4459.798,4460.973,4456.544,4458.309,1004,50,0
2026-08-31 00:25:00+00:00,4458.481,4458.556,4452.135,4456.68,1212,50,0
2026-08-31 00:30:00+00:00,4456.701,4466.271,4456.701,4462.749,1394,50,0
2026-08-31 00:35:00+00:00,4462.811,4470.842,4462.776,4470.531,1173,50,0
2026-08-31 00:40:00+00:00,4470.534,4472.528,4464.114,4465.217,1216,50,0
2026-08-31 00:45:00+00:00,4465.475,4469.123,4464.047,4465.831,1132,50,0
2026-08-31 00:50:00+00:00,4465.96,4466.75,4462.63,4466.538,1116,50,0
2026-08-31 00:55:00+00:00,4466.69,4467.204,4456.141,4456.548,1349,50,0
2026-08-31 01:00:00+00:00,4456.605,4463.446,4437.978,4462.364,5864,50,0
2026-08-31 01:05:00+00:00,4462.226,4463.122,4438.914,4439.826,3742,50,0
2026-08-31 01:10:00+00:00,4439.881,4444.858,4435.934,4443.645,3499,50,0
2026-08-31 01:15:00+00:00,4443.581,4452.565,4442.115,4452.505,3379,50,0
2026-08-31 01:20:00+00:00,4452.201,4454.615,4444.133,4449.756,2595,50,0
2026-08-31 01:25:00+00:00,4449.999,4449.999,4443.199,4444.064,2181,50,0
2026-08-31 01:30:00+00:00,4444.006,4450.549,4436.403,4441.237,2847,50,0
2026-08-31 01:35:00+00:00,4441.178,4450.943,4439.545,4449.102,2480,50,0
2026-08-31 01:40:00+00:00,4449.161,4454.179,4443.284,4451.143,2437,50,0
2026-08-31 01:45:00+00:00,4450.94,4452.866,4437.351,4437.647,2220,50,0
2026-08-31 01:50:00+00:00,4437.593,4444.618,4436.348,4444.494,2229,50,0
2026-08-31 01:55:00+00:00,4444.527,4446.894,4439.513,4440.366,1996,50,0
2026-08-31 02:00:00+00:00,4440.421,4441.683,4418.293,4426.953,3656,50,0
2026-08-31 02:05:00+00:00,4426.825,4434.043,4425.11,4428.971,2461,50,0
2026-08-31 02:10:00+00:00,4428.763,4432.643,4422.875,4424.508,2159,50,0
2026-08-31 02:15:00+00:00,4424.638,4425.311,4418.545,4422.051,2303,50,0
2026-08-31 02:20:00+00:00,4422.062,4427.324,4421.08,4427.086,1632,50,0
2026-08-31 02:25:00+00:00,4426.967,4428.25,4422.852,4423.184,1558,50,0
2026-08-31 02:30:00+00:00,4423.03,4426.558,4411.031,4411.487,3198,50,0
2026-08-31 02:35:00+00:00,4411.548,4412.281,4405.392,4408.484,2391,50,0
2026-08-31 02:40:00+00:00,4408.353,4408.353,4402.133,4403.346,2318,50,0
2026-08-31 02:45:00+00:00,4403.127,4407.118,4396.438,4401.832,2172,50,0
2026-08-31 02:50:00+00:00,4401.86,4417.078,4399.354,4416.643,1918,50,0
2026-08-31 02:55:00+00:00,4416.587,4423.125,4416.285,4423.125,1354,50,0
2026-08-31 03:00:00+00:00,4422.798,4426.992,4421.658,4422.582,1474,50,0
2026-08-31 03:05:00+00:00,4422.513,4426.78,4421.862,4425.386,1365,50,0
2026-08-31 03:10:00+00:00,4425.452,4428.459,4424.214,4428.173,1172,50,0
2026-08-31 03:15:00+00:00,4428.156,4432.568,4427.695,4427.818,1247,50,0
2026-08-31 03:20:00+00:00,4427.834,4434.174,4427.437,4431.001,1016,50,0
2026-08-31 03:25:00+00:00,4431.043,4432.006,4426.468,4427.698,1206,50,0
2026-08-31 03:30:00+00:00,4427.917,4427.986,4423.318,4423.746,920,50,0
2026-08-31 03:35:00+00:00,4423.733,4425.398,4419.713,4420.842,997,50,0
2026-08-31 03:40:00+00:00,4420.508,4424.36,4420.28,4423.079,759,50,0
2026-08-31 03:45:00+00:00,4422.786,4425.239,4422.545,4423.954,719,50,0
2026-08-31 03:50:00+00:00,4424.013,4427.014,4423.837,4424.49,675,50,0
2026-08-31 03:55:00+00:00,4424.414,4424.834,4421.514,4422.689,597,50,0
2026-08-31 04:00:00+00:00,4422.837,4423.029,4418.526,4418.657,655,50,0
2026-08-31 04:05:00+00:00,4418.713,4419.213,4416.835,4418.537,678,50,0
2026-08-31 04:10:00+00:00,4418.562,4422.759,4416.963,4421.219,920,50,0
2026-08-31 04:15:00+00:00,4421.142,4421.561,4417.926,4418.454,722,50,0
2026-08-31 04:20:00+00:00,4418.51,4419.689,4415.829,4418.562,809,50,0
2026-08-31 04:25:00+00:00,4418.618,4420.793,4415.849,4416.16,643,50,0
2026-08-31 04:30:00+00:00,4416.089,4416.743,4412.92,4416.743,739,50,0
2026-08-31 04:35:00+00:00,4416.528,4422.089,4415.915,4420.304,859,50,0
2026-08-31 04:40:00+00:00,4420.297,4420.635,4417.018,4420.408,790,50,0
2026-08-31 04:45:00+00:00,4420.213,4421.576,4419.023,4419.48,672,50,0
2026-08-31 04:50:00+00:00,4419.419,4421.279,4418.698,4420.569,586,50,0
2026-08-31 04:55:00+00:00,4420.818,4425.122,4419.431,4424.704,758,50,0
2026-08-31 05:00:00+00:00,4424.636,4427.287,4422.267,4423.688,984,50,0
2026-08-31 05:05:00+00:00,4423.62,4424.235,4419.111,4420.331,981,50,0
2026-08-31 05:10:00+00:00,4420.509,4425.499,4419.454,4422.898,922,50,0
2026-08-31 05:15:00+00:00,4422.835,4428.254,4422.06,4428.115,843,50,0
2026-08-31 05:20:00+00:00,4427.927,4434.687,4427.927,4433.969,961,50,0
2026-08-31 05:25:00+00:00,4433.895,4441.084,4432.574,4440.195,1011,50,0
2026-08-31 05:30:00+00:00,4440.297,4442.441,4430.617,4433.187,2611,50,0
2026-08-31 05:35:00+00:00,4432.965,4437.058,4431.843,4434.236,1423,50,0
2026-08-31 05:40:00+00:00,4434.181,4439.148,4432.646,4437.666,1423,50,0
2026-08-31 05:45:00+00:00,4437.72,4441.655,4435.337,4435.61,1435,50,0
2026-08-31 05:50:00+00:00,4435.668,4439.637,4434.198,4437.125,1331,50,0
2026-08-31 05:55:00+00:00,4437.059,4444.077,4435.231,4442.896,1181,50,0
2026-08-31 06:00:00+00:00,4442.956,4443.399,4432.844,4433.383,1673,50,0
2026-08-31 06:05:00+00:00,4433.469,4433.585,4429.209,4432.152,1341,50,0
2026-08-31 06:10:00+00:00,4432.372,4435.454,4431.834,4432.043,1057,50,0
2026-08-31 06:15:00+00:00,4432.259,4438.565,4431.276,4437.969,1266,50,0
2026-08-31 06:20:00+00:00,4437.797,4439.119,4434.712,4437.681,1211,50,0
2026-08-31 06:25:00+00:00,4437.734,4438.385,4434.486,4435.817,971,50,0
2026-08-31 06:30:00+00:00,4435.871,4437.255,4431.23,4434.096,1137,50,0
2026-08-31 06:35:00+00:00,4434.048,4441.052,4433.809,4440.382,919,50,0
2026-08-31 06:40:00+00:00,4440.396,4441.391,4438.839,4439.838,737,50,0
2026-08-31 06:45:00+00:00,4439.622,4442.612,4439.05,4441.733,826,50,0
2026-08-31 06:50:00+00:00,4441.714,4441.917,4437.296,4440.319,934,50,0
2026-08-31 06:55:00+00:00,4440.265,4440.265,4436.72,4439.397,830,50,0
2026-08-31 07:00:00+00:00,4439.177,4440.593,4436.938,4439.503,1141,50,0
2026-08-31 07:05:00+00:00,4439.433,4442.139,4436.816,4437.69,1060,50,0
2026-08-31 07:10:00+00:00,4437.842,4440.141,4435.503,4436.363,717,50,0
2026-08-31 07:15:00+00:00,4436.018,4441.512,4435.032,4438.978,857,50,0
2026-08-31 07:20:00+00:00,4439.034,4445.673,4438.662,4444.968,926,50,0
2026-08-31 07:25:00+00:00,4445.095,4448.476,4443.559,4444.158,927,50,0
2026-08-31 07:30:00+00:00,4444.214,4446.615,4441.236,4444.31,1050,50,0
2026-08-31 07:35:00+00:00,4444.24,4445.099,4441.689,4443.516,848,50,0
2026-08-31 07:40:00+00:00,4443.283,4447.248,4441.294,4446.441,757,50,0
2026-08-31 07:45:00+00:00,4446.688,4447.955,4443.364,4444.695,690,50,0
2026-08-31 07:50:00+00:00,4444.684,4444.856,4442.294,4444.301,720,50,0
2026-08-31 07:55:00+00:00,4444.301,4445.04,4440.735,4443.228,617,50,0
2026-08-31 08:00:00+00:00,4443.151,4449.69,4442.819,4448.372,834,50,0
2026-08-31 08:05:00+00:00,4448.362,4448.677,4441.912,4443.07,866,50,0
2026-08-31 08:10:00+00:00,4443.017,4443.093,4437.069,4439.092,835,50,0
2026-08-31 08:15:00+00:00,4438.971,4440.44,4436.292,4439.647,856,50,0
2026-08-31 08:20:00+00:00,4439.612,4440.386,4437.362,4437.56,738,50,0
2026-08-31 08:25:00+00:00,4437.667,4441.524,4437.658,4440.046,768,50,0
2026-08-31 08:30:00+00:00,4440.101,4440.398,4435.785,4436.238,724,50,0
2026-08-31 08:35:00+00:00,4436.022,4438.169,4435.24,4436.879,623,50,0
2026-08-31 08:40:00+00:00,4436.863,4437.544,4434.305,4435.485,649,50,0
2026-08-31 08:45:00+00:00,4435.564,4436.818,4434.436,4436.227,655,50,0
2026-08-31 08:50:00+00:00,4436.414,4437.176,4433.762,4434.366,641,50,0
2026-08-31 08:55:00+00:00,4434.378,4436.177,4434.044,4435.552,492,50,0
2026-08-31 09:00:00+00:00,4435.913,4439.01,4435.483,4438.753,666,50,0
2026-08-31 09:05:00+00:00,4438.782,4441.488,4436.649,4436.786,658,50,0
2026-08-31 09:10:00+00:00,4436.855,4443.204,4435.69,4442.906,756,50,0
2026-08-31 09:15:00+00:00,4442.959,4444.417,4440.898,4441.265,559,50,0
2026-08-31 09:20:00+00:00,4441.126,4441.57,4438.659,4439.618,597,50,0
2026-08-31 09:25:00+00:00,4439.335,4439.996,4438.118,4439.264,517,50,0
2026-08-31 09:30:00+00:00,4439.327,4444.403,4438.896,4444.184,624,50,0
2026-08-31 09:35:00+00:00,4444.192,4444.823,4441.529,4441.825,484,50,0
2026-08-31 09:40:00+00:00,4441.546,4443.612,4440.735,4442.965,483,50,0
2026-08-31 09:45:00+00:00,4443.174,4445.172,4442.535,4442.852,500,50,0
2026-08-31 09:50:00+00:00,4443.067,4444.492,4441.125,4443.55,578,50,0
2026-08-31 09:55:00+00:00,4443.513,4445.65,4442.522,4445.586,472,50,0
2026-08-31 10:00:00+00:00,4445.385,4447.991,4444.754,4447.696,735,50,0
2026-08-31 10:05:00+00:00,4447.641,4453.971,4446.957,4448.372,911,50,0
2026-08-31 10:10:00+00:00,4448.428,4451.731,4446.283,4451.625,881,50,0
2026-08-31 10:15:00+00:00,4451.571,4452.126,4446.473,4448.374,778,50,0
2026-08-31 10:20:00+00:00,4448.158,4449.949,4447.423,4447.554,635,50,0
2026-08-31 10:25:00+00:00,4447.5,4449.157,4446.736,4448.69,680,50,0
2026-08-31 10:30:00+00:00,4448.471,4450.36,4447.562,4448.575,600,50,0
2026-08-31 10:35:00+00:00,4448.519,4451.418,4447.922,4450.236,692,50,0
2026-08-31 10:40:00+00:00,4450.249,4451.824,4448.774,4451.174,599,50,0
2026-08-31 10:45:00+00:00,4451.12,4451.564,4449.483,4450.744,496,50,0
2026-08-31 10:50:00+00:00,4450.942,4455.735,4450.401,4453.639,576,50,0
2026-08-31 10:55:00+00:00,4453.694,4455.665,4453.514,4453.866,517,50,0
2026-08-31 11:00:00+00:00,4454.017,4457.076,4453.444,4456.074,644,50,0
2026-08-31 11:05:00+00:00,4456.053,4457.318,4453.136,4456.595,669,50,0
2026-08-31 11:10:00+00:00,4456.565,4457.811,4453.604,4453.871,543,50,0
2026-08-31 11:15:00+00:00,4453.998,4457.199,4452.603,4456.403,605,50,0
2026-08-31 11:20:00+00:00,4456.641,4458.388,4455.968,4457.988,600,50,0
2026-08-31 11:25:00+00:00,4458.382,4464.212,4457.847,4463.165,658,50,0
2026-08-31 11:30:00+00:00,4463.11,4464.051,4458.685,4458.685,818,50,0
2026-08-31 11:35:00+00:00,4458.746,4459.937,4454.973,4455.907,695,50,0
2026-08-31 11:40:00+00:00,4456.004,4459.642,4453.773,4454.89,1016,50,0
2026-08-31 11:45:00+00:00,4454.962,4455.945,4452.827,4453.42,654,50,0
2026-08-31 11:50:00+00:00,4453.541,4455.017,4452.522,4453.251,703,50,0
2026-08-31 11:55:00+00:00,4453.313,4456.473,4453.156,4455.317,655,50,0
2026-08-31 12:00:00+00:00,4455.528,4459.358,4454.905,4458.634,664,50,0
2026-08-31 12:05:00+00:00,4458.393,4461.164,4450.232,4457.029,1486,50,0
2026-08-31 12:10:00+00:00,4457.205,4459.97,4454.886,4457.147,990,50,0
2026-08-31 12:15:00+00:00,4457.201,4458.964,4454.943,4457.048,888,50,0
2026-08-31 12:20:00+00:00,4457.105,4457.266,4450.532,4452.855,1148,50,0
2026-08-31 12:25:00+00:00,4452.915,4454.695,4447.076,4447.905,2238,50,0
2026-08-31 12:30:00+00:00,4447.876,4450.144,4445.518,4446.507,1678,50,0
2026-08-31 12:35:00+00:00,4446.694,4447.719,4441.863,4442.212,1333,50,0
2026-08-31 12:40:00+00:00,4442.268,4442.758,4439.177,4440.345,1165,50,0
2026-08-31 12:45:00+00:00,4440.29,4440.512,4435.817,4438.092,1089,50,0
2026-08-31 12:50:00+00:00,4438.022,4441.896,4436.805,4437.229,1018,50,0
2026-08-31 12:55:00+00:00,4437.359,4439.671,4435.441,4435.648,1102,50,0
2026-08-31 13:00:00+00:00,4435.833,4440.271,4433.724,4437.292,2552,50,0
2026-08-31 13:05:00+00:00,4437.619,4445.772,4436.217,4444.869,1473,50,0
2026-08-31 13:10:00+00:00,4444.977,4446.869,4442.736,4446.035,1367,50,0
2026-08-31 13:15:00+00:00,4446.236,4448.304,4441.455,4443.13,1261,50,0
2026-08-31 13:20:00+00:00,4442.925,4444.063,4439.333,4441.015,1143,50,0
2026-08-31 13:25:00+00:00,4441.089,4447.474,4440.377,4446.184,1477,50,0
2026-08-31 13:30:00+00:00,4446.084,4447.45,4437.715,4438.654,2971,50,0
2026-08-31 13:35:00+00:00,4438.592,4443.208,4435.648,4436.918,2716,50,0
2026-08-31 13:40:00+00:00,4436.978,4438.12,4431.963,4433.578,2600,50,0
2026-08-31 13:45:00+00:00,4433.575,4433.791,4424.8,4425.645,1728,50,0
2026-08-31 13:50:00+00:00,4425.764,4429.361,4419.213,4424.583,2511,50,0
2026-08-31 13:55:00+00:00,4424.694,4424.97,4415.58,4418.8,2130,50,0
2026-08-31 14:00:00+00:00,4418.734,4423.776,4416.18,4420.907,3206,50,0
2026-08-31 14:05:00+00:00,4420.604,4428.035,4419.81,4427.029,2345,50,0
2026-08-31 14:10:00+00:00,4426.981,4427.859,4421.192,4427.583,2298,50,0
2026-08-31 14:15:00+00:00,4427.372,4431.197,4424.604,4427.255,2163,50,0
2026-08-31 14:20:00+00:00,4427.136,4427.136,4416.361,4419.186,2114,50,0
2026-08-31 14:25:00+00:00,4419.252,4423.109,4417.498,4420.186,2023,50,0
2026-08-31 14:30:00+00:00,4420.364,4428.524,4419.222,4425.043,2141,50,0
2026-08-31 14:35:00+00:00,4425.187,4436.264,4424.772,4433.624,2074,50,0
2026-08-31 14:40:00+00:00,4433.772,4435.998,4431.373,4432.914,1640,50,0
2026-08-31 14:45:00+00:00,4433.236,4436.117,4428.208,4428.827,1678,50,0
2026-08-31 14:50:00+00:00,4428.884,4433.621,4426.233,4432.825,1908,50,0
2026-08-31 14:55:00+00:00,4432.768,4436.364,4431.161,4431.79,1797,50,0
2026-08-31 15:00:00+00:00,4431.605,4436.633,4428.444,4428.753,2005,50,0
2026-08-31 15:05:00+00:00,4428.696,4434.335,4428.134,4433.742,1702,50,0
2026-08-31 15:10:00+00:00,4433.992,4437.793,4431.787,4435.207,1574,50,0
2026-08-31 15:15:00+00:00,4435.261,4438.02,4429.227,4432.168,1675,50,0
2026-08-31 15:20:00+00:00,4432.231,4435.567,4429.626,4433.309,1591,50,0
2026-08-31 15:25:00+00:00,4433.362,4434.742,4430.606,4432.837,1368,50,0
2026-08-31 15:30:00+00:00,4432.726,4434.312,4428.732,4430.115,2158,50,0
2026-08-31 15:35:00+00:00,4430.207,4432.608,4427.212,4429.763,1608,50,0
2026-08-31 15:40:00+00:00,4429.82,4431.528,4426.159,4427.612,1366,50,0
2026-08-31 15:45:00+00:00,4427.486,4433.648,4427.066,4431.422,1645,50,0
2026-08-31 15:50:00+00:00,4431.599,4432.808,4426.702,4428.067,1399,50,0
2026-08-31 15:55:00+00:00,4428.011,4429.036,4424.627,4426.123,1236,50,0
2026-08-31 16:00:00+00:00,4426.177,4432.86,4423.659,4430.518,1471,50,0
2026-08-31 16:05:00+00:00,4430.463,4436.324,4429.941,4434.191,1347,50,0
2026-08-31 16:10:00+00:00,4434.128,4437.524,4432.684,4434.736,1112,50,0
2026-08-31 16:15:00+00:00,4434.677,4436.867,4434.218,4434.75,824,50,0
2026-08-31 16:20:00+00:00,4435.017,4436.467,4433.454,4435.913,891,50,0
2026-08-31 16:25:00+00:00,4435.927,4438.822,4435.126,4438.313,726,50,0
2026-08-31 16:30:00+00:00,4438.381,4440.45,4435.349,4436.665,1127,50,0
2026-08-31 16:35:00+00:00,4436.601,4436.601,4431.385,4432.01,994,50,0
2026-08-31 16:40:00+00:00,4432.315,4437.792,4431.382,4435.972,970,50,0
2026-08-31 16:45:00+00:00,4435.645,4437.076,4432.353,4433.784,840,50,0
2026-08-31 16:50:00+00:00,4434.158,4437.714,4433.597,4434.387,785,50,0
2026-08-31 16:55:00+00:00,4434.238,4434.618,4432.269,4433.144,616,50,0
2026-08-31 17:00:00+00:00,4433.543,4434.812,4431.246,4432.504,841,50,0
2026-08-31 17:05:00+00:00,4432.566,4433.196,4430.7,4431.532,733,50,0
2026-08-31 17:10:00+00:00,4431.628,4435.42,4431.28,4433.975,645,50,0
2026-08-31 17:15:00+00:00,4433.916,4436.518,4432.901,4435.82,679,50,0
2026-08-31 17:20:00+00:00,4435.844,4437.368,4432.696,4432.696,745,50,0
2026-08-31 17:25:00+00:00,4432.963,4435.139,4428.614,4430.74,1157,50,0
2026-08-31 17:30:00+00:00,4430.619,4434.75,4429.862,4432.638,905,50,0
2026-08-31 17:35:00+00:00,4432.692,4435.524,4432.692,4433.417,750,50,0
2026-08-31 17:40:00+00:00,4433.286,4437.071,4432.894,4436.515,680,50,0
2026-08-31 17:45:00+00:00,4436.445,4440.101,4435.75,4438.876,769,50,0
2026-08-31 17:50:00+00:00,4439.026,4440.17,4437.207,4437.837,693,50,0
2026-08-31 17:55:00+00:00,4437.894,4438.214,4435.799,4436.636,547,50,0
2026-08-31 18:00:00+00:00,4436.565,4437.041,4430.537,4432.553,917,50,0
2026-08-31 18:05:00+00:00,4432.435,4433.034,4431.279,4431.513,588,50,0
2026-08-31 18:10:00+00:00,4431.536,4433.991,4430.404,4433.991,592,50,0
2026-08-31 18:15:00+00:00,4433.713,4434.742,4431.573,4432.206,566,50,0
2026-08-31 18:20:00+00:00,4432.13,4433.432,4431.814,4432.973,477,50,0
2026-08-31 18:25:00+00:00,4432.961,4433.097,4429.568,4429.87,666,50,0
2026-08-31 18:30:00+00:00,4429.782,4429.782,4426.217,4427.815,781,50,0
2026-08-31 18:35:00+00:00,4427.712,4428.847,4426.692,4428.219,668,50,0
2026-08-31 18:40:00+00:00,4428.278,4430.485,4427.52,4429.131,516,50,0
2026-08-31 18:45:00+00:00,4429.472,4433.011,4429.089,4432.801,480,50,0
2026-08-31 18:50:00+00:00,4432.838,4434.772,4432.385,4433.509,476,50,0
2026-08-31 18:55:00+00:00,4433.835,4434.055,4430.326,4430.817,463,50,0
2026-08-31 19:00:00+00:00,4430.885,4433.311,4429.187,4430.761,693,50,0
2026-08-31 19:05:00+00:00,4430.887,4434.727,4430.827,4434.727,453,50,0
2026-08-31 19:10:00+00:00,4434.78,4435.634,4432.732,4434.024,525,50,0
2026-08-31 19:15:00+00:00,4433.906,4434.319,4433.246,4433.889,372,50,0
2026-08-31 19:20:00+00:00,4433.681,4439.719,4432.933,4439.036,528,50,0
2026-08-31 19:25:00+00:00,4439.14,4442.588,4438.063,4440.337,765,50,0
2026-08-31 19:30:00+00:00,4440.491,4441.513,4439.418,4440.631,673,50,0
2026-08-31 19:35:00+00:00,4440.579,4445.459,4440.084,4443.161,830,50,0
2026-08-31 19:40:00+00:00,4443.218,4443.466,4438.957,4443.111,714,50,0
2026-08-31 19:45:00+00:00,4442.923,4449.265,4441.431,4448.934,946,50,0
2026-08-31 19:50:00+00:00,4448.718,4452.991,4447.319,4450.204,1348,50,0
2026-08-31 19:55:00+00:00,4450.148,4453.95,4447.788,4453.562,1428,50,0
2026-08-31 20:00:00+00:00,4453.356,4456.06,4452.625,4452.967,1118,50,0
2026-08-31 20:05:00+00:00,4453.07,4453.463,4451.413,4452.58,585,50,0
2026-08-31 20:10:00+00:00,4452.342,4453.11,4449.813,4450.385,414,50,0
2026-08-31 20:15:00+00:00,4450.252,4450.686,4448.864,4449.027,353,50,0
2026-08-31 20:20:00+00:00,4449.038,4449.284,4446.886,4447.752,325,50,0
2026-08-31 20:25:00+00:00,4448.044,4448.405,4446.849,4447.482,336,50,0
2026-08-31 20:30:00+00:00,4447.417,4448.913,4446.809,4448.282,320,50,0
2026-08-31 20:35:00+00:00,4448.347,4449.374,4447.839,4448.348,255,50,0
2026-08-31 20:40:00+00:00,4448.42,4448.955,4447.416,4448.452,280,50,0
2026-08-31 20:45:00+00:00,4448.395,4448.584,4446.882,4447.377,312,50,0
2026-08-31 20:50:00+00:00,4447.28,4448.499,4446.578,4448.499,330,50,0
2026-08-31 20:55:00+00:00,4448.527,4449.044,4447.744,4448.663,229,50,0
2026-08-31 22:00:00+00:00,4450.329,4454.802,4447.49,4454.421,420,50,0
2026-08-31 22:05:00+00:00,4454.421,4456.008,4452.141,4455.557,368,50,0
2026-08-31 22:10:00+00:00,4455.837,4455.999,4451.703,4451.929,433,50,0
2026-08-31 22:15:00+00:00,4451.856,4452.37,4450.232,4450.352,293,50,0
2026-08-31 22:20:00+00:00,4450.337,4450.345,4447.858,4448.091,264,50,0
2026-08-31 22:25:00+00:00,4448.145,4450.667,4447.709,4449.684,289,50,0
2026-08-31 22:30:00+00:00,4449.647,4451.155,4448.737,4450.44,308,50,0
2026-08-31 22:35:00+00:00,4450.108,4450.306,4448.201,4448.64,316,50,0
2026-08-31 22:40:00+00:00,4448.507,4448.977,4447.29,4447.76,230,50,0
2026-08-31 22:45:00+00:00,4447.756,4448.446,4445.97,4447.017,266,50,0
2026-08-31 22:50:00+00:00,4446.962,4447.724,4445.502,4446.018,290,50,0
2026-08-31 22:55:00+00:00,4446.05,4447.995,4445.857,4447.138,273,50,0
2026-08-31 23:00:00+00:00,4447.209,4447.396,4445.887,4446.279,347,50,0
2026-08-31 23:05:00+00:00,4445.96,4446.779,4445.72,4446.204,298,50,0
2026-08-31 23:10:00+00:00,4446.248,4446.831,4443.899,4444.282,297,50,0
2026-08-31 23:15:00+00:00,4444.264,4444.299,4443.02,4443.107,232,50,0
2026-08-31 23:20:00+00:00,4443.38,4443.627,4441.766,4443.331,277,50,0
2026-08-31 23:25:00+00:00,4443.331,4444.506,4442.782,4443.571,276,50,0
2026-08-31 23:30:00+00:00,4443.591,4448.162,4443.218,4445.599,383,50,0
2026-08-31 23:35:00+00:00,4445.865,4446.492,4444.428,4445.077,270,50,0
2026-08-31 23:40:00+00:00,4445.061,4446.777,4443.087,4445.882,347,50,0
2026-08-31 23:45:00+00:00,4445.552,4449.718,4445.552,4446.628,563,50,0
2026-08-31 23:50:00+00:00,4446.388,4451.691,4446.388,4450.676,471,50,0
2026-08-31 23:55:00+00:00,4450.653,4452.515,4448.625,4452.242,507,50,0
2026-09-01 00:00:00+00:00,4452.325,4454.434,4446.107,4454.088,1835,50,0
2026-09-01 00:05:00+00:00,4454.023,4456.264,4450.755,4455.309,1432,50,0
2026-09-01 00:10:00+00:00,4455.43,4458.219,4452.669,4455.382,1184,50,0
2026-09-01 00:15:00+00:00,4455.403,4458.403,4452.754,4457.463,1151,50,0
2026-09-01 00:20:00+00:00,4457.409,4461.724,4457.409,4458.022,942,50,0
2026-09-01 00:25:00+00:00,4457.875,4461.381,4457.007,4460.596,751,50,0
2026-09-01 00:30:00+00:00,4460.652,4461.083,4456.367,4457.566,684,50,0
2026-09-01 00:35:00+00:00,4457.475,4457.481,4453.425,4455.304,787,50,0
2026-09-01 00:40:00+00:00,4455.346,4456.712,4452.131,4453.493,818,50,0
2026-09-01 00:45:00+00:00,4453.247,4457.097,4452.225,4455.918,941,50,0
2026-09-01 00:50:00+00:00,4455.846,4461.583,4455.332,4457.384,1010,50,0
2026-09-01 00:55:00+00:00,4457.328,4457.41,4451.029,4453.593,1081,50,0
2026-09-01 01:00:00+00:00,4453.667,4457.344,4448.06,4450.076,3447,50,0
2026-09-01 01:05:00+00:00,4450.021,4450.831,4446.596,4447.268,1602,50,0
2026-09-01 01:10:00+00:00,4447.058,4449.135,4445.45,4446.697,1748,50,0
2026-09-01 01:15:00+00:00,4446.546,4448.007,4443.233,4443.544,1781,50,0
2026-09-01 01:20:00+00:00,4443.62,4445.042,4438.657,4440.501,1122,50,0
2026-09-01 01:25:00+00:00,4440.262,4440.853,4437.865,4440.009,1045,50,0
2026-09-01 01:30:00+00:00,4440.063,4443.22,4436.283,4442.754,1540,50,0
2026-09-01 01:35:00+00:00,4442.904,4445.787,4440.997,4444.022,1365,50,0
2026-09-01 01:40:00+00:00,4443.961,4445.736,4440.809,4445.666,1184,50,0
2026-09-01 01:45:00+00:00,4445.603,4446.624,4440.616,4441.336,1140,50,0
2026-09-01 01:50:00+00:00,4441.282,4443.39,4439.346,4441.649,1180,50,0
2026-09-01 01:55:00+00:00,4441.723,4444.672,4440.94,4444.355,1033,50,0
2026-09-01 02:00:00+00:00,4444.282,4447.2,4442.684,4446.926,1335,50,0
2026-09-01 02:05:00+00:00,4447.259,4448.647,4441.864,4442.164,1332,50,0
2026-09-01 02:10:00+00:00,4442.098,4449.356,4442.045,4445.161,1284,50,0
2026-09-01 02:15:00+00:00,4444.943,4446.91,4444.692,4446.632,664,50,0
2026-09-01 02:20:00+00:00,4446.689,4448.52,4442.544,4443.251,735,50,0
2026-09-01 02:25:00+00:00,4443.19,4443.684,4440.364,4440.825,795,50,0
2026-09-01 02:30:00+00:00,4440.744,4441.15,4435.147,4437.937,1716,50,0
2026-09-01 02:35:00+00:00,4437.818,4437.818,4432.253,4433.847,1468,50,0
2026-09-01 02:40:00+00:00,4433.519,4437.149,4431.637,4432.065,1009,50,0
2026-09-01 02:45:00+00:00,4432.008,4436.365,4427.869,4435.245,1188,50,0
2026-09-01 02:50:00+00:00,4435.299,4440.312,4434.431,4439.279,938,50,0
2026-09-01 02:55:00+00:00,4439.335,4443.374,4438.522,4443.042,771,50,0
2026-09-01 03:00:00+00:00,4442.977,4444.35,4439.658,4440.901,1146,50,0
2026-09-01 03:05:00+00:00,4440.889,4442.54,4439.501,4440.709,771,50,0
2026-09-01 03:10:00+00:00,4440.923,4442.129,4438.637,4439.692,821,50,0
2026-09-01 03:15:00+00:00,4439.723,4440.505,4436.449,4436.952,699,50,0
2026-09-01 03:20:00+00:00,4437.015,4437.127,4432.437,4433.051,834,50,0
2026-09-01 03:25:00+00:00,4433.032,4436.378,4431.74,4434.237,684,50,0
2026-09-01 03:30:00+00:00,4434.281,4436.937,4433.501,4436.494,678,50,0
2026-09-01 03:35:00+00:00,4436.135,4437.884,4433.315,4437.724,744,50,0
2026-09-01 03:40:00+00:00,4437.609,4438.898,4437.097,4438.499,629,50,0
2026-09-01 03:45:00+00:00,4438.436,4443.289,4438.371,4441.32,570,50,0
2026-09-01 03:50:00+00:00,4441.261,4443.482,4440.904,4441.835,508,50,0
2026-09-01 03:55:00+00:00,4441.712,4441.712,4436.798,4436.87,515,50,0
2026-09-01 04:00:00+00:00,4436.542,4437.887,4435.548,4437.179,598,50,0
2026-09-01 04:05:00+00:00,4437.161,4437.64,4431.743,4432.306,691,50,0
2026-09-01 04:10:00+00:00,4432.18,4432.547,4430.15,4431.15,721,50,0
2026-09-01 04:15:00+00:00,4431.373,4433.905,4429.684,4430.474,736,50,0
2026-09-01 04:20:00+00:00,4430.479,4432.692,4429.795,4432.046,419,50,0
2026-09-01 04:25:00+00:00,4432.334,4433.402,4429.558,4429.826,512,50,0
2026-09-01 04:30:00+00:00,4429.808,4430.483,4428.555,4430.036,599,50,0
2026-09-01 04:35:00+00:00,4430.33,4430.749,4428.999,4429.865,538,50,0
2026-09-01 04:40:00+00:00,4429.694,4430.287,4426.607,4427.974,729,50,0
2026-09-01 04:45:00+00:00,4428.006,4429.642,4425.508,4427.308,829,50,0
2026-09-01 04:50:00+00:00,4427.017,4429.592,4425.378,4429.068,711,50,0
2026-09-01 04:55:00+00:00,4429.342,4429.389,4425.417,4426.796,619,50,0
2026-09-01 05:00:00+00:00,4426.928,4431.474,4426.144,4431.001,748,50,0
2026-09-01 05:05:00+00:00,4430.998,4432.495,4430.12,4430.755,530,50,0
2026-09-01 05:10:00+00:00,4430.808,4431.646,4428.935,4429.602,615,50,0
2026-09-01 05:15:00+00:00,4429.496,4430.716,4425.29,4426.096,669,50,0
2026-09-01 05:20:00+00:00,4426.151,4428.086,4426.038,4427.399,638,50,0
2026-09-01 05:25:00+00:00,4427.148,4428.365,4425.981,4426.987,663,50,0
2026-09-01 05:30:00+00:00,4426.702,4435.505,4423.933,4435.135,2026,50,0
2026-09-01 05:35:00+00:00,4435.041,4443.129,4433.412,4439.301,1458,50,0
2026-09-01 05:40:00+00:00,4439.425,4443.516,4438.199,4442.659,1307,50,0
2026-09-01 05:45:00+00:00,4442.726,4445.963,4441.223,4445.43,1336,50,0
2026-09-01 05:50:00+00:00,4445.371,4445.371,4441.273,4443.281,1003,50,0
2026-09-01 05:55:00+00:00,4443.128,4446.129,4440.14,4440.412,902,50,0
2026-09-01 06:00:00+00:00,4440.352,4440.823,4435.548,4436.613,1292,50,0
2026-09-01 06:05:00+00:00,4436.667,4438.733,4435.281,4435.692,1006,50,0
2026-09-01 06:10:00+00:00,4435.692,4436.734,4431.676,4433.124,1082,50,0
2026-09-01 06:15:00+00:00,4432.784,4435.26,4432.631,4434.154,859,50,0
2026-09-01 06:20:00+00:00,4433.982,4434.859,4431.013,4433.127,803,50,0
2026-09-01 06:25:00+00:00,4433.253,4433.628,4427.657,4429.303,861,50,0
2026-09-01 06:30:00+00:00,4429.245,4430.643,4428.619,4429.617,875,50,0
2026-09-01 06:35:00+00:00,4429.649,4434.135,4429.61,4433.32,654,50,0
2026-09-01 06:40:00+00:00,4433.303,4435.445,4432.709,4435.028,721,50,0
2026-09-01 06:45:00+00:00,4434.799,4435.368,4429.379,4429.998,722,50,0
2026-09-01 06:50:00+00:00,4430.298,4430.571,4428.291,4430.1,725,50,0
2026-09-01 06:55:00+00:00,4430.239,4431.239,4429.451,4429.915,521,50,0
2026-09-01 07:00:00+00:00,4429.86,4435.034,4429.391,4434.073,1298,50,0
2026-09-01 07:05:00+00:00,4434.127,4434.292,4429.862,4430.82,976,50,0
2026-09-01 07:10:00+00:00,4430.611,4433.492,4429.593,4433.172,963,50,0
2026-09-01 07:15:00+00:00,4433.115,4433.649,4428.66,4429.659,941,50,0
2026-09-01 07:20:00+00:00,4429.673,4432.648,4426.55,4427.096,1088,50,0
2026-09-01 07:25:00+00:00,4427.042,4429.875,4426.03,4426.469,1126,50,0
2026-09-01 07:30:00+00:00,4426.326,4428.317,4419.056,4425.574,1430,50,0
2026-09-01 07:35:00+00:00,4425.429,4426.012,4413.115,4413.115,1529,50,0
2026-09-01 07:40:00+00:00,4413.037,4421.917,4412.093,4418.399,1360,50,0
2026-09-01 07:45:00+00:00,4418.453,4422.716,4416.939,4422.554,1296,50,0
2026-09-01 07:50:00+00:00,4422.171,4423.27,4418.671,4419.519,1065,50,0
2026-09-01 07:55:00+00:00,4419.542,4422.223,4417.173,4420.335,1002,50,0
2026-09-01 08:00:00+00:00,4420.069,4420.069,4410.331,4411.426,1341,50,0
2026-09-01 08:05:00+00:00,4411.386,4419.001,4393.516,4396.19,4078,50,0
2026-09-01 08:10:00+00:00,4396.247,4406.61,4389.29,4405.491,3460,50,0
2026-09-01 08:15:00+00:00,4405.437,4405.877,4394.678,4395.372,2095,50,0
2026-09-01 08:20:00+00:00,4395.271,4398.529,4383.976,4385.343,2584,50,0
2026-09-01 08:25:00+00:00,4385.409,4387.885,4381.711,4383.303,2486,50,0
2026-09-01 08:30:00+00:00,4383.162,4384.1,4372.683,4374.943,2976,50,0
2026-09-01 08:35:00+00:00,4374.996,4377.273,4369.9,4374.645,2938,50,0
2026-09-01 08:40:00+00:00,4374.816,4381.093,4370.404,4375.61,2336,50,0
2026-09-01 08:45:00+00:00,4375.66,4378.685,4369.154,4377.136,2293,50,0
2026-09-01 08:50:00+00:00,4377.08,4378.141,4372.786,4376.801,1971,50,0
2026-09-01 08:55:00+00:00,4376.747,4378.094,4370.155,4371.005,1627,50,0
2026-09-01 09:00:00+00:00,4370.68,4375.65,4366.462,4374.247,1621,50,0
2026-09-01 09:05:00+00:00,4374.514,4375.262,4367.539,4370.144,2329,50,0
2026-09-01 09:10:00+00:00,4370.107,4376.285,4369.159,4376.004,1772,50,0
2026-09-01 09:15:00+00:00,4375.95,4378.294,4374.618,4376.077,1742,50,0
2026-09-01 09:20:00+00:00,4376.18,4378.091,4374.333,4375.251,1371,50,0
2026-09-01 09:25:00+00:00,4375.307,4375.555,4370.576,4372.876,1645,50,0
2026-09-01 09:30:00+00:00,4373.084,4373.335,4366.713,4371.04,1978,50,0
2026-09-01 09:35:00+00:00,4370.75,4371.312,4365.505,4368.298,1528,50,0
2026-09-01 09:40:00+00:00,4368.352,4371.899,4365.975,4371.841,1305,50,0
2026-09-01 09:45:00+00:00,4371.511,4373.593,4369.457,4369.657,1293,50,0
2026-09-01 09:50:00+00:00,4369.586,4371.794,4368.696,4370.418,989,50,0
2026-09-01 09:55:00+00:00,4370.716,4373.52,4364.613,4364.868,1157,50,0
2026-09-01 10:00:00+00:00,4364.767,4370.902,4364.273,4368.847,1217,50,0
2026-09-01 10:05:00+00:00,4368.636,4374.964,4367.682,4373.096,1178,50,0
2026-09-01 10:10:00+00:00,4373.075,4382.127,4373.022,4378.411,1150,50,0
2026-09-01 10:15:00+00:00,4378.261,4383.427,4378.083,4380.965,1020,50,0
2026-09-01 10:20:00+00:00,4380.924,4385.359,4380.288,4384.407,1066,50,0
2026-09-01 10:25:00+00:00,4384.365,4385.806,4383.115,4384.935,843,50,0
2026-09-01 10:30:00+00:00,4384.988,4385.916,4381.632,4383.685,911,50,0
2026-09-01 10:35:00+00:00,4383.682,4385.777,4383.018,4384.111,774,50,0
2026-09-01 10:40:00+00:00,4384.231,4386.204,4381.536,4381.755,789,50,0
2026-09-01 10:45:00+00:00,4381.54,4381.903,4377.226,4378.033,1449,50,0
2026-09-01 10:50:00+00:00,4378.097,4378.969,4375.169,4375.958,1084,50,0
2026-09-01 10:55:00+00:00,4376.119,4380.314,4375.51,4378.331,945,50,0
2026-09-01 11:00:00+00:00,4378.385,4380.747,4375.975,4380.225,1314,50,0
2026-09-01 11:05:00+00:00,4380.173,4382.943,4376.746,4382.053,1149,50,0
2026-09-01 11:10:00+00:00,4382.029,4383.348,4376.469,4377.453,1011,50,0
2026-09-01 11:15:00+00:00,4377.119,4377.651,4374.873,4376.329,904,50,0
2026-09-01 11:20:00+00:00,4376.393,4381.75,4375.717,4378.056,1223,50,0
2026-09-01 11:25:00+00:00,4377.961,4382.11,4376.626,4380.715,1042,50,0
2026-09-01 11:30:00+00:00,4380.641,4382.36,4378.185,4380.704,912,50,0
2026-09-01 11:35:00+00:00,4380.668,4384.321,4378.906,4383.654,902,50,0
2026-09-01 11:40:00+00:00,4383.6,4385.022,4382.628,4384.072,721,50,0
2026-09-01 11:45:00+00:00,4384.257,4387.471,4383.567,4385.05,899,50,0
2026-09-01 11:50:00+00:00,4385.115,4386.841,4378.798,4379.226,881,50,0
2026-09-01 11:55:00+00:00,4379.169,4379.169,4371.976,4374.556,1186,50,0
2026-09-01 12:00:00+00:00,4374.23,4374.876,4369.658,4371.975,1644,50,0
2026-09-01 12:05:00+00:00,4371.949,4373.075,4370.068,4370.86,1421,50,0
2026-09-01 12:10:00+00:00,4370.922,4372.476,4366.857,4371.093,1612,50,0
2026-09-01 12:15:00+00:00,4371.037,4375.612,4369.696,4371.226,1637,50,0
2026-09-01 12:20:00+00:00,4371.279,4372.037,4365.913,4368.044,2302,50,0
2026-09-01 12:25:00+00:00,4367.964,4376.321,4367.737,4368.761,1888,50,0
2026-09-01 12:30:00+00:00,4368.7,4369.216,4358.931,4359.107,2139,50,0
2026-09-01 12:35:00+00:00,4359.04,4361.033,4351.909,4357.687,2758,50,0
2026-09-01 12:40:00+00:00,4357.631,4364.994,4355.28,4364.803,2223,50,0
2026-09-01 12:45:00+00:00,4364.742,4370.165,4362.92,4364.418,1933,50,0
2026-09-01 12:50:00+00:00,4364.425,4365.503,4361.916,4363.082,1543,50,0
2026-09-01 12:55:00+00:00,4363.14,4363.422,4356.234,4356.416,1735,50,0
2026-09-01 13:00:00+00:00,4356.363,4358.013,4336.981,4339.67,5090,50,0
2026-09-01 13:05:00+00:00,4339.604,4343.038,4329.743,4332.173,4131,50,0
2026-09-01 13:10:00+00:00,4332.227,4335.528,4326.124,4329.672,3246,50,0
2026-09-01 13:15:00+00:00,4329.726,4334.194,4326.351,4333.822,2719,50,0
2026-09-01 13:20:00+00:00,4334.169,4337.429,4331.464,4335.894,2105,50,0
2026-09-01 13:25:00+00:00,4336.113,4344.767,4335.025,4343.179,2213,50,0
2026-09-01 13:30:00+00:00,4343.124,4354.818,4341.169,4353.036,4409,50,0
2026-09-01 13:35:00+00:00,4352.917,4357.034,4346.717,4352.903,3717,50,0
2026-09-01 13:40:00+00:00,4352.958,4362.455,4351.275,4361.653,2573,50,0
2026-09-01 13:45:00+00:00,4361.707,4362.373,4354.267,4361.242,2191,50,0
2026-09-01 13:50:00+00:00,4361.037,4364.957,4356.671,4357.93,2906,50,0
2026-09-01 13:55:00+00:00,4357.983,4367.645,4357.927,4365.65,2352,50,0
2026-09-01 14:00:00+00:00,4365.609,4370.726,4353.342,4353.643,2446,50,0
2026-09-01 14:05:00+00:00,4353.316,4369.841,4353.218,4366.231,3081,50,0
2026-09-01 14:10:00+00:00,4366.17,4370.442,4362.199,4370.186,2667,50,0
2026-09-01 14:15:00+00:00,4370.266,4374.763,4368.837,4371.315,2640,50,0
2026-09-01 14:20:00+00:00,4371.258,4375.781,4370.9,4373.789,1980,50,0
2026-09-01 14:25:00+00:00,4373.748,4374.458,4365.761,4365.9,1652,50,0
2026-09-01 14:30:00+00:00,4365.961,4372.168,4365.707,4372.168,1875,50,0
2026-09-01 14:35:00+00:00,4372.007,4373.255,4365.228,4365.924,2030,50,0
2026-09-01 14:40:00+00:00,4365.981,4367.895,4364.26,4367.211,1791,50,0
2026-09-01 14:45:00+00:00,4366.879,4370.291,4360.514,4361.715,2109,50,0
2026-09-01 14:50:00+00:00,4361.797,4368.101,4358.919,4360.219,1996,50,0
2026-09-01 14:55:00+00:00,4360.285,4360.782,4356.892,4360.384,1445,50,0
2026-09-01 15:00:00+00:00,4360.736,4363.013,4355.102,4357.51,1912,50,0
2026-09-01 15:05:00+00:00,4357.458,4360.678,4356.344,4360.081,1629,50,0
2026-09-01 15:10:00+00:00,4360.079,4362.983,4356.565,4357.42,1651,50,0
2026-09-01 15:15:00+00:00,4357.498,4364.07,4356.155,4363.356,1793,50,0
2026-09-01 15:20:00+00:00,4363.303,4365.478,4361.67,4362.061,1262,50,0
2026-09-01 15:25:00+00:00,4362.259,4366.209,4358.795,4365.766,1369,50,0
2026-09-01 15:30:00+00:00,4365.711,4367.056,4362.621,4362.984,1739,50,0
2026-09-01 15:35:00+00:00,4362.902,4366.745,4361.524,4364.024,1456,50,0
2026-09-01 15:40:00+00:00,4364.39,4370.956,4364.078,4370.734,1339,50,0
2026-09-01 15:45:00+00:00,4370.68,4371.707,4368.542,4371.025,1081,50,0
2026-09-01 15:50:00+00:00,4371.142,4373.205,4369.503,4372.818,1030,50,0
2026-09-01 15:55:00+00:00,4372.755,4374.078,4370.411,4373.136,880,50,0
2026-09-01 16:00:00+00:00,4373.202,4375.018,4371.511,4371.902,1238,50,0
2026-09-01 16:05:00+00:00,4371.889,4373.377,4367.82,4368.021,1093,50,0
2026-09-01 16:10:00+00:00,4368.015,4368.695,4362.504,4362.619,1332,50,0
2026-09-01 16:15:00+00:00,4362.558,4365.795,4358.616,4358.932,1898,50,0
2026-09-01 16:20:00+00:00,4359.086,4359.086,4355.73,4357.944,2108,50,0
2026-09-01 16:25:00+00:00,4357.882,4359.066,4352.52,4352.626,2007,50,0
2026-09-01 16:30:00+00:00,4352.833,4353.402,4347.198,4348.977,2253,50,0
2026-09-01 16:35:00+00:00,4349.043,4355.533,4347.114,4355.088,1990,50,0
2026-09-01 16:40:00+00:00,4355.03,4357.789,4352.334,4354.769,1671,50,0
2026-09-01 16:45:00+00:00,4354.652,4359.301,4354.536,4357.19,1458,50,0
2026-09-01 16:50:00+00:00,4357.137,4358.32,4353.627,4355.109,1340,50,0
2026-09-01 16:55:00+00:00,4355.093,4356.428,4351.134,4351.278,1027,50,0
2026-09-01 17:00:00+00:00,4351.336,4352.154,4346.804,4346.804,1386,50,0
2026-09-01 17:05:00+00:00,4346.749,4347.987,4344.478,4346.294,1194,50,0
2026-09-01 17:10:00+00:00,4346.35,4347.778,4344.318,4346.338,1087,50,0
2026-09-01 17:15:00+00:00,4346.583,4348.727,4344.205,4346.739,1288,50,0
2026-09-01 17:20:00+00:00,4346.539,4348.14,4345.026,4347.354,1166,50,0
2026-09-01 17:25:00+00:00,4347.568,4350.295,4342.383,4350.194,2321,50,0
2026-09-01 17:30:00+00:00,4350.134,4352.105,4347.2,4347.56,1537,50,0
2026-09-01 17:35:00+00:00,4347.783,4350.946,4345.597,4345.763,1294,50,0
2026-09-01 17:40:00+00:00,4345.849,4347.12,4342.658,4343.868,1103,50,0
2026-09-01 17:45:00+00:00,4343.907,4344.474,4340.934,4342.803,810,40,0
2026-09-01 17:50:00+00:00,4342.824,4344.727,4341.284,4343.527,763,50,0
2026-09-01 17:55:00+00:00,4343.579,4344.288,4341.934,4342.913,776,40,0
2026-09-01 18:00:00+00:00,4343.156,4344.592,4338.169,4339.062,1166,40,0
2026-09-01 18:05:00+00:00,4338.844,4340.531,4336.493,4336.493,855,40,0
2026-09-01 18:10:00+00:00,4336.763,4337.615,4334.36,4336.411,901,40,0
2026-09-01 18:15:00+00:00,4336.69,4341.049,4335.625,4340.64,951,40,0
2026-09-01 18:20:00+00:00,4340.518,4341.962,4339.658,4341.486,792,50,0
2026-09-01 18:25:00+00:00,4341.433,4341.433,4337.09,4337.475,757,40,0
2026-09-01 18:30:00+00:00,4337.532,4337.592,4332.904,4334.065,957,40,0
2026-09-01 18:35:00+00:00,4334.092,4334.502,4328.864,4329.945,1039,50,0
2026-09-01 18:40:00+00:00,4329.998,4331.106,4328.291,4329.889,841,40,0
2026-09-01 18:45:00+00:00,4329.773,4331.748,4328.241,4331.59,889,40,0
2026-09-01 18:50:00+00:00,4331.924,4334.459,4329.193,4329.533,927,40,0
2026-09-01 18:55:00+00:00,4329.476,4333.666,4328.135,4331.621,859,40,0
2026-09-01 19:00:00+00:00,4331.562,4332.712,4329.006,4332.053,1199,40,0
2026-09-01 19:05:00+00:00,4331.769,4333.927,4329.763,4331.629,990,40,0
2026-09-01 19:10:00+00:00,4331.641,4337.482,4330.922,4337.482,884,40,0
2026-09-01 19:15:00+00:00,4337.22,4337.81,4334.424,4335.208,752,40,0
2026-09-01 19:20:00+00:00,4335.078,4335.842,4333.464,4333.92,731,40,0
2026-09-01 19:25:00+00:00,4333.917,4335.621,4333.917,4334.654,682,40,0
2026-09-01 19:30:00+00:00,4334.708,4334.936,4328.472,4330.153,842,40,0
2026-09-01 19:35:00+00:00,4329.9,4330.757,4322.777,4323.192,894,40,0
2026-09-01 19:40:00+00:00,4323.245,4328.225,4322.802,4326.593,876,50,0
2026-09-01 19:45:00+00:00,4326.666,4329.69,4323.548,4327.492,1051,50,0
2026-09-01 19:50:00+00:00,4327.44,4330.374,4326.343,4327.933,951,50,0
2026-09-01 19:55:00+00:00,4327.831,4329.75,4324.279,4326.978,1045,50,0
2026-09-01 20:00:00+00:00,4327.052,4329.462,4323.873,4328.016,1081,50,0
2026-09-01 20:05:00+00:00,4328.219,4330.875,4327.691,4329.371,670,50,0
2026-09-01 20:10:00+00:00,4329.331,4329.539,4325.581,4325.841,463,50,0
2026-09-01 20:15:00+00:00,4325.904,4328.393,4324.784,4327.701,506,50,0
2026-09-01 20:20:00+00:00,4328.015,4328.712,4326.689,4327.83,399,50,0
2026-09-01 20:25:00+00:00,4327.863,4329.179,4325.402,4326.276,518,50,0
2026-09-01 20:30:00+00:00,4326.147,4327.408,4326.037,4326.109,322,50,0
2026-09-01 20:35:00+00:00,4325.963,4328.128,4325.182,4327.536,406,50,0
2026-09-01 20:40:00+00:00,4327.557,4330.803,4327.248,4327.692,631,50,0
2026-09-01 20:45:00+00:00,4327.786,4329.806,4326.788,4328.571,561,50,0
2026-09-01 20:50:00+00:00,4328.525,4329.258,4327.618,4328.798,546,50,0
2026-09-01 20:55:00+00:00,4328.929,4329.396,4328.274,4328.991,194,50,0
2026-09-01 22:00:00+00:00,4332.64,4334.683,4331.114,4331.115,282,50,0
2026-09-01 22:05:00+00:00,4331.115,4331.17,4328.816,4330.231,323,50,0
2026-09-01 22:10:00+00:00,4330.022,4330.377,4328.6,4329.377,318,50,0
2026-09-01 22:15:00+00:00,4329.377,4329.398,4327.382,4327.767,331,50,0
2026-09-01 22:20:00+00:00,4327.494,4328.738,4327.494,4328.212,246,50,0
2026-09-01 22:25:00+00:00,4328.214,4328.429,4327.282,4328.064,228,50,0
2026-09-01 22:30:00+00:00,4327.792,4328.8,4326.78,4327.499,249,50,0
2026-09-01 22:35:00+00:00,4327.552,4329.676,4327.242,4327.784,254,50,0
2026-09-01 22:40:00+00:00,4327.784,4328.793,4326.229,4328.034,258,50,0
2026-09-01 22:45:00+00:00,4328.256,4329.252,4327.549,4328.218,223,40,0
2026-09-01 22:50:00+00:00,4328.468,4331.308,4327.844,4329.594,376,40,0
2026-09-01 22:55:00+00:00,4329.597,4330.352,4329.107,4329.56,269,50,0
2026-09-01 23:00:00+00:00,4329.563,4329.964,4327.099,4329.587,432,40,0
2026-09-01 23:05:00+00:00,4329.785,4330.933,4328.492,4330.639,403,40,0
2026-09-01 23:10:00+00:00,4330.942,4332.599,4330.35,4330.817,312,40,0
2026-09-01 23:15:00+00:00,4330.419,4331.756,4329.401,4329.994,322,40,0
2026-09-01 23:20:00+00:00,4329.952,4331.116,4326.535,4327.54,390,50,0
2026-09-01 23:25:00+00:00,4327.529,4330.824,4326.024,4330.824,400,50,0
2026-09-01 23:30:00+00:00,4330.85,4333.26,4330.653,4333.021,370,50,0
2026-09-01 23:35:00+00:00,4333.324,4335.863,4331.759,4335.134,413,40,0
2026-09-01 23:40:00+00:00,4334.809,4335.846,4333.231,4334.081,434,40,0
2026-09-01 23:45:00+00:00,4333.88,4334.028,4331.074,4331.939,495,40,0
2026-09-01 23:50:00+00:00,4331.994,4332.807,4329.078,4329.142,461,40,0
2026-09-01 23:55:00+00:00,4329.083,4329.396,4322.858,4324.793,867,40,0
2026-09-02 00:00:00+00:00,4324.738,4330.379,4315.694,4329.607,2886,50,0
2026-09-02 00:05:00+00:00,4329.554,4330.646,4318.254,4323.031,2216,50,0
2026-09-02 00:10:00+00:00,4323.299,4328.332,4318.73,4328.318,1885,50,0
2026-09-02 00:15:00+00:00,4328.252,4334.604,4327.427,4327.593,1989,50,0
2026-09-02 00:20:00+00:00,4327.918,4334.104,4324.118,4329.88,2865,50,0
2026-09-02 00:25:00+00:00,4329.94,4330.797,4322.583,4326.143,1860,50,0
2026-09-02 00:30:00+00:00,4326.014,4326.05,4320.366,4322.729,1888,50,0
2026-09-02 00:35:00+00:00,4322.654,4330.055,4322.153,4327.0,1767,50,0
2026-09-02 00:40:00+00:00,4326.943,4331.678,4323.747,4330.04,1510,50,0
2026-09-02 00:45:00+00:00,4329.914,4331.246,4323.214,4323.782,1469,50,0
2026-09-02 00:50:00+00:00,4323.68,4323.68,4314.488,4314.702,1438,50,0
2026-09-02 00:55:00+00:00,4314.648,4320.114,4314.595,4315.94,2102,50,0
2026-09-02 01:00:00+00:00,4315.874,4322.887,4306.798,4312.145,6849,50,0
2026-09-02 01:05:00+00:00,4312.076,4312.494,4304.469,4308.922,3115,50,0
2026-09-02 01:10:00+00:00,4309.055,4321.021,4308.69,4317.474,2777,50,0
2026-09-02 01:15:00+00:00,4317.539,4326.853,4315.999,4320.608,2547,50,0
2026-09-02 01:20:00+00:00,4320.74,4323.376,4317.53,4321.915,2212,50,0
2026-09-02 01:25:00+00:00,4322.04,4324.698,4315.381,4317.483,1932,50,0
2026-09-02 01:30:00+00:00,4317.601,4318.572,4305.369,4309.47,2833,50,0
2026-09-02 01:35:00+00:00,4309.54,4310.327,4305.25,4307.928,1963,50,0
2026-09-02 01:40:00+00:00,4307.869,4311.264,4306.636,4309.519,1726,40,0
2026-09-02 01:45:00+00:00,4309.392,4310.085,4303.981,4306.195,1536,50,0
2026-09-02 01:50:00+00:00,4306.326,4306.452,4290.663,4297.735,2614,50,0
2026-09-02 01:55:00+00:00,4297.547,4300.051,4288.197,4291.261,2136,50,0
2026-09-02 02:00:00+00:00,4291.333,4296.857,4287.314,4295.615,2268,50,0
2026-09-02 02:05:00+00:00,4295.923,4302.261,4291.993,4292.913,1852,50,0
2026-09-02 02:10:00+00:00,4292.979,4296.868,4289.332,4296.197,1538,40,0
2026-09-02 02:15:00+00:00,4296.253,4301.289,4296.075,4300.517,1136,40,0
2026-09-02 02:20:00+00:00,4300.502,4306.803,4299.983,4303.418,1418,50,0
2026-09-02 02:25:00+00:00,4303.433,4306.148,4301.6,4304.644,1100,40,0
2026-09-02 02:30:00+00:00,4304.59,4309.083,4299.576,4307.836,2065,50,0
2026-09-02 02:35:00+00:00,4307.873,4314.717,4306.38,4312.079,1482,50,0
2026-09-02 02:40:00+00:00,4312.098,4313.923,4308.807,4309.552,1334,50,0
2026-09-02 02:45:00+00:00,4309.607,4311.402,4308.84,4310.63,910,40,0
2026-09-02 02:50:00+00:00,4310.695,4310.945,4305.583,4305.8,996,40,0
2026-09-02 02:55:00+00:00,4305.784,4306.477,4300.305,4302.811,1230,40,0
2026-09-02 03:00:00+00:00,4302.869,4304.447,4299.289,4301.375,1128,40,0
2026-09-02 03:05:00+00:00,4301.307,4301.307,4296.778,4299.393,1240,40,0
2026-09-02 03:10:00+00:00,4299.47,4301.81,4297.929,4300.916,1080,50,0
2026-09-02 03:15:00+00:00,4300.895,4302.572,4296.629,4297.722,1368,50,0
2026-09-02 03:20:00+00:00,4297.85,4297.889,4289.333,4293.629,1560,50,0
2026-09-02 03:25:00+00:00,4293.577,4298.986,4292.931,4293.765,1213,50,0
2026-09-02 03:30:00+00:00,4293.564,4294.004,4284.578,4285.26,1390,50,0
2026-09-02 03:35:00+00:00,4285.228,4291.902,4282.332,4291.41,1390,50,0
2026-09-02 03:40:00+00:00,4291.264,4291.609,4285.267,4288.61,1001,50,0
2026-09-02 03:45:00+00:00,4288.713,4299.768,4288.409,4298.996,988,50,0
2026-09-02 03:50:00+00:00,4299.054,4301.197,4296.487,4301.197,970,50,0
2026-09-02 03:55:00+00:00,4301.265,4303.977,4300.17,4303.232,678,40,0
2026-09-02 04:00:00+00:00,4303.295,4305.67,4302.272,4303.833,793,40,0
2026-09-02 04:05:00+00:00,4303.881,4306.95,4303.568,4304.874,680,50,0
2026-09-02 04:10:00+00:00,4304.93,4306.826,4303.654,4304.281,607,50,0
2026-09-02 04:15:00+00:00,4304.18,4305.654,4302.843,4303.333,742,50,0
2026-09-02 04:20:00+00:00,4303.333,4304.962,4301.307,4304.246,754,50,0
2026-09-02 04:25:00+00:00,4304.243,4304.985,4301.685,4303.043,609,40,0
2026-09-02 04:30:00+00:00,4302.913,4307.851,4302.433,4305.302,648,50,0
2026-09-02 04:35:00+00:00,4305.6,4306.752,4303.84,4304.808,520,50,0
2026-09-02 04:40:00+00:00,4304.518,4306.419,4302.775,4304.908,654,40,0
2026-09-02 04:45:00+00:00,4304.82,4306.772,4303.841,4305.48,675,40,0
2026-09-02 04:50:00+00:00,4305.757,4307.103,4304.991,4306.441,566,40,0
2026-09-02 04:55:00+00:00,4306.129,4307.823,4305.806,4307.286,467,40,0
2026-09-02 05:00:00+00:00,4307.342,4308.439,4305.706,4306.301,655,40,0
2026-09-02 05:05:00+00:00,4306.549,4306.549,4303.633,4304.553,691,40,0
2026-09-02 05:10:00+00:00,4304.681,4310.231,4304.642,4309.951,944,40,0
2026-09-02 05:15:00+00:00,4309.871,4314.053,4309.751,4311.05,990,50,0
2026-09-02 05:20:00+00:00,4311.066,4311.131,4306.798,4308.932,863,40,0
2026-09-02 05:25:00+00:00,4308.878,4314.126,4308.729,4313.001,896,40,0
2026-09-02 05:30:00+00:00,4313.069,4324.953,4313.069,4324.678,2895,50,0
2026-09-02 05:35:00+00:00,4324.351,4324.691,4317.896,4318.42,1511,50,0
2026-09-02 05:40:00+00:00,4318.401,4323.406,4317.269,4323.106,1297,50,0
2026-09-02 05:45:00+00:00,4323.163,4326.408,4322.564,4326.023,1152,50,0
2026-09-02 05:50:00+00:00,4325.696,4326.597,4319.355,4320.224,1073,50,0
2026-09-02 05:55:00+00:00,4320.253,4322.911,4319.216,4319.999,892,40,0
2026-09-02 06:00:00+00:00,4320.0,4322.608,4317.608,4318.177,1660,50,0
2026-09-02 06:05:00+00:00,4318.265,4324.498,4317.618,4324.44,1392,50,0
2026-09-02 06:10:00+00:00,4324.108,4329.437,4321.012,4326.799,1513,40,0
2026-09-02 06:15:00+00:00,4326.669,4328.712,4321.847,4326.004,1606,50,0
2026-09-02 06:20:00+00:00,4326.008,4327.04,4320.748,4326.621,1397,50,0
2026-09-02 06:25:00+00:00,4326.681,4327.781,4322.286,4322.909,1275,50,0
2026-09-02 06:30:00+00:00,4322.892,4324.148,4318.404,4319.984,1329,50,0
2026-09-02 06:35:00+00:00,4320.262,4324.866,4316.772,4324.705,1506,50,0
2026-09-02 06:40:00+00:00,4324.775,4326.526,4322.69,4324.133,1822,50,0
2026-09-02 06:45:00+00:00,4324.186,4325.13,4316.491,4316.81,1370,50,0
2026-09-02 06:50:00+00:00,4316.833,4317.59,4314.722,4316.405,1206,40,0
2026-09-02 06:55:00+00:00,4316.317,4321.941,4315.82,4321.659,1205,40,0
2026-09-02 07:00:00+00:00,4321.716,4324.482,4319.137,4321.37,1858,50,0
2026-09-02 07:05:00+00:00,4321.315,4327.089,4319.212,4326.308,1483,50,0
2026-09-02 07:10:00+00:00,4326.25,4331.192,4326.144,4326.909,1520,50,0
2026-09-02 07:15:00+00:00,4326.853,4328.828,4325.451,4328.341,1360,50,0
2026-09-02 07:20:00+00:00,4328.277,4329.501,4324.826,4328.208,1305,50,0
2026-09-02 07:25:00+00:00,4328.266,4329.086,4325.028,4326.64,1368,50,0
2026-09-02 07:30:00+00:00,4326.861,4330.242,4325.078,4327.484,1211,50,0
2026-09-02 07:35:00+00:00,4327.197,4331.558,4326.406,4326.674,1126,50,0
2026-09-02 07:40:00+00:00,4326.754,4327.504,4321.884,4322.847,1086,50,0
2026-09-02 07:45:00+00:00,4322.853,4325.226,4321.994,4322.412,1080,50,0
2026-09-02 07:50:00+00:00,4322.326,4323.665,4320.608,4322.483,928,40,0
2026-09-02 07:55:00+00:00,4322.421,4324.158,4320.824,4323.265,782,40,0
2026-09-02 08:00:00+00:00,4323.281,4327.673,4322.2,4327.161,1375,40,0
2026-09-02 08:05:00+00:00,4327.136,4330.271,4322.807,4329.772,1136,40,0
2026-09-02 08:10:00+00:00,4329.824,4331.607,4324.605,4325.452,1007,50,0
2026-09-02 08:15:00+00:00,4325.512,4327.755,4324.77,4325.607,982,40,0
2026-09-02 08:20:00+00:00,4325.669,4327.136,4324.259,4326.276,996,40,0
2026-09-02 08:25:00+00:00,4326.347,4326.347,4322.701,4323.327,945,40,0
2026-09-02 08:30:00+00:00,4323.271,4326.067,4321.074,4321.903,1061,50,0
2026-09-02 08:35:00+00:00,4321.841,4326.898,4319.321,4325.048,1001,40,0
2026-09-02 08:40:00+00:00,4325.057,4326.208,4320.285,4322.223,898,40,0
2026-09-02 08:45:00+00:00,4322.045,4322.775,4319.913,4321.811,863,40,0
2026-09-02 08:50:00+00:00,4321.869,4322.267,4313.17,4314.725,1117,40,0
2026-09-02 08:55:00+00:00,4314.784,4317.496,4312.588,4313.079,985,40,0
2026-09-02 09:00:00+00:00,4313.05,4316.736,4312.22,4315.782,1131,40,0
2026-09-02 09:05:00+00:00,4315.836,4322.484,4315.777,4318.643,948,40,0
2026-09-02 09:10:00+00:00,4318.806,4318.806,4313.714,4314.145,800,40,0
2026-09-02 09:15:00+00:00,4314.179,4315.552,4313.311,4314.69,797,40,0
2026-09-02 09:20:00+00:00,4314.628,4314.838,4308.857,4309.149,870,40,0
2026-09-02 09:25:00+00:00,4309.139,4309.376,4304.953,4309.005,1030,40,0
2026-09-02 09:30:00+00:00,4309.015,4310.688,4307.214,4309.805,1096,40,0
2026-09-02 09:35:00+00:00,4309.718,4311.182,4307.613,4308.897,858,40,0
2026-09-02 09:40:00+00:00,4309.213,4311.869,4308.825,4309.986,689,40,0
2026-09-02 09:45:00+00:00,4310.253,4311.603,4309.583,4310.315,738,40,0
2026-09-02 09:50:00+00:00,4310.199,4310.965,4307.946,4308.488,741,40,0
2026-09-02 09:55:00+00:00,4308.882,4310.502,4307.986,4308.578,791,40,0
2026-09-02 10:00:00+00:00,4308.73,4309.823,4304.364,4304.457,813,40,0
2026-09-02 10:05:00+00:00,4304.512,4305.951,4301.851,4302.998,918,40,0
2026-09-02 10:10:00+00:00,4303.328,4308.373,4302.291,4306.933,851,40,0
2026-09-02 10:15:00+00:00,4306.865,4309.924,4305.968,4308.488,785,40,0
2026-09-02 10:20:00+00:00,4308.372,4312.334,4308.372,4310.45,760,40,0
2026-09-02 10:25:00+00:00,4310.55,4312.412,4309.46,4309.985,734,40,0
2026-09-02 10:30:00+00:00,4309.835,4310.861,4307.467,4309.089,720,40,0
2026-09-02 10:35:00+00:00,4309.088,4309.91,4307.192,4308.681,731,40,0
2026-09-02 10:40:00+00:00,4308.624,4310.253,4307.716,4309.571,706,40,0
2026-09-02 10:45:00+00:00,4309.533,4310.674,4308.105,4310.596,649,40,0
2026-09-02 10:50:00+00:00,4310.263,4310.597,4305.075,4308.388,804,50,0
2026-09-02 10:55:00+00:00,4308.385,4309.814,4306.469,4309.507,752,40,0
2026-09-02 11:00:00+00:00,4309.447,4313.244,4307.694,4312.71,1014,50,0
2026-09-02 11:05:00+00:00,4312.658,4315.005,4308.018,4312.841,1065,50,0
2026-09-02 11:10:00+00:00,4312.954,4324.701,4311.188,4322.476,1912,50,0
2026-09-02 11:15:00+00:00,4322.418,4323.338,4315.626,4319.08,2084,50,0
2026-09-02 11:20:00+00:00,4318.991,4319.954,4316.125,4318.988,1044,50,0
2026-09-02 11:25:00+00:00,4318.993,4323.144,4316.858,4321.752,1118,50,0
2026-09-02 11:30:00+00:00,4321.694,4330.342,4321.538,4330.029,1036,50,0
2026-09-02 11:35:00+00:00,4329.977,4332.994,4328.803,4332.225,1278,50,0
2026-09-02 11:40:00+00:00,4332.484,4333.063,4323.998,4324.8,1204,50,0
2026-09-02 11:45:00+00:00,4324.925,4327.556,4323.455,4326.041,1014,50,0
2026-09-02 11:50:00+00:00,4325.82,4331.358,4323.367,4330.332,1054,40,0
2026-09-02 11:55:00+00:00,4330.278,4333.112,4329.353,4332.23,999,40,0
2026-09-02 12:00:00+00:00,4332.333,4335.992,4328.928,4334.762,1765,50,0
2026-09-02 12:05:00+00:00,4334.618,4336.445,4330.545,4333.831,1467,50,0
2026-09-02 12:10:00+00:00,4333.885,4334.694,4329.526,4333.188,1183,50,0
2026-09-02 12:15:00+00:00,4333.031,4335.241,4330.39,4331.272,1145,50,0
2026-09-02 12:20:00+00:00,4331.474,4344.733,4329.801,4338.806,5190,50,0
2026-09-02 12:25:00+00:00,4338.712,4342.708,4333.997,4336.461,1703,50,0
2026-09-02 12:30:00+00:00,4336.523,4337.819,4329.427,4330.202,1511,50,0
2026-09-02 12:35:00+00:00,4330.27,4333.568,4327.274,4333.325,1185,50,0
2026-09-02 12:40:00+00:00,4333.405,4335.159,4331.737,4334.191,1207,50,0
2026-09-02 12:45:00+00:00,4334.138,4339.365,4331.655,4339.365,1292,50,0
2026-09-02 12:50:00+00:00,4339.329,4339.329,4332.496,4334.514,1187,40,0
2026-09-02 12:55:00+00:00,4334.571,4335.007,4330.418,4331.563,1517,40,0
2026-09-02 13:00:00+00:00,4331.234,4341.695,4330.66,4338.85,2839,50,0
2026-09-02 13:05:00+00:00,4338.797,4344.485,4338.53,4342.047,1735,50,0
2026-09-02 13:10:00+00:00,4342.093,4344.743,4337.716,4339.66,1527,50,0
2026-09-02 13:15:00+00:00,4339.565,4344.439,4336.73,4342.602,1467,50,0
2026-09-02 13:20:00+00:00,4342.485,4348.471,4342.023,4347.901,1600,50,0
2026-09-02 13:25:00+00:00,4347.84,4358.814,4347.458,4358.642,3728,50,0
2026-09-02 13:30:00+00:00,4358.434,4367.589,4357.146,4364.809,4050,50,0
2026-09-02 13:35:00+00:00,4364.862,4368.777,4362.4,4367.076,3488,50,0
2026-09-02 13:40:00+00:00,4367.137,4379.589,4364.497,4378.202,3205,50,0
2026-09-02 13:45:00+00:00,4377.997,4379.63,4368.322,4368.615,2082,50,0
2026-09-02 13:50:00+00:00,4368.671,4378.347,4367.953,4376.681,2785,50,0
2026-09-02 13:55:00+00:00,4376.832,4385.519,4371.987,4385.519,2342,50,0
2026-09-02 14:00:00+00:00,4385.56,4385.99,4378.769,4384.429,2349,50,0
2026-09-02 14:05:00+00:00,4384.519,4396.889,4383.852,4390.914,3342,50,0
2026-09-02 14:10:00+00:00,4391.122,4397.816,4387.192,4388.028,2753,50,0
2026-09-02 14:15:00+00:00,4388.121,4392.82,4384.817,4392.115,2615,50,0
2026-09-02 14:20:00+00:00,4392.189,4397.469,4386.894,4387.34,2468,50,0
2026-09-02 14:25:00+00:00,4387.451,4390.555,4385.313,4387.754,1905,50,0
2026-09-02 14:30:00+00:00,4387.456,4388.199,4382.769,4386.615,1662,50,0
2026-09-02 14:35:00+00:00,4386.677,4387.901,4382.059,4382.92,1809,50,0
2026-09-02 14:40:00+00:00,4382.747,4386.43,4381.216,4385.478,1996,50,0
2026-09-02 14:45:00+00:00,4385.359,4387.092,4378.873,4381.249,1603,50,0
2026-09-02 14:50:00+00:00,4381.241,4382.67,4375.975,4376.902,1469,50,0
2026-09-02 14:55:00+00:00,4376.85,4378.762,4374.467,4376.947,1126,50,0
2026-09-02 15:00:00+00:00,4377.167,4381.064,4374.078,4377.94,1640,50,0
2026-09-02 15:05:00+00:00,4377.888,4380.866,4373.728,4376.393,1499,50,0
2026-09-02 15:10:00+00:00,4376.516,4378.33,4372.578,4372.994,1322,50,0
2026-09-02 15:15:00+00:00,4372.919,4372.919,4368.883,4370.127,1260,50,0
2026-09-02 15:20:00+00:00,4370.113,4371.748,4365.587,4370.318,1374,50,0
2026-09-02 15:25:00+00:00,4370.114,4373.142,4367.362,4372.589,1452,50,0
2026-09-02 15:30:00+00:00,4372.65,4375.121,4370.987,4371.526,1327,50,0
2026-09-02 15:35:00+00:00,4371.314,4372.801,4367.479,4370.65,1212,50,0
2026-09-02 15:40:00+00:00,4370.35,4372.356,4366.04,4366.411,1096,50,0
2026-09-02 15:45:00+00:00,4366.354,4369.795,4364.537,4368.069,1112,50,0
2026-09-02 15:50:00+00:00,4368.126,4369.969,4367.147,4368.77,937,50,0
2026-09-02 15:55:00+00:00,4368.595,4374.047,4368.024,4373.055,910,50,0
2026-09-02 16:00:00+00:00,4373.0,4374.987,4371.242,4373.124,1092,50,0
2026-09-02 16:05:00+00:00,4373.166,4373.337,4368.913,4370.463,1075,50,0
2026-09-02 16:10:00+00:00,4370.408,4373.355,4370.228,4372.65,783,50,0
2026-09-02 16:15:00+00:00,4372.593,4372.593,4367.985,4370.087,932,50,0
2026-09-02 16:20:00+00:00,4370.15,4371.142,4368.752,4369.493,762,50,0
2026-09-02 16:25:00+00:00,4369.59,4370.36,4367.558,4368.619,746,50,0
2026-09-02 16:30:00+00:00,4368.648,4370.692,4367.125,4367.439,942,50,0
2026-09-02 16:35:00+00:00,4367.492,4369.041,4366.127,4368.496,832,50,0
2026-09-02 16:40:00+00:00,4368.691,4368.746,4364.41,4365.129,772,50,0
2026-09-02 16:45:00+00:00,4365.072,4366.695,4364.666,4365.882,679,50,0
2026-09-02 16:50:00+00:00,4366.14,4370.792,4364.633,4369.916,769,50,0
2026-09-02 16:55:00+00:00,4370.111,4370.535,4367.952,4368.552,597,50,0
2026-09-02 17:00:00+00:00,4368.39,4370.728,4367.756,4370.728,710,50,0
2026-09-02 17:05:00+00:00,4370.792,4371.361,4369.057,4370.25,653,50,0
2026-09-02 17:10:00+00:00,4369.941,4370.748,4367.454,4369.026,648,50,0
2026-09-02 17:15:00+00:00,4368.955,4369.113,4364.513,4365.319,683,50,0
2026-09-02 17:20:00+00:00,4365.197,4367.529,4364.799,4366.953,687,50,0
2026-09-02 17:25:00+00:00,4367.009,4370.125,4366.82,4370.125,821,50,0
2026-09-02 17:30:00+00:00,4370.006,4371.804,4368.021,4368.285,659,50,0
2026-09-02 17:35:00+00:00,4368.252,4369.725,4366.598,4366.805,563,50,0
2026-09-02 17:40:00+00:00,4366.768,4377.795,4366.56,4376.739,1354,50,0
2026-09-02 17:45:00+00:00,4376.409,4380.948,4375.346,4375.944,1537,50,0
2026-09-02 17:50:00+00:00,4376.264,4377.766,4375.342,4376.425,631,50,0
2026-09-02 17:55:00+00:00,4376.373,4378.583,4375.714,4376.884,496,50,0
2026-09-02 18:00:00+00:00,4377.006,4377.829,4372.218,4375.016,841,50,0
2026-09-02 18:05:00+00:00,4374.984,4375.946,4373.344,4373.735,686,50,0
2026-09-02 18:10:00+00:00,4373.778,4374.204,4370.132,4370.433,632,50,0
2026-09-02 18:15:00+00:00,4370.378,4379.837,4369.263,4377.486,1458,50,0
2026-09-02 18:20:00+00:00,4377.456,4379.963,4372.159,4373.412,1335,50,0
2026-09-02 18:25:00+00:00,4373.356,4374.051,4371.92,4373.057,695,50,0
2026-09-02 18:30:00+00:00,4373.271,4378.201,4372.67,4376.76,658,50,0
2026-09-02 18:35:00+00:00,4376.886,4378.043,4375.223,4376.176,585,50,0
2026-09-02 18:40:00+00:00,4376.381,4376.734,4372.664,4373.284,470,50,0
2026-09-02 18:45:00+00:00,4373.229,4374.647,4372.422,4374.145,498,50,0
2026-09-02 18:50:00+00:00,4374.134,4376.061,4373.686,4374.981,541,50,0
2026-09-02 18:55:00+00:00,4375.044,4375.529,4372.732,4374.302,465,50,0
2026-09-02 19:00:00+00:00,4374.373,4375.382,4371.702,4375.155,640,50,0
2026-09-02 19:05:00+00:00,4375.108,4377.57,4374.671,4377.013,490,40,0
2026-09-02 19:10:00+00:00,4377.028,4380.286,4376.322,4379.169,550,50,0
2026-09-02 19:15:00+00:00,4379.226,4380.179,4378.227,4379.754,592,50,0
2026-09-02 19:20:00+00:00,4379.694,4380.991,4378.298,4380.134,593,50,0
2026-09-02 19:25:00+00:00,4380.142,4383.303,4379.783,4381.116,653,50,0
2026-09-02 19:30:00+00:00,4381.184,4384.28,4381.184,4384.0,649,50,0
2026-09-02 19:35:00+00:00,4383.94,4384.312,4381.281,4384.312,612,50,0
2026-09-02 19:40:00+00:00,4384.259,4388.873,4383.454,4388.199,603,50,0
2026-09-02 19:45:00+00:00,4387.989,4389.106,4384.892,4386.761,687,50,0
2026-09-02 19:50:00+00:00,4386.804,4389.8,4385.904,4387.611,837,50,0
2026-09-02 19:55:00+00:00,4387.557,4391.444,4386.199,4391.151,897,50,0
2026-09-02 20:00:00+00:00,4391.213,4391.796,4388.631,4390.389,653,50,0
2026-09-02 20:05:00+00:00,4390.386,4391.19,4387.71,4387.997,478,50,0
2026-09-02 20:10:00+00:00,4388.052,4388.878,4385.918,4386.145,443,50,0
2026-09-02 20:15:00+00:00,4386.2,4386.469,4383.896,4384.914,667,50,0
2026-09-02 20:20:00+00:00,4385.173,4385.952,4384.491,4385.633,316,50,0
2026-09-02 20:25:00+00:00,4385.739,4387.978,4385.235,4386.458,347,50,0
2026-09-02 20:30:00+00:00,4386.399,4388.015,4385.588,4387.529,302,50,0
2026-09-02 20:35:00+00:00,4387.582,4387.837,4386.841,4387.373,282,50,0
2026-09-02 20:40:00+00:00,4387.497,4389.905,4387.27,4387.931,378,50,0
2026-09-02 20:45:00+00:00,4387.985,4389.806,4387.478,4388.946,335,50,0
2026-09-02 20:50:00+00:00,4389.022,4390.873,4388.928,4389.322,318,50,0
2026-09-02 20:55:00+00:00,4389.398,4389.526,4387.67,4387.67,255,50,0
2026-09-02 22:00:00+00:00,4391.737,4393.324,4390.055,4391.294,344,50,0
2026-09-02 22:05:00+00:00,4391.186,4392.03,4390.381,4390.578,249,50,0
2026-09-02 22:10:00+00:00,4390.78,4391.678,4390.187,4390.231,249,50,0
2026-09-02 22:15:00+00:00,4390.131,4390.313,4387.855,4388.653,333,50,0
2026-09-02 22:20:00+00:00,4388.715,4389.715,4388.13,4389.715,338,50,0
2026-09-02 22:25:00+00:00,4389.661,4390.967,4388.957,4389.812,292,50,0
2026-09-02 22:30:00+00:00,4390.036,4390.036,4387.771,4387.971,380,50,0
2026-09-02 22:35:00+00:00,4388.303,4388.636,4387.203,4387.466,292,50,0
2026-09-02 22:40:00+00:00,4387.408,4388.064,4385.016,4385.442,308,50,0
2026-09-02 22:45:00+00:00,4385.485,4385.486,4383.507,4384.352,351,50,0
2026-09-02 22:50:00+00:00,4384.365,4385.378,4383.952,4384.768,244,50,0
2026-09-02 22:55:00+00:00,4384.455,4385.152,4384.429,4384.669,205,40,0
2026-09-02 23:00:00+00:00,4384.726,4386.612,4384.215,4386.437,368,50,0
2026-09-02 23:05:00+00:00,4386.748,4386.925,4385.029,4386.918,293,50,0
2026-09-02 23:10:00+00:00,4386.673,4386.997,4383.845,4384.286,290,50,0
2026-09-02 23:15:00+00:00,4384.315,4384.413,4382.267,4382.353,288,50,0
2026-09-02 23:20:00+00:00,4382.619,4383.333,4382.215,4382.891,235,50,0
2026-09-02 23:25:00+00:00,4383.209,4383.247,4381.878,4382.274,219,40,0
2026-09-02 23:30:00+00:00,4382.207,4383.964,4381.524,4383.238,358,50,0
2026-09-02 23:35:00+00:00,4383.309,4383.721,4381.225,4383.379,373,50,0
2026-09-02 23:40:00+00:00,4383.651,4385.639,4383.313,4385.528,361,50,0
2026-09-02 23:45:00+00:00,4385.446,4389.018,4384.599,4386.874,698,50,0
2026-09-02 23:50:00+00:00,4386.887,4387.722,4384.547,4384.919,480,50,0
2026-09-02 23:55:00+00:00,4384.922,4387.174,4384.479,4385.502,470,40,0
2026-09-03 00:00:00+00:00,4385.915,4389.919,4384.682,4389.31,1102,50,0
2026-09-03 00:05:00+00:00,4389.185,4391.042,4384.917,4387.296,932,50,0
2026-09-03 00:10:00+00:00,4387.349,4392.664,4387.135,4390.329,836,50,0
2026-09-03 00:15:00+00:00,4390.43,4390.512,4385.227,4386.894,982,50,0
2026-09-03 00:20:00+00:00,4386.888,4388.157,4385.421,4388.029,842,50,0
2026-09-03 00:25:00+00:00,4387.717,4390.366,4386.956,4387.366,790,50,0
2026-09-03 00:30:00+00:00,4387.391,4387.391,4382.852,4383.04,642,50,0
2026-09-03 00:35:00+00:00,4383.109,4389.819,4382.734,4389.362,807,50,0
2026-09-03 00:40:00+00:00,4389.416,4390.107,4387.035,4387.716,751,50,0
2026-09-03 00:45:00+00:00,4387.774,4390.098,4385.822,4389.938,873,50,0
2026-09-03 00:50:00+00:00,4389.992,4394.067,4389.301,4391.907,968,50,0
2026-09-03 00:55:00+00:00,4391.973,4398.165,4390.602,4395.405,950,50,0
2026-09-03 01:00:00+00:00,4395.46,4397.242,4387.35,4395.493,3539,50,0
2026-09-03 01:05:00+00:00,4395.818,4403.202,4392.72,4402.658,1938,50,0
2026-09-03 01:10:00+00:00,4402.519,4409.592,4400.929,4401.604,1824,50,0
2026-09-03 01:15:00+00:00,4401.546,4403.89,4396.689,4398.43,1366,50,0
2026-09-03 01:20:00+00:00,4398.52,4402.997,4395.115,4396.245,1450,50,0
2026-09-03 01:25:00+00:00,4396.125,4402.287,4393.886,4401.586,1445,50,0
2026-09-03 01:30:00+00:00,4401.531,4409.576,4401.337,4409.222,1895,50,0
2026-09-03 01:35:00+00:00,4409.223,4409.589,4404.768,4408.166,1385,50,0
2026-09-03 01:40:00+00:00,4407.922,4408.047,4400.293,4400.965,1204,50,0
2026-09-03 01:45:00+00:00,4400.962,4408.427,4400.21,4407.417,1171,50,0
2026-09-03 01:50:00+00:00,4407.377,4408.032,4404.472,4407.482,1091,50,0
2026-09-03 01:55:00+00:00,4407.537,4412.386,4407.161,4410.345,1084,50,0
2026-09-03 02:00:00+00:00,4410.548,4415.74,4409.471,4410.887,1404,50,0
2026-09-03 02:05:00+00:00,4410.931,4413.066,4409.01,4410.242,1160,50,0
2026-09-03 02:10:00+00:00,4410.244,4413.557,4409.727,4411.086,1283,50,0
2026-09-03 02:15:00+00:00,4411.14,4413.57,4409.148,4410.39,849,50,0
2026-09-03 02:20:00+00:00,4410.11,4412.794,4406.727,4409.848,956,50,0
2026-09-03 02:25:00+00:00,4409.696,4411.88,4407.664,4411.537,831,50,0
2026-09-03 02:30:00+00:00,4411.388,4417.357,4409.496,4415.713,1600,50,0
2026-09-03 02:35:00+00:00,4415.449,4418.259,4414.009,4416.496,1220,50,0
2026-09-03 02:40:00+00:00,4416.301,4416.974,4412.704,4413.748,971,50,0
2026-09-03 02:45:00+00:00,4413.852,4417.528,4411.74,4417.247,993,50,0
2026-09-03 02:50:00+00:00,4417.112,4420.075,4415.936,4419.696,995,50,0
2026-09-03 02:55:00+00:00,4419.671,4420.624,4418.855,4420.624,652,50,0
2026-09-03 03:00:00+00:00,4420.327,4425.234,4419.355,4424.229,973,50,0
2026-09-03 03:05:00+00:00,4424.233,4426.347,4423.912,4425.071,767,50,0
2026-09-03 03:10:00+00:00,4425.058,4430.292,4423.841,4428.749,789,50,0
2026-09-03 03:15:00+00:00,4428.707,4430.611,4425.641,4426.493,957,50,0
2026-09-03 03:20:00+00:00,4426.561,4427.308,4424.79,4426.78,762,50,0
2026-09-03 03:25:00+00:00,4426.727,4431.492,4425.524,4429.31,858,50,0
2026-09-03 03:30:00+00:00,4429.321,4432.391,4429.317,4431.869,652,50,0
2026-09-03 03:35:00+00:00,4431.8,4431.869,4429.147,4430.458,589,50,0
2026-09-03 03:40:00+00:00,4430.483,4430.739,4426.768,4426.768,616,50,0
2026-09-03 03:45:00+00:00,4426.763,4428.748,4425.474,4427.075,598,50,0
2026-09-03 03:50:00+00:00,4427.148,4430.889,4426.063,4430.422,706,50,0
2026-09-03 03:55:00+00:00,4430.367,4432.645,4429.574,4431.31,510,50,0
2026-09-03 04:00:00+00:00,4431.367,4432.014,4427.172,4427.347,653,50,0
