time,open,high,low,close,tick_volume,spread,real_volume
2026-07-23 00:00:00+00:00,4133.419,4134.587,4126.359,4126.857,3441,40,0
2026-07-23 00:15:00+00:00,4126.731,4134.839,4126.678,4129.43,2632,40,0
2026-07-23 00:30:00+00:00,4129.378,4132.437,4127.293,4127.955,2313,40,0
2026-07-23 00:45:00+00:00,4127.904,4133.58,4125.124,4132.379,2264,40,0
2026-07-23 01:00:00+00:00,4132.318,4139.189,4129.718,4134.821,6812,40,0
2026-07-23 01:15:00+00:00,4134.764,4141.209,4133.65,4137.602,3695,40,0
2026-07-23 01:30:00+00:00,4137.731,4139.548,4121.489,4121.58,5865,40,0
2026-07-23 01:45:00+00:00,4121.515,4123.848,4114.393,4118.027,4723,40,0
2026-07-23 02:00:00+00:00,4117.971,4119.044,4112.289,4117.743,3963,40,0
2026-07-23 02:15:00+00:00,4117.983,4118.384,4113.249,4116.553,3080,40,0
2026-07-23 02:30:00+00:00,4116.5,4122.291,4113.904,4122.209,3662,40,0
2026-07-23 02:45:00+00:00,4122.158,4128.972,4121.357,4128.08,3094,40,0
2026-07-23 03:00:00+00:00,4128.028,4129.341,4124.018,4127.455,2644,40,0
2026-07-23 03:15:00+00:00,4127.509,4133.393,4126.645,4130.441,2543,40,0
2026-07-23 03:30:00+00:00,4130.402,4131.218,4126.135,4128.824,2233,40,0
2026-07-23 03:45:00+00:00,4128.89,4129.038,4124.01,4124.768,1523,40,0
2026-07-23 04:00:00+00:00,4124.776,4127.661,4122.494,4127.661,1750,40,0
2026-07-23 04:15:00+00:00,4127.7,4130.032,4125.085,4129.843,1946,40,0
2026-07-23 04:30:00+00:00,4129.727,4130.55,4123.07,4123.391,1928,40,0
2026-07-23 04:45:00+00:00,4123.329,4124.482,4120.125,4121.451,1584,40,0
2026-07-23 05:00:00+00:00,4121.426,4124.947,4119.597,4124.45,2006,40,0
2026-07-23 05:15:00+00:00,4124.289,4125.773,4119.885,4125.721,1871,40,0
2026-07-23 05:30:00+00:00,4125.575,4128.618,4123.381,4127.654,3421,40,0
2026-07-23 05:45:00+00:00,4127.604,4130.702,4120.588,4123.93,2823,40,0
2026-07-23 06:00:00+00:00,4123.991,4128.307,4121.195,4123.135,3289,40,0
2026-07-23 06:15:00+00:00,4123.075,4127.714,4121.232,4122.142,2387,40,0
2026-07-23 06:30:00+00:00,4122.174,4123.881,4116.978,4120.149,2797,40,0
2026-07-23 06:45:00+00:00,4120.148,4122.473,4117.836,4118.711,2365,40,0
2026-07-23 07:00:00+00:00,4118.691,4119.61,4101.995,4106.674,4284,40,0
2026-07-23 07:15:00+00:00,4106.623,4111.913,4105.464,4108.703,3686,40,0
2026-07-23 07:30:00+00:00,4108.699,4109.078,4091.349,4095.769,3885,40,0
2026-07-23 07:45:00+00:00,4095.824,4097.057,4090.038,4095.626,4308,40,0
2026-07-23 08:00:00+00:00,4095.577,4097.837,4090.146,4091.721,3783,40,0
2026-07-23 08:15:00+00:00,4091.671,4092.659,4088.469,4092.112,2860,40,0
2026-07-23 08:30:00+00:00,4092.049,4093.8,4088.537,4092.386,2776,40,0
2026-07-23 08:45:00+00:00,4092.278,4094.84,4087.068,4093.392,2513,40,0
2026-07-23 09:00:00+00:00,4093.283,4099.445,4092.845,4095.109,2965,40,0
2026-07-23 09:15:00+00:00,4095.049,4097.056,4089.434,4091.321,2321,40,0
2026-07-23 09:30:00+00:00,4091.374,4093.114,4088.743,4091.875,2658,40,0
2026-07-23 09:45:00+00:00,4091.919,4094.443,4088.482,4090.129,2217,40,0
2026-07-23 10:00:00+00:00,4090.076,4091.69,4088.038,4090.842,2611,40,0
2026-07-23 10:15:00+00:00,4090.789,4092.668,4086.035,4089.953,2508,40,0
2026-07-23 10:30:00+00:00,4089.937,4092.998,4086.645,4089.34,2535,40,0
2026-07-23 10:45:00+00:00,4089.271,4095.519,4087.288,4093.418,2216,40,0
2026-07-23 11:00:00+00:00,4093.221,4093.99,4086.894,4087.891,2791,40,0
2026-07-23 11:15:00+00:00,4087.83,4089.5,4080.882,4084.331,3593,40,0
2026-07-23 11:30:00+00:00,4084.193,4084.343,4072.811,4078.954,4691,40,0
2026-07-23 11:45:00+00:00,4078.904,4089.516,4077.869,4085.849,3319,40,0
2026-07-23 12:00:00+00:00,4085.797,4086.18,4081.15,4081.448,2834,40,0
2026-07-23 12:15:00+00:00,4081.707,4083.2,4070.395,4075.316,5052,40,0
2026-07-23 12:30:00+00:00,4074.891,4075.143,4063.999,4069.268,5553,40,0
2026-07-23 12:45:00+00:00,4069.324,4069.44,4060.918,4061.837,5725,40,0
2026-07-23 13:00:00+00:00,4061.865,4063.788,4040.388,4041.103,10875,40,0
2026-07-23 13:15:00+00:00,4041.177,4059.08,4040.606,4058.63,6546,40,0
2026-07-23 13:30:00+00:00,4058.575,4067.663,4055.463,4056.493,8652,40,0
2026-07-23 13:45:00+00:00,4056.542,4059.072,4042.781,4043.409,7339,40,0
2026-07-23 14:00:00+00:00,4043.603,4051.465,4040.186,4048.175,7385,40,0
2026-07-23 14:15:00+00:00,4047.852,4056.978,4042.291,4056.419,6935,40,0
2026-07-23 14:30:00+00:00,4056.354,4060.865,4051.653,4056.979,5840,40,0
2026-07-23 14:45:00+00:00,4057.154,4061.903,4055.979,4058.039,4378,40,0
2026-07-23 15:00:00+00:00,4058.096,4059.51,4049.457,4051.499,4713,40,0
2026-07-23 15:15:00+00:00,4051.422,4056.944,4045.504,4046.994,5545,40,0
2026-07-23 15:30:00+00:00,4047.182,4053.42,4042.288,4047.965,5797,40,0
2026-07-23 15:45:00+00:00,4048.194,4051.199,4046.827,4048.634,3262,40,0
2026-07-23 16:00:00+00:00,4048.75,4050.93,4047.439,4050.378,2700,40,0
2026-07-23 16:15:00+00:00,4050.316,4051.345,4045.862,4050.229,2174,40,0
2026-07-23 16:30:00+00:00,4050.281,4050.92,4046.964,4050.008,2021,40,0
2026-07-23 16:45:00+00:00,4049.957,4051.942,4047.945,4051.404,1965,40,0
2026-07-23 17:00:00+00:00,4051.457,4054.735,4046.823,4047.401,2866,40,0
2026-07-23 17:15:00+00:00,4047.454,4050.63,4046.144,4047.499,3005,40,0
2026-07-23 17:30:00+00:00,4047.39,4049.165,4041.804,4043.051,2774,40,0
2026-07-23 17:45:00+00:00,4042.992,4044.556,4041.739,4041.955,2257,40,0
2026-07-23 18:00:00+00:00,4042.083,4044.354,4040.604,4042.122,2374,40,0
2026-07-23 18:15:00+00:00,4042.137,4045.336,4040.64,4044.802,2482,40,0
2026-07-23 18:30:00+00:00,4044.692,4048.311,4044.515,4046.472,1949,40,0
2026-07-23 18:45:00+00:00,4046.494,4048.475,4044.781,4046.041,1612,40,0
2026-07-23 19:00:00+00:00,4046.342,4048.639,4042.976,4043.456,1604,40,0
2026-07-23 19:15:00+00:00,4043.375,4049.296,4043.149,4048.172,1570,40,0
2026-07-23 19:30:00+00:00,4048.224,4051.1,4045.813,4045.813,1710,40,0
2026-07-23 19:45:00+00:00,4045.867,4051.096,4044.953,4049.991,2052,40,0
2026-07-23 20:00:00+00:00,4050.056,4051.315,4048.24,4049.495,1333,40,0
2026-07-23 20:15:00+00:00,4049.443,4050.78,4047.545,4050.224,1015,40,0
2026-07-23 20:30:00+00:00,4050.535,4050.674,4048.921,4049.918,944,40,0
2026-07-23 20:45:00+00:00,4049.901,4050.295,4047.464,4049.299,873,40,0
2026-07-23 22:00:00+00:00,4050.741,4050.838,4048.657,4049.122,729,40,0
2026-07-23 22:15:00+00:00,4049.213,4050.349,4049.213,4049.952,625,40,0
2026-07-23 22:30:00+00:00,4050.008,4050.699,4048.994,4049.426,753,40,0
2026-07-23 22:45:00+00:00,4049.383,4050.661,4048.673,4049.539,673,40,0
2026-07-23 23:00:00+00:00,4049.539,4050.021,4047.426,4048.5,825,40,0
2026-07-23 23:15:00+00:00,4048.536,4050.127,4047.083,4049.228,859,40,0
2026-07-23 23:30:00+00:00,4049.398,4050.903,4046.974,4048.465,1135,40,0
2026-07-23 23:45:00+00:00,4048.456,4049.82,4046.605,4047.137,1400,40,0
2026-07-24 00:00:00+00:00,4047.197,4050.043,4041.338,4041.77,3152,40,0
2026-07-24 00:15:00+00:00,4041.836,4048.246,4041.151,4046.68,2496,40,0
2026-07-24 00:30:00+00:00,4046.982,4050.349,4044.978,4049.426,2241,40,0
2026-07-24 00:45:00+00:00,4049.482,4050.901,4048.424,4050.124,1811,40,0
2026-07-24 01:00:00+00:00,4050.174,4050.429,4040.058,4042.422,4419,40,0
2026-07-24 01:15:00+00:00,4042.471,4045.969,4041.596,4042.981,2917,40,0
2026-07-24 01:30:00+00:00,4042.927,4050.654,4041.502,4049.94,2633,40,0
2026-07-24 01:45:00+00:00,4049.874,4050.382,4041.601,4043.604,2431,40,0
2026-07-24 02:00:00+00:00,4043.587,4046.037,4041.021,4045.687,2521,40,0
2026-07-24 02:15:00+00:00,4045.634,4048.382,4042.763,4046.668,1754,40,0
2026-07-24 02:30:00+00:00,4046.835,4048.139,4041.303,4041.877,2498,40,0
2026-07-24 02:45:00+00:00,4041.799,4042.064,4023.261,4024.527,6322,40,0
2026-07-24 03:00:00+00:00,4024.609,4032.299,4023.085,4031.749,2950,40,0
2026-07-24 03:15:00+00:00,4031.726,4033.672,4028.18,4030.308,2406,40,0
2026-07-24 03:30:00+00:00,4030.357,4033.435,4030.318,4031.555,1927,40,0
2026-07-24 03:45:00+00:00,4031.729,4032.379,4028.32,4029.471,1562,40,0
2026-07-24 04:00:00+00:00,4029.411,4030.322,4027.067,4028.353,1769,40,0
2026-07-24 04:15:00+00:00,4028.343,4030.493,4027.716,4030.02,1457,40,0
2026-07-24 04:30:00+00:00,4029.823,4030.638,4026.019,4026.763,1473,40,0
2026-07-24 04:45:00+00:00,4026.98,4028.889,4025.762,4027.233,1360,40,0
2026-07-24 05:00:00+00:00,4027.032,4032.443,4025.304,4027.811,2071,40,0
2026-07-24 05:15:00+00:00,4027.79,4029.902,4022.324,4026.198,2214,40,0
2026-07-24 05:30:00+00:00,4026.115,4031.574,4024.169,4024.99,3544,40,0
2026-07-24 05:45:00+00:00,4024.939,4029.266,4021.953,4023.078,2473,40,0
2026-07-24 06:00:00+00:00,4023.089,4031.427,4022.856,4030.916,2676,40,0
2026-07-24 06:15:00+00:00,4030.967,4039.211,4029.318,4036.436,2809,40,0
2026-07-24 06:30:00+00:00,4036.388,4037.449,4033.38,4034.146,2366,40,0
2026-07-24 06:45:00+00:00,4034.116,4038.741,4031.812,4035.902,2547,40,0
2026-07-24 07:00:00+00:00,4035.596,4047.487,4035.109,4045.369,3346,40,0
2026-07-24 07:15:00+00:00,4045.635,4050.97,4043.993,4048.71,2662,40,0
2026-07-24 07:30:00+00:00,4048.944,4053.863,4045.848,4048.412,2349,40,0
2026-07-24 07:45:00+00:00,4048.469,4049.703,4045.943,4048.439,1838,40,0
2026-07-24 08:00:00+00:00,4048.316,4049.254,4045.212,4046.847,2103,40,0
2026-07-24 08:15:00+00:00,4046.736,4052.736,4045.203,4052.736,2092,40,0
2026-07-24 08:30:00+00:00,4052.684,4055.619,4049.013,4054.614,1941,40,0
2026-07-24 08:45:00+00:00,4054.772,4058.958,4052.298,4057.477,1884,40,0
2026-07-24 09:00:00+00:00,4057.529,4061.019,4053.323,4054.105,2181,40,0
2026-07-24 09:15:00+00:00,4054.336,4056.581,4052.611,4053.194,1802,40,0
2026-07-24 09:30:00+00:00,4053.142,4056.369,4051.683,4055.778,1725,40,0
2026-07-24 09:45:00+00:00,4055.926,4060.081,4054.583,4059.776,1524,40,0
2026-07-24 10:00:00+00:00,4059.828,4061.648,4057.72,4058.314,1801,40,0
2026-07-24 10:15:00+00:00,4058.342,4063.847,4057.54,4061.911,1600,40,0
2026-07-24 10:30:00+00:00,4062.108,4064.05,4058.342,4058.608,1464,40,0
2026-07-24 10:45:00+00:00,4058.657,4060.49,4057.149,4060.022,1434,40,0
2026-07-24 11:00:00+00:00,4060.131,4063.598,4058.619,4061.496,1562,40,0
2026-07-24 11:15:00+00:00,4061.552,4062.233,4059.16,4059.396,1230,40,0
2026-07-24 11:30:00+00:00,4059.106,4060.622,4055.206,4055.509,1798,40,0
2026-07-24 11:45:00+00:00,4055.5,4061.863,4051.604,4057.766,2656,40,0
2026-07-24 12:00:00+00:00,4057.737,4058.681,4052.413,4056.581,2372,40,0
2026-07-24 12:15:00+00:00,4056.578,4060.333,4054.769,4059.805,2572,40,0
2026-07-24 12:30:00+00:00,4059.756,4059.866,4052.033,4055.048,2549,40,0
2026-07-24 12:45:00+00:00,4055.037,4056.511,4051.687,4055.962,2248,40,0
2026-07-24 13:00:00+00:00,4056.012,4058.634,4044.663,4048.326,4113,40,0
2026-07-24 13:15:00+00:00,4048.022,4049.575,4044.739,4046.578,2911,40,0
2026-07-24 13:30:00+00:00,4046.526,4056.844,4044.618,4052.036,5455,40,0
2026-07-24 13:45:00+00:00,4052.18,4068.783,4048.532,4067.446,5047,40,0
2026-07-24 14:00:00+00:00,4067.316,4070.176,4057.396,4058.989,5023,40,0
2026-07-24 14:15:00+00:00,4059.039,4069.505,4055.92,4065.926,5004,40,0
2026-07-24 14:30:00+00:00,4066.044,4068.125,4059.268,4060.543,3947,40,0
2026-07-24 14:45:00+00:00,4060.656,4066.541,4058.626,4063.533,3556,40,0
2026-07-24 15:00:00+00:00,4063.587,4076.8,4061.74,4074.595,5559,40,0
2026-07-24 15:15:00+00:00,4074.546,4082.157,4071.946,4075.012,7139,40,0
2026-07-24 15:30:00+00:00,4075.078,4079.726,4071.519,4072.153,4295,40,0
2026-07-24 15:45:00+00:00,4072.204,4077.992,4070.819,4077.526,2931,40,0
2026-07-24 16:00:00+00:00,4077.421,4077.717,4074.386,4075.039,2179,40,0
2026-07-24 16:15:00+00:00,4075.024,4078.326,4073.715,4073.868,1934,40,0
2026-07-24 16:30:00+00:00,4073.92,4074.184,4066.607,4067.938,2522,40,0
2026-07-24 16:45:00+00:00,4067.88,4067.955,4064.13,4066.973,2006,40,0
2026-07-24 17:00:00+00:00,4067.022,4068.596,4063.06,4064.456,2366,40,0
2026-07-24 17:15:00+00:00,4064.208,4070.04,4063.608,4068.281,2202,40,0
2026-07-24 17:30:00+00:00,4068.417,4070.023,4066.072,4066.682,1760,40,0
2026-07-24 17:45:00+00:00,4066.683,4067.425,4063.014,4063.528,1589,40,0
2026-07-24 18:00:00+00:00,4063.579,4064.615,4061.239,4061.639,1665,40,0
2026-07-24 18:15:00+00:00,4061.88,4063.2,4054.937,4055.238,2039,40,0
2026-07-24 18:30:00+00:00,4055.542,4057.109,4051.301,4052.39,2148,40,0
2026-07-24 18:45:00+00:00,4052.387,4056.055,4051.825,4054.586,1529,40,0
2026-07-24 19:00:00+00:00,4054.716,4056.6,4052.132,4052.464,2005,40,0
2026-07-24 19:15:00+00:00,4052.31,4052.667,4049.184,4051.419,1753,40,0
2026-07-24 19:30:00+00:00,4051.664,4057.963,4051.269,4056.892,2212,40,0
2026-07-24 19:45:00+00:00,4056.947,4057.574,4052.732,4053.623,1759,40,0
2026-07-24 20:00:00+00:00,4053.787,4055.478,4052.139,4052.704,1070,40,0
2026-07-24 20:15:00+00:00,4052.717,4054.948,4052.069,4053.859,1068,40,0
2026-07-24 20:30:00+00:00,4053.675,4056.211,4051.78,4055.369,999,40,0
2026-07-24 20:45:00+00:00,4055.348,4056.22,4052.107,4053.032,1043,40,0
2026-07-26 22:00:00+00:00,4091.931,4096.764,4085.878,4087.371,1728,50,0
2026-07-26 22:15:00+00:00,4087.426,4090.307,4083.793,4086.606,1416,50,0
2026-07-26 22:30:00+00:00,4086.618,4093.161,4085.556,4091.257,1163,50,0
2026-07-26 22:45:00+00:00,4091.221,4093.862,4088.908,4089.883,1158,50,0
2026-07-26 23:00:00+00:00,4089.81,4091.41,4084.407,4085.026,1044,40,0
2026-07-26 23:15:00+00:00,4084.82,4086.425,4083.683,4084.845,1184,40,0
2026-07-26 23:30:00+00:00,4084.923,4089.529,4084.696,4088.948,1018,40,0
2026-07-26 23:45:00+00:00,4088.949,4096.484,4088.176,4094.276,2281,40,0
2026-07-27 00:00:00+00:00,4094.395,4116.322,4093.969,4115.478,5600,40,0
2026-07-27 00:15:00+00:00,4115.734,4115.734,4090.686,4094.645,4799,40,0
2026-07-27 00:30:00+00:00,4094.387,4102.609,4093.65,4100.037,3250,40,0
2026-07-27 00:45:00+00:00,4099.736,4109.237,4099.257,4100.788,3682,40,0
2026-07-27 01:00:00+00:00,4100.991,4112.738,4100.764,4107.499,7570,40,0
2026-07-27 01:15:00+00:00,4107.592,4109.12,4097.01,4100.141,4608,40,0
2026-07-27 01:30:00+00:00,4100.026,4104.505,4097.896,4102.865,3829,40,0
2026-07-27 01:45:00+00:00,4102.918,4110.306,4102.718,4110.185,3342,40,0
2026-07-27 02:00:00+00:00,4110.088,4111.071,4103.268,4105.46,3343,40,0
2026-07-27 02:15:00+00:00,4105.656,4106.027,4101.983,4103.331,2047,40,0
2026-07-27 02:30:00+00:00,4103.139,4103.383,4095.78,4096.704,2897,40,0
2026-07-27 02:45:00+00:00,4096.648,4097.865,4093.787,4093.854,2068,40,0
2026-07-27 03:00:00+00:00,4093.553,4095.988,4088.957,4092.136,2719,40,0
2026-07-27 03:15:00+00:00,4092.255,4093.663,4085.283,4085.78,2173,40,0
2026-07-27 03:30:00+00:00,4085.709,4090.975,4085.303,4089.951,2092,40,0
2026-07-27 03:45:00+00:00,4089.882,4091.223,4088.489,4090.942,1284,40,0
2026-07-27 04:00:00+00:00,4090.994,4092.868,4088.582,4090.023,1690,40,0
2026-07-27 04:15:00+00:00,4089.952,4090.562,4087.052,4089.034,1549,40,0
2026-07-27 04:30:00+00:00,4089.083,4092.359,4089.083,4090.447,1503,40,0
2026-07-27 04:45:00+00:00,4090.739,4091.402,4089.334,4090.573,1247,40,0
2026-07-27 05:00:00+00:00,4090.562,4094.865,4088.57,4094.705,1802,40,0
2026-07-27 05:15:00+00:00,4094.655,4094.655,4086.136,4087.151,1782,40,0
2026-07-27 05:30:00+00:00,4087.145,4090.315,4085.697,4088.086,3071,40,0
2026-07-27 05:45:00+00:00,4088.138,4093.621,4084.404,4093.092,2805,40,0
2026-07-27 06:00:00+00:00,4093.294,4096.509,4091.667,4094.251,3296,40,0
2026-07-27 06:15:00+00:00,4094.315,4096.51,4091.117,4096.059,2452,40,0
2026-07-27 06:30:00+00:00,4095.943,4099.467,4094.3,4098.54,2319,40,0
2026-07-27 06:45:00+00:00,4098.483,4099.177,4095.093,4095.78,2049,40,0
2026-07-27 07:00:00+00:00,4096.074,4102.263,4095.939,4102.021,3112,40,0
2026-07-27 07:15:00+00:00,4102.004,4106.194,4099.958,4103.313,2522,40,0
2026-07-27 07:30:00+00:00,4103.305,4103.76,4095.893,4097.242,2237,40,0
2026-07-27 07:45:00+00:00,4097.462,4099.187,4088.69,4089.008,2460,40,0
2026-07-27 08:00:00+00:00,4089.063,4093.263,4086.999,4091.269,2960,40,0
2026-07-27 08:15:00+00:00,4091.221,4092.726,4088.892,4090.808,2372,40,0
2026-07-27 08:30:00+00:00,4090.757,4093.017,4087.264,4091.353,2374,40,0
2026-07-27 08:45:00+00:00,4091.402,4096.875,4090.839,4095.408,1735,40,0
2026-07-27 09:00:00+00:00,4095.394,4098.634,4093.01,4093.935,1909,40,0
2026-07-27 09:15:00+00:00,4094.122,4096.021,4091.223,4091.763,1925,40,0
2026-07-27 09:30:00+00:00,4091.649,4094.923,4090.377,4094.08,2231,40,0
2026-07-27 09:45:00+00:00,4094.44,4100.494,4093.789,4096.267,1994,40,0
2026-07-27 10:00:00+00:00,4096.215,4096.609,4086.393,4090.778,2565,40,0
2026-07-27 10:15:00+00:00,4090.703,4094.082,4089.26,4093.067,1896,40,0
2026-07-27 10:30:00+00:00,4093.07,4102.147,4093.07,4100.219,2073,40,0
2026-07-27 10:45:00+00:00,4100.328,4102.385,4098.763,4099.664,1784,40,0
2026-07-27 11:00:00+00:00,4099.716,4104.233,4097.068,4101.93,2477,40,0
2026-07-27 11:15:00+00:00,4102.241,4103.542,4096.92,4096.92,1893,40,0
2026-07-27 11:30:00+00:00,4097.162,4100.192,4094.609,4095.842,2877,40,0
2026-07-27 11:45:00+00:00,4095.793,4097.505,4093.716,4094.079,2239,40,0
2026-07-27 12:00:00+00:00,4094.14,4097.868,4086.236,4087.862,3608,40,0
2026-07-27 12:15:00+00:00,4087.809,4089.239,4081.729,4086.7,3684,40,0
2026-07-27 12:30:00+00:00,4086.898,4088.761,4083.326,4086.659,2523,40,0
2026-07-27 12:45:00+00:00,4086.608,4089.169,4081.436,4083.869,3560,40,0
2026-07-27 13:00:00+00:00,4083.903,4089.131,4080.917,4085.213,5696,40,0
2026-07-27 13:15:00+00:00,4085.161,4087.435,4075.922,4076.166,4729,40,0
2026-07-27 13:30:00+00:00,4076.246,4089.374,4075.48,4086.692,7764,40,0
2026-07-27 13:45:00+00:00,4086.753,4089.713,4070.685,4074.117,6231,40,0
2026-07-27 14:00:00+00:00,4074.234,4079.379,4071.257,4076.931,6803,40,0
2026-07-27 14:15:00+00:00,4076.98,4078.764,4067.156,4068.355,5528,40,0
2026-07-27 14:30:00+00:00,4068.41,4070.861,4065.268,4068.748,6575,40,0
2026-07-27 14:45:00+00:00,4068.793,4077.614,4068.793,4076.09,4208,40,0
2026-07-27 15:00:00+00:00,4076.14,4076.557,4071.83,4076.007,3840,40,0
2026-07-27 15:15:00+00:00,4076.142,4079.359,4074.637,4076.608,3719,40,0
2026-07-27 15:30:00+00:00,4076.721,4077.929,4072.599,4076.124,3468,40,0
2026-07-27 15:45:00+00:00,4076.193,4080.077,4074.539,4078.708,2877,40,0
2026-07-27 16:00:00+00:00,4078.613,4084.79,4077.815,4081.374,2963,40,0
2026-07-27 16:15:00+00:00,4081.636,4088.984,4079.84,4085.0,4402,40,0
2026-07-27 16:30:00+00:00,4085.107,4094.008,4085.038,4088.508,3377,40,0
2026-07-27 16:45:00+00:00,4088.56,4088.766,4080.901,4082.354,2322,40,0
2026-07-27 17:00:00+00:00,4082.557,4082.557,4070.723,4073.458,3387,40,0
2026-07-27 17:15:00+00:00,4073.654,4076.925,4072.315,4074.883,2781,40,0
2026-07-27 17:30:00+00:00,4074.834,4076.14,4072.19,4074.471,2156,40,0
2026-07-27 17:45:00+00:00,4074.461,4077.385,4073.492,4076.557,1746,40,0
2026-07-27 18:00:00+00:00,4076.613,4079.419,4076.023,4076.859,2034,40,0
2026-07-27 18:15:00+00:00,4076.81,4077.121,4074.126,4077.053,1747,40,0
2026-07-27 18:30:00+00:00,4076.748,4079.674,4072.818,4076.373,2276,40,0
2026-07-27 18:45:00+00:00,4076.324,4079.453,4074.948,4077.856,1959,40,0
2026-07-27 19:00:00+00:00,4077.934,4081.846,4076.187,4080.234,1779,40,0
2026-07-27 19:15:00+00:00,4080.287,4088.891,4079.394,4085.966,1834,40,0
2026-07-27 19:30:00+00:00,4086.033,4087.402,4083.723,4086.907,1725,40,0
2026-07-27 19:45:00+00:00,4086.832,4089.316,4082.35,4083.308,1910,40,0
2026-07-27 20:00:00+00:00,4083.358,4084.194,4081.582,4082.196,1172,40,0
2026-07-27 20:15:00+00:00,4082.176,4082.349,4078.343,4078.808,963,40,0
2026-07-27 20:30:00+00:00,4078.938,4079.319,4075.663,4077.37,1119,40,0
2026-07-27 20:45:00+00:00,4077.261,4077.536,4075.209,4076.899,773,40,0
2026-07-27 22:00:00+00:00,4079.586,4082.228,4076.765,4077.502,869,40,0
2026-07-27 22:15:00+00:00,4077.441,4077.441,4071.13,4072.576,1047,40,0
2026-07-27 22:30:00+00:00,4072.504,4075.148,4072.383,4075.049,929,40,0
2026-07-27 22:45:00+00:00,4074.984,4075.072,4073.61,4074.144,885,40,0
2026-07-27 23:00:00+00:00,4074.359,4075.221,4071.755,4074.217,1022,40,0
2026-07-27 23:15:00+00:00,4074.219,4074.698,4072.106,4073.217,930,40,0
2026-07-27 23:30:00+00:00,4072.965,4073.713,4071.555,4072.175,767,40,0
2026-07-27 23:45:00+00:00,4072.283,4073.504,4069.984,4073.295,1338,40,0
2026-07-28 00:00:00+00:00,4073.246,4074.388,4061.922,4067.021,4110,40,0
2026-07-28 00:15:00+00:00,4066.948,4067.538,4059.105,4061.998,3183,40,0
2026-07-28 00:30:00+00:00,4062.056,4066.157,4060.642,4065.465,3031,40,0
2026-07-28 00:45:00+00:00,4065.391,4065.658,4057.494,4057.863,3021,40,0
2026-07-28 01:00:00+00:00,4057.812,4060.296,4053.914,4057.868,7205,40,0
2026-07-28 01:15:00+00:00,4057.811,4059.289,4046.311,4047.457,4936,40,0
2026-07-28 01:30:00+00:00,4047.522,4050.478,4043.389,4048.818,4234,40,0
2026-07-28 01:45:00+00:00,4049.132,4049.132,4042.569,4045.333,3094,40,0
2026-07-28 02:00:00+00:00,4045.265,4047.738,4042.397,4046.491,2936,40,0
2026-07-28 02:15:00+00:00,4046.441,4049.112,4045.274,4046.314,2241,40,0
2026-07-28 02:30:00+00:00,4046.252,4048.077,4041.484,4044.139,2883,40,0
2026-07-28 02:45:00+00:00,4044.089,4045.67,4040.708,4042.187,2437,40,0
2026-07-28 03:00:00+00:00,4042.123,4047.284,4040.238,4046.021,2228,40,0
2026-07-28 03:15:00+00:00,4045.798,4049.472,4045.421,4047.655,1981,40,0
2026-07-28 03:30:00+00:00,4047.529,4051.095,4047.231,4048.319,2254,40,0
2026-07-28 03:45:00+00:00,4048.384,4050.85,4047.959,4049.336,1650,40,0
2026-07-28 04:00:00+00:00,4049.289,4049.801,4043.379,4044.233,1937,40,0
2026-07-28 04:15:00+00:00,4043.856,4048.092,4043.606,4045.802,1555,40,0
2026-07-28 04:30:00+00:00,4045.911,4047.864,4043.987,4047.631,1475,40,0
2026-07-28 04:45:00+00:00,4047.604,4047.942,4041.522,4042.401,1658,40,0
2026-07-28 05:00:00+00:00,4042.351,4044.189,4039.871,4042.537,2343,40,0
2026-07-28 05:15:00+00:00,4042.587,4043.727,4040.744,4043.003,2037,40,0
2026-07-28 05:30:00+00:00,4042.928,4045.775,4034.863,4041.76,4322,40,0
2026-07-28 05:45:00+00:00,4041.814,4046.715,4039.764,4045.463,2063,40,0
2026-07-28 06:00:00+00:00,4045.262,4047.981,4042.931,4044.222,2808,40,0
2026-07-28 06:15:00+00:00,4044.439,4049.032,4043.945,4047.769,2477,40,0
2026-07-28 06:30:00+00:00,4048.072,4052.474,4047.02,4049.702,2378,40,0
2026-07-28 06:45:00+00:00,4050.009,4051.646,4048.013,4048.337,2338,40,0
2026-07-28 07:00:00+00:00,4048.538,4051.391,4047.42,4048.992,2155,40,0
2026-07-28 07:15:00+00:00,4049.019,4052.463,4048.724,4050.293,1810,40,0
2026-07-28 07:30:00+00:00,4050.115,4051.271,4048.413,4049.555,1996,40,0
2026-07-28 07:45:00+00:00,4049.31,4049.956,4046.366,4047.348,2182,40,0
2026-07-28 08:00:00+00:00,4047.573,4055.364,4042.986,4044.381,3960,40,0
2026-07-28 08:15:00+00:00,4044.33,4051.246,4044.112,4049.595,3812,40,0
2026-07-28 08:30:00+00:00,4049.546,4049.965,4041.858,4043.302,3314,40,0
2026-07-28 08:45:00+00:00,4043.352,4046.332,4041.879,4045.454,2405,40,0
2026-07-28 09:00:00+00:00,4045.401,4046.146,4040.65,4041.117,2074,40,0
2026-07-28 09:15:00+00:00,4041.17,4044.285,4038.959,4040.58,1930,40,0
2026-07-28 09:30:00+00:00,4040.592,4040.592,4029.517,4033.296,3443,40,0
2026-07-28 09:45:00+00:00,4033.245,4034.399,4019.16,4023.333,3663,40,0
2026-07-28 10:00:00+00:00,4023.283,4027.004,4020.526,4024.248,3378,40,0
2026-07-28 10:15:00+00:00,4024.376,4025.967,4016.877,4017.428,3165,40,0
2026-07-28 10:30:00+00:00,4017.704,4023.59,4017.101,4022.416,2956,40,0
2026-07-28 10:45:00+00:00,4022.417,4028.528,4022.05,4026.598,2554,40,0
2026-07-28 11:00:00+00:00,4026.539,4029.015,4023.144,4024.089,3494,40,0
2026-07-28 11:15:00+00:00,4024.036,4032.375,4023.902,4027.767,3465,40,0
2026-07-28 11:30:00+00:00,4027.666,4031.737,4026.45,4027.223,2548,40,0
2026-07-28 11:45:00+00:00,4027.291,4028.543,4023.965,4028.103,2360,40,0
2026-07-28 12:00:00+00:00,4028.006,4028.801,4022.942,4027.91,3170,40,0
2026-07-28 12:15:00+00:00,4027.93,4035.095,4026.263,4034.455,2888,40,0
2026-07-28 12:30:00+00:00,4034.544,4035.18,4025.513,4033.501,3894,40,0
2026-07-28 12:45:00+00:00,4033.614,4038.2,4028.35,4029.583,3231,40,0
2026-07-28 13:00:00+00:00,4029.554,4035.672,4029.465,4032.822,4530,40,0
2026-07-28 13:15:00+00:00,4032.872,4036.277,4028.408,4029.195,3591,40,0
2026-07-28 13:30:00+00:00,4028.892,4033.07,4020.194,4025.13,7353,40,0
2026-07-28 13:45:00+00:00,4025.267,4029.014,4021.617,4022.474,5773,40,0
2026-07-28 14:00:00+00:00,4022.472,4033.651,4021.914,4026.056,5197,40,0
2026-07-28 14:15:00+00:00,4026.107,4026.76,4011.392,4022.284,6122,40,0
2026-07-28 14:30:00+00:00,4022.234,4025.252,4018.843,4022.614,5061,40,0
2026-07-28 14:45:00+00:00,4022.751,4029.715,4021.219,4024.606,3678,40,0
2026-07-28 15:00:00+00:00,4024.306,4036.583,4022.369,4033.653,6197,40,0
2026-07-28 15:15:00+00:00,4033.717,4041.082,4031.706,4035.676,6519,40,0
2026-07-28 15:30:00+00:00,4035.744,4042.081,4032.182,4041.399,4252,40,0
2026-07-28 15:45:00+00:00,4041.254,4047.166,4041.037,4046.073,3343,40,0
2026-07-28 16:00:00+00:00,4046.381,4046.758,4042.372,4044.758,2567,40,0
2026-07-28 16:15:00+00:00,4044.636,4045.868,4042.216,4042.321,2066,40,0
2026-07-28 16:30:00+00:00,4042.378,4044.098,4040.347,4040.669,2002,40,0
2026-07-28 16:45:00+00:00,4040.62,4041.275,4036.574,4037.718,1978,40,0
2026-07-28 17:00:00+00:00,4037.769,4041.193,4035.613,4037.23,2225,40,0
2026-07-28 17:15:00+00:00,4037.178,4041.786,4035.141,4037.924,2906,40,0
2026-07-28 17:30:00+00:00,4037.975,4038.025,4027.744,4028.477,2011,40,0
2026-07-28 17:45:00+00:00,4028.464,4029.779,4025.634,4027.876,2158,40,0
2026-07-28 18:00:00+00:00,4027.919,4030.496,4027.08,4028.441,1932,40,0
2026-07-28 18:15:00+00:00,4028.443,4030.284,4025.829,4027.101,1910,40,0
2026-07-28 18:30:00+00:00,4027.176,4027.701,4023.202,4024.44,1960,40,0
2026-07-28 18:45:00+00:00,4024.465,4026.038,4021.683,4023.239,1767,40,0
2026-07-28 19:00:00+00:00,4022.931,4025.753,4022.383,4024.066,1649,40,0
2026-07-28 19:15:00+00:00,4024.209,4025.315,4021.931,4023.298,1309,40,0
2026-07-28 19:30:00+00:00,4023.584,4027.688,4022.945,4026.077,1547,40,0
2026-07-28 19:45:00+00:00,4026.151,4028.085,4025.427,4026.626,1703,40,0
2026-07-28 20:00:00+00:00,4026.317,4026.469,4022.642,4023.818,1407,40,0
2026-07-28 20:15:00+00:00,4023.552,4027.771,4023.552,4027.251,964,40,0
2026-07-28 20:30:00+00:00,4027.366,4030.302,4027.346,4030.001,1108,40,0
2026-07-28 20:45:00+00:00,4029.977,4030.535,4026.621,4028.938,1059,40,0
2026-07-28 22:00:00+00:00,4027.987,4028.725,4024.633,4024.66,826,50,0
2026-07-28 22:15:00+00:00,4024.72,4025.37,4017.514,4021.196,1053,40,0
2026-07-28 22:30:00+00:00,4020.978,4021.369,4014.004,4018.315,1597,40,0
2026-07-28 22:45:00+00:00,4018.206,4019.63,4015.373,4018.48,1404,40,0
2026-07-28 23:00:00+00:00,4018.53,4023.093,4016.378,4022.213,1558,40,0
2026-07-28 23:15:00+00:00,4022.322,4022.322,4015.065,4018.687,1774,40,0
2026-07-28 23:30:00+00:00,4018.602,4023.557,4017.577,4022.973,1298,40,0
2026-07-28 23:45:00+00:00,4022.923,4026.536,4019.095,4025.198,2414,40,0
2026-07-29 00:00:00+00:00,4024.998,4026.347,4017.688,4020.622,4928,40,0
2026-07-29 00:15:00+00:00,4020.57,4030.158,4020.57,4022.439,3546,40,0
2026-07-29 00:30:00+00:00,4022.76,4027.703,4021.521,4025.864,2908,40,0
2026-07-29 00:45:00+00:00,4025.964,4026.3,4020.563,4021.75,3110,40,0
2026-07-29 01:00:00+00:00,4021.702,4021.703,4010.103,4013.101,6645,40,0
2026-07-29 01:15:00+00:00,4013.165,4020.189,4011.692,4018.337,4130,40,0
2026-07-29 01:30:00+00:00,4018.219,4030.731,4015.172,4027.729,5897,40,0
2026-07-29 01:45:00+00:00,4027.783,4028.351,4022.024,4025.782,3691,40,0
2026-07-29 02:00:00+00:00,4025.871,4029.469,4023.073,4028.228,3961,40,0
2026-07-29 02:15:00+00:00,4028.154,4035.523,4026.245,4033.006,3085,40,0
2026-07-29 02:30:00+00:00,4033.072,4038.061,4030.721,4034.861,4002,40,0
2026-07-29 02:45:00+00:00,4034.813,4035.429,4029.235,4029.763,2703,40,0
2026-07-29 03:00:00+00:00,4029.714,4032.725,4027.453,4027.697,2888,40,0
2026-07-29 03:15:00+00:00,4028.0,4028.995,4025.484,4027.095,2335,40,0
2026-07-29 03:30:00+00:00,4027.038,4029.596,4024.539,4026.086,2028,40,0
2026-07-29 03:45:00+00:00,4026.083,4027.074,4023.098,4023.803,1641,40,0
2026-07-29 04:00:00+00:00,4023.856,4024.891,4021.231,4021.996,1841,40,0
2026-07-29 04:15:00+00:00,4021.973,4025.525,4020.551,4023.376,1895,40,0
2026-07-29 04:30:00+00:00,4023.571,4027.451,4023.248,4027.089,2074,40,0
2026-07-29 04:45:00+00:00,4027.145,4027.719,4023.769,4027.516,2321,40,0
2026-07-29 05:00:00+00:00,4027.544,4031.825,4026.664,4030.307,2393,40,0
2026-07-29 05:15:00+00:00,4030.511,4031.359,4026.95,4030.485,1874,40,0
2026-07-29 05:30:00+00:00,4030.541,4039.637,4029.766,4039.065,4137,40,0
2026-07-29 05:45:00+00:00,4039.118,4040.19,4031.744,4033.242,2976,40,0
2026-07-29 06:00:00+00:00,4033.021,4038.365,4033.021,4037.314,2696,40,0
2026-07-29 06:15:00+00:00,4037.414,4043.166,4035.991,4040.943,2299,40,0
2026-07-29 06:30:00+00:00,4040.894,4044.991,4040.642,4042.7,2452,40,0
2026-07-29 06:45:00+00:00,4042.701,4043.12,4039.943,4041.275,2067,40,0
2026-07-29 07:00:00+00:00,4041.024,4046.567,4041.024,4045.484,2201,40,0
2026-07-29 07:15:00+00:00,4045.218,4047.879,4044.112,4046.008,1720,40,0
2026-07-29 07:30:00+00:00,4046.058,4047.611,4044.781,4046.192,1811,40,0
2026-07-29 07:45:00+00:00,4045.878,4046.897,4042.782,4043.982,1536,40,0
2026-07-29 08:00:00+00:00,4043.932,4044.557,4039.197,4039.334,1975,40,0
2026-07-29 08:15:00+00:00,4039.369,4042.427,4035.62,4037.423,1810,40,0
2026-07-29 08:30:00+00:00,4037.368,4039.2,4035.88,4038.384,1831,40,0
2026-07-29 08:45:00+00:00,4038.385,4040.313,4037.022,4037.544,1806,40,0
2026-07-29 09:00:00+00:00,4037.593,4038.564,4035.529,4036.412,1481,40,0
2026-07-29 09:15:00+00:00,4036.433,4037.703,4033.51,4033.958,1364,40,0
2026-07-29 09:30:00+00:00,4034.011,4035.05,4031.153,4034.303,2164,40,0
2026-07-29 09:45:00+00:00,4034.194,4036.48,4031.999,4032.903,1559,40,0
2026-07-29 10:00:00+00:00,4032.845,4034.12,4030.959,4032.133,2271,40,0
2026-07-29 10:15:00+00:00,4032.066,4033.512,4030.242,4033.02,1629,40,0
2026-07-29 10:30:00+00:00,4033.165,4034.551,4026.241,4027.586,1910,40,0
2026-07-29 10:45:00+00:00,4027.523,4028.693,4025.892,4027.311,1486,40,0
2026-07-29 11:00:00+00:00,4027.44,4029.617,4024.885,4029.611,1933,40,0
2026-07-29 11:15:00+00:00,4029.614,4033.769,4028.354,4032.766,1613,40,0
2026-07-29 11:30:00+00:00,4032.816,4033.026,4030.074,4031.127,1431,40,0
2026-07-29 11:45:00+00:00,4031.141,4036.187,4030.444,4032.716,2153,40,0
2026-07-29 12:00:00+00:00,4032.765,4033.556,4025.964,4026.997,2099,40,0
2026-07-29 12:15:00+00:00,4027.328,4027.761,4012.549,4013.379,6587,40,0
2026-07-29 12:30:00+00:00,4013.258,4022.452,4009.235,4020.99,3938,40,0
2026-07-29 12:45:00+00:00,4020.878,4023.68,4019.009,4022.629,2542,40,0
2026-07-29 13:00:00+00:00,4022.7,4026.661,4015.09,4015.946,4442,40,0
2026-07-29 13:15:00+00:00,4015.581,4023.475,4013.73,4014.739,3957,40,0
2026-07-29 13:30:00+00:00,4014.688,4018.082,4009.936,4013.817,7404,40,0
2026-07-29 13:45:00+00:00,4013.76,4016.196,4002.492,4007.291,5966,40,0
2026-07-29 14:00:00+00:00,4007.388,4008.769,3995.884,3999.478,6580,40,0
2026-07-29 14:15:00+00:00,3999.279,4010.354,3998.799,4005.641,5634,40,0
2026-07-29 14:30:00+00:00,4005.408,4009.422,3998.989,4001.182,4300,40,0
2026-07-29 14:45:00+00:00,4001.334,4005.878,3998.28,4004.791,4857,40,0
2026-07-29 15:00:00+00:00,4004.85,4010.079,4003.184,4006.868,3924,40,0
2026-07-29 15:15:00+00:00,4006.97,4011.435,4003.736,4010.652,3316,40,0
2026-07-29 15:30:00+00:00,4010.903,4013.658,4006.985,4010.541,3468,40,0
2026-07-29 15:45:00+00:00,4010.49,4014.046,4008.344,4010.006,2824,40,0
2026-07-29 16:00:00+00:00,4009.836,4015.842,4007.535,4009.735,2935,40,0
2026-07-29 16:15:00+00:00,4009.425,4017.885,4007.872,4016.583,2551,40,0
2026-07-29 16:30:00+00:00,4016.367,4019.173,4014.86,4017.206,2368,40,0
2026-07-29 16:45:00+00:00,4017.097,4032.943,4015.272,4027.529,4087,40,0
2026-07-29 17:00:00+00:00,4027.389,4050.795,4027.274,4042.306,4823,40,0
2026-07-29 17:15:00+00:00,4042.277,4050.79,4037.447,4039.176,5210,40,0
2026-07-29 17:30:00+00:00,4039.03,4047.552,4036.273,4045.662,3373,40,0
2026-07-29 17:45:00+00:00,4045.633,4048.301,4041.392,4044.087,2811,40,0
2026-07-29 18:00:00+00:00,4044.31,4086.299,4043.18,4081.047,18716,40,0
2026-07-29 18:15:00+00:00,4081.349,4084.06,4063.755,4067.911,10415,40,0
2026-07-29 18:30:00+00:00,4067.837,4087.136,4051.993,4083.204,21324,40,0
2026-07-29 18:45:00+00:00,4083.334,4110.14,4081.915,4106.635,17607,40,0
2026-07-29 19:00:00+00:00,4106.691,4116.641,4089.875,4099.522,15864,40,0
2026-07-29 19:15:00+00:00,4099.599,4104.672,4081.047,4084.263,14122,40,0
2026-07-29 19:30:00+00:00,4084.192,4088.529,4065.182,4069.512,13143,40,0
2026-07-29 19:45:00+00:00,4069.311,4072.185,4044.139,4044.821,11308,40,0
2026-07-29 20:00:00+00:00,4044.942,4056.107,4042.567,4052.023,8999,40,0
2026-07-29 20:15:00+00:00,4051.962,4057.486,4043.942,4055.593,4891,40,0
2026-07-29 20:30:00+00:00,4055.542,4069.378,4053.927,4067.17,3378,40,0
2026-07-29 20:45:00+00:00,4067.102,4070.326,4063.335,4066.139,3277,40,0
2026-07-29 22:00:00+00:00,4068.372,4077.791,4064.923,4076.324,2069,50,0
2026-07-29 22:15:00+00:00,4076.271,4077.469,4072.497,4075.135,1546,40,0
2026-07-29 22:30:00+00:00,4074.937,4081.431,4072.872,4081.365,1740,40,0
2026-07-29 22:45:00+00:00,4081.354,4090.757,4079.722,4088.509,1998,40,0
2026-07-29 23:00:00+00:00,4088.455,4100.478,4088.275,4091.511,2135,40,0
2026-07-29 23:15:00+00:00,4091.577,4095.178,4090.397,4093.659,1647,40,0
2026-07-29 23:30:00+00:00,4093.438,4094.764,4089.355,4090.089,1639,40,0
2026-07-29 23:45:00+00:00,4090.148,4093.04,4084.493,4084.781,4000,40,0
2026-07-30 00:00:00+00:00,4084.853,4086.825,4079.261,4081.349,6622,40,0
2026-07-30 00:15:00+00:00,4081.297,4083.869,4072.788,4075.381,6157,40,0
2026-07-30 00:30:00+00:00,4075.545,4076.949,4064.977,4066.372,4963,40,0
2026-07-30 00:45:00+00:00,4066.396,4073.076,4064.86,4072.127,4067,40,0
2026-07-30 01:00:00+00:00,4072.184,4093.238,4070.24,4075.568,9218,40,0
2026-07-30 01:15:00+00:00,4075.537,4084.958,4073.272,4081.443,6890,40,0
2026-07-30 01:30:00+00:00,4081.354,4089.922,4080.543,4086.685,5188,40,0
2026-07-30 01:45:00+00:00,4086.737,4091.193,4083.721,4084.842,3825,40,0
2026-07-30 02:00:00+00:00,4084.767,4090.486,4082.353,4082.674,3781,40,0
2026-07-30 02:15:00+00:00,4082.724,4083.905,4079.957,4082.601,3126,40,0
2026-07-30 02:30:00+00:00,4082.711,4082.989,4073.573,4076.8,4913,40,0
2026-07-30 02:45:00+00:00,4076.852,4077.044,4063.401,4063.725,3792,40,0
2026-07-30 03:00:00+00:00,4063.852,4070.067,4060.449,4063.089,3985,40,0
2026-07-30 03:15:00+00:00,4063.174,4064.147,4052.546,4053.994,4068,40,0
2026-07-30 03:30:00+00:00,4054.159,4055.913,4050.772,4052.676,3564,40,0
2026-07-30 03:45:00+00:00,4052.537,4059.8,4052.149,4058.864,2662,40,0
2026-07-30 04:00:00+00:00,4059.122,4060.407,4052.784,4053.465,2667,40,0
2026-07-30 04:15:00+00:00,4053.409,4055.446,4050.844,4054.005,2052,40,0
2026-07-30 04:30:00+00:00,4053.956,4054.093,4047.581,4048.831,2047,40,0
2026-07-30 04:45:00+00:00,4048.771,4052.032,4044.328,4046.238,2764,40,0
2026-07-30 05:00:00+00:00,4046.29,4046.352,4041.766,4045.915,3572,40,0
2026-07-30 05:15:00+00:00,4045.965,4047.478,4037.599,4046.877,3543,40,0
2026-07-30 05:30:00+00:00,4046.904,4051.408,4028.399,4033.613,7211,40,0
2026-07-30 05:45:00+00:00,4033.562,4038.57,4030.109,4033.907,5137,40,0
2026-07-30 06:00:00+00:00,4033.853,4039.727,4031.416,4032.484,4730,40,0
2026-07-30 06:15:00+00:00,4032.433,4039.418,4029.296,4033.085,4717,40,0
2026-07-30 06:30:00+00:00,4033.023,4038.29,4031.196,4035.71,3909,40,0
2026-07-30 06:45:00+00:00,4035.657,4040.594,4034.2,4036.843,3257,40,0
2026-07-30 07:00:00+00:00,4036.486,4047.898,4035.502,4046.745,5002,40,0
2026-07-30 07:15:00+00:00,4046.676,4051.43,4043.208,4045.817,4130,40,0
2026-07-30 07:30:00+00:00,4045.842,4047.476,4036.319,4045.848,3693,40,0
2026-07-30 07:45:00+00:00,4045.837,4046.645,4038.173,4038.88,3357,40,0
2026-07-30 08:00:00+00:00,4038.707,4056.261,4036.66,4053.372,5392,40,0
2026-07-30 08:15:00+00:00,4053.226,4068.527,4052.228,4064.588,4780,40,0
2026-07-30 08:30:00+00:00,4064.543,4073.037,4063.114,4065.71,5763,40,0
2026-07-30 08:45:00+00:00,4065.646,4071.028,4059.58,4061.396,3384,40,0
2026-07-30 09:00:00+00:00,4061.707,4069.4,4060.287,4066.144,3313,40,0
2026-07-30 09:15:00+00:00,4066.207,4072.642,4064.383,4067.551,3988,40,0
2026-07-30 09:30:00+00:00,4067.854,4069.403,4060.68,4065.718,3730,40,0
2026-07-30 09:45:00+00:00,4065.562,4073.247,4062.285,4063.542,2806,40,0
2026-07-30 10:00:00+00:00,4063.615,4074.894,4062.939,4068.467,4410,40,0
2026-07-30 10:15:00+00:00,4068.521,4077.869,4067.518,4076.577,4445,40,0
2026-07-30 10:30:00+00:00,4076.714,4082.922,4075.203,4081.323,4353,40,0
2026-07-30 10:45:00+00:00,4081.01,4083.156,4078.098,4078.234,3117,40,0
2026-07-30 11:00:00+00:00,4078.125,4082.904,4077.647,4079.853,3180,40,0
2026-07-30 11:15:00+00:00,4079.906,4082.047,4076.613,4078.026,2733,40,0
2026-07-30 11:30:00+00:00,4078.111,4079.581,4076.134,4077.621,2653,40,0
2026-07-30 11:45:00+00:00,4077.64,4080.655,4075.711,4077.686,2523,40,0
2026-07-30 12:00:00+00:00,4077.581,4082.666,4074.658,4078.691,3300,40,0
2026-07-30 12:15:00+00:00,4078.741,4081.43,4071.629,4077.344,3745,40,0
2026-07-30 12:30:00+00:00,4077.205,4086.991,4071.657,4077.341,7287,40,0
2026-07-30 12:45:00+00:00,4077.4,4079.46,4067.132,4068.76,6040,40,0
2026-07-30 13:00:00+00:00,4069.052,4076.843,4065.087,4076.843,8755,40,0
2026-07-30 13:15:00+00:00,4076.643,4084.249,4071.965,4080.06,6118,40,0
2026-07-30 13:30:00+00:00,4080.009,4098.84,4074.905,4089.061,16250,40,0
2026-07-30 13:45:00+00:00,4089.123,4112.706,4085.642,4112.331,12316,40,0
2026-07-30 14:00:00+00:00,4112.281,4120.512,4093.917,4098.193,14793,40,0
2026-07-30 14:15:00+00:00,4098.004,4100.353,4087.219,4096.253,10360,40,0
2026-07-30 14:30:00+00:00,4096.117,4111.49,4094.673,4110.678,7772,40,0
2026-07-30 14:45:00+00:00,4110.738,4113.26,4096.385,4100.041,7548,40,0
2026-07-30 15:00:00+00:00,4100.155,4100.551,4083.063,4085.744,8608,40,0
2026-07-30 15:15:00+00:00,4085.631,4097.221,4084.748,4096.186,5952,40,0
2026-07-30 15:30:00+00:00,4096.131,4107.136,4092.595,4105.311,5254,40,0
2026-07-30 15:45:00+00:00,4105.427,4110.248,4103.52,4108.099,3802,40,0
2026-07-30 16:00:00+00:00,4108.045,4116.092,4107.728,4114.218,3627,40,0
2026-07-30 16:15:00+00:00,4114.128,4119.438,4113.591,4116.177,2753,40,0
2026-07-30 16:30:00+00:00,4116.29,4116.499,4108.3,4108.781,2845,40,0
2026-07-30 16:45:00+00:00,4108.916,4110.939,4106.555,4110.939,2145,40,0
2026-07-30 17:00:00+00:00,4110.878,4111.45,4104.831,4104.831,2308,40,0
2026-07-30 17:15:00+00:00,4105.027,4108.362,4098.691,4101.75,2532,40,0
2026-07-30 17:30:00+00:00,4101.586,4108.501,4099.97,4106.183,3939,40,0
2026-07-30 17:45:00+00:00,4106.251,4108.644,4101.17,4102.55,2195,40,0
2026-07-30 18:00:00+00:00,4102.745,4106.928,4102.745,4106.566,2108,40,0
2026-07-30 18:15:00+00:00,4106.685,4106.979,4100.742,4103.645,2033,40,0
2026-07-30 18:30:00+00:00,4103.774,4107.991,4103.04,4104.766,1758,40,0
2026-07-30 18:45:00+00:00,4105.029,4105.458,4098.793,4099.722,1775,40,0
2026-07-30 19:00:00+00:00,4099.613,4105.865,4098.805,4104.953,2127,40,0
2026-07-30 19:15:00+00:00,4105.007,4115.164,4103.001,4112.787,2391,40,0
2026-07-30 19:30:00+00:00,4112.881,4115.584,4111.488,4112.381,1854,40,0
2026-07-30 19:45:00+00:00,4112.236,4113.136,4109.309,4112.262,2052,40,0
2026-07-30 20:00:00+00:00,4112.317,4117.595,4110.093,4113.929,2674,40,0
2026-07-30 20:15:00+00:00,4113.987,4114.971,4111.661,4112.087,1563,40,0
2026-07-30 20:30:00+00:00,4112.126,4112.696,4102.313,4103.004,2147,40,0
2026-07-30 20:45:00+00:00,4103.06,4103.841,4099.087,4103.146,1766,40,0
2026-07-30 22:00:00+00:00,4105.342,4107.854,4102.537,4106.994,1191,50,0
2026-07-30 22:15:00+00:00,4106.908,4108.633,4106.558,4107.747,1103,40,0
2026-07-30 22:30:00+00:00,4107.673,4110.641,4107.203,4110.61,1101,40,0
2026-07-30 22:45:00+00:00,4110.404,4111.25,4108.968,4109.352,966,40,0
2026-07-30 23:00:00+00:00,4109.383,4111.911,4106.501,4107.22,1134,40,0
2026-07-30 23:15:00+00:00,4107.467,4107.691,4103.958,4104.317,1123,40,0
2026-07-30 23:30:00+00:00,4104.295,4107.393,4102.213,4106.326,1328,40,0
2026-07-30 23:45:00+00:00,4106.298,4110.244,4105.472,4105.745,1400,40,0
2026-07-31 00:00:00+00:00,4105.859,4107.332,4100.626,4101.456,2990,40,0
2026-07-31 00:15:00+00:00,4101.196,4103.85,4096.041,4096.525,2559,40,0
2026-07-31 00:30:00+00:00,4096.468,4097.69,4090.421,4092.891,2192,40,0
2026-07-31 00:45:00+00:00,4092.837,4096.255,4090.539,4094.89,2416,40,0
2026-07-31 01:00:00+00:00,4094.737,4101.771,4088.856,4089.15,5242,40,0
2026-07-31 01:15:00+00:00,4089.2,4095.293,4086.493,4092.176,3437,40,0
2026-07-31 01:30:00+00:00,4092.234,4092.234,4083.936,4085.941,3168,40,0
2026-07-31 01:45:00+00:00,4085.641,4089.425,4082.247,4084.197,2733,40,0
2026-07-31 02:00:00+00:00,4084.375,4090.633,4081.643,4085.718,2459,40,0
2026-07-31 02:15:00+00:00,4085.707,4085.707,4081.539,4082.252,1901,40,0
2026-07-31 02:30:00+00:00,4082.126,4084.609,4075.55,4075.655,2539,40,0
2026-07-31 02:45:00+00:00,4075.708,4078.634,4074.138,4076.348,2438,40,0
2026-07-31 03:00:00+00:00,4076.282,4076.403,4071.921,4073.466,2416,40,0
2026-07-31 03:15:00+00:00,4073.71,4076.295,4072.328,4075.364,1992,40,0
2026-07-31 03:30:00+00:00,4075.479,4079.487,4075.082,4076.681,2062,40,0
2026-07-31 03:45:00+00:00,4076.566,4077.785,4074.181,4075.136,1499,40,0
2026-07-31 04:00:00+00:00,4075.141,4077.123,4073.34,4076.643,1567,40,0
2026-07-31 04:15:00+00:00,4076.557,4079.974,4074.541,4079.946,1635,40,0
2026-07-31 04:30:00+00:00,4079.894,4081.487,4079.257,4079.333,1173,40,0
2026-07-31 04:45:00+00:00,4079.35,4080.257,4074.712,4080.095,1247,40,0
2026-07-31 05:00:00+00:00,4080.222,4083.502,4079.721,4080.048,1502,40,0
2026-07-31 05:15:00+00:00,4080.158,4083.185,4079.534,4081.044,1300,40,0
2026-07-31 05:30:00+00:00,4081.097,4081.835,4075.811,4076.599,2629,40,0
2026-07-31 05:45:00+00:00,4076.461,4076.569,4073.359,4074.637,2037,40,0
2026-07-31 06:00:00+00:00,4074.691,4083.036,4072.655,4082.518,2393,40,0
2026-07-31 06:15:00+00:00,4082.542,4087.595,4081.006,4084.873,2608,40,0
2026-07-31 06:30:00+00:00,4084.947,4085.245,4077.12,4078.207,2842,40,0
2026-07-31 06:45:00+00:00,4078.34,4081.71,4076.351,4077.803,2439,40,0
2026-07-31 07:00:00+00:00,4077.739,4079.25,4075.231,4077.462,2220,40,0
2026-07-31 07:15:00+00:00,4077.709,4079.21,4072.001,4072.801,2317,40,0
2026-07-31 07:30:00+00:00,4072.86,4074.072,4068.174,4072.136,2286,40,0
2026-07-31 07:45:00+00:00,4072.2,4074.4,4067.345,4067.757,2420,40,0
2026-07-31 08:00:00+00:00,4067.847,4067.914,4061.04,4062.375,2642,40,0
2026-07-31 08:15:00+00:00,4062.435,4067.314,4057.776,4058.756,3199,40,0
2026-07-31 08:30:00+00:00,4058.704,4061.539,4054.115,4059.436,2946,40,0
2026-07-31 08:45:00+00:00,4059.379,4064.394,4057.698,4061.134,3223,40,0
2026-07-31 09:00:00+00:00,4061.076,4064.036,4055.313,4056.921,3211,40,0
2026-07-31 09:15:00+00:00,4056.96,4057.733,4051.53,4052.575,2661,40,0
2026-07-31 09:30:00+00:00,4052.523,4054.609,4050.108,4053.061,2269,40,0
2026-07-31 09:45:00+00:00,4053.313,4057.269,4052.265,4055.053,1730,40,0
2026-07-31 10:00:00+00:00,4055.334,4058.472,4053.252,4055.835,1828,40,0
2026-07-31 10:15:00+00:00,4055.883,4056.187,4051.974,4053.165,1607,40,0
2026-07-31 10:30:00+00:00,4053.052,4056.535,4052.896,4054.693,1812,40,0
2026-07-31 10:45:00+00:00,4054.743,4057.272,4053.819,4054.411,1592,40,0
2026-07-31 11:00:00+00:00,4054.423,4059.531,4052.278,4056.919,2096,40,0
2026-07-31 11:15:00+00:00,4056.973,4061.252,4054.028,4058.935,2730,40,0
2026-07-31 11:30:00+00:00,4058.962,4058.962,4050.561,4052.219,2485,40,0
2026-07-31 11:45:00+00:00,4052.21,4055.634,4051.236,4053.831,1797,40,0
2026-07-31 12:00:00+00:00,4053.827,4059.601,4052.428,4059.026,2564,40,0
2026-07-31 12:15:00+00:00,4058.976,4059.262,4047.003,4047.277,2839,40,0
2026-07-31 12:30:00+00:00,4047.633,4051.769,4042.55,4044.509,3484,40,0
2026-07-31 12:45:00+00:00,4044.578,4046.466,4040.483,4041.02,3369,40,0
2026-07-31 13:00:00+00:00,4040.959,4042.812,4034.597,4036.482,5898,40,0
2026-07-31 13:15:00+00:00,4036.173,4047.134,4035.492,4042.751,5584,40,0
2026-07-31 13:30:00+00:00,4042.567,4044.07,4022.352,4025.227,9046,40,0
2026-07-31 13:45:00+00:00,4025.353,4032.279,4022.1,4025.596,6342,40,0
2026-07-31 14:00:00+00:00,4025.335,4032.57,4020.975,4031.902,7066,40,0
2026-07-31 14:15:00+00:00,4031.85,4040.245,4029.923,4038.933,5711,40,0
2026-07-31 14:30:00+00:00,4038.766,4043.125,4036.528,4041.386,4005,40,0
2026-07-31 14:45:00+00:00,4041.356,4050.469,4040.844,4049.151,4176,40,0
2026-07-31 15:00:00+00:00,4049.2,4050.766,4042.898,4047.222,4755,40,0
2026-07-31 15:15:00+00:00,4047.112,4052.909,4040.134,4041.386,4511,40,0
2026-07-31 15:30:00+00:00,4041.317,4043.852,4036.702,4042.358,3835,40,0
2026-07-31 15:45:00+00:00,4042.231,4046.908,4039.76,4045.666,3516,40,0
2026-07-31 16:00:00+00:00,4045.612,4047.018,4041.349,4046.301,3016,40,0
2026-07-31 16:15:00+00:00,4046.354,4048.545,4043.213,4047.391,2718,40,0
2026-07-31 16:30:00+00:00,4047.442,4050.035,4041.108,4042.617,2299,40,0
2026-07-31 16:45:00+00:00,4042.706,4045.249,4042.081,4043.464,1764,40,0
2026-07-31 17:00:00+00:00,4043.415,4046.568,4041.414,4045.436,1763,40,0
2026-07-31 17:15:00+00:00,4045.561,4053.42,4044.719,4050.314,2690,40,0
2026-07-31 17:30:00+00:00,4050.621,4053.294,4047.79,4051.89,2838,40,0
2026-07-31 17:45:00+00:00,4051.904,4054.875,4050.256,4053.486,2723,40,0
2026-07-31 18:00:00+00:00,4053.598,4055.156,4047.175,4048.198,2507,40,0
2026-07-31 18:15:00+00:00,4048.253,4051.662,4047.652,4051.04,2016,40,0
2026-07-31 18:30:00+00:00,4050.902,4051.714,4048.049,4049.625,1583,40,0
2026-07-31 18:45:00+00:00,4049.535,4051.744,4048.135,4050.718,1368,40,0
2026-07-31 19:00:00+00:00,4050.766,4053.077,4046.87,4048.019,1458,40,0
2026-07-31 19:15:00+00:00,4048.25,4050.703,4047.156,4050.502,1459,40,0
2026-07-31 19:30:00+00:00,4050.421,4054.854,4048.891,4054.089,1697,40,0
2026-07-31 19:45:00+00:00,4053.977,4055.729,4050.141,4050.959,2453,40,0
2026-07-31 20:00:00+00:00,4051.129,4051.9,4045.114,4048.079,2177,40,0
2026-07-31 20:15:00+00:00,4048.029,4049.136,4046.532,4048.028,1737,40,0
2026-07-31 20:30:00+00:00,4048.038,4053.162,4047.136,4051.455,2156,40,0
2026-07-31 20:45:00+00:00,4051.387,4052.414,4043.152,4043.917,5748,40,0
2026-08-02 22:00:00+00:00,4073.165,4079.518,4068.146,4076.432,2264,40,0
2026-08-02 22:15:00+00:00,4076.379,4077.375,4064.173,4065.969,2091,40,0
2026-08-02 22:30:00+00:00,4065.971,4068.576,4063.985,4067.031,1821,40,0
2026-08-02 22:45:00+00:00,4066.977,4067.344,4063.498,4064.014,1526,40,0
2026-08-02 23:00:00+00:00,4063.978,4067.4,4063.169,4066.425,1542,40,0
2026-08-02 23:15:00+00:00,4066.443,4072.67,4066.111,4071.984,1414,40,0
2026-08-02 23:30:00+00:00,4072.008,4072.539,4068.059,4069.56,1083,40,0
2026-08-02 23:45:00+00:00,4069.898,4075.032,4068.263,4074.878,2225,40,0
2026-08-03 00:00:00+00:00,4074.939,4079.14,4070.069,4072.225,4307,40,0
2026-08-03 00:15:00+00:00,4071.919,4073.155,4061.303,4064.483,4355,40,0
2026-08-03 00:30:00+00:00,4064.539,4070.109,4056.926,4058.422,4849,40,0
2026-08-03 00:45:00+00:00,4058.498,4060.874,4055.7,4057.219,3925,40,0
2026-08-03 01:00:00+00:00,4057.381,4063.562,4051.634,4052.597,8009,40,0
2026-08-03 01:15:00+00:00,4052.601,4055.106,4047.383,4053.076,4226,40,0
2026-08-03 01:30:00+00:00,4052.965,4057.07,4047.617,4051.058,4484,40,0
2026-08-03 01:45:00+00:00,4051.108,4057.551,4050.061,4056.484,3673,40,0
2026-08-03 02:00:00+00:00,4056.791,4061.122,4053.17,4055.776,3250,40,0
2026-08-03 02:15:00+00:00,4055.716,4060.896,4052.025,4058.241,2600,40,0
2026-08-03 02:30:00+00:00,4058.344,4060.934,4052.532,4059.489,3805,40,0
2026-08-03 02:45:00+00:00,4059.486,4067.332,4058.455,4062.331,3186,40,0
2026-08-03 03:00:00+00:00,4062.353,4065.649,4061.0,4064.136,2591,40,0
2026-08-03 03:15:00+00:00,4064.335,4068.129,4061.564,4063.831,2927,40,0
2026-08-03 03:30:00+00:00,4063.895,4065.063,4060.684,4060.813,2288,40,0
2026-08-03 03:45:00+00:00,4060.672,4066.84,4059.222,4064.984,1903,40,0
2026-08-03 04:00:00+00:00,4065.062,4068.412,4064.307,4066.621,1752,40,0
2026-08-03 04:15:00+00:00,4066.601,4071.185,4066.039,4068.4,1696,40,0
2026-08-03 04:30:00+00:00,4068.169,4071.554,4068.169,4070.828,1624,40,0
2026-08-03 04:45:00+00:00,4070.52,4071.978,4064.112,4064.112,1642,40,0
2026-08-03 05:00:00+00:00,4064.061,4065.481,4056.656,4057.457,2363,40,0
2026-08-03 05:15:00+00:00,4057.574,4062.965,4054.126,4060.326,1987,40,0
2026-08-03 05:30:00+00:00,4060.287,4064.67,4055.144,4063.365,3650,40,0
2026-08-03 05:45:00+00:00,4063.603,4069.985,4058.866,4068.918,2428,40,0
2026-08-03 06:00:00+00:00,4068.975,4071.291,4065.982,4066.279,3304,40,0
2026-08-03 06:15:00+00:00,4066.282,4072.317,4065.623,4068.534,3464,40,0
2026-08-03 06:30:00+00:00,4068.414,4068.946,4060.638,4065.483,3246,40,0
2026-08-03 06:45:00+00:00,4065.637,4067.195,4062.91,4064.111,2459,40,0
2026-08-03 07:00:00+00:00,4064.161,4065.311,4059.663,4061.467,3218,40,0
2026-08-03 07:15:00+00:00,4061.384,4062.151,4052.154,4057.954,4438,40,0
2026-08-03 07:30:00+00:00,4058.01,4061.324,4056.534,4059.576,2373,40,0
2026-08-03 07:45:00+00:00,4059.629,4063.489,4058.425,4060.935,2329,40,0
2026-08-03 08:00:00+00:00,4061.251,4062.35,4058.298,4061.716,2395,40,0
2026-08-03 08:15:00+00:00,4061.675,4062.638,4054.273,4056.115,2429,40,0
2026-08-03 08:30:00+00:00,4056.013,4060.746,4054.945,4058.635,2432,40,0
2026-08-03 08:45:00+00:00,4058.491,4061.144,4057.598,4059.374,1993,40,0
2026-08-03 09:00:00+00:00,4059.526,4062.411,4057.248,4061.646,2002,40,0
2026-08-03 09:15:00+00:00,4061.376,4061.396,4052.029,4052.769,2357,40,0
2026-08-03 09:30:00+00:00,4052.823,4054.971,4046.721,4053.438,3588,40,0
2026-08-03 09:45:00+00:00,4053.395,4058.069,4053.321,4055.473,2254,40,0
2026-08-03 10:00:00+00:00,4055.524,4057.313,4053.076,4056.24,2146,40,0
2026-08-03 10:15:00+00:00,4056.129,4057.074,4051.883,4053.344,2192,40,0
2026-08-03 10:30:00+00:00,4053.646,4053.851,4048.598,4049.351,2030,40,0
2026-08-03 10:45:00+00:00,4049.419,4050.904,4045.819,4049.599,2006,40,0
2026-08-03 11:00:00+00:00,4049.412,4053.041,4047.921,4049.776,2575,40,0
2026-08-03 11:15:00+00:00,4049.917,4050.061,4045.36,4048.702,2295,40,0
2026-08-03 11:30:00+00:00,4048.645,4055.121,4047.864,4053.56,2144,40,0
2026-08-03 11:45:00+00:00,4053.611,4063.158,4052.549,4062.643,3101,40,0
2026-08-03 12:00:00+00:00,4062.512,4064.749,4054.82,4056.048,2963,40,0
2026-08-03 12:15:00+00:00,4056.107,4056.646,4048.729,4050.973,3439,40,0
2026-08-03 12:30:00+00:00,4051.082,4052.91,4042.193,4044.762,3594,40,0
2026-08-03 12:45:00+00:00,4044.844,4049.058,4043.118,4047.594,2801,40,0
2026-08-03 13:00:00+00:00,4047.649,4053.695,4038.867,4038.967,6202,40,0
2026-08-03 13:15:00+00:00,4039.012,4040.627,4031.443,4034.167,5146,40,0
2026-08-03 13:30:00+00:00,4034.118,4035.716,4019.065,4032.224,8947,40,0
2026-08-03 13:45:00+00:00,4032.069,4035.378,4028.165,4032.426,4555,40,0
2026-08-03 14:00:00+00:00,4032.485,4036.389,4026.628,4033.328,5433,40,0
2026-08-03 14:15:00+00:00,4033.079,4036.114,4030.066,4032.705,3759,40,0
2026-08-03 14:30:00+00:00,4032.656,4038.301,4031.84,4036.55,3350,40,0
2026-08-03 14:45:00+00:00,4036.618,4039.387,4033.687,4036.501,2925,40,0
2026-08-03 15:00:00+00:00,4036.407,4037.315,4030.354,4033.571,3230,40,0
2026-08-03 15:15:00+00:00,4033.502,4038.598,4030.664,4032.789,3449,40,0
2026-08-03 15:30:00+00:00,4032.838,4039.015,4031.024,4036.92,2851,40,0
2026-08-03 15:45:00+00:00,4036.805,4041.134,4035.581,4036.204,2234,40,0
2026-08-03 16:00:00+00:00,4036.009,4037.766,4034.611,4036.526,1774,40,0
2026-08-03 16:15:00+00:00,4036.477,4038.736,4034.912,4037.169,1731,40,0
2026-08-03 16:30:00+00:00,4037.12,4039.511,4035.74,4038.841,1833,40,0
2026-08-03 16:45:00+00:00,4038.714,4038.945,4035.796,4037.145,1427,40,0
2026-08-03 17:00:00+00:00,4037.086,4037.845,4033.23,4034.475,1483,40,0
2026-08-03 17:15:00+00:00,4034.497,4037.956,4034.044,4034.38,1932,40,0
2026-08-03 17:30:00+00:00,4034.575,4037.1,4034.091,4035.996,1436,40,0
2026-08-03 17:45:00+00:00,4036.007,4036.562,4030.338,4030.724,1343,40,0
2026-08-03 18:00:00+00:00,4030.719,4038.478,4029.575,4035.18,1883,40,0
2026-08-03 18:15:00+00:00,4035.208,4039.003,4034.902,4037.921,1603,40,0
2026-08-03 18:30:00+00:00,4037.87,4041.456,4036.477,4041.456,1404,40,0
2026-08-03 18:45:00+00:00,4041.394,4045.222,4040.394,4043.433,1592,40,0
2026-08-03 19:00:00+00:00,4043.482,4049.435,4043.482,4046.193,1992,40,0
2026-08-03 19:15:00+00:00,4046.216,4054.467,4046.216,4053.037,1735,40,0
2026-08-03 19:30:00+00:00,4053.212,4055.936,4051.934,4053.995,1717,40,0
2026-08-03 19:45:00+00:00,4053.928,4055.677,4051.664,4052.22,1819,40,0
2026-08-03 20:00:00+00:00,4052.282,4053.082,4050.225,4052.463,1160,40,0
2026-08-03 20:15:00+00:00,4052.709,4055.953,4051.323,4054.258,926,40,0
2026-08-03 20:30:00+00:00,4054.328,4058.288,4053.752,4056.435,1122,40,0
2026-08-03 20:45:00+00:00,4056.474,4057.372,4054.518,4055.137,884,40,0
2026-08-03 22:00:00+00:00,4053.157,4054.758,4049.391,4051.415,995,40,0
2026-08-03 22:15:00+00:00,4051.358,4052.825,4050.755,4052.125,774,40,0
2026-08-03 22:30:00+00:00,4052.011,4053.719,4051.702,4053.124,809,40,0
2026-08-03 22:45:00+00:00,4053.094,4053.576,4051.269,4052.814,914,40,0
2026-08-03 23:00:00+00:00,4052.78,4055.253,4050.14,4051.392,1179,40,0
2026-08-03 23:15:00+00:00,4051.346,4054.72,4050.651,4051.699,1142,40,0
2026-08-03 23:30:00+00:00,4051.955,4053.176,4051.073,4052.364,847,40,0
2026-08-03 23:45:00+00:00,4052.363,4054.063,4051.31,4053.862,1152,40,0
2026-08-04 00:00:00+00:00,4053.803,4069.507,4053.065,4063.925,3675,40,0
2026-08-04 00:15:00+00:00,4063.871,4064.678,4058.107,4059.224,2262,40,0
2026-08-04 00:30:00+00:00,4059.297,4060.957,4055.616,4056.508,1888,40,0
2026-08-04 00:45:00+00:00,4056.391,4058.282,4048.706,4049.379,2701,40,0
2026-08-04 01:00:00+00:00,4049.269,4050.893,4042.503,4047.136,5488,40,0
2026-08-04 01:15:00+00:00,4046.938,4052.499,4046.938,4049.174,2548,40,0
2026-08-04 01:30:00+00:00,4049.182,4060.276,4048.405,4059.052,3750,40,0
2026-08-04 01:45:00+00:00,4058.996,4062.038,4056.82,4058.606,3035,40,0
2026-08-04 02:00:00+00:00,4058.919,4061.332,4055.858,4058.332,2592,40,0
2026-08-04 02:15:00+00:00,4058.192,4060.058,4055.908,4056.967,2142,40,0
2026-08-04 02:30:00+00:00,4056.805,4065.242,4055.683,4061.937,2761,40,0
2026-08-04 02:45:00+00:00,4061.979,4062.572,4058.071,4059.043,2053,40,0
2026-08-04 03:00:00+00:00,4058.99,4060.596,4056.589,4058.323,1930,40,0
2026-08-04 03:15:00+00:00,4058.045,4061.797,4057.755,4058.064,1903,40,0
2026-08-04 03:30:00+00:00,4058.115,4058.855,4052.647,4053.106,1926,40,0
2026-08-04 03:45:00+00:00,4053.092,4055.551,4052.041,4052.672,1417,40,0
2026-08-04 04:00:00+00:00,4052.699,4056.894,4051.102,4056.791,1456,40,0
2026-08-04 04:15:00+00:00,4056.841,4061.799,4056.036,4061.384,1630,40,0
2026-08-04 04:30:00+00:00,4061.41,4064.435,4060.507,4062.852,1484,40,0
2026-08-04 04:45:00+00:00,4062.842,4066.39,4062.405,4063.759,1506,40,0
2026-08-04 05:00:00+00:00,4063.809,4064.824,4057.299,4058.204,1724,40,0
2026-08-04 05:15:00+00:00,4058.165,4063.975,4057.384,4063.298,1537,40,0
2026-08-04 05:30:00+00:00,4063.435,4067.939,4059.381,4062.818,2782,40,0
2026-08-04 05:45:00+00:00,4062.867,4064.289,4058.645,4062.108,2277,40,0
2026-08-04 06:00:00+00:00,4062.048,4066.413,4061.883,4064.466,2599,40,0
2026-08-04 06:15:00+00:00,4064.412,4065.058,4059.737,4060.117,1967,40,0
2026-08-04 06:30:00+00:00,4060.171,4060.279,4055.705,4060.083,1936,40,0
2026-08-04 06:45:00+00:00,4060.018,4063.914,4058.781,4063.3,1936,40,0
2026-08-04 07:00:00+00:00,4063.575,4065.877,4060.898,4061.277,2278,40,0
2026-08-04 07:15:00+00:00,4061.167,4065.851,4060.916,4063.204,2030,40,0
2026-08-04 07:30:00+00:00,4063.153,4066.968,4061.353,4062.764,2027,40,0
2026-08-04 07:45:00+00:00,4062.867,4066.259,4062.404,4065.43,1559,40,0
2026-08-04 08:00:00+00:00,4065.477,4072.989,4064.478,4068.34,3027,40,0
2026-08-04 08:15:00+00:00,4068.343,4068.956,4060.478,4063.344,1963,40,0
2026-08-04 08:30:00+00:00,4063.291,4064.562,4058.575,4059.439,2564,40,0
2026-08-04 08:45:00+00:00,4059.384,4059.815,4054.564,4055.272,2153,40,0
2026-08-04 09:00:00+00:00,4055.163,4055.639,4048.58,4050.54,2156,40,0
2026-08-04 09:15:00+00:00,4050.483,4052.227,4048.727,4050.574,2060,40,0
2026-08-04 09:30:00+00:00,4050.366,4051.47,4046.213,4050.325,1862,40,0
2026-08-04 09:45:00+00:00,4050.264,4051.078,4047.436,4049.677,1666,40,0
2026-08-04 10:00:00+00:00,4049.716,4050.073,4046.918,4048.932,1482,40,0
2026-08-04 10:15:00+00:00,4048.876,4050.118,4045.536,4049.17,1368,40,0
2026-08-04 10:30:00+00:00,4049.346,4054.128,4046.485,4052.682,2309,40,0
2026-08-04 10:45:00+00:00,4052.733,4060.825,4052.453,4054.012,5437,40,0
2026-08-04 11:00:00+00:00,4054.063,4058.829,4052.51,4056.702,2852,40,0
2026-08-04 11:15:00+00:00,4056.703,4061.168,4055.535,4060.794,2044,40,0
2026-08-04 11:30:00+00:00,4060.845,4070.634,4059.829,4069.514,4137,40,0
2026-08-04 11:45:00+00:00,4069.601,4084.43,4067.03,4075.01,8111,40,0
2026-08-04 12:00:00+00:00,4075.078,4076.153,4060.934,4062.262,5144,40,0
2026-08-04 12:15:00+00:00,4062.314,4070.332,4061.022,4068.087,3571,40,0
2026-08-04 12:30:00+00:00,4068.378,4084.59,4068.378,4078.158,4714,40,0
2026-08-04 12:45:00+00:00,4078.211,4079.438,4069.487,4070.816,3779,40,0
2026-08-04 13:00:00+00:00,4071.091,4071.888,4061.038,4064.08,5238,40,0
2026-08-04 13:15:00+00:00,4063.966,4091.502,4062.233,4078.688,8629,40,0
2026-08-04 13:30:00+00:00,4078.526,4091.894,4076.041,4083.566,8719,40,0
2026-08-04 13:45:00+00:00,4083.515,4093.87,4081.654,4084.143,6151,40,0
2026-08-04 14:00:00+00:00,4084.386,4091.641,4083.22,4090.137,4386,40,0
2026-08-04 14:15:00+00:00,4090.198,4092.058,4080.684,4084.004,4873,40,0
2026-08-04 14:30:00+00:00,4084.077,4086.772,4074.339,4079.939,6317,40,0
2026-08-04 14:45:00+00:00,4079.877,4084.842,4077.806,4083.553,3693,40,0
2026-08-04 15:00:00+00:00,4083.698,4085.771,4079.534,4084.242,3128,40,0
2026-08-04 15:15:00+00:00,4084.174,4084.53,4074.767,4078.606,3827,40,0
2026-08-04 15:30:00+00:00,4078.31,4087.416,4076.675,4084.1,4575,40,0
2026-08-04 15:45:00+00:00,4084.079,4089.025,4082.759,4087.523,3025,40,0
2026-08-04 16:00:00+00:00,4087.592,4088.686,4084.429,4085.213,2739,40,0
2026-08-04 16:15:00+00:00,4085.322,4089.937,4083.022,4087.695,2096,40,0
2026-08-04 16:30:00+00:00,4087.786,4089.601,4084.917,4089.105,1958,40,0
2026-08-04 16:45:00+00:00,4089.085,4093.76,4088.649,4093.214,2067,40,0
2026-08-04 17:00:00+00:00,4093.385,4106.422,4092.386,4100.012,3858,40,0
2026-08-04 17:15:00+00:00,4100.067,4101.497,4094.194,4094.889,2875,40,0
2026-08-04 17:30:00+00:00,4094.835,4096.269,4091.768,4095.438,2013,40,0
2026-08-04 17:45:00+00:00,4095.328,4096.671,4086.228,4086.246,2200,40,0
2026-08-04 18:00:00+00:00,4086.191,4089.027,4084.884,4088.612,2414,40,0
2026-08-04 18:15:00+00:00,4088.558,4088.995,4084.438,4084.814,1917,40,0
2026-08-04 18:30:00+00:00,4084.744,4085.858,4076.287,4076.8,2183,40,0
2026-08-04 18:45:00+00:00,4076.82,4081.325,4075.146,4079.99,1952,40,0
2026-08-04 19:00:00+00:00,4079.778,4084.409,4078.708,4081.63,1894,40,0
2026-08-04 19:15:00+00:00,4081.917,4084.859,4079.341,4080.248,1775,40,0
2026-08-04 19:30:00+00:00,4080.168,4082.704,4078.864,4081.355,1483,40,0
2026-08-04 19:45:00+00:00,4081.296,4082.396,4076.477,4078.809,1704,40,0
2026-08-04 20:00:00+00:00,4078.697,4080.55,4078.282,4079.222,1415,40,0
2026-08-04 20:15:00+00:00,4078.91,4079.124,4074.675,4075.595,1577,40,0
2026-08-04 20:30:00+00:00,4075.545,4078.618,4075.425,4077.853,1151,40,0
2026-08-04 20:45:00+00:00,4077.8,4078.447,4076.086,4078.112,992,40,0
2026-08-04 22:00:00+00:00,4078.137,4078.756,4076.453,4076.96,726,40,0
2026-08-04 22:15:00+00:00,4076.904,4080.067,4075.854,4079.748,1182,40,0
2026-08-04 22:30:00+00:00,4079.973,4085.879,4079.211,4084.005,1211,40,0
2026-08-04 22:45:00+00:00,4084.059,4084.567,4075.708,4075.901,1512,40,0
2026-08-04 23:00:00+00:00,4076.047,4077.253,4068.49,4073.4,2206,40,0
2026-08-04 23:15:00+00:00,4073.306,4074.84,4065.432,4067.392,1546,40,0
2026-08-04 23:30:00+00:00,4067.392,4070.158,4065.987,4069.469,1188,40,0
2026-08-04 23:45:00+00:00,4069.441,4073.759,4069.194,4072.473,1165,40,0
2026-08-05 00:00:00+00:00,4072.456,4074.338,4070.401,4071.976,2227,40,0
2026-08-05 00:15:00+00:00,4071.949,4078.961,4071.483,4078.648,2012,40,0
2026-08-05 00:30:00+00:00,4078.607,4083.16,4077.994,4078.258,1831,40,0
2026-08-05 00:45:00+00:00,4078.249,4083.653,4077.771,4082.722,1827,40,0
2026-08-05 01:00:00+00:00,4082.53,4086.973,4077.685,4085.854,4878,40,0
2026-08-05 01:15:00+00:00,4085.907,4088.825,4082.724,4084.622,3290,40,0
2026-08-05 01:30:00+00:00,4084.689,4093.089,4080.041,4093.039,3247,40,0
2026-08-05 01:45:00+00:00,4092.989,4102.827,4092.707,4101.318,2859,40,0
2026-08-05 02:00:00+00:00,4101.268,4103.028,4096.457,4099.75,3132,40,0
2026-08-05 02:15:00+00:00,4099.809,4108.809,4095.527,4103.77,3465,40,0
2026-08-05 02:30:00+00:00,4103.657,4129.144,4101.57,4128.112,7496,40,0
2026-08-05 02:45:00+00:00,4128.164,4135.669,4124.823,4129.4,6055,40,0
2026-08-05 03:00:00+00:00,4129.35,4136.305,4126.916,4135.795,3899,40,0
2026-08-05 03:15:00+00:00,4135.851,4136.633,4129.799,4130.676,2558,40,0
2026-08-05 03:30:00+00:00,4130.624,4130.861,4127.503,4128.589,2073,40,0
2026-08-05 03:45:00+00:00,4128.639,4130.519,4127.48,4128.483,1505,40,0
2026-08-05 04:00:00+00:00,4128.49,4141.606,4128.38,4138.764,2846,40,0
2026-08-05 04:15:00+00:00,4138.83,4141.31,4137.875,4138.606,1934,40,0
2026-08-05 04:30:00+00:00,4138.528,4139.023,4133.314,4134.791,1687,40,0
2026-08-05 04:45:00+00:00,4134.781,4136.316,4132.523,4135.703,1616,40,0
2026-08-05 05:00:00+00:00,4135.765,4138.094,4134.699,4137.256,2004,40,0
2026-08-05 05:15:00+00:00,4137.266,4142.361,4135.501,4139.45,2115,40,0
2026-08-05 05:30:00+00:00,4139.575,4159.799,4139.575,4157.356,7747,40,0
2026-08-05 05:45:00+00:00,4157.195,4173.262,4156.791,4161.64,8996,40,0
2026-08-05 06:00:00+00:00,4161.58,4174.549,4160.004,4173.046,4641,40,0
2026-08-05 06:15:00+00:00,4173.03,4173.527,4160.99,4168.704,4277,40,0
2026-08-05 06:30:00+00:00,4168.653,4178.534,4167.038,4175.97,3601,40,0
2026-08-05 06:45:00+00:00,4175.975,4178.569,4172.085,4177.467,2833,40,0
2026-08-05 07:00:00+00:00,4177.773,4179.726,4166.207,4166.444,3660,40,0
2026-08-05 07:15:00+00:00,4166.498,4169.518,4163.083,4164.453,3378,40,0
2026-08-05 07:30:00+00:00,4164.565,4166.798,4162.223,4166.611,2898,40,0
2026-08-05 07:45:00+00:00,4166.861,4172.166,4164.305,4170.726,2354,40,0
2026-08-05 08:00:00+00:00,4170.674,4172.859,4164.825,4165.703,2743,40,0
2026-08-05 08:15:00+00:00,4165.755,4168.428,4162.153,4164.647,2498,40,0
2026-08-05 08:30:00+00:00,4164.71,4167.369,4161.326,4166.154,3761,40,0
2026-08-05 08:45:00+00:00,4166.222,4166.493,4158.962,4160.45,3080,40,0
2026-08-05 09:00:00+00:00,4160.507,4167.308,4160.483,4163.102,3304,40,0
2026-08-05 09:15:00+00:00,4163.17,4163.17,4155.329,4157.786,2834,40,0
2026-08-05 09:30:00+00:00,4157.842,4159.32,4154.391,4158.117,3674,40,0
2026-08-05 09:45:00+00:00,4158.157,4159.308,4152.988,4158.009,2148,40,0
2026-08-05 10:00:00+00:00,4158.07,4158.235,4150.478,4151.297,2129,40,0
2026-08-05 10:15:00+00:00,4151.408,4158.681,4150.349,4156.89,2127,40,0
2026-08-05 10:30:00+00:00,4156.694,4157.988,4153.879,4155.331,1780,40,0
2026-08-05 10:45:00+00:00,4155.135,4161.711,4154.091,4161.378,1996,40,0
2026-08-05 11:00:00+00:00,4161.319,4171.2,4160.738,4170.802,2764,40,0
2026-08-05 11:15:00+00:00,4170.81,4180.87,4169.298,4176.316,3091,40,0
2026-08-05 11:30:00+00:00,4176.13,4188.811,4174.083,4184.945,5587,40,0
2026-08-05 11:45:00+00:00,4185.123,4192.779,4182.947,4189.055,4083,40,0
2026-08-05 12:00:00+00:00,4189.112,4200.124,4188.895,4197.486,4329,40,0
2026-08-05 12:15:00+00:00,4197.671,4213.478,4197.671,4205.472,4583,40,0
2026-08-05 12:30:00+00:00,4205.528,4209.103,4192.703,4194.635,4942,40,0
2026-08-05 12:45:00+00:00,4194.941,4195.866,4183.298,4184.102,4472,40,0
2026-08-05 13:00:00+00:00,4184.052,4197.335,4183.875,4187.908,6535,40,0
2026-08-05 13:15:00+00:00,4188.048,4198.256,4185.684,4197.228,4662,40,0
2026-08-05 13:30:00+00:00,4197.289,4205.022,4192.555,4197.855,9072,40,0
2026-08-05 13:45:00+00:00,4197.662,4206.997,4189.53,4205.976,5994,40,0
2026-08-05 14:00:00+00:00,4205.918,4235.003,4203.75,4229.632,9369,40,0
2026-08-05 14:15:00+00:00,4229.55,4240.747,4226.611,4236.849,8206,40,0
2026-08-05 14:30:00+00:00,4236.679,4243.579,4228.704,4243.246,6915,40,0
2026-08-05 14:45:00+00:00,4243.512,4247.797,4233.147,4244.101,7149,40,0
2026-08-05 15:00:00+00:00,4244.036,4261.23,4242.634,4258.177,7717,40,0
2026-08-05 15:15:00+00:00,4257.869,4265.302,4250.135,4257.418,5352,40,0
2026-08-05 15:30:00+00:00,4257.618,4260.02,4252.411,4256.122,3988,40,0
2026-08-05 15:45:00+00:00,4255.758,4255.991,4232.325,4233.028,6223,40,0
2026-08-05 16:00:00+00:00,4233.079,4236.459,4224.731,4234.371,5630,40,0
2026-08-05 16:15:00+00:00,4234.216,4242.024,4232.684,4241.284,3472,40,0
2026-08-05 16:30:00+00:00,4241.497,4247.097,4239.014,4244.564,2832,40,0
2026-08-05 16:45:00+00:00,4244.616,4247.43,4238.281,4242.466,2978,40,0
2026-08-05 17:00:00+00:00,4242.295,4244.484,4239.11,4242.124,2904,40,0
2026-08-05 17:15:00+00:00,4241.807,4246.717,4236.793,4244.717,3445,40,0
2026-08-05 17:30:00+00:00,4244.653,4250.998,4240.931,4248.384,2693,40,0
2026-08-05 17:45:00+00:00,4248.373,4252.661,4247.378,4250.122,1913,40,0
2026-08-05 18:00:00+00:00,4250.059,4257.679,4249.1,4253.244,2557,40,0
2026-08-05 18:15:00+00:00,4253.215,4267.963,4252.825,4263.013,2453,40,0
2026-08-05 18:30:00+00:00,4263.055,4263.972,4254.533,4259.227,2337,40,0
2026-08-05 18:45:00+00:00,4259.244,4263.645,4257.906,4260.701,1917,40,0
2026-08-05 19:00:00+00:00,4260.814,4262.295,4256.087,4257.988,2125,40,0
2026-08-05 19:15:00+00:00,4258.048,4258.354,4250.519,4253.078,2123,40,0
2026-08-05 19:30:00+00:00,4253.136,4254.122,4248.282,4253.172,2120,40,0
2026-08-05 19:45:00+00:00,4253.119,4253.502,4246.307,4247.059,2411,40,0
2026-08-05 20:00:00+00:00,4246.892,4249.819,4246.797,4249.383,1438,40,0
2026-08-05 20:15:00+00:00,4249.496,4249.909,4245.321,4246.164,1029,40,0
2026-08-05 20:30:00+00:00,4246.147,4249.631,4245.043,4245.556,953,40,0
2026-08-05 20:45:00+00:00,4245.576,4246.762,4242.993,4246.313,991,40,0
2026-08-05 22:00:00+00:00,4248.49,4254.234,4245.723,4247.848,1307,50,0
2026-08-05 22:15:00+00:00,4247.71,4249.074,4247.121,4248.248,923,50,0
2026-08-05 22:30:00+00:00,4248.162,4250.52,4247.828,4248.5,884,40,0
2026-08-05 22:45:00+00:00,4248.446,4250.441,4247.762,4250.193,880,40,0
2026-08-05 23:00:00+00:00,4249.941,4258.168,4249.294,4256.204,1119,40,0
2026-08-05 23:15:00+00:00,4256.182,4264.5,4256.1,4263.451,1238,40,0
2026-08-05 23:30:00+00:00,4263.602,4282.091,4261.082,4280.763,2643,40,0
2026-08-05 23:45:00+00:00,4280.733,4281.031,4272.272,4278.155,2220,40,0
2026-08-06 00:00:00+00:00,4278.211,4278.211,4264.631,4270.678,5659,40,0
2026-08-06 00:15:00+00:00,4270.875,4284.874,4270.875,4274.223,5207,40,0
2026-08-06 00:30:00+00:00,4274.168,4291.352,4274.03,4286.437,4757,40,0
2026-08-06 00:45:00+00:00,4286.49,4300.451,4286.065,4294.839,4761,40,0
2026-08-06 01:00:00+00:00,4294.801,4303.069,4280.266,4284.819,10189,40,0
2026-08-06 01:15:00+00:00,4284.758,4288.065,4272.833,4276.236,6922,40,0
2026-08-06 01:30:00+00:00,4276.182,4297.483,4275.679,4288.017,6587,40,0
2026-08-06 01:45:00+00:00,4287.835,4297.664,4282.917,4286.809,5624,40,0
2026-08-06 02:00:00+00:00,4286.705,4304.309,4283.525,4295.313,4597,40,0
2026-08-06 02:15:00+00:00,4295.324,4300.095,4291.859,4292.203,2616,40,0
2026-08-06 02:30:00+00:00,4292.18,4292.612,4280.895,4286.083,4081,40,0
2026-08-06 02:45:00+00:00,4285.889,4287.358,4275.18,4278.652,3499,40,0
2026-08-06 03:00:00+00:00,4278.539,4281.13,4274.053,4274.18,3338,40,0
2026-08-06 03:15:00+00:00,4274.123,4274.316,4260.841,4266.264,4440,40,0
2026-08-06 03:30:00+00:00,4266.212,4266.896,4261.438,4262.847,2191,40,0
2026-08-06 03:45:00+00:00,4262.947,4265.928,4260.179,4265.702,2023,40,0
2026-08-06 04:00:00+00:00,4265.592,4267.291,4262.154,4263.514,2269,40,0
2026-08-06 04:15:00+00:00,4263.541,4264.019,4252.823,4255.623,2173,40,0
2026-08-06 04:30:00+00:00,4255.675,4261.257,4255.461,4259.292,2013,40,0
2026-08-06 04:45:00+00:00,4259.344,4263.116,4258.283,4262.436,1511,40,0
2026-08-06 05:00:00+00:00,4262.283,4265.433,4256.544,4259.47,2647,40,0
2026-08-06 05:15:00+00:00,4259.838,4259.838,4253.054,4254.062,2212,40,0
2026-08-06 05:30:00+00:00,4253.899,4266.055,4247.069,4263.322,4278,40,0
2026-08-06 05:45:00+00:00,4263.363,4268.799,4262.119,4267.363,2334,40,0
2026-08-06 06:00:00+00:00,4267.095,4268.735,4256.682,4260.581,2636,40,0
2026-08-06 06:15:00+00:00,4260.328,4261.341,4254.744,4257.387,2649,40,0
2026-08-06 06:30:00+00:00,4257.712,4258.19,4249.468,4256.733,2370,40,0
2026-08-06 06:45:00+00:00,4256.948,4258.158,4251.081,4256.075,2254,40,0
2026-08-06 07:00:00+00:00,4255.989,4263.761,4253.389,4263.12,2411,40,0
2026-08-06 07:15:00+00:00,4263.194,4265.489,4258.298,4261.672,2110,40,0
2026-08-06 07:30:00+00:00,4261.66,4262.105,4254.661,4255.012,1746,40,0
2026-08-06 07:45:00+00:00,4255.076,4262.842,4252.518,4262.669,2160,40,0
2026-08-06 08:00:00+00:00,4262.722,4269.617,4260.127,4269.161,2496,40,0
2026-08-06 08:15:00+00:00,4268.91,4270.823,4263.679,4267.858,2313,40,0
2026-08-06 08:30:00+00:00,4267.762,4275.131,4266.561,4273.144,2165,40,0
2026-08-06 08:45:00+00:00,4273.218,4278.96,4270.411,4278.215,3222,40,0
2026-08-06 09:00:00+00:00,4278.411,4283.788,4275.905,4279.795,2928,40,0
2026-08-06 09:15:00+00:00,4279.855,4284.86,4278.595,4283.24,2063,40,0
2026-08-06 09:30:00+00:00,4283.318,4284.329,4271.79,4271.897,2499,40,0
2026-08-06 09:45:00+00:00,4271.966,4276.203,4271.206,4273.043,1653,40,0
2026-08-06 10:00:00+00:00,4273.242,4273.907,4268.53,4269.505,1982,40,0
2026-08-06 10:15:00+00:00,4269.451,4271.189,4267.134,4269.258,1766,40,0
2026-08-06 10:30:00+00:00,4269.31,4270.049,4264.419,4265.556,1916,40,0
2026-08-06 10:45:00+00:00,4265.674,4271.658,4264.822,4270.912,1679,40,0
2026-08-06 11:00:00+00:00,4270.737,4273.532,4266.635,4268.905,2872,40,0
2026-08-06 11:15:00+00:00,4268.963,4271.7,4260.205,4264.203,2155,40,0
2026-08-06 11:30:00+00:00,4264.531,4267.19,4259.61,4260.587,2003,40,0
2026-08-06 11:45:00+00:00,4260.641,4263.841,4254.047,4263.237,2918,40,0
2026-08-06 12:00:00+00:00,4263.179,4265.935,4255.484,4256.335,2750,40,0
2026-08-06 12:15:00+00:00,4256.398,4263.205,4253.235,4261.635,3036,40,0
2026-08-06 12:30:00+00:00,4261.9,4270.863,4258.112,4267.23,2632,40,0
2026-08-06 12:45:00+00:00,4267.347,4267.884,4249.069,4250.386,4311,40,0
2026-08-06 13:00:00+00:00,4250.331,4256.043,4230.56,4238.577,7534,40,0
2026-08-06 13:15:00+00:00,4238.241,4248.392,4235.851,4247.571,4579,40,0
2026-08-06 13:30:00+00:00,4247.833,4274.284,4245.732,4270.33,8668,40,0
2026-08-06 13:45:00+00:00,4270.383,4270.545,4262.3,4267.048,6538,40,0
2026-08-06 14:00:00+00:00,4267.358,4275.441,4264.044,4268.487,7355,40,0
2026-08-06 14:15:00+00:00,4268.535,4269.229,4260.092,4265.206,5828,40,0
2026-08-06 14:30:00+00:00,4265.259,4274.901,4265.259,4273.701,5240,40,0
2026-08-06 14:45:00+00:00,4273.671,4275.464,4262.713,4272.931,4521,40,0
2026-08-06 15:00:00+00:00,4273.017,4274.636,4261.962,4263.875,5022,40,0
2026-08-06 15:15:00+00:00,4264.047,4264.138,4250.706,4255.056,5778,40,0
2026-08-06 15:30:00+00:00,4255.062,4255.857,4246.051,4251.472,4638,40,0
2026-08-06 15:45:00+00:00,4251.455,4251.697,4229.034,4233.928,7291,40,0
2026-08-06 16:00:00+00:00,4233.986,4243.127,4230.683,4233.01,7220,40,0
2026-08-06 16:15:00+00:00,4232.944,4233.168,4223.247,4230.091,6706,40,0
2026-08-06 16:30:00+00:00,4230.029,4236.261,4230.029,4233.421,3969,40,0
2026-08-06 16:45:00+00:00,4233.725,4242.729,4231.701,4241.573,2761,40,0
2026-08-06 17:00:00+00:00,4241.692,4244.816,4239.388,4240.977,2430,40,0
2026-08-06 17:15:00+00:00,4241.043,4242.843,4238.481,4241.625,2549,40,0
2026-08-06 17:30:00+00:00,4241.576,4243.774,4238.516,4242.251,2235,40,0
2026-08-06 17:45:00+00:00,4242.308,4248.387,4240.337,4247.16,2290,40,0
2026-08-06 18:00:00+00:00,4247.211,4249.193,4244.04,4246.98,1741,40,0
2026-08-06 18:15:00+00:00,4247.031,4249.782,4245.939,4246.672,1750,40,0
2026-08-06 18:30:00+00:00,4246.681,4247.787,4240.737,4241.938,1593,40,0
2026-08-06 18:45:00+00:00,4241.999,4245.739,4240.636,4243.638,1372,40,0
2026-08-06 19:00:00+00:00,4243.726,4251.449,4242.9,4247.622,1803,40,0
2026-08-06 19:15:00+00:00,4247.29,4248.58,4235.173,4237.513,3164,40,0
2026-08-06 19:30:00+00:00,4237.607,4239.842,4232.969,4234.642,2776,40,0
2026-08-06 19:45:00+00:00,4234.693,4250.886,4234.634,4248.895,3729,40,0
2026-08-06 20:00:00+00:00,4249.015,4250.35,4242.849,4244.692,1904,40,0
2026-08-06 20:15:00+00:00,4244.827,4245.927,4239.805,4242.105,1429,40,0
2026-08-06 20:30:00+00:00,4242.106,4242.675,4235.204,4235.617,1414,40,0
2026-08-06 20:45:00+00:00,4235.617,4242.086,4234.678,4240.535,1419,40,0
2026-08-06 22:00:00+00:00,4239.912,4240.647,4235.86,4239.187,843,40,0
2026-08-06 22:15:00+00:00,4239.08,4243.703,4239.046,4242.631,985,40,0
2026-08-06 22:30:00+00:00,4242.481,4243.515,4239.059,4239.585,969,40,0
2026-08-06 22:45:00+00:00,4239.569,4243.125,4238.843,4240.93,821,40,0
2026-08-06 23:00:00+00:00,4240.879,4245.75,4240.166,4245.605,986,40,0
2026-08-06 23:15:00+00:00,4245.433,4246.38,4243.153,4245.367,782,40,0
2026-08-06 23:30:00+00:00,4245.108,4248.942,4244.831,4246.898,993,40,0
2026-08-06 23:45:00+00:00,4246.909,4253.343,4245.723,4252.24,1633,40,0
2026-08-07 00:00:00+00:00,4252.494,4252.894,4243.367,4244.708,3089,40,0
2026-08-07 00:15:00+00:00,4244.769,4246.43,4239.084,4244.097,3078,40,0
2026-08-07 00:30:00+00:00,4244.156,4244.156,4230.442,4234.785,3953,40,0
2026-08-07 00:45:00+00:00,4234.839,4237.124,4229.701,4232.757,3879,40,0
2026-08-07 01:00:00+00:00,4232.644,4246.915,4231.334,4244.18,6127,40,0
2026-08-07 01:15:00+00:00,4244.235,4250.421,4240.01,4243.508,4384,40,0
2026-08-07 01:30:00+00:00,4243.237,4259.004,4239.101,4256.646,5350,40,0
2026-08-07 01:45:00+00:00,4256.708,4259.565,4251.811,4256.795,3883,40,0
2026-08-07 02:00:00+00:00,4256.746,4261.826,4255.99,4258.701,2952,40,0
2026-08-07 02:15:00+00:00,4258.633,4261.405,4257.483,4261.06,1683,40,0
2026-08-07 02:30:00+00:00,4261.001,4261.864,4249.802,4249.876,3805,40,0
2026-08-07 02:45:00+00:00,4249.821,4256.174,4247.089,4250.351,3001,40,0
2026-08-07 03:00:00+00:00,4250.298,4259.314,4249.675,4254.67,2859,40,0
2026-08-07 03:15:00+00:00,4254.596,4258.93,4251.796,4258.639,3090,40,0
2026-08-07 03:30:00+00:00,4258.523,4261.216,4257.613,4260.726,1754,40,0
2026-08-07 03:45:00+00:00,4260.629,4266.549,4259.096,4266.088,1989,40,0
2026-08-07 04:00:00+00:00,4266.024,4269.328,4262.235,4265.811,2903,40,0
2026-08-07 04:15:00+00:00,4265.973,4268.804,4261.82,4265.086,2871,40,0
2026-08-07 04:30:00+00:00,4265.147,4268.601,4260.897,4263.838,2879,40,0
2026-08-07 04:45:00+00:00,4264.094,4267.383,4262.254,4264.824,1346,40,0
2026-08-07 05:00:00+00:00,4264.951,4271.315,4261.787,4269.253,3069,40,0
2026-08-07 05:15:00+00:00,4269.558,4270.833,4264.671,4266.473,2544,40,0
2026-08-07 05:30:00+00:00,4266.53,4277.478,4265.911,4271.627,5401,40,0
2026-08-07 05:45:00+00:00,4271.619,4280.72,4271.602,4278.806,4032,40,0
2026-08-07 06:00:00+00:00,4278.833,4291.832,4278.293,4286.702,3919,40,0
2026-08-07 06:15:00+00:00,4286.639,4291.573,4283.218,4283.456,4586,40,0
2026-08-07 06:30:00+00:00,4283.26,4295.369,4280.049,4292.233,4097,40,0
2026-08-07 06:45:00+00:00,4292.177,4298.922,4288.647,4297.104,3589,40,0
2026-08-07 07:00:00+00:00,4297.324,4298.074,4290.335,4291.422,2924,40,0
2026-08-07 07:15:00+00:00,4291.457,4292.993,4284.663,4285.651,2906,40,0
2026-08-07 07:30:00+00:00,4285.596,4288.933,4283.913,4285.272,2623,40,0
2026-08-07 07:45:00+00:00,4285.307,4291.317,4282.853,4290.092,2365,40,0
2026-08-07 08:00:00+00:00,4290.147,4300.728,4289.026,4299.791,2993,40,0
2026-08-07 08:15:00+00:00,4300.096,4300.86,4293.222,4294.894,2656,40,0
2026-08-07 08:30:00+00:00,4295.024,4316.904,4294.013,4309.286,5292,40,0
2026-08-07 08:45:00+00:00,4309.349,4311.621,4303.306,4305.971,3147,40,0
2026-08-07 09:00:00+00:00,4306.024,4307.569,4304.413,4306.285,2787,40,0
2026-08-07 09:15:00+00:00,4306.151,4311.268,4304.78,4306.697,2637,40,0
2026-08-07 09:30:00+00:00,4307.013,4318.475,4302.267,4317.335,3518,40,0
2026-08-07 09:45:00+00:00,4317.397,4320.879,4314.522,4315.997,3511,40,0
2026-08-07 10:00:00+00:00,4315.993,4319.558,4308.013,4308.221,2766,40,0
2026-08-07 10:15:00+00:00,4308.435,4314.661,4308.435,4314.009,2271,40,0
2026-08-07 10:30:00+00:00,4313.683,4318.462,4313.178,4317.051,2006,40,0
2026-08-07 10:45:00+00:00,4316.866,4320.683,4316.295,4316.829,2353,40,0
2026-08-07 11:00:00+00:00,4316.818,4326.258,4316.708,4320.509,3178,40,0
2026-08-07 11:15:00+00:00,4320.451,4327.635,4317.086,4325.067,3544,50,0
2026-08-07 11:30:00+00:00,4325.125,4327.953,4320.848,4322.73,3136,40,0
2026-08-07 11:45:00+00:00,4322.83,4327.07,4320.787,4321.407,2475,40,0
2026-08-07 12:00:00+00:00,4321.396,4325.524,4314.844,4315.202,3686,40,0
2026-08-07 12:15:00+00:00,4315.149,4317.371,4301.002,4307.81,5230,40,0
2026-08-07 12:30:00+00:00,4307.668,4371.016,4307.19,4366.834,17191,50,0
2026-08-07 12:45:00+00:00,4367.176,4371.975,4355.522,4361.378,10167,50,0
2026-08-07 13:00:00+00:00,4361.432,4364.444,4345.947,4348.038,10084,50,0
2026-08-07 13:15:00+00:00,4347.975,4358.059,4339.076,4356.418,7241,50,0
2026-08-07 13:30:00+00:00,4356.475,4368.191,4350.365,4358.827,11121,50,0
2026-08-07 13:45:00+00:00,4358.765,4360.103,4342.474,4348.374,9167,50,0
2026-08-07 14:00:00+00:00,4348.366,4349.128,4327.486,4334.475,10982,50,0
2026-08-07 14:15:00+00:00,4334.537,4353.141,4330.596,4349.092,8435,40,0
2026-08-07 14:30:00+00:00,4348.878,4350.906,4342.267,4344.398,7195,50,0
2026-08-07 14:45:00+00:00,4344.457,4349.099,4340.3,4341.783,5747,40,0
2026-08-07 15:00:00+00:00,4341.723,4355.985,4340.079,4355.421,6333,50,0
2026-08-07 15:15:00+00:00,4355.483,4358.542,4351.008,4351.569,4568,50,0
2026-08-07 15:30:00+00:00,4351.626,4354.161,4347.084,4349.757,4718,50,0
2026-08-07 15:45:00+00:00,4349.893,4352.053,4339.755,4341.13,4185,40,0
2026-08-07 16:00:00+00:00,4341.267,4349.68,4338.449,4347.665,3828,40,0
2026-08-07 16:15:00+00:00,4347.734,4349.901,4334.416,4337.518,5144,40,0
2026-08-07 16:30:00+00:00,4337.454,4342.247,4332.637,4338.676,4417,40,0
2026-08-07 16:45:00+00:00,4338.939,4342.458,4329.143,4329.143,4029,40,0
2026-08-07 17:00:00+00:00,4329.321,4338.496,4327.819,4335.584,2906,40,0
2026-08-07 17:15:00+00:00,4335.516,4342.199,4333.69,4339.867,2911,40,0
2026-08-07 17:30:00+00:00,4339.811,4340.201,4329.674,4336.109,3396,40,0
2026-08-07 17:45:00+00:00,4336.319,4343.293,4334.929,4340.414,2090,40,0
2026-08-07 18:00:00+00:00,4340.454,4343.227,4334.859,4335.142,2147,40,0
2026-08-07 18:15:00+00:00,4335.155,4338.147,4332.068,4334.605,2309,40,0
2026-08-07 18:30:00+00:00,4334.445,4339.229,4333.406,4334.535,1925,40,0
2026-08-07 18:45:00+00:00,4334.526,4337.845,4333.387,4335.51,1684,40,0
2026-08-07 19:00:00+00:00,4335.577,4346.025,4335.414,4343.747,3733,40,0
2026-08-07 19:15:00+00:00,4343.799,4350.422,4342.892,4348.745,3255,40,0
2026-08-07 19:30:00+00:00,4348.533,4349.06,4344.439,4347.788,2633,40,0
2026-08-07 19:45:00+00:00,4347.817,4349.588,4340.152,4344.192,2967,40,0
2026-08-07 20:00:00+00:00,4344.128,4345.428,4338.182,4342.646,1732,50,0
2026-08-07 20:15:00+00:00,4342.674,4343.216,4337.079,4338.043,1340,50,0
2026-08-07 20:30:00+00:00,4338.039,4342.504,4335.98,4341.493,1312,50,0
2026-08-07 20:45:00+00:00,4341.44,4342.681,4339.11,4342.307,1841,50,0
2026-08-09 22:00:00+00:00,4347.907,4348.945,4332.85,4343.656,2843,50,0
2026-08-09 22:15:00+00:00,4343.662,4345.035,4338.406,4343.638,1708,40,0
2026-08-09 22:30:00+00:00,4343.974,4345.284,4340.147,4340.656,1329,40,0
2026-08-09 22:45:00+00:00,4340.582,4344.387,4340.36,4341.801,1038,40,0
2026-08-09 23:00:00+00:00,4341.783,4347.782,4341.245,4346.728,1377,40,0
2026-08-09 23:15:00+00:00,4346.732,4349.258,4344.107,4346.393,1124,40,0
2026-08-09 23:30:00+00:00,4346.383,4347.68,4339.997,4342.295,1342,40,0
2026-08-09 23:45:00+00:00,4342.474,4343.51,4331.996,4332.7,1688,40,0
2026-08-10 00:00:00+00:00,4332.637,4347.212,4332.466,4344.669,5326,40,0
2026-08-10 00:15:00+00:00,4344.729,4345.803,4337.221,4337.792,4172,50,0
2026-08-10 00:30:00+00:00,4337.794,4339.573,4333.651,4334.774,3621,50,0
2026-08-10 00:45:00+00:00,4334.653,4337.692,4330.716,4332.324,3494,50,0
2026-08-10 01:00:00+00:00,4332.378,4340.949,4322.104,4323.344,10698,50,0
2026-08-10 01:15:00+00:00,4323.398,4328.416,4316.229,4316.293,4804,50,0
2026-08-10 01:30:00+00:00,4316.511,4321.127,4313.221,4317.244,5434,50,0
2026-08-10 01:45:00+00:00,4317.44,4324.494,4316.058,4322.561,4058,50,0
2026-08-10 02:00:00+00:00,4322.779,4325.914,4318.708,4324.659,3870,50,0
2026-08-10 02:15:00+00:00,4324.489,4332.348,4323.549,4330.84,2643,50,0
2026-08-10 02:30:00+00:00,4330.772,4332.639,4323.156,4326.35,4332,50,0
2026-08-10 02:45:00+00:00,4326.409,4327.379,4318.685,4319.587,3229,40,0
2026-08-10 03:00:00+00:00,4319.808,4321.45,4317.565,4320.028,2583,50,0
2026-08-10 03:15:00+00:00,4319.908,4328.417,4319.661,4327.1,2768,40,0
2026-08-10 03:30:00+00:00,4327.152,4330.177,4324.646,4325.336,2128,50,0
2026-08-10 03:45:00+00:00,4325.025,4327.939,4324.271,4326.507,1550,50,0
2026-08-10 04:00:00+00:00,4326.808,4332.949,4322.914,4332.555,2358,50,0
2026-08-10 04:15:00+00:00,4332.219,4337.741,4330.934,4334.859,2142,50,0
2026-08-10 04:30:00+00:00,4334.804,4336.295,4329.739,4332.138,1947,50,0
2026-08-10 04:45:00+00:00,4332.19,4339.64,4331.777,4339.475,2081,50,0
2026-08-10 05:00:00+00:00,4339.422,4339.905,4333.671,4335.23,1926,50,0
2026-08-10 05:15:00+00:00,4335.31,4336.469,4332.918,4334.034,1505,40,0
2026-08-10 05:30:00+00:00,4333.919,4344.539,4331.546,4343.336,5368,50,0
2026-08-10 05:45:00+00:00,4343.406,4352.365,4340.853,4347.542,3854,50,0
2026-08-10 06:00:00+00:00,4347.486,4350.135,4341.943,4347.461,3555,50,0
2026-08-10 06:15:00+00:00,4347.594,4350.024,4342.57,4348.43,2813,50,0
2026-08-10 06:30:00+00:00,4348.368,4356.061,4345.982,4355.101,2741,50,0
2026-08-10 06:45:00+00:00,4355.456,4360.045,4354.962,4358.106,2723,50,0
2026-08-10 07:00:00+00:00,4357.985,4358.985,4350.221,4351.203,2817,50,0
2026-08-10 07:15:00+00:00,4351.112,4359.033,4350.585,4355.059,2612,50,0
2026-08-10 07:30:00+00:00,4355.148,4360.282,4352.695,4359.341,2651,50,0
2026-08-10 07:45:00+00:00,4359.289,4362.269,4354.867,4355.656,2692,40,0
2026-08-10 08:00:00+00:00,4355.601,4356.475,4351.628,4354.432,2289,50,0
2026-08-10 08:15:00+00:00,4354.569,4356.244,4352.257,4355.655,1866,40,0
2026-08-10 08:30:00+00:00,4355.511,4356.775,4345.819,4346.448,2255,50,0
2026-08-10 08:45:00+00:00,4346.57,4349.235,4343.799,4346.503,2556,50,0
2026-08-10 09:00:00+00:00,4346.848,4350.121,4345.545,4349.641,2603,40,0
2026-08-10 09:15:00+00:00,4349.694,4349.73,4344.789,4347.201,1823,50,0
2026-08-10 09:30:00+00:00,4347.139,4347.139,4340.366,4344.096,2604,40,0
2026-08-10 09:45:00+00:00,4344.314,4345.643,4340.889,4341.276,1690,40,0
2026-08-10 10:00:00+00:00,4341.075,4341.736,4339.113,4340.748,2132,40,0
2026-08-10 10:15:00+00:00,4340.627,4344.299,4339.581,4343.622,1708,40,0
2026-08-10 10:30:00+00:00,4343.556,4344.283,4337.823,4338.112,1978,50,0
2026-08-10 10:45:00+00:00,4338.032,4340.764,4335.48,4335.989,1904,40,0
2026-08-10 11:00:00+00:00,4336.044,4337.017,4329.838,4331.568,2423,40,0
2026-08-10 11:15:00+00:00,4331.787,4336.384,4328.859,4334.622,1976,40,0
2026-08-10 11:30:00+00:00,4334.689,4339.52,4334.538,4337.469,1996,40,0
2026-08-10 11:45:00+00:00,4337.524,4337.973,4331.998,4335.01,1993,40,0
2026-08-10 12:00:00+00:00,4334.952,4337.746,4331.113,4331.754,2862,50,0
2026-08-10 12:15:00+00:00,4332.08,4332.647,4324.12,4327.635,2967,40,0
2026-08-10 12:30:00+00:00,4327.878,4332.658,4326.416,4329.228,3267,40,0
2026-08-10 12:45:00+00:00,4329.208,4335.649,4328.917,4332.671,2514,40,0
2026-08-10 13:00:00+00:00,4332.606,4337.92,4325.912,4337.15,4848,40,0
2026-08-10 13:15:00+00:00,4337.143,4337.808,4329.121,4335.102,3217,40,0
2026-08-10 13:30:00+00:00,4334.984,4340.059,4329.85,4331.117,6983,40,0
2026-08-10 13:45:00+00:00,4331.193,4332.153,4316.638,4318.277,6391,40,0
2026-08-10 14:00:00+00:00,4318.182,4331.282,4318.058,4330.048,4279,40,0
2026-08-10 14:15:00+00:00,4330.101,4348.344,4328.488,4345.65,5673,40,0
2026-08-10 14:30:00+00:00,4345.707,4352.227,4344.867,4349.49,4696,50,0
2026-08-10 14:45:00+00:00,4349.491,4350.798,4342.732,4345.444,3784,40,0
2026-08-10 15:00:00+00:00,4345.802,4352.388,4343.194,4346.974,4218,40,0
2026-08-10 15:15:00+00:00,4346.854,4352.407,4345.923,4349.476,3101,40,0
2026-08-10 15:30:00+00:00,4349.537,4352.222,4347.84,4350.535,3211,50,0
2026-08-10 15:45:00+00:00,4350.414,4359.756,4348.613,4358.351,3287,40,0
2026-08-10 16:00:00+00:00,4358.41,4364.997,4356.924,4361.595,3479,50,0
2026-08-10 16:15:00+00:00,4361.653,4364.814,4360.938,4362.971,2235,40,0
2026-08-10 16:30:00+00:00,4363.049,4363.21,4349.142,4351.908,4846,50,0
2026-08-10 16:45:00+00:00,4351.967,4357.192,4351.832,4356.78,2353,40,0
2026-08-10 17:00:00+00:00,4356.838,4358.349,4351.622,4357.244,2078,40,0
2026-08-10 17:15:00+00:00,4356.949,4361.385,4356.256,4361.103,2084,40,0
2026-08-10 17:30:00+00:00,4361.011,4365.67,4359.599,4360.47,1891,40,0
2026-08-10 17:45:00+00:00,4360.473,4361.432,4357.712,4360.178,1935,40,0
2026-08-10 18:00:00+00:00,4360.233,4365.317,4359.857,4363.189,1862,40,0
2026-08-10 18:15:00+00:00,4362.962,4367.264,4361.516,4365.727,1957,40,0
2026-08-10 18:30:00+00:00,4366.122,4383.154,4365.04,4379.942,4327,50,0
2026-08-10 18:45:00+00:00,4379.645,4380.163,4373.55,4378.568,2559,50,0
2026-08-10 19:00:00+00:00,4378.624,4383.006,4378.624,4382.041,2195,50,0
2026-08-10 19:15:00+00:00,4382.109,4391.805,4381.211,4390.771,2839,50,0
2026-08-10 19:30:00+00:00,4390.826,4394.393,4384.483,4388.16,2869,50,0
2026-08-10 19:45:00+00:00,4388.49,4395.422,4387.206,4388.503,2632,50,0
2026-08-10 20:00:00+00:00,4388.464,4390.782,4385.681,4389.316,1385,50,0
2026-08-10 20:15:00+00:00,4389.37,4392.17,4386.592,4391.327,1159,50,0
2026-08-10 20:30:00+00:00,4391.054,4392.057,4389.789,4389.828,913,50,0
2026-08-10 20:45:00+00:00,4390.069,4390.913,4388.816,4389.262,963,50,0
2026-08-10 22:00:00+00:00,4391.272,4393.121,4388.73,4391.249,1058,50,0
2026-08-10 22:15:00+00:00,4391.305,4393.794,4391.132,4392.212,809,50,0
2026-08-10 22:30:00+00:00,4392.212,4396.467,4392.051,4395.351,963,50,0
2026-08-10 22:45:00+00:00,4395.581,4400.894,4395.581,4399.887,1060,50,0
2026-08-10 23:00:00+00:00,4399.946,4402.252,4395.691,4397.368,1491,50,0
2026-08-10 23:15:00+00:00,4397.641,4397.657,4394.598,4395.426,967,50,0
2026-08-10 23:30:00+00:00,4395.42,4399.129,4395.296,4398.64,978,40,0
2026-08-10 23:45:00+00:00,4398.736,4402.726,4396.434,4402.369,1441,40,0
2026-08-11 00:00:00+00:00,4402.317,4409.199,4396.563,4405.62,3852,50,0
2026-08-11 00:15:00+00:00,4405.677,4416.416,4404.448,4413.943,2746,50,0
2026-08-11 00:30:00+00:00,4414.012,4414.372,4407.495,4414.372,2557,50,0
2026-08-11 00:45:00+00:00,4414.444,4419.417,4408.3,4409.572,2931,50,0
2026-08-11 01:00:00+00:00,4409.63,4415.329,4393.637,4414.798,9239,50,0
2026-08-11 01:15:00+00:00,4414.64,4420.595,4412.565,4419.46,4945,50,0
2026-08-11 01:30:00+00:00,4419.307,4422.742,4415.118,4415.196,3692,50,0
2026-08-11 01:45:00+00:00,4415.337,4434.278,4414.48,4429.931,4345,50,0
2026-08-11 02:00:00+00:00,4429.857,4434.754,4421.629,4433.843,4232,50,0
2026-08-11 02:15:00+00:00,4433.762,4435.369,4426.216,4428.698,3013,50,0
2026-08-11 02:30:00+00:00,4428.627,4429.404,4413.738,4418.254,5051,50,0
2026-08-11 02:45:00+00:00,4418.587,4419.216,4407.949,4410.855,4066,50,0
2026-08-11 03:00:00+00:00,4411.066,4415.407,4409.54,4413.64,3199,50,0
2026-08-11 03:15:00+00:00,4413.32,4420.716,4412.972,4420.331,2603,50,0
2026-08-11 03:30:00+00:00,4420.264,4421.708,4415.536,4416.111,1733,50,0
2026-08-11 03:45:00+00:00,4416.093,4419.051,4414.038,4417.046,1852,50,0
2026-08-11 04:00:00+00:00,4417.116,4419.744,4412.252,4413.872,1994,50,0
2026-08-11 04:15:00+00:00,4414.091,4415.978,4410.06,4415.208,1949,50,0
2026-08-11 04:30:00+00:00,4415.544,4420.347,4408.423,4410.291,3717,50,0
2026-08-11 04:45:00+00:00,4410.199,4411.463,4403.27,4409.113,2568,50,0
2026-08-11 05:00:00+00:00,4408.784,4409.208,4399.308,4402.359,2362,50,0
2026-08-11 05:15:00+00:00,4402.303,4402.303,4390.801,4392.563,3325,50,0
2026-08-11 05:30:00+00:00,4392.509,4392.509,4372.415,4377.229,10046,50,0
2026-08-11 05:45:00+00:00,4377.113,4378.482,4367.343,4375.35,5763,50,0
2026-08-11 06:00:00+00:00,4375.287,4382.466,4371.611,4373.023,4883,50,0
2026-08-11 06:15:00+00:00,4372.848,4376.29,4361.895,4363.662,5417,50,0
2026-08-11 06:30:00+00:00,4363.548,4369.446,4359.88,4363.926,4827,50,0
2026-08-11 06:45:00+00:00,4363.979,4367.612,4359.606,4366.217,3575,50,0
2026-08-11 07:00:00+00:00,4366.381,4367.971,4361.331,4363.32,3482,50,0
2026-08-11 07:15:00+00:00,4363.22,4366.068,4357.477,4363.305,2858,50,0
2026-08-11 07:30:00+00:00,4363.397,4365.11,4356.727,4358.743,3150,50,0
2026-08-11 07:45:00+00:00,4358.874,4361.636,4356.793,4357.952,2383,50,0
2026-08-11 08:00:00+00:00,4357.886,4366.892,4356.964,4365.332,2596,50,0
2026-08-11 08:15:00+00:00,4365.301,4369.837,4359.131,4369.124,2840,50,0
2026-08-11 08:30:00+00:00,4369.057,4376.116,4368.561,4374.756,2278,50,0
2026-08-11 08:45:00+00:00,4374.811,4376.815,4369.005,4369.206,2307,50,0
2026-08-11 09:00:00+00:00,4369.259,4373.112,4367.489,4372.355,2272,50,0
2026-08-11 09:15:00+00:00,4372.625,4375.682,4370.749,4372.012,2839,50,0
2026-08-11 09:30:00+00:00,4371.937,4375.14,4369.949,4370.448,2522,50,0
2026-08-11 09:45:00+00:00,4370.66,4374.71,4370.348,4372.37,1597,50,0
2026-08-11 10:00:00+00:00,4372.648,4376.173,4371.058,4373.365,1929,50,0
2026-08-11 10:15:00+00:00,4373.313,4381.776,4372.285,4378.189,2667,50,0
2026-08-11 10:30:00+00:00,4378.409,4381.082,4377.065,4377.966,1747,50,0
2026-08-11 10:45:00+00:00,4377.681,4382.737,4377.611,4382.518,1767,50,0
2026-08-11 11:00:00+00:00,4382.374,4393.136,4380.345,4391.518,5882,50,0
2026-08-11 11:15:00+00:00,4391.58,4392.535,4385.286,4387.528,3032,50,0
2026-08-11 11:30:00+00:00,4387.647,4388.3,4382.876,4386.216,2368,50,0
2026-08-11 11:45:00+00:00,4386.161,4389.912,4385.181,4387.912,2440,50,0
2026-08-11 12:00:00+00:00,4387.66,4397.758,4383.814,4397.05,3648,50,0
2026-08-11 12:15:00+00:00,4396.851,4399.723,4387.453,4391.463,5124,50,0
2026-08-11 12:30:00+00:00,4391.279,4398.516,4388.663,4398.456,3570,50,0
2026-08-11 12:45:00+00:00,4398.672,4400.234,4392.329,4392.678,2790,50,0
2026-08-11 13:00:00+00:00,4392.799,4401.048,4391.806,4394.031,4304,50,0
2026-08-11 13:15:00+00:00,4393.85,4400.851,4389.708,4398.097,3895,50,0
2026-08-11 13:30:00+00:00,4397.888,4402.155,4388.853,4399.765,6511,50,0
2026-08-11 13:45:00+00:00,4399.837,4404.287,4384.513,4389.541,6189,50,0
2026-08-11 14:00:00+00:00,4389.599,4389.976,4381.148,4387.164,5072,50,0
2026-08-11 14:15:00+00:00,4387.073,4390.453,4381.667,4384.045,4879,50,0
2026-08-11 14:30:00+00:00,4384.345,4395.603,4384.291,4393.418,4007,50,0
2026-08-11 14:45:00+00:00,4393.478,4398.25,4391.792,4393.968,2858,50,0
2026-08-11 15:00:00+00:00,4394.023,4398.998,4389.19,4392.205,3325,50,0
2026-08-11 15:15:00+00:00,4392.208,4392.311,4382.101,4386.665,3997,50,0
2026-08-11 15:30:00+00:00,4386.724,4387.033,4369.118,4375.802,5905,50,0
2026-08-11 15:45:00+00:00,4375.83,4384.04,4374.85,4383.749,3312,50,0
2026-08-11 16:00:00+00:00,4383.867,4384.912,4378.645,4379.661,2238,50,0
2026-08-11 16:15:00+00:00,4379.779,4383.61,4378.368,4383.274,2164,50,0
2026-08-11 16:30:00+00:00,4383.216,4385.905,4379.218,4384.738,1877,50,0
2026-08-11 16:45:00+00:00,4384.649,4385.678,4381.106,4383.628,1865,50,0
2026-08-11 17:00:00+00:00,4383.391,4385.906,4381.171,4381.246,2113,50,0
2026-08-11 17:15:00+00:00,4381.193,4384.542,4379.019,4381.504,2633,50,0
2026-08-11 17:30:00+00:00,4381.642,4382.228,4374.241,4376.45,2335,50,0
2026-08-11 17:45:00+00:00,4376.162,4377.605,4368.97,4369.302,1941,50,0
2026-08-11 18:00:00+00:00,4369.391,4369.391,4360.082,4363.661,3299,50,0
2026-08-11 18:15:00+00:00,4363.608,4367.433,4360.328,4361.582,2483,40,0
2026-08-11 18:30:00+00:00,4361.634,4371.966,4361.318,4371.23,1941,50,0
2026-08-11 18:45:00+00:00,4370.997,4372.868,4369.984,4371.627,1407,50,0
2026-08-11 19:00:00+00:00,4371.754,4372.261,4363.367,4364.009,2062,50,0
2026-08-11 19:15:00+00:00,4364.061,4370.905,4361.248,4370.555,2100,50,0
2026-08-11 19:30:00+00:00,4370.698,4374.421,4366.338,4367.423,2047,50,0
2026-08-11 19:45:00+00:00,4367.654,4373.474,4366.201,4370.81,2158,50,0
2026-08-11 20:00:00+00:00,4370.865,4371.302,4368.583,4370.286,1144,50,0
2026-08-11 20:15:00+00:00,4370.531,4371.227,4367.742,4370.434,849,50,0
2026-08-11 20:30:00+00:00,4370.243,4370.535,4367.43,4367.699,733,50,0
2026-08-11 20:45:00+00:00,4367.646,4369.061,4367.127,4368.135,876,50,0
2026-08-11 22:00:00+00:00,4372.617,4375.608,4370.516,4374.128,939,50,0
2026-08-11 22:15:00+00:00,4373.914,4377.347,4373.341,4376.46,1078,50,0
2026-08-11 22:30:00+00:00,4376.444,4377.941,4374.99,4376.028,934,50,0
2026-08-11 22:45:00+00:00,4376.064,4378.391,4367.447,4369.173,1661,40,0
2026-08-11 23:00:00+00:00,4369.239,4369.812,4362.545,4366.734,2202,50,0
2026-08-11 23:15:00+00:00,4366.686,4374.648,4365.329,4372.998,1760,50,0
2026-08-11 23:30:00+00:00,4372.951,4373.066,4366.517,4367.882,1093,40,0
2026-08-11 23:45:00+00:00,4367.882,4371.863,4367.882,4371.473,1125,40,0
2026-08-12 00:00:00+00:00,4371.564,4379.5,4366.663,4377.939,3489,40,0
2026-08-12 00:15:00+00:00,4378.156,4381.038,4374.259,4380.675,3029,50,0
2026-08-12 00:30:00+00:00,4380.73,4383.87,4379.229,4382.815,2567,50,0
2026-08-12 00:45:00+00:00,4382.746,4383.312,4377.615,4380.432,2027,50,0
2026-08-12 01:00:00+00:00,4380.552,4390.755,4378.306,4390.238,4730,50,0
2026-08-12 01:15:00+00:00,4390.564,4394.203,4386.531,4390.512,2183,50,0
2026-08-12 01:30:00+00:00,4390.46,4393.177,4385.372,4393.092,2675,50,0
2026-08-12 01:45:00+00:00,4393.102,4397.516,4391.03,4396.276,2085,50,0
2026-08-12 02:00:00+00:00,4396.333,4405.002,4394.208,4401.835,2731,50,0
2026-08-12 02:15:00+00:00,4401.724,4403.735,4399.512,4402.449,2042,50,0
2026-08-12 02:30:00+00:00,4402.242,4408.495,4397.943,4405.435,2805,50,0
2026-08-12 02:45:00+00:00,4405.505,4414.585,4405.36,4411.513,2984,50,0
2026-08-12 03:00:00+00:00,4411.293,4416.44,4408.513,4410.818,2750,50,0
2026-08-12 03:15:00+00:00,4410.875,4410.938,4404.651,4407.584,2116,50,0
2026-08-12 03:30:00+00:00,4407.255,4408.933,4401.26,4401.653,1698,50,0
2026-08-12 03:45:00+00:00,4401.632,4403.862,4400.687,4402.248,1444,50,0
2026-08-12 04:00:00+00:00,4402.521,4403.524,4396.567,4397.561,1337,50,0
2026-08-12 04:15:00+00:00,4397.57,4399.495,4395.444,4398.888,1377,50,0
2026-08-12 04:30:00+00:00,4398.941,4400.289,4395.312,4399.997,1317,50,0
2026-08-12 04:45:00+00:00,4400.014,4402.577,4399.183,4400.984,1389,50,0
2026-08-12 05:00:00+00:00,4400.86,4405.05,4400.129,4400.994,1533,50,0
2026-08-12 05:15:00+00:00,4400.94,4400.961,4392.461,4392.538,2005,50,0
2026-08-12 05:30:00+00:00,4392.753,4397.033,4387.971,4388.022,3692,50,0
2026-08-12 05:45:00+00:00,4388.154,4394.019,4383.916,4391.473,3169,50,0
2026-08-12 06:00:00+00:00,4391.137,4393.176,4385.1,4387.218,2257,50,0
2026-08-12 06:15:00+00:00,4387.164,4390.703,4385.731,4389.685,2300,50,0
2026-08-12 06:30:00+00:00,4389.745,4397.535,4388.183,4394.611,2888,50,0
2026-08-12 06:45:00+00:00,4394.521,4406.466,4394.521,4403.304,2480,50,0
2026-08-12 07:00:00+00:00,4403.403,4406.213,4400.975,4401.583,2360,50,0
2026-08-12 07:15:00+00:00,4401.686,4402.91,4398.331,4402.329,1751,50,0
2026-08-12 07:30:00+00:00,4402.604,4408.712,4401.355,4407.979,1797,50,0
2026-08-12 07:45:00+00:00,4407.695,4410.238,4404.802,4406.267,1774,50,0
2026-08-12 08:00:00+00:00,4406.143,4410.657,4405.982,4408.435,1770,50,0
2026-08-12 08:15:00+00:00,4408.442,4409.545,4405.624,4407.242,1610,50,0
2026-08-12 08:30:00+00:00,4407.187,4407.806,4404.585,4406.052,1755,50,0
2026-08-12 08:45:00+00:00,4405.917,4406.025,4401.649,4401.884,1507,50,0
2026-08-12 09:00:00+00:00,4401.675,4413.333,4401.675,4412.742,1948,50,0
2026-08-12 09:15:00+00:00,4412.804,4424.312,4412.259,4413.362,3988,50,0
2026-08-12 09:30:00+00:00,4413.309,4417.309,4412.064,4413.729,2457,50,0
2026-08-12 09:45:00+00:00,4413.876,4416.881,4410.751,4416.03,2441,50,0
2026-08-12 10:00:00+00:00,4415.811,4419.489,4414.538,4417.876,1951,50,0
2026-08-12 10:15:00+00:00,4418.208,4421.148,4417.21,4419.492,1803,50,0
2026-08-12 10:30:00+00:00,4419.514,4419.836,4412.956,4414.981,1730,50,0
2026-08-12 10:45:00+00:00,4414.923,4415.984,4407.188,4412.729,2936,50,0
2026-08-12 11:00:00+00:00,4412.79,4415.224,4407.74,4408.077,1922,50,0
2026-08-12 11:15:00+00:00,4408.131,4416.992,4407.915,4415.304,1785,50,0
2026-08-12 11:30:00+00:00,4415.038,4416.142,4410.339,4413.305,1695,50,0
2026-08-12 11:45:00+00:00,4413.265,4415.689,4412.518,4412.777,1645,50,0
2026-08-12 12:00:00+00:00,4412.653,4413.323,4406.251,4408.928,2384,50,0
2026-08-12 12:15:00+00:00,4408.854,4427.27,4404.647,4427.27,5107,50,0
2026-08-12 12:30:00+00:00,4427.266,4438.529,4382.022,4428.517,15305,50,0
2026-08-12 12:45:00+00:00,4428.447,4438.503,4416.61,4437.211,8128,50,0
2026-08-12 13:00:00+00:00,4437.315,4441.47,4420.785,4422.233,9582,50,0
2026-08-12 13:15:00+00:00,4422.168,4429.112,4414.704,4418.685,6075,50,0
2026-08-12 13:30:00+00:00,4418.749,4420.963,4408.346,4416.518,11008,50,0
2026-08-12 13:45:00+00:00,4416.849,4434.245,4415.481,4427.71,7419,50,0
2026-08-12 14:00:00+00:00,4427.764,4434.958,4420.987,4432.031,6154,50,0
2026-08-12 14:15:00+00:00,4431.814,4439.897,4430.011,4431.569,4246,50,0
2026-08-12 14:30:00+00:00,4431.648,4436.172,4416.594,4425.101,6280,50,0
2026-08-12 14:45:00+00:00,4424.888,4432.472,4416.684,4421.994,7144,50,0
2026-08-12 15:00:00+00:00,4421.926,4430.226,4414.965,4426.885,6440,50,0
2026-08-12 15:15:00+00:00,4426.752,4428.325,4419.532,4421.68,3446,50,0
2026-08-12 15:30:00+00:00,4421.464,4425.639,4416.608,4418.28,3728,50,0
2026-08-12 15:45:00+00:00,4418.363,4422.362,4410.918,4420.953,3324,50,0
2026-08-12 16:00:00+00:00,4421.006,4425.791,4416.779,4423.349,3215,50,0
2026-08-12 16:15:00+00:00,4423.689,4426.689,4422.288,4423.297,2130,50,0
2026-08-12 16:30:00+00:00,4423.04,4424.077,4409.255,4411.124,3858,50,0
2026-08-12 16:45:00+00:00,4411.15,4411.555,4396.561,4401.509,4755,50,0
2026-08-12 17:00:00+00:00,4401.584,4407.675,4399.888,4403.636,3601,50,0
2026-08-12 17:15:00+00:00,4403.701,4409.972,4401.924,4406.592,3346,50,0
2026-08-12 17:30:00+00:00,4406.709,4411.629,4401.26,4401.935,2595,50,0
2026-08-12 17:45:00+00:00,4402.241,4405.74,4398.878,4399.659,2268,50,0
2026-08-12 18:00:00+00:00,4399.553,4406.629,4396.226,4405.839,2039,50,0
2026-08-12 18:15:00+00:00,4405.794,4411.465,4404.476,4408.604,1864,50,0
2026-08-12 18:30:00+00:00,4408.743,4413.902,4407.978,4413.519,1807,50,0
2026-08-12 18:45:00+00:00,4413.712,4418.018,4412.76,4413.205,1905,50,0
2026-08-12 19:00:00+00:00,4413.185,4418.506,4412.785,4416.312,1710,50,0
2026-08-12 19:15:00+00:00,4416.476,4418.07,4415.623,4416.642,1421,50,0
2026-08-12 19:30:00+00:00,4416.697,4416.852,4411.288,4413.45,1845,50,0
2026-08-12 19:45:00+00:00,4413.327,4414.201,4408.261,4413.759,2179,50,0
2026-08-12 20:00:00+00:00,4413.825,4414.364,4408.708,4409.209,1324,50,0
2026-08-12 20:15:00+00:00,4409.239,4410.155,4406.504,4407.65,968,50,0
2026-08-12 20:30:00+00:00,4407.706,4408.826,4406.636,4408.247,967,50,0
2026-08-12 20:45:00+00:00,4408.304,4409.206,4406.798,4408.831,938,50,0
2026-08-12 22:00:00+00:00,4408.534,4410.124,4402.443,4403.102,1160,50,0
2026-08-12 22:15:00+00:00,4403.416,4403.494,4398.281,4399.474,963,50,0
2026-08-12 22:30:00+00:00,4399.474,4401.847,4398.631,4400.191,929,50,0
2026-08-12 22:45:00+00:00,4400.131,4402.875,4399.741,4401.919,746,50,0
2026-08-12 23:00:00+00:00,4401.866,4406.15,4401.663,4405.534,841,50,0
2026-08-12 23:15:00+00:00,4405.592,4409.822,4405.592,4408.264,839,50,0
2026-08-12 23:30:00+00:00,4408.552,4410.588,4407.24,4408.58,885,50,0
2026-08-12 23:45:00+00:00,4408.854,4414.478,4407.874,4414.367,1047,40,0
2026-08-13 00:00:00+00:00,4414.432,4422.513,4412.909,4419.281,3471,50,0
2026-08-13 00:15:00+00:00,4419.319,4437.67,4419.319,4428.576,4253,50,0
2026-08-13 00:30:00+00:00,4428.458,4449.943,4424.503,4440.453,5702,50,0
2026-08-13 00:45:00+00:00,4440.12,4440.458,4424.037,4428.165,4601,50,0
2026-08-13 01:00:00+00:00,4428.1,4435.564,4422.884,4430.272,7909,50,0
2026-08-13 01:15:00+00:00,4430.184,4435.347,4419.007,4419.57,5010,50,0
2026-08-13 01:30:00+00:00,4419.328,4430.319,4417.683,4419.498,5046,50,0
2026-08-13 01:45:00+00:00,4419.44,4419.44,4406.236,4408.577,5294,50,0
2026-08-13 02:00:00+00:00,4408.544,4413.98,4405.349,4410.74,4535,50,0
2026-08-13 02:15:00+00:00,4410.637,4412.655,4405.998,4406.38,2387,50,0
2026-08-13 02:30:00+00:00,4406.595,4410.318,4398.861,4410.318,5196,50,0
2026-08-13 02:45:00+00:00,4410.386,4410.623,4405.379,4406.958,2610,50,0
2026-08-13 03:00:00+00:00,4406.902,4412.141,4404.05,4407.216,3048,50,0
2026-08-13 03:15:00+00:00,4406.909,4410.429,4405.444,4409.363,2380,50,0
2026-08-13 03:30:00+00:00,4409.418,4410.461,4405.652,4406.042,1487,50,0
2026-08-13 03:45:00+00:00,4405.951,4407.663,4398.659,4400.347,2094,50,0
2026-08-13 04:00:00+00:00,4400.355,4400.616,4391.553,4394.426,3273,50,0
2026-08-13 04:15:00+00:00,4394.698,4399.137,4392.657,4398.063,2032,50,0
2026-08-13 04:30:00+00:00,4398.066,4399.705,4395.124,4396.014,1499,50,0
2026-08-13 04:45:00+00:00,4395.833,4398.805,4395.318,4397.912,2022,50,0
2026-08-13 05:00:00+00:00,4397.964,4405.015,4393.051,4404.549,3255,50,0
2026-08-13 05:15:00+00:00,4404.491,4407.459,4400.78,4406.254,2541,50,0
2026-08-13 05:30:00+00:00,4406.427,4407.313,4386.545,4387.838,5176,50,0
2026-08-13 05:45:00+00:00,4387.779,4389.54,4380.698,4382.92,4941,50,0
2026-08-13 06:00:00+00:00,4382.905,4385.633,4375.16,4376.046,4535,50,0
2026-08-13 06:15:00+00:00,4375.958,4378.903,4374.24,4375.901,3668,50,0
2026-08-13 06:30:00+00:00,4376.11,4378.924,4368.938,4374.069,3939,50,0
2026-08-13 06:45:00+00:00,4374.308,4381.621,4373.861,4380.816,2928,50,0
2026-08-13 07:00:00+00:00,4380.746,4381.909,4375.21,4376.854,3194,50,0
2026-08-13 07:15:00+00:00,4377.027,4377.922,4373.628,4376.622,2652,50,0
2026-08-13 07:30:00+00:00,4376.567,4378.843,4372.011,4378.781,2707,50,0
2026-08-13 07:45:00+00:00,4378.841,4379.038,4369.168,4370.119,3030,50,0
2026-08-13 08:00:00+00:00,4370.062,4370.867,4364.072,4366.089,3584,50,0
2026-08-13 08:15:00+00:00,4365.889,4373.665,4364.824,4372.998,2581,50,0
2026-08-13 08:30:00+00:00,4372.943,4375.938,4371.852,4373.775,2106,50,0
2026-08-13 08:45:00+00:00,4373.708,4379.328,4373.491,4375.842,1870,50,0
2026-08-13 09:00:00+00:00,4375.765,4378.376,4372.399,4377.015,2015,50,0
2026-08-13 09:15:00+00:00,4376.96,4382.563,4376.233,4380.219,2164,50,0
2026-08-13 09:30:00+00:00,4380.089,4381.814,4378.729,4380.103,1945,50,0
2026-08-13 09:45:00+00:00,4380.132,4384.797,4378.429,4384.464,1635,50,0
2026-08-13 10:00:00+00:00,4384.524,4385.578,4381.509,4381.81,1738,50,0
2026-08-13 10:15:00+00:00,4381.863,4387.693,4381.735,4387.138,1720,50,0
2026-08-13 10:30:00+00:00,4387.173,4390.738,4384.551,4390.473,1405,50,0
2026-08-13 10:45:00+00:00,4390.53,4393.937,4388.281,4392.273,1468,50,0
2026-08-13 11:00:00+00:00,4392.214,4394.203,4388.521,4394.14,1747,50,0
2026-08-13 11:15:00+00:00,4394.197,4396.788,4388.069,4388.247,1998,50,0
2026-08-13 11:30:00+00:00,4388.3,4389.895,4383.717,4383.908,2010,50,0
2026-08-13 11:45:00+00:00,4383.856,4388.311,4382.79,4387.614,2104,50,0
2026-08-13 12:00:00+00:00,4387.678,4391.757,4385.653,4389.148,2460,50,0
2026-08-13 12:15:00+00:00,4389.196,4393.115,4384.016,4390.93,3054,50,0
2026-08-13 12:30:00+00:00,4391.006,4401.134,4380.68,4392.035,5794,50,0
2026-08-13 12:45:00+00:00,4392.109,4402.179,4391.608,4402.127,3751,50,0
2026-08-13 13:00:00+00:00,4401.797,4402.388,4390.93,4393.79,6122,50,0
2026-08-13 13:15:00+00:00,4393.847,4395.565,4384.111,4385.264,5014,50,0
2026-08-13 13:30:00+00:00,4385.203,4389.957,4375.112,4379.65,8364,50,0
2026-08-13 13:45:00+00:00,4379.706,4383.142,4370.814,4373.009,7939,50,0
2026-08-13 14:00:00+00:00,4373.068,4379.022,4366.813,4370.988,8526,50,0
2026-08-13 14:15:00+00:00,4371.106,4378.252,4367.626,4367.864,7234,50,0
2026-08-13 14:30:00+00:00,4367.805,4381.776,4357.407,4381.189,6942,50,0
2026-08-13 14:45:00+00:00,4381.248,4387.356,4381.146,4383.902,4456,50,0
2026-08-13 15:00:00+00:00,4383.954,4385.72,4368.127,4369.676,4918,50,0
2026-08-13 15:15:00+00:00,4369.875,4374.056,4363.447,4365.493,5273,50,0
2026-08-13 15:30:00+00:00,4365.438,4371.714,4357.561,4368.563,5413,50,0
2026-08-13 15:45:00+00:00,4368.364,4371.067,4363.409,4365.331,3181,50,0
2026-08-13 16:00:00+00:00,4365.118,4367.608,4353.991,4355.366,4196,50,0
2026-08-13 16:15:00+00:00,4355.422,4362.977,4351.348,4362.446,4624,50,0
2026-08-13 16:30:00+00:00,4362.509,4367.338,4362.399,4365.624,2981,50,0
2026-08-13 16:45:00+00:00,4365.856,4368.507,4363.959,4367.171,2010,50,0
2026-08-13 17:00:00+00:00,4367.232,4373.421,4365.012,4371.377,2412,50,0
2026-08-13 17:15:00+00:00,4371.434,4371.894,4362.526,4363.313,2650,40,0
2026-08-13 17:30:00+00:00,4363.346,4364.604,4355.695,4357.417,2564,40,0
2026-08-13 17:45:00+00:00,4357.454,4360.191,4355.668,4356.114,1878,40,0
2026-08-13 18:00:00+00:00,4356.168,4362.909,4356.082,4362.217,2257,40,0
2026-08-13 18:15:00+00:00,4362.19,4363.834,4354.634,4357.642,2097,40,0
2026-08-13 18:30:00+00:00,4357.838,4360.672,4356.32,4357.869,1955,40,0
2026-08-13 18:45:00+00:00,4357.957,4358.535,4354.898,4357.138,1572,40,0
2026-08-13 19:00:00+00:00,4357.207,4359.039,4346.324,4346.994,2334,40,0
2026-08-13 19:15:00+00:00,4346.941,4351.677,4343.626,4351.474,3133,40,0
2026-08-13 19:30:00+00:00,4351.377,4354.322,4349.786,4351.647,1918,40,0
2026-08-13 19:45:00+00:00,4351.71,4351.71,4347.72,4349.969,2091,40,0
2026-08-13 20:00:00+00:00,4350.024,4350.718,4346.842,4350.295,1447,50,0
2026-08-13 20:15:00+00:00,4350.348,4352.442,4349.335,4351.502,876,50,0
2026-08-13 20:30:00+00:00,4351.547,4351.655,4348.035,4349.715,1070,50,0
2026-08-13 20:45:00+00:00,4349.649,4350.89,4348.613,4350.703,912,50,0
2026-08-13 22:00:00+00:00,4353.714,4357.159,4351.952,4354.188,1055,50,0
2026-08-13 22:15:00+00:00,4354.308,4358.065,4352.77,4357.093,1034,50,0
2026-08-13 22:30:00+00:00,4357.104,4362.925,4355.745,4360.669,1412,50,0
2026-08-13 22:45:00+00:00,4360.654,4361.358,4353.223,4354.758,1616,50,0
2026-08-13 23:00:00+00:00,4354.795,4360.381,4349.075,4360.381,1678,50,0
2026-08-13 23:15:00+00:00,4360.446,4363.199,4357.051,4363.061,1720,50,0
2026-08-13 23:30:00+00:00,4362.987,4363.618,4358.593,4360.448,1344,40,0
2026-08-13 23:45:00+00:00,4360.251,4364.338,4356.526,4356.652,1546,40,0
2026-08-14 00:00:00+00:00,4356.6,4362.303,4350.516,4352.155,3691,50,0
2026-08-14 00:15:00+00:00,4352.473,4352.473,4339.394,4339.394,4187,50,0
2026-08-14 00:30:00+00:00,4339.453,4347.023,4334.533,4339.649,4762,50,0
2026-08-14 00:45:00+00:00,4339.772,4342.704,4329.059,4340.961,5306,50,0
2026-08-14 01:00:00+00:00,4340.839,4341.7,4322.2,4324.473,8835,50,0
2026-08-14 01:15:00+00:00,4324.549,4326.297,4315.032,4319.736,6056,50,0
2026-08-14 01:30:00+00:00,4319.857,4321.651,4313.161,4319.5,4359,50,0
2026-08-14 01:45:00+00:00,4319.833,4323.452,4312.165,4318.29,4434,40,0
2026-08-14 02:00:00+00:00,4318.081,4322.935,4310.932,4312.677,4539,50,0
2026-08-14 02:15:00+00:00,4312.698,4318.595,4312.449,4313.018,3094,40,0
2026-08-14 02:30:00+00:00,4313.174,4322.822,4311.606,4320.986,4941,50,0
2026-08-14 02:45:00+00:00,4320.921,4322.156,4312.912,4315.905,3826,50,0
2026-08-14 03:00:00+00:00,4315.966,4324.01,4313.791,4320.474,3199,50,0
2026-08-14 03:15:00+00:00,4320.254,4326.206,4319.897,4325.725,2289,50,0
2026-08-14 03:30:00+00:00,4325.67,4328.195,4325.014,4325.766,1482,40,0
2026-08-14 03:45:00+00:00,4325.94,4326.996,4323.425,4323.717,1186,40,0
2026-08-14 04:00:00+00:00,4323.773,4327.43,4322.769,4326.174,1570,40,0
2026-08-14 04:15:00+00:00,4326.119,4328.229,4325.098,4325.098,1387,40,0
2026-08-14 04:30:00+00:00,4325.363,4326.646,4323.327,4325.39,1492,40,0
2026-08-14 04:45:00+00:00,4325.327,4326.832,4323.724,4326.832,1134,40,0
2026-08-14 05:00:00+00:00,4326.897,4327.121,4319.465,4320.399,2012,40,0
2026-08-14 05:15:00+00:00,4320.426,4320.65,4317.16,4318.305,1661,40,0
2026-08-14 05:30:00+00:00,4318.523,4325.156,4310.917,4317.994,4806,50,0
2026-08-14 05:45:00+00:00,4317.743,4333.532,4317.319,4333.532,3625,50,0
2026-08-14 06:00:00+00:00,4333.59,4336.85,4329.736,4332.619,3911,50,0
2026-08-14 06:15:00+00:00,4332.526,4333.714,4328.419,4329.378,2664,50,0
2026-08-14 06:30:00+00:00,4329.311,4333.052,4328.027,4333.02,2454,50,0
2026-08-14 06:45:00+00:00,4333.081,4336.037,4332.572,4335.505,1943,40,0
2026-08-14 07:00:00+00:00,4335.569,4337.604,4331.093,4331.132,2211,40,0
2026-08-14 07:15:00+00:00,4331.225,4336.535,4329.926,4332.08,2155,40,0
2026-08-14 07:30:00+00:00,4332.136,4340.378,4331.579,4339.604,1982,40,0
2026-08-14 07:45:00+00:00,4339.715,4345.422,4339.341,4343.556,2332,50,0
2026-08-14 08:00:00+00:00,4343.609,4348.209,4341.879,4347.636,2758,50,0
2026-08-14 08:15:00+00:00,4347.636,4349.257,4343.618,4345.731,2119,50,0
2026-08-14 08:30:00+00:00,4345.792,4349.482,4343.611,4343.969,1950,40,0
2026-08-14 08:45:00+00:00,4343.814,4349.893,4342.874,4348.619,1657,50,0
2026-08-14 09:00:00+00:00,4348.496,4351.183,4346.142,4350.697,1685,50,0
2026-08-14 09:15:00+00:00,4350.647,4354.446,4348.933,4351.736,1967,50,0
2026-08-14 09:30:00+00:00,4351.67,4354.725,4350.116,4353.48,2071,50,0
2026-08-14 09:45:00+00:00,4353.535,4357.47,4352.545,4357.055,1567,40,0
2026-08-14 10:00:00+00:00,4357.173,4358.877,4353.971,4354.314,1718,40,0
2026-08-14 10:15:00+00:00,4354.481,4355.334,4350.368,4351.544,1652,50,0
2026-08-14 10:30:00+00:00,4351.601,4352.192,4348.413,4352.18,1473,50,0
2026-08-14 10:45:00+00:00,4351.875,4353.717,4348.356,4349.51,1448,40,0
2026-08-14 11:00:00+00:00,4349.571,4351.722,4348.543,4350.588,1459,40,0
2026-08-14 11:15:00+00:00,4350.744,4357.34,4350.634,4356.658,1684,50,0
2026-08-14 11:30:00+00:00,4356.694,4363.621,4356.418,4362.51,2280,50,0
2026-08-14 11:45:00+00:00,4362.441,4369.501,4360.934,4369.368,2185,50,0
2026-08-14 12:00:00+00:00,4369.216,4377.069,4365.681,4371.603,3269,50,0
2026-08-14 12:15:00+00:00,4371.901,4381.067,4369.575,4380.094,3023,50,0
2026-08-14 12:30:00+00:00,4379.952,4387.141,4372.242,4372.884,3677,50,0
2026-08-14 12:45:00+00:00,4373.066,4378.015,4370.92,4373.862,3252,50,0
2026-08-14 13:00:00+00:00,4373.916,4381.271,4370.244,4375.175,4786,50,0
2026-08-14 13:15:00+00:00,4375.235,4386.696,4375.235,4384.678,3414,50,0
2026-08-14 13:30:00+00:00,4384.504,4397.113,4383.642,4393.801,6387,50,0
2026-08-14 13:45:00+00:00,4393.97,4394.834,4382.789,4384.74,4465,50,0
2026-08-14 14:00:00+00:00,4384.589,4393.264,4384.32,4390.737,4287,50,0
2026-08-14 14:15:00+00:00,4390.504,4394.84,4385.144,4390.611,3902,50,0
2026-08-14 14:30:00+00:00,4390.671,4391.593,4381.484,4384.213,3414,50,0
2026-08-14 14:45:00+00:00,4384.459,4384.459,4378.82,4381.674,3336,50,0
2026-08-14 15:00:00+00:00,4381.456,4394.213,4381.031,4392.049,4049,50,0
2026-08-14 15:15:00+00:00,4392.17,4394.095,4379.142,4385.058,3867,50,0
2026-08-14 15:30:00+00:00,4385.126,4390.048,4383.83,4389.699,3220,50,0
2026-08-14 15:45:00+00:00,4389.635,4394.821,4389.258,4391.556,2487,50,0
2026-08-14 16:00:00+00:00,4391.842,4396.921,4388.723,4389.576,2233,50,0
2026-08-14 16:15:00+00:00,4389.621,4393.169,4386.821,4387.691,1671,50,0
2026-08-14 16:30:00+00:00,4387.808,4389.143,4380.099,4385.941,2328,50,0
2026-08-14 16:45:00+00:00,4385.979,4387.643,4384.797,4385.919,1481,50,0
2026-08-14 17:00:00+00:00,4385.85,4386.655,4380.49,4382.577,1687,50,0
2026-08-14 17:15:00+00:00,4382.603,4385.025,4379.216,4379.659,1754,50,0
2026-08-14 17:30:00+00:00,4379.594,4382.942,4376.957,4377.963,1867,50,0
2026-08-14 17:45:00+00:00,4377.668,4379.239,4376.332,4378.699,1355,40,0
2026-08-14 18:00:00+00:00,4378.76,4381.91,4376.565,4377.356,1648,50,0
2026-08-14 18:15:00+00:00,4377.258,4380.513,4376.99,4379.274,1342,50,0
2026-08-14 18:30:00+00:00,4379.339,4382.927,4376.167,4376.389,1571,50,0
2026-08-14 18:45:00+00:00,4376.37,4377.185,4371.047,4373.547,1672,50,0
2026-08-14 19:00:00+00:00,4373.594,4377.337,4372.168,4375.831,1376,50,0
2026-08-14 19:15:00+00:00,4375.812,4378.022,4374.546,4377.202,1201,50,0
2026-08-14 19:30:00+00:00,4377.088,4378.325,4375.63,4375.73,1347,50,0
2026-08-14 19:45:00+00:00,4375.785,4380.096,4373.619,4376.109,1944,50,0
2026-08-14 20:00:00+00:00,4376.189,4376.189,4371.398,4372.831,1309,50,0
2026-08-14 20:15:00+00:00,4372.831,4375.034,4372.325,4374.853,805,50,0
2026-08-14 20:30:00+00:00,4374.685,4377.155,4373.661,4375.48,984,50,0
2026-08-14 20:45:00+00:00,4375.559,4376.312,4375.066,4375.988,946,50,0
2026-08-16 22:00:00+00:00,4379.527,4379.527,4372.343,4375.719,1611,50,0
2026-08-16 22:15:00+00:00,4375.74,4376.24,4372.969,4374.808,1041,50,0
2026-08-16 22:30:00+00:00,4374.808,4379.045,4374.754,4377.904,1108,50,0
2026-08-16 22:45:00+00:00,4377.643,4387.022,4377.61,4386.156,1354,40,0
2026-08-16 23:00:00+00:00,4386.006,4386.426,4379.555,4380.0,1443,40,0
2026-08-16 23:15:00+00:00,4380.056,4381.431,4372.859,4374.704,1503,50,0
2026-08-16 23:30:00+00:00,4374.772,4375.399,4367.156,4368.522,1762,50,0
2026-08-16 23:45:00+00:00,4368.234,4373.829,4368.234,4370.459,1595,40,0
2026-08-17 00:00:00+00:00,4370.534,4379.742,4368.194,4378.941,3863,40,0
2026-08-17 00:15:00+00:00,4378.64,4391.107,4378.36,4389.716,2995,50,0
2026-08-17 00:30:00+00:00,4389.937,4398.042,4387.588,4396.094,2506,50,0
2026-08-17 00:45:00+00:00,4396.04,4402.194,4394.278,4401.094,2831,50,0
2026-08-17 01:00:00+00:00,4400.992,4412.05,4399.217,4409.47,6713,50,0
2026-08-17 01:15:00+00:00,4409.391,4416.689,4406.229,4407.41,4442,50,0
2026-08-17 01:30:00+00:00,4407.463,4408.346,4397.67,4403.627,4043,50,0
2026-08-17 01:45:00+00:00,4403.571,4404.147,4391.99,4395.852,3485,50,0
2026-08-17 02:00:00+00:00,4395.799,4398.444,4392.583,4394.426,2929,50,0
2026-08-17 02:15:00+00:00,4394.272,4397.709,4389.852,4395.592,2493,50,0
2026-08-17 02:30:00+00:00,4395.66,4398.419,4389.772,4393.201,3676,50,0
2026-08-17 02:45:00+00:00,4392.854,4393.67,4388.505,4393.278,2514,50,0
2026-08-17 03:00:00+00:00,4393.394,4395.082,4388.799,4390.251,2357,50,0
2026-08-17 03:15:00+00:00,4390.317,4393.585,4387.943,4392.82,1983,50,0
2026-08-17 03:30:00+00:00,4393.098,4397.289,4391.036,4395.368,2089,50,0
2026-08-17 03:45:00+00:00,4395.314,4397.838,4392.896,4396.956,1623,50,0
2026-08-17 04:00:00+00:00,4397.017,4399.698,4396.374,4398.483,1868,50,0
2026-08-17 04:15:00+00:00,4398.56,4399.02,4390.147,4390.818,1711,50,0
2026-08-17 04:30:00+00:00,4391.131,4396.617,4388.905,4395.858,1772,50,0
2026-08-17 04:45:00+00:00,4395.625,4397.98,4389.876,4390.776,1569,50,0
2026-08-17 05:00:00+00:00,4390.841,4393.41,4386.886,4387.94,2017,50,0
2026-08-17 05:15:00+00:00,4387.783,4399.665,4386.89,4399.665,2159,50,0
2026-08-17 05:30:00+00:00,4399.607,4401.398,4392.226,4395.886,4002,50,0
2026-08-17 05:45:00+00:00,4395.694,4397.66,4392.213,4394.965,2773,50,0
2026-08-17 06:00:00+00:00,4394.948,4398.402,4392.732,4396.739,3155,50,0
2026-08-17 06:15:00+00:00,4396.883,4400.093,4392.743,4398.565,2818,50,0
2026-08-17 06:30:00+00:00,4398.621,4398.649,4393.583,4396.033,2440,50,0
2026-08-17 06:45:00+00:00,4396.366,4404.658,4396.137,4402.976,2620,50,0
2026-08-17 07:00:00+00:00,4403.031,4404.088,4396.112,4396.632,2682,50,0
2026-08-17 07:15:00+00:00,4396.609,4405.194,4395.98,4404.888,2296,50,0
2026-08-17 07:30:00+00:00,4404.948,4411.374,4404.677,4409.213,2681,50,0
2026-08-17 07:45:00+00:00,4409.569,4410.02,4403.674,4405.172,1858,50,0
2026-08-17 08:00:00+00:00,4405.055,4405.055,4397.61,4402.799,2386,50,0
2026-08-17 08:15:00+00:00,4402.869,4403.714,4400.36,4401.752,1707,50,0
2026-08-17 08:30:00+00:00,4402.084,4402.307,4395.965,4396.531,1598,50,0
2026-08-17 08:45:00+00:00,4396.534,4397.043,4392.745,4395.225,1734,50,0
2026-08-17 09:00:00+00:00,4395.316,4400.605,4393.287,4398.912,1730,50,0
2026-08-17 09:15:00+00:00,4399.053,4400.127,4395.559,4397.009,1748,50,0
2026-08-17 09:30:00+00:00,4397.081,4397.674,4393.775,4394.184,2039,50,0
2026-08-17 09:45:00+00:00,4394.48,4396.141,4392.564,4395.527,1746,50,0
2026-08-17 10:00:00+00:00,4395.582,4396.645,4393.144,4395.945,1583,50,0
2026-08-17 10:15:00+00:00,4395.931,4405.715,4391.972,4405.056,3072,50,0
2026-08-17 10:30:00+00:00,4404.996,4406.095,4395.329,4398.147,3417,50,0
2026-08-17 10:45:00+00:00,4398.202,4399.688,4396.304,4399.149,1655,50,0
2026-08-17 11:00:00+00:00,4399.271,4404.084,4397.876,4399.895,1891,50,0
2026-08-17 11:15:00+00:00,4399.947,4404.87,4397.069,4403.806,1859,50,0
2026-08-17 11:30:00+00:00,4403.864,4405.081,4399.301,4399.861,1677,50,0
2026-08-17 11:45:00+00:00,4399.589,4400.961,4395.553,4396.812,1679,50,0
2026-08-17 12:00:00+00:00,4396.981,4397.768,4391.531,4393.848,2690,50,0
2026-08-17 12:15:00+00:00,4394.195,4398.9,4382.664,4385.919,4210,50,0
2026-08-17 12:30:00+00:00,4385.859,4390.456,4378.251,4378.251,3606,50,0
2026-08-17 12:45:00+00:00,4378.234,4386.643,4377.388,4384.904,2942,50,0
2026-08-17 13:00:00+00:00,4384.96,4389.746,4381.766,4386.567,4240,50,0
2026-08-17 13:15:00+00:00,4386.458,4388.93,4382.224,4386.483,2905,50,0
2026-08-17 13:30:00+00:00,4386.551,4392.096,4384.912,4385.943,4856,50,0
2026-08-17 13:45:00+00:00,4385.804,4416.537,4384.692,4408.78,5977,50,0
2026-08-17 14:00:00+00:00,4408.987,4413.099,4403.827,4412.426,4874,50,0
2026-08-17 14:15:00+00:00,4412.37,4427.755,4411.86,4418.196,5841,50,0
2026-08-17 14:30:00+00:00,4418.253,4424.798,4416.693,4417.466,3883,50,0
2026-08-17 14:45:00+00:00,4417.351,4421.271,4413.829,4417.281,3140,50,0
2026-08-17 15:00:00+00:00,4417.224,4422.633,4414.974,4421.194,3296,50,0
2026-08-17 15:15:00+00:00,4421.124,4426.065,4419.447,4425.504,3105,50,0
2026-08-17 15:30:00+00:00,4425.564,4426.653,4418.717,4419.421,2860,50,0
2026-08-17 15:45:00+00:00,4419.427,4427.973,4417.611,4427.465,2360,50,0
2026-08-17 16:00:00+00:00,4427.525,4429.019,4423.966,4425.891,2375,50,0
2026-08-17 16:15:00+00:00,4426.219,4427.821,4423.049,4424.758,1939,50,0
2026-08-17 16:30:00+00:00,4425.103,4427.24,4422.623,4424.603,1743,50,0
2026-08-17 16:45:00+00:00,4424.932,4425.681,4422.469,4424.156,1730,50,0
2026-08-17 17:00:00+00:00,4424.428,4426.334,4421.243,4422.981,2034,50,0
2026-08-17 17:15:00+00:00,4423.116,4423.44,4413.37,4416.453,2612,50,0
2026-08-17 17:30:00+00:00,4416.391,4418.703,4411.194,4417.419,2583,50,0
2026-08-17 17:45:00+00:00,4417.374,4420.784,4413.128,4413.891,1868,50,0
2026-08-17 18:00:00+00:00,4413.92,4414.669,4410.161,4413.763,2241,50,0
2026-08-17 18:15:00+00:00,4413.763,4416.358,4404.937,4406.483,2655,50,0
2026-08-17 18:30:00+00:00,4406.364,4407.06,4398.047,4401.565,3368,50,0
2026-08-17 18:45:00+00:00,4401.623,4407.507,4400.09,4406.843,1760,50,0
2026-08-17 19:00:00+00:00,4406.724,4408.665,4400.3,4408.503,2066,50,0
2026-08-17 19:15:00+00:00,4408.588,4417.634,4408.588,4414.618,2301,50,0
2026-08-17 19:30:00+00:00,4414.39,4420.61,4414.026,4419.341,1695,50,0
2026-08-17 19:45:00+00:00,4419.223,4421.138,4416.525,4420.021,1856,50,0
2026-08-17 20:00:00+00:00,4419.764,4421.428,4416.666,4417.666,1004,50,0
2026-08-17 20:15:00+00:00,4417.969,4418.348,4414.906,4415.176,599,50,0
2026-08-17 20:30:00+00:00,4415.451,4416.153,4414.787,4415.683,772,50,0
2026-08-17 20:45:00+00:00,4415.67,4416.931,4415.19,4416.537,720,50,0
2026-08-17 22:00:00+00:00,4417.873,4419.062,4415.236,4416.802,793,50,0
2026-08-17 22:15:00+00:00,4416.921,4417.504,4412.012,4412.419,822,50,0
2026-08-17 22:30:00+00:00,4412.636,4415.837,4411.697,4414.715,994,50,0
2026-08-17 22:45:00+00:00,4414.49,4416.45,4410.528,4411.984,873,50,0
2026-08-17 23:00:00+00:00,4412.105,4415.052,4409.847,4414.827,1033,50,0
2026-08-17 23:15:00+00:00,4415.003,4421.921,4414.823,4420.281,1157,50,0
2026-08-17 23:30:00+00:00,4420.226,4422.96,4419.949,4422.876,1138,50,0
2026-08-17 23:45:00+00:00,4422.933,4426.111,4421.568,4425.838,1295,50,0
2026-08-18 00:00:00+00:00,4425.844,4430.174,4418.892,4421.665,3109,50,0
2026-08-18 00:15:00+00:00,4421.603,4431.778,4420.971,4431.339,3812,50,0
2026-08-18 00:30:00+00:00,4431.285,4433.62,4428.353,4429.778,2255,50,0
2026-08-18 00:45:00+00:00,4429.579,4435.198,4428.463,4434.451,1914,50,0
2026-08-18 01:00:00+00:00,4434.521,4436.413,4428.557,4429.199,5831,50,0
2026-08-18 01:15:00+00:00,4429.227,4431.033,4420.343,4425.241,3683,50,0
2026-08-18 01:30:00+00:00,4425.096,4426.314,4411.762,4411.762,3175,50,0
2026-08-18 01:45:00+00:00,4411.981,4412.452,4404.253,4408.226,5117,50,0
2026-08-18 02:00:00+00:00,4408.027,4408.445,4398.439,4401.258,3654,50,0
2026-08-18 02:15:00+00:00,4401.265,4405.517,4400.378,4402.503,2283,50,0
2026-08-18 02:30:00+00:00,4402.443,4402.983,4394.165,4395.202,3310,50,0
2026-08-18 02:45:00+00:00,4395.256,4400.625,4394.344,4400.068,2330,50,0
2026-08-18 03:00:00+00:00,4399.759,4404.044,4398.769,4401.499,2794,50,0
2026-08-18 03:15:00+00:00,4401.825,4402.337,4394.286,4397.313,2289,50,0
2026-08-18 03:30:00+00:00,4397.112,4397.352,4394.557,4394.758,1686,50,0
2026-08-18 03:45:00+00:00,4394.968,4395.204,4390.796,4392.064,1632,50,0
2026-08-18 04:00:00+00:00,4392.012,4392.986,4389.885,4392.483,1499,50,0
2026-08-18 04:15:00+00:00,4392.548,4393.636,4390.628,4392.586,1321,50,0
2026-08-18 04:30:00+00:00,4392.57,4394.524,4388.681,4393.449,1701,50,0
2026-08-18 04:45:00+00:00,4393.653,4395.604,4392.209,4393.551,1318,50,0
2026-08-18 05:00:00+00:00,4393.771,4394.278,4390.766,4391.589,1560,50,0
2026-08-18 05:15:00+00:00,4391.59,4396.095,4391.078,4391.565,1443,50,0
2026-08-18 05:30:00+00:00,4391.495,4394.445,4386.04,4393.587,3650,50,0
2026-08-18 05:45:00+00:00,4393.918,4397.679,4392.996,4394.599,2044,50,0
2026-08-18 06:00:00+00:00,4394.268,4395.465,4387.589,4395.465,2729,50,0
2026-08-18 06:15:00+00:00,4395.137,4399.926,4393.494,4399.405,2274,50,0
2026-08-18 06:30:00+00:00,4399.334,4400.132,4395.102,4397.332,1911,50,0
2026-08-18 06:45:00+00:00,4397.179,4399.435,4397.14,4398.881,1732,50,0
2026-08-18 07:00:00+00:00,4398.8,4401.098,4396.833,4397.637,2233,50,0
2026-08-18 07:15:00+00:00,4397.581,4403.503,4397.433,4403.102,1907,50,0
2026-08-18 07:30:00+00:00,4403.401,4403.763,4396.584,4401.511,2161,50,0
2026-08-18 07:45:00+00:00,4401.566,4402.902,4395.489,4395.842,1651,50,0
2026-08-18 08:00:00+00:00,4395.671,4396.351,4388.075,4392.842,2569,50,0
2026-08-18 08:15:00+00:00,4392.78,4393.745,4386.891,4389.67,2192,50,0
2026-08-18 08:30:00+00:00,4389.338,4398.658,4389.072,4396.479,1972,50,0
2026-08-18 08:45:00+00:00,4396.753,4397.165,4391.554,4393.279,1825,50,0
2026-08-18 09:00:00+00:00,4393.148,4394.041,4391.011,4392.899,1828,50,0
2026-08-18 09:15:00+00:00,4392.831,4393.033,4388.625,4389.586,1946,50,0
2026-08-18 09:30:00+00:00,4389.497,4395.195,4387.228,4388.422,2304,50,0
2026-08-18 09:45:00+00:00,4388.369,4395.17,4386.852,4393.493,1903,50,0
2026-08-18 10:00:00+00:00,4393.277,4395.926,4392.361,4394.367,1695,50,0
2026-08-18 10:15:00+00:00,4394.604,4396.37,4389.783,4392.065,1523,50,0
2026-08-18 10:30:00+00:00,4392.319,4398.761,4391.599,4398.566,1474,50,0
2026-08-18 10:45:00+00:00,4398.572,4399.735,4396.386,4397.906,1331,50,0
2026-08-18 11:00:00+00:00,4397.968,4399.305,4392.176,4393.737,1623,50,0
2026-08-18 11:15:00+00:00,4393.713,4394.882,4389.662,4390.15,1578,50,0
2026-08-18 11:30:00+00:00,4389.973,4392.584,4388.528,4390.881,1707,50,0
2026-08-18 11:45:00+00:00,4391.209,4396.886,4390.019,4395.862,1610,50,0
2026-08-18 12:00:00+00:00,4395.94,4397.23,4389.472,4393.048,2686,50,0
2026-08-18 12:15:00+00:00,4393.176,4401.028,4391.43,4395.046,2996,50,0
2026-08-18 12:30:00+00:00,4395.163,4398.239,4390.977,4392.287,2571,50,0
2026-08-18 12:45:00+00:00,4392.34,4397.024,4390.811,4394.064,2569,50,0
2026-08-18 13:00:00+00:00,4393.994,4397.5,4388.389,4395.749,4359,50,0
2026-08-18 13:15:00+00:00,4395.805,4396.343,4388.222,4389.252,3542,50,0
2026-08-18 13:30:00+00:00,4389.31,4407.152,4376.065,4401.352,9684,50,0
2026-08-18 13:45:00+00:00,4401.176,4402.412,4389.396,4394.604,6954,50,0
2026-08-18 14:00:00+00:00,4394.606,4406.647,4391.12,4393.489,5641,50,0
2026-08-18 14:15:00+00:00,4393.437,4405.241,4392.251,4394.269,5398,50,0
2026-08-18 14:30:00+00:00,4394.322,4396.506,4377.793,4379.836,6779,50,0
2026-08-18 14:45:00+00:00,4379.677,4389.111,4363.682,4366.526,7745,50,0
2026-08-18 15:00:00+00:00,4366.744,4377.834,4358.87,4360.12,9538,50,0
2026-08-18 15:15:00+00:00,4360.066,4365.195,4351.457,4355.17,7337,50,0
2026-08-18 15:30:00+00:00,4355.111,4362.252,4354.431,4358.801,5900,50,0
2026-08-18 15:45:00+00:00,4358.59,4366.724,4358.59,4364.745,3841,50,0
2026-08-18 16:00:00+00:00,4365.143,4371.758,4365.012,4367.937,3046,50,0
2026-08-18 16:15:00+00:00,4367.718,4369.857,4363.54,4364.336,2696,50,0
2026-08-18 16:30:00+00:00,4364.458,4368.808,4363.025,4367.277,2638,50,0
2026-08-18 16:45:00+00:00,4367.627,4368.808,4362.935,4363.962,2368,50,0
2026-08-18 17:00:00+00:00,4363.91,4367.404,4363.567,4366.898,2504,50,0
2026-08-18 17:15:00+00:00,4366.964,4368.431,4363.357,4365.595,2588,50,0
2026-08-18 17:30:00+00:00,4365.537,4366.339,4358.666,4358.883,2496,50,0
2026-08-18 17:45:00+00:00,4358.934,4360.629,4356.681,4357.897,2081,50,0
2026-08-18 18:00:00+00:00,4358.016,4358.315,4352.67,4357.725,2215,40,0
2026-08-18 18:15:00+00:00,4357.86,4361.174,4355.823,4360.143,1797,40,0
2026-08-18 18:30:00+00:00,4360.478,4360.816,4353.665,4354.394,1791,40,0
2026-08-18 18:45:00+00:00,4354.385,4356.355,4352.777,4354.419,1587,40,0
2026-08-18 19:00:00+00:00,4354.472,4358.724,4354.126,4356.885,1928,50,0
2026-08-18 19:15:00+00:00,4356.89,4358.856,4352.38,4354.977,2113,50,0
2026-08-18 19:30:00+00:00,4355.031,4357.827,4349.615,4349.752,2100,40,0
2026-08-18 19:45:00+00:00,4349.807,4353.444,4338.332,4345.473,5035,50,0
2026-08-18 20:00:00+00:00,4345.533,4346.616,4340.789,4342.221,1907,50,0
2026-08-18 20:15:00+00:00,4342.165,4342.593,4333.368,4338.008,1890,50,0
2026-08-18 20:30:00+00:00,4338.199,4339.814,4331.816,4332.416,1314,50,0
2026-08-18 20:45:00+00:00,4332.36,4335.498,4328.979,4334.691,2001,50,0
2026-08-18 22:00:00+00:00,4340.293,4343.201,4339.58,4340.363,668,50,0
2026-08-18 22:15:00+00:00,4340.312,4341.261,4333.611,4336.265,1512,50,0
2026-08-18 22:30:00+00:00,4336.165,4336.579,4332.856,4333.932,1170,50,0
2026-08-18 22:45:00+00:00,4333.931,4335.588,4333.082,4333.944,926,40,0
2026-08-18 23:00:00+00:00,4334.096,4338.349,4332.567,4334.347,1317,40,0
2026-08-18 23:15:00+00:00,4333.952,4337.223,4330.147,4330.715,1581,40,0
2026-08-18 23:30:00+00:00,4330.774,4332.452,4327.204,4329.723,1630,40,0
2026-08-18 23:45:00+00:00,4330.026,4334.433,4329.53,4332.957,1434,40,0
2026-08-19 00:00:00+00:00,4333.049,4345.061,4331.44,4343.11,4837,40,0
2026-08-19 00:15:00+00:00,4343.035,4346.489,4339.118,4342.925,3952,50,0
2026-08-19 00:30:00+00:00,4342.875,4347.352,4339.602,4343.905,3502,50,0
2026-08-19 00:45:00+00:00,4343.852,4345.002,4337.094,4338.238,4153,40,0
2026-08-19 01:00:00+00:00,4338.17,4344.03,4324.582,4343.862,8861,50,0
2026-08-19 01:15:00+00:00,4343.917,4346.284,4333.049,4342.193,5710,50,0
2026-08-19 01:30:00+00:00,4342.24,4357.745,4342.24,4355.391,4049,50,0
2026-08-19 01:45:00+00:00,4355.443,4356.872,4350.661,4356.445,3353,50,0
2026-08-19 02:00:00+00:00,4356.508,4357.436,4351.782,4353.448,2665,50,0
2026-08-19 02:15:00+00:00,4353.559,4362.132,4352.616,4359.914,3248,50,0
2026-08-19 02:30:00+00:00,4359.76,4360.377,4354.36,4355.497,3555,50,0
2026-08-19 02:45:00+00:00,4355.592,4357.407,4351.451,4354.893,2669,50,0
2026-08-19 03:00:00+00:00,4355.22,4356.183,4352.004,4354.407,2429,50,0
2026-08-19 03:15:00+00:00,4354.459,4358.206,4351.862,4357.27,1943,50,0
2026-08-19 03:30:00+00:00,4357.335,4360.466,4355.975,4358.446,1449,50,0
2026-08-19 03:45:00+00:00,4358.567,4359.07,4354.724,4355.13,1256,40,0
2026-08-19 04:00:00+00:00,4355.12,4356.193,4353.295,4354.861,1203,40,0
2026-08-19 04:15:00+00:00,4354.588,4355.169,4349.989,4351.127,1695,40,0
2026-08-19 04:30:00+00:00,4351.179,4352.202,4344.918,4346.471,1799,40,0
2026-08-19 04:45:00+00:00,4346.69,4348.547,4343.736,4348.462,1559,40,0
2026-08-19 05:00:00+00:00,4348.369,4350.766,4338.713,4339.093,2122,40,0
2026-08-19 05:15:00+00:00,4339.101,4345.211,4336.682,4345.183,2062,50,0
2026-08-19 05:30:00+00:00,4345.243,4345.466,4336.779,4342.092,4765,50,0
2026-08-19 05:45:00+00:00,4342.136,4342.272,4335.11,4335.702,3225,50,0
2026-08-19 06:00:00+00:00,4335.725,4341.772,4335.325,4337.581,3463,50,0
2026-08-19 06:15:00+00:00,4337.602,4348.319,4336.931,4343.144,3123,50,0
2026-08-19 06:30:00+00:00,4343.175,4345.659,4337.036,4342.049,3277,50,0
2026-08-19 06:45:00+00:00,4342.109,4349.633,4340.837,4348.934,3029,50,0
2026-08-19 07:00:00+00:00,4349.056,4353.618,4347.442,4350.653,2525,50,0
2026-08-19 07:15:00+00:00,4350.594,4357.096,4347.437,4356.706,2344,50,0
2026-08-19 07:30:00+00:00,4356.653,4363.18,4352.941,4354.423,2299,50,0
2026-08-19 07:45:00+00:00,4354.678,4357.834,4354.148,4355.034,1868,40,0
2026-08-19 08:00:00+00:00,4355.021,4363.01,4351.114,4361.824,2951,50,0
2026-08-19 08:15:00+00:00,4361.805,4362.654,4357.365,4361.222,2026,50,0
2026-08-19 08:30:00+00:00,4360.895,4363.287,4356.567,4362.49,2241,50,0
2026-08-19 08:45:00+00:00,4362.487,4363.172,4354.75,4355.86,1906,40,0
2026-08-19 09:00:00+00:00,4355.823,4359.966,4354.919,4356.252,2041,50,0
2026-08-19 09:15:00+00:00,4356.456,4357.517,4353.384,4356.573,2177,40,0
2026-08-19 09:30:00+00:00,4356.79,4360.898,4355.424,4358.794,1871,40,0
2026-08-19 09:45:00+00:00,4358.917,4362.03,4358.106,4361.91,1681,40,0
2026-08-19 10:00:00+00:00,4361.891,4364.359,4359.561,4363.652,1953,40,0
2026-08-19 10:15:00+00:00,4363.848,4369.232,4363.518,4368.644,1841,40,0
2026-08-19 10:30:00+00:00,4368.759,4369.606,4365.712,4368.003,1529,40,0
2026-08-19 10:45:00+00:00,4368.058,4369.746,4366.25,4367.532,1380,40,0
2026-08-19 11:00:00+00:00,4367.652,4374.335,4367.466,4373.203,2308,50,0
2026-08-19 11:15:00+00:00,4373.263,4374.244,4368.816,4371.04,1778,40,0
2026-08-19 11:30:00+00:00,4371.099,4371.998,4363.15,4363.735,2030,50,0
2026-08-19 11:45:00+00:00,4363.677,4367.445,4363.397,4364.902,1811,40,0
2026-08-19 12:00:00+00:00,4364.848,4370.803,4361.943,4368.162,2502,50,0
2026-08-19 12:15:00+00:00,4368.218,4373.62,4365.916,4369.574,3165,50,0
2026-08-19 12:30:00+00:00,4369.632,4420.991,4368.587,4417.569,16703,50,0
2026-08-19 12:45:00+00:00,4417.622,4442.585,4411.537,4438.725,13404,50,0
2026-08-19 13:00:00+00:00,4438.84,4461.062,4424.205,4456.058,14774,50,0
2026-08-19 13:15:00+00:00,4456.162,4464.517,4454.926,4458.347,9492,50,0
2026-08-19 13:30:00+00:00,4458.412,4466.415,4442.483,4460.92,14125,50,0
2026-08-19 13:45:00+00:00,4460.854,4463.413,4445.191,4459.557,9313,50,0
2026-08-19 14:00:00+00:00,4459.483,4475.723,4455.11,4473.709,9488,50,0
2026-08-19 14:15:00+00:00,4473.767,4487.972,4470.184,4485.846,8657,50,0
2026-08-19 14:30:00+00:00,4485.964,4498.832,4483.911,4489.705,7313,50,0
2026-08-19 14:45:00+00:00,4489.773,4489.773,4478.244,4488.093,5645,50,0
2026-08-19 15:00:00+00:00,4488.237,4488.523,4479.724,4485.418,5538,50,0
2026-08-19 15:15:00+00:00,4485.475,4488.095,4478.141,4483.694,4630,50,0
2026-08-19 15:30:00+00:00,4483.627,4492.729,4480.102,4490.157,4684,50,0
2026-08-19 15:45:00+00:00,4490.097,4494.274,4488.503,4493.761,3462,50,0
2026-08-19 16:00:00+00:00,4493.82,4499.227,4490.946,4497.839,3575,50,0
2026-08-19 16:15:00+00:00,4497.704,4499.481,4490.603,4491.286,3108,50,0
2026-08-19 16:30:00+00:00,4491.133,4496.456,4490.539,4495.357,2930,50,0
2026-08-19 16:45:00+00:00,4495.24,4497.737,4493.448,4493.448,2821,50,0
2026-08-19 17:00:00+00:00,4493.236,4499.303,4488.98,4492.655,3665,50,0
2026-08-19 17:15:00+00:00,4492.716,4492.868,4486.235,4488.198,3155,50,0
2026-08-19 17:30:00+00:00,4488.021,4491.816,4484.449,4488.555,2589,50,0
2026-08-19 17:45:00+00:00,4488.466,4489.728,4484.414,4487.23,1980,50,0
2026-08-19 18:00:00+00:00,4487.348,4496.741,4485.551,4488.215,4661,50,0
2026-08-19 18:15:00+00:00,4487.885,4488.126,4472.779,4475.659,3644,50,0
2026-08-19 18:30:00+00:00,4475.711,4491.784,4472.039,4490.35,4078,50,0
2026-08-19 18:45:00+00:00,4490.469,4496.869,4489.386,4495.327,2544,50,0
2026-08-19 19:00:00+00:00,4495.383,4506.023,4494.309,4503.499,3654,50,0
2026-08-19 19:15:00+00:00,4503.171,4507.881,4502.519,4506.918,2718,50,0
2026-08-19 19:30:00+00:00,4506.985,4510.897,4502.401,4506.99,2823,50,0
2026-08-19 19:45:00+00:00,4506.922,4512.422,4505.174,4511.068,3186,50,0
2026-08-19 20:00:00+00:00,4511.156,4512.191,4505.384,4507.076,1724,50,0
2026-08-19 20:15:00+00:00,4507.132,4522.225,4506.368,4518.389,2296,50,0
2026-08-19 20:30:00+00:00,4518.328,4523.754,4517.865,4519.734,1902,50,0
2026-08-19 20:45:00+00:00,4519.806,4524.477,4519.407,4523.281,1754,50,0
2026-08-19 22:00:00+00:00,4523.075,4527.709,4518.873,4519.962,1522,50,0
2026-08-19 22:15:00+00:00,4519.912,4521.637,4519.162,4520.92,1085,50,0
2026-08-19 22:30:00+00:00,4520.918,4522.07,4517.641,4518.52,1385,50,0
2026-08-19 22:45:00+00:00,4518.613,4521.917,4516.566,4519.039,1226,50,0
2026-08-19 23:00:00+00:00,4519.096,4523.843,4517.545,4519.568,1798,50,0
2026-08-19 23:15:00+00:00,4519.543,4520.411,4515.227,4517.85,1283,50,0
2026-08-19 23:30:00+00:00,4517.673,4518.402,4513.57,4514.474,1338,50,0
2026-08-19 23:45:00+00:00,4514.277,4517.538,4511.359,4511.946,1454,50,0
2026-08-20 00:00:00+00:00,4512.003,4518.9,4510.197,4516.268,5361,50,0
2026-08-20 00:15:00+00:00,4516.522,4521.216,4508.572,4510.483,4144,50,0
2026-08-20 00:30:00+00:00,4510.427,4513.331,4504.117,4506.128,2839,50,0
2026-08-20 00:45:00+00:00,4506.18,4510.663,4503.96,4504.554,3965,50,0
2026-08-20 01:00:00+00:00,4504.881,4510.48,4491.77,4493.455,8571,50,0
2026-08-20 01:15:00+00:00,4493.523,4503.43,4493.3,4500.698,4857,50,0
2026-08-20 01:30:00+00:00,4500.643,4501.471,4493.51,4494.035,5697,50,0
2026-08-20 01:45:00+00:00,4494.006,4495.617,4484.577,4489.698,4039,50,0
2026-08-20 02:00:00+00:00,4489.835,4499.834,4488.672,4497.859,4470,50,0
2026-08-20 02:15:00+00:00,4497.797,4497.853,4489.613,4492.674,2415,50,0
2026-08-20 02:30:00+00:00,4493.076,4494.776,4490.323,4490.61,3309,50,0
2026-08-20 02:45:00+00:00,4490.524,4494.637,4488.83,4490.896,2836,50,0
2026-08-20 03:00:00+00:00,4490.99,4497.187,4487.881,4492.646,3022,50,0
2026-08-20 03:15:00+00:00,4492.612,4496.47,4490.447,4493.386,2812,50,0
2026-08-20 03:30:00+00:00,4493.602,4498.829,4492.323,4497.785,2267,50,0
2026-08-20 03:45:00+00:00,4497.896,4501.142,4496.889,4499.085,2051,50,0
2026-08-20 04:00:00+00:00,4499.141,4499.402,4495.074,4496.629,1912,50,0
2026-08-20 04:15:00+00:00,4496.301,4497.314,4489.986,4490.123,1869,50,0
2026-08-20 04:30:00+00:00,4489.854,4491.065,4486.313,4487.084,1971,50,0
2026-08-20 04:45:00+00:00,4487.04,4491.73,4486.883,4488.492,1755,50,0
2026-08-20 05:00:00+00:00,4488.759,4494.202,4484.094,4485.838,2138,50,0
2026-08-20 05:15:00+00:00,4485.831,4487.151,4482.803,4483.072,2291,50,0
2026-08-20 05:30:00+00:00,4483.275,4486.227,4478.138,4480.655,3648,50,0
2026-08-20 05:45:00+00:00,4480.989,4483.127,4477.82,4481.165,2258,50,0
2026-08-20 06:00:00+00:00,4481.108,4493.646,4480.186,4492.693,2733,50,0
2026-08-20 06:15:00+00:00,4492.748,4496.106,4491.811,4494.049,2588,50,0
2026-08-20 06:30:00+00:00,4493.991,4495.469,4491.667,4492.275,2152,50,0
2026-08-20 06:45:00+00:00,4492.329,4495.619,4491.186,4493.99,2223,50,0
2026-08-20 07:00:00+00:00,4493.823,4493.965,4487.026,4487.759,2737,50,0
2026-08-20 07:15:00+00:00,4488.046,4490.542,4483.726,4484.176,2106,50,0
2026-08-20 07:30:00+00:00,4484.141,4493.196,4483.445,4491.103,2610,50,0
2026-08-20 07:45:00+00:00,4491.293,4494.409,4488.298,4490.851,2055,50,0
2026-08-20 08:00:00+00:00,4490.84,4495.357,4490.584,4494.164,2761,50,0
2026-08-20 08:15:00+00:00,4494.276,4498.85,4489.876,4491.521,2583,50,0
2026-08-20 08:30:00+00:00,4491.228,4495.349,4487.063,4490.74,2822,50,0
2026-08-20 08:45:00+00:00,4490.666,4492.201,4487.636,4489.298,2136,50,0
2026-08-20 09:00:00+00:00,4489.242,4494.344,4488.487,4492.442,2284,50,0
2026-08-20 09:15:00+00:00,4492.585,4493.868,4488.163,4490.106,2190,50,0
2026-08-20 09:30:00+00:00,4490.04,4490.58,4484.548,4489.2,2481,50,0
2026-08-20 09:45:00+00:00,4489.408,4489.408,4481.883,4482.838,2195,50,0
2026-08-20 10:00:00+00:00,4482.503,4491.515,4480.631,4490.46,2090,50,0
2026-08-20 10:15:00+00:00,4490.676,4494.133,4486.573,4493.687,2150,50,0
2026-08-20 10:30:00+00:00,4493.745,4494.949,4489.965,4491.321,1959,50,0
2026-08-20 10:45:00+00:00,4491.376,4491.511,4487.421,4490.343,1641,50,0
2026-08-20 11:00:00+00:00,4490.462,4491.508,4482.653,4485.252,2776,50,0
2026-08-20 11:15:00+00:00,4485.198,4490.086,4481.221,4484.462,2440,50,0
2026-08-20 11:30:00+00:00,4484.539,4486.968,4474.221,4474.988,3238,50,0
2026-08-20 11:45:00+00:00,4475.045,4475.935,4465.389,4467.259,4535,50,0
2026-08-20 12:00:00+00:00,4467.315,4467.396,4450.495,4462.643,7261,50,0
2026-08-20 12:15:00+00:00,4462.461,4468.082,4456.903,4459.587,5289,50,0
2026-08-20 12:30:00+00:00,4459.76,4467.252,4450.985,4466.621,5089,50,0
2026-08-20 12:45:00+00:00,4466.812,4477.329,4464.116,4474.745,3448,50,0
2026-08-20 13:00:00+00:00,4474.922,4484.764,4471.787,4472.885,6186,50,0
2026-08-20 13:15:00+00:00,4472.818,4476.962,4470.131,4472.102,5101,50,0
2026-08-20 13:30:00+00:00,4471.967,4488.139,4469.267,4486.857,10254,50,0
2026-08-20 13:45:00+00:00,4486.704,4489.469,4479.396,4481.661,6456,50,0
2026-08-20 14:00:00+00:00,4481.716,4490.844,4480.786,4485.381,7028,50,0
2026-08-20 14:15:00+00:00,4485.194,4494.032,4481.875,4491.576,5870,50,0
2026-08-20 14:30:00+00:00,4491.906,4501.286,4491.805,4499.229,4728,50,0
2026-08-20 14:45:00+00:00,4499.16,4516.387,4498.662,4515.78,4994,50,0
2026-08-20 15:00:00+00:00,4515.912,4537.575,4515.035,4534.954,16323,50,0
2026-08-20 15:15:00+00:00,4535.024,4540.973,4523.443,4532.578,9565,50,0
2026-08-20 15:30:00+00:00,4532.396,4533.909,4509.191,4511.767,7912,50,0
2026-08-20 15:45:00+00:00,4511.826,4524.33,4511.021,4521.824,5967,50,0
2026-08-20 16:00:00+00:00,4521.88,4524.912,4510.324,4511.421,4785,50,0
2026-08-20 16:15:00+00:00,4511.324,4513.386,4505.278,4509.439,4518,50,0
2026-08-20 16:30:00+00:00,4509.324,4512.84,4502.826,4509.374,3963,50,0
2026-08-20 16:45:00+00:00,4509.313,4513.919,4507.584,4510.223,3096,50,0
2026-08-20 17:00:00+00:00,4510.033,4514.135,4507.655,4509.632,3001,50,0
2026-08-20 17:15:00+00:00,4509.362,4516.711,4508.056,4513.116,3679,50,0
2026-08-20 17:30:00+00:00,4513.175,4518.793,4510.749,4518.211,2897,50,0
2026-08-20 17:45:00+00:00,4518.155,4520.686,4517.06,4519.85,2326,50,0
2026-08-20 18:00:00+00:00,4519.921,4522.595,4509.341,4510.833,3652,50,0
2026-08-20 18:15:00+00:00,4510.779,4520.24,4508.158,4519.205,3134,50,0
2026-08-20 18:30:00+00:00,4519.137,4523.535,4518.399,4520.019,2435,50,0
2026-08-20 18:45:00+00:00,4520.144,4525.494,4517.791,4522.194,2333,50,0
2026-08-20 19:00:00+00:00,4522.099,4528.27,4518.159,4527.566,2410,50,0
2026-08-20 19:15:00+00:00,4527.834,4529.56,4522.653,4522.944,2100,50,0
2026-08-20 19:30:00+00:00,4522.883,4529.709,4521.984,4526.349,2392,50,0
2026-08-20 19:45:00+00:00,4526.315,4532.269,4524.847,4528.839,3065,50,0
2026-08-20 20:00:00+00:00,4528.5,4529.181,4522.344,4522.606,1814,50,0
2026-08-20 20:15:00+00:00,4522.567,4523.024,4520.5,4520.699,1190,50,0
2026-08-20 20:30:00+00:00,4521.109,4521.225,4516.87,4518.297,1257,50,0
2026-08-20 20:45:00+00:00,4518.361,4521.45,4517.863,4518.845,1069,50,0
2026-08-20 22:00:00+00:00,4519.119,4521.322,4516.872,4518.396,837,50,0
2026-08-20 22:15:00+00:00,4518.412,4520.901,4517.871,4519.595,849,50,0
2026-08-20 22:30:00+00:00,4519.63,4523.788,4518.642,4522.648,1013,50,0
2026-08-20 22:45:00+00:00,4522.928,4524.607,4519.548,4524.244,1006,50,0
2026-08-20 23:00:00+00:00,4524.23,4532.965,4523.483,4531.923,1525,50,0
2026-08-20 23:15:00+00:00,4531.785,4532.466,4522.724,4527.197,1391,50,0
2026-08-20 23:30:00+00:00,4527.356,4528.826,4521.04,4524.519,1457,50,0
2026-08-20 23:45:00+00:00,4524.504,4528.368,4523.193,4526.564,1242,50,0
2026-08-21 00:00:00+00:00,4526.445,4527.685,4517.393,4518.888,3209,50,0
2026-08-21 00:15:00+00:00,4518.712,4520.915,4513.924,4515.142,3149,50,0
2026-08-21 00:30:00+00:00,4515.203,4517.263,4510.853,4513.895,2957,50,0
2026-08-21 00:45:00+00:00,4513.702,4514.167,4509.832,4510.618,2845,50,0
2026-08-21 01:00:00+00:00,4510.684,4521.19,4508.719,4520.798,7318,50,0
2026-08-21 01:15:00+00:00,4520.741,4530.849,4520.33,4529.693,4305,50,0
2026-08-21 01:30:00+00:00,4529.475,4544.061,4523.638,4525.922,5227,50,0
2026-08-21 01:45:00+00:00,4526.043,4533.618,4525.342,4530.787,3199,50,0
2026-08-21 02:00:00+00:00,4530.731,4531.299,4518.398,4520.986,3761,50,0
2026-08-21 02:15:00+00:00,4521.104,4529.384,4520.037,4527.389,2000,50,0
2026-08-21 02:30:00+00:00,4527.581,4538.45,4525.178,4538.45,3750,50,0
2026-08-21 02:45:00+00:00,4538.104,4543.142,4532.251,4534.019,3206,50,0
2026-08-21 03:00:00+00:00,4534.08,4538.483,4531.805,4532.434,2723,50,0
2026-08-21 03:15:00+00:00,4532.707,4535.089,4529.742,4529.813,2527,50,0
2026-08-21 03:30:00+00:00,4529.795,4535.874,4526.698,4529.191,2321,50,0
2026-08-21 03:45:00+00:00,4529.236,4535.632,4528.093,4535.333,1732,50,0
2026-08-21 04:00:00+00:00,4535.453,4541.729,4535.36,4540.064,2088,50,0
2026-08-21 04:15:00+00:00,4540.124,4547.441,4537.417,4546.804,2376,50,0
2026-08-21 04:30:00+00:00,4546.91,4548.307,4540.698,4541.595,1941,50,0
2026-08-21 04:45:00+00:00,4541.898,4542.659,4540.097,4540.865,1438,50,0
2026-08-21 05:00:00+00:00,4540.537,4541.016,4534.653,4537.417,2082,50,0
2026-08-21 05:15:00+00:00,4537.086,4538.848,4530.67,4530.67,2300,50,0
2026-08-21 05:30:00+00:00,4530.569,4543.442,4529.338,4543.072,3834,50,0
2026-08-21 05:45:00+00:00,4543.088,4556.388,4541.649,4553.724,3243,50,0
2026-08-21 06:00:00+00:00,4553.816,4555.374,4545.483,4549.183,3204,50,0
2026-08-21 06:15:00+00:00,4549.241,4558.347,4549.241,4555.605,3437,50,0
2026-08-21 06:30:00+00:00,4555.67,4565.957,4554.515,4562.7,3529,50,0
2026-08-21 06:45:00+00:00,4562.484,4567.83,4561.146,4561.151,2926,50,0
2026-08-21 07:00:00+00:00,4560.965,4566.31,4558.449,4561.494,2669,50,0
2026-08-21 07:15:00+00:00,4561.834,4568.067,4559.703,4561.543,2490,50,0
2026-08-21 07:30:00+00:00,4561.735,4566.391,4560.1,4564.367,2707,50,0
2026-08-21 07:45:00+00:00,4564.705,4568.334,4560.758,4564.256,2547,50,0
2026-08-21 08:00:00+00:00,4564.315,4568.24,4559.166,4565.739,2761,50,0
2026-08-21 08:15:00+00:00,4565.683,4582.038,4563.909,4579.577,3193,50,0
2026-08-21 08:30:00+00:00,4579.647,4584.381,4576.742,4582.302,2728,50,0
2026-08-21 08:45:00+00:00,4582.341,4585.136,4580.372,4584.023,2108,50,0
2026-08-21 09:00:00+00:00,4584.082,4600.715,4582.154,4599.27,3232,50,0
2026-08-21 09:15:00+00:00,4599.326,4602.054,4581.221,4582.404,3243,50,0
2026-08-21 09:30:00+00:00,4582.337,4586.959,4580.702,4583.278,2634,50,0
2026-08-21 09:45:00+00:00,4583.218,4585.381,4580.336,4582.515,2051,50,0
2026-08-21 10:00:00+00:00,4582.451,4589.188,4577.954,4578.832,2700,50,0
2026-08-21 10:15:00+00:00,4578.9,4589.52,4578.344,4588.526,2272,50,0
2026-08-21 10:30:00+00:00,4588.521,4594.281,4585.859,4593.119,2121,50,0
2026-08-21 10:45:00+00:00,4593.182,4593.587,4587.838,4588.425,2269,50,0
2026-08-21 11:00:00+00:00,4588.819,4595.497,4587.162,4590.863,2606,50,0
2026-08-21 11:15:00+00:00,4590.635,4601.192,4590.596,4598.357,3684,50,0
2026-08-21 11:30:00+00:00,4598.417,4604.64,4593.289,4596.941,3638,50,0
2026-08-21 11:45:00+00:00,4597.27,4600.681,4595.61,4597.279,2668,50,0
2026-08-21 12:00:00+00:00,4597.341,4601.884,4589.172,4592.762,4011,50,0
2026-08-21 12:15:00+00:00,4592.889,4596.119,4582.128,4584.906,3959,50,0
2026-08-21 12:30:00+00:00,4584.847,4584.847,4563.426,4573.645,4351,50,0
2026-08-21 12:45:00+00:00,4573.575,4581.155,4573.018,4577.958,2974,50,0
2026-08-21 13:00:00+00:00,4578.174,4587.155,4575.789,4585.215,4818,50,0
2026-08-21 13:15:00+00:00,4585.271,4587.992,4579.077,4584.386,3593,50,0
2026-08-21 13:30:00+00:00,4584.331,4591.105,4573.231,4587.891,7798,50,0
2026-08-21 13:45:00+00:00,4587.722,4593.31,4576.69,4581.244,5894,50,0
2026-08-21 14:00:00+00:00,4581.174,4590.661,4579.952,4589.568,4394,50,0
2026-08-21 14:15:00+00:00,4589.623,4603.329,4586.493,4603.329,4653,50,0
2026-08-21 14:30:00+00:00,4603.348,4603.885,4580.513,4582.833,7614,50,0
2026-08-21 14:45:00+00:00,4582.773,4595.304,4580.555,4591.811,5405,50,0
2026-08-21 15:00:00+00:00,4591.866,4598.484,4587.234,4595.386,4565,50,0
2026-08-21 15:15:00+00:00,4595.542,4607.905,4595.009,4602.865,4172,50,0
2026-08-21 15:30:00+00:00,4602.927,4610.785,4599.571,4609.534,4137,50,0
2026-08-21 15:45:00+00:00,4609.591,4615.497,4607.051,4614.491,3896,50,0
2026-08-21 16:00:00+00:00,4614.554,4617.898,4609.071,4614.689,3716,50,0
2026-08-21 16:15:00+00:00,4614.766,4621.078,4610.526,4614.017,4369,50,0
2026-08-21 16:30:00+00:00,4614.053,4622.173,4612.166,4621.644,3235,50,0
2026-08-21 16:45:00+00:00,4621.442,4629.352,4620.968,4628.754,2673,50,0
2026-08-21 17:00:00+00:00,4628.809,4632.235,4621.72,4623.308,3906,50,0
2026-08-21 17:15:00+00:00,4623.367,4626.041,4615.429,4621.928,4356,50,0
2026-08-21 17:30:00+00:00,4622.016,4624.889,4618.572,4619.646,2650,50,0
2026-08-21 17:45:00+00:00,4619.522,4622.542,4616.857,4620.462,2627,50,0
2026-08-21 18:00:00+00:00,4620.497,4627.839,4620.347,4624.213,2028,50,0
2026-08-21 18:15:00+00:00,4624.223,4627.833,4623.958,4625.363,1537,50,0
2026-08-21 18:30:00+00:00,4625.242,4625.35,4619.465,4620.789,2022,50,0
2026-08-21 18:45:00+00:00,4620.792,4626.041,4620.737,4624.279,1647,50,0
2026-08-21 19:00:00+00:00,4624.355,4625.667,4618.508,4622.867,2174,50,0
2026-08-21 19:15:00+00:00,4622.88,4623.407,4617.925,4618.254,1799,50,0
2026-08-21 19:30:00+00:00,4618.309,4619.899,4615.753,4618.214,1949,50,0
2026-08-21 19:45:00+00:00,4618.371,4623.909,4615.728,4617.173,2488,50,0
2026-08-21 20:00:00+00:00,4617.263,4617.802,4615.059,4616.998,1466,50,0
2026-08-21 20:15:00+00:00,4617.129,4617.776,4610.159,4610.908,1754,50,0
2026-08-21 20:30:00+00:00,4610.96,4612.154,4607.408,4608.159,1660,50,0
2026-08-21 20:45:00+00:00,4608.28,4608.852,4602.55,4603.934,2718,50,0
2026-08-23 22:00:00+00:00,4615.78,4620.589,4607.517,4617.355,2447,50,0
2026-08-23 22:15:00+00:00,4617.473,4621.337,4612.849,4614.242,1710,50,0
2026-08-23 22:30:00+00:00,4614.008,4617.175,4606.867,4610.809,1807,50,0
2026-08-23 22:45:00+00:00,4611.141,4611.197,4606.06,4606.291,1400,50,0
2026-08-23 23:00:00+00:00,4606.42,4609.684,4604.604,4607.727,1364,50,0
2026-08-23 23:15:00+00:00,4607.727,4616.29,4606.79,4615.317,1327,50,0
2026-08-23 23:30:00+00:00,4615.314,4619.445,4607.791,4608.539,1626,50,0
2026-08-23 23:45:00+00:00,4608.635,4624.725,4608.213,4624.04,2644,50,0
2026-08-24 00:00:00+00:00,4624.24,4641.136,4620.245,4637.471,7188,50,0
2026-08-24 00:15:00+00:00,4637.354,4640.75,4594.319,4605.1,8643,50,0
2026-08-24 00:30:00+00:00,4605.042,4609.122,4600.982,4607.065,6078,50,0
2026-08-24 00:45:00+00:00,4607.009,4623.648,4603.849,4621.695,4639,50,0
2026-08-24 01:00:00+00:00,4621.751,4635.319,4619.005,4622.266,10695,50,0
2026-08-24 01:15:00+00:00,4622.316,4625.984,4611.094,4614.705,7535,50,0
2026-08-24 01:30:00+00:00,4614.565,4621.226,4608.071,4617.981,6259,50,0
2026-08-24 01:45:00+00:00,4618.135,4637.768,4614.954,4632.209,5409,50,0
2026-08-24 02:00:00+00:00,4632.143,4652.464,4627.856,4650.395,7137,50,0
2026-08-24 02:15:00+00:00,4650.336,4655.629,4649.125,4655.607,4352,50,0
2026-08-24 02:30:00+00:00,4655.664,4657.059,4637.477,4637.845,6246,50,0
2026-08-24 02:45:00+00:00,4637.788,4644.735,4627.599,4643.665,5599,50,0
2026-08-24 03:00:00+00:00,4643.726,4644.192,4633.288,4637.43,4128,50,0
2026-08-24 03:15:00+00:00,4637.343,4648.455,4635.369,4643.981,4116,50,0
2026-08-24 03:30:00+00:00,4643.924,4650.301,4642.499,4643.083,2863,50,0
2026-08-24 03:45:00+00:00,4643.008,4644.989,4640.006,4641.564,2357,50,0
2026-08-24 04:00:00+00:00,4641.509,4642.801,4632.602,4638.518,3334,50,0
2026-08-24 04:15:00+00:00,4638.455,4642.195,4634.426,4640.74,2999,50,0
2026-08-24 04:30:00+00:00,4640.654,4640.919,4632.969,4638.385,2773,50,0
2026-08-24 04:45:00+00:00,4638.055,4640.579,4635.728,4638.927,2094,50,0
2026-08-24 05:00:00+00:00,4638.888,4643.684,4638.512,4643.425,2859,50,0
2026-08-24 05:15:00+00:00,4643.269,4646.714,4636.223,4636.223,2989,50,0
2026-08-24 05:30:00+00:00,4636.165,4639.681,4629.707,4633.322,6763,50,0
2026-08-24 05:45:00+00:00,4633.162,4643.431,4630.146,4641.021,4239,50,0
2026-08-24 06:00:00+00:00,4640.839,4652.537,4639.305,4651.797,5116,50,0
2026-08-24 06:15:00+00:00,4651.893,4660.132,4640.744,4642.561,5634,50,0
2026-08-24 06:30:00+00:00,4642.876,4653.784,4642.027,4643.158,4383,50,0
2026-08-24 06:45:00+00:00,4643.279,4653.997,4643.013,4649.904,3503,50,0
2026-08-24 07:00:00+00:00,4650.117,4654.934,4644.107,4648.545,4399,50,0
2026-08-24 07:15:00+00:00,4648.583,4650.247,4642.237,4642.823,3897,50,0
2026-08-24 07:30:00+00:00,4642.829,4648.229,4634.684,4634.684,3830,50,0
2026-08-24 07:45:00+00:00,4634.744,4643.941,4630.271,4641.843,4241,50,0
2026-08-24 08:00:00+00:00,4641.927,4646.117,4635.908,4637.532,4931,50,0
2026-08-24 08:15:00+00:00,4637.744,4640.111,4629.33,4629.33,3722,50,0
2026-08-24 08:30:00+00:00,4629.272,4646.005,4628.76,4645.3,3153,50,0
2026-08-24 08:45:00+00:00,4645.427,4646.261,4636.109,4638.11,2720,50,0
2026-08-24 09:00:00+00:00,4638.055,4645.005,4637.267,4641.921,3073,50,0
2026-08-24 09:15:00+00:00,4641.892,4642.221,4634.872,4636.043,2636,50,0
2026-08-24 09:30:00+00:00,4636.109,4640.871,4632.823,4639.144,3437,50,0
2026-08-24 09:45:00+00:00,4639.087,4646.158,4638.879,4645.873,2198,50,0
2026-08-24 10:00:00+00:00,4645.943,4650.337,4645.59,4648.318,2589,50,0
2026-08-24 10:15:00+00:00,4648.379,4648.802,4642.315,4643.135,2402,50,0
2026-08-24 10:30:00+00:00,4643.071,4649.351,4642.622,4644.266,2193,50,0
2026-08-24 10:45:00+00:00,4644.404,4647.344,4641.775,4643.398,2290,50,0
2026-08-24 11:00:00+00:00,4643.296,4647.081,4639.032,4642.24,2788,50,0
2026-08-24 11:15:00+00:00,4642.49,4647.737,4640.476,4646.431,2387,50,0
2026-08-24 11:30:00+00:00,4646.566,4670.457,4643.502,4659.007,10404,50,0
2026-08-24 11:45:00+00:00,4659.103,4661.758,4648.079,4657.92,4857,50,0
2026-08-24 12:00:00+00:00,4658.113,4660.199,4650.007,4657.253,4489,50,0
2026-08-24 12:15:00+00:00,4657.466,4662.816,4651.738,4661.745,4859,50,0
2026-08-24 12:30:00+00:00,4662.021,4669.054,4645.79,4657.694,5592,50,0
2026-08-24 12:45:00+00:00,4657.751,4667.362,4654.629,4663.021,4091,50,0
2026-08-24 13:00:00+00:00,4663.063,4677.968,4661.762,4677.031,6324,50,0
2026-08-24 13:15:00+00:00,4677.093,4678.025,4667.732,4672.482,5101,50,0
2026-08-24 13:30:00+00:00,4672.54,4681.002,4658.412,4658.895,11677,50,0
2026-08-24 13:45:00+00:00,4658.817,4678.003,4656.095,4664.823,10138,50,0
2026-08-24 14:00:00+00:00,4664.754,4672.11,4659.759,4665.827,8810,50,0
2026-08-24 14:15:00+00:00,4665.741,4675.035,4655.506,4671.621,6966,50,0
2026-08-24 14:30:00+00:00,4671.881,4678.866,4669.538,4671.866,7724,50,0
2026-08-24 14:45:00+00:00,4672.14,4675.994,4656.86,4670.565,8371,50,0
2026-08-24 15:00:00+00:00,4670.627,4676.871,4665.215,4673.192,7316,50,0
2026-08-24 15:15:00+00:00,4673.251,4679.757,4668.094,4676.157,6564,50,0
2026-08-24 15:30:00+00:00,4676.079,4677.79,4659.911,4660.939,9684,50,0
2026-08-24 15:45:00+00:00,4660.983,4663.32,4639.83,4649.137,12576,50,0
2026-08-24 16:00:00+00:00,4649.048,4662.198,4646.402,4657.433,9943,50,0
2026-08-24 16:15:00+00:00,4657.475,4660.673,4656.018,4658.839,5370,50,0
2026-08-24 16:30:00+00:00,4658.758,4662.472,4658.36,4659.566,4000,50,0
2026-08-24 16:45:00+00:00,4659.631,4660.29,4642.035,4645.038,5767,50,0
2026-08-24 17:00:00+00:00,4645.125,4655.414,4641.577,4652.002,10037,50,0
2026-08-24 17:15:00+00:00,4652.047,4654.122,4630.381,4638.776,13683,50,0
2026-08-24 17:30:00+00:00,4638.722,4643.008,4635.514,4638.965,7149,50,0
2026-08-24 17:45:00+00:00,4638.923,4639.288,4632.552,4636.746,6104,50,0
2026-08-24 18:00:00+00:00,4636.785,4640.986,4624.896,4632.249,9680,50,0
2026-08-24 18:15:00+00:00,4632.292,4642.358,4627.211,4640.191,7765,50,0
2026-08-24 18:30:00+00:00,4640.258,4641.869,4625.345,4634.892,6970,50,0
2026-08-24 18:45:00+00:00,4634.935,4637.786,4631.648,4636.458,4381,50,0
2026-08-24 19:00:00+00:00,4636.401,4640.742,4636.014,4636.527,4154,50,0
2026-08-24 19:15:00+00:00,4636.59,4645.146,4635.889,4641.626,3336,50,0
2026-08-24 19:30:00+00:00,4641.73,4650.935,4640.168,4649.987,4120,50,0
2026-08-24 19:45:00+00:00,4650.046,4656.394,4649.852,4651.875,5111,50,0
2026-08-24 20:00:00+00:00,4651.978,4655.45,4650.254,4650.718,2135,50,0
2026-08-24 20:15:00+00:00,4650.699,4653.875,4648.89,4649.532,1298,50,0
2026-08-24 20:30:00+00:00,4649.563,4650.239,4647.272,4647.846,1095,50,0
2026-08-24 20:45:00+00:00,4648.133,4652.644,4647.157,4652.61,1788,50,0
2026-08-24 22:00:00+00:00,4655.023,4660.771,4652.646,4658.638,1649,50,0
2026-08-24 22:15:00+00:00,4658.627,4659.621,4656.819,4658.04,904,50,0
2026-08-24 22:30:00+00:00,4657.776,4661.845,4657.19,4661.568,1080,50,0
2026-08-24 22:45:00+00:00,4661.766,4668.508,4660.946,4667.612,1192,50,0
2026-08-24 23:00:00+00:00,4667.667,4672.421,4666.848,4672.185,1552,50,0
2026-08-24 23:15:00+00:00,4672.279,4677.113,4669.129,4669.178,1630,50,0
2026-08-24 23:30:00+00:00,4669.161,4677.164,4667.579,4676.394,1843,50,0
2026-08-24 23:45:00+00:00,4676.606,4683.013,4674.922,4679.867,3058,50,0
2026-08-25 00:00:00+00:00,4679.907,4691.756,4675.337,4690.446,10247,50,0
2026-08-25 00:15:00+00:00,4690.805,4691.338,4676.727,4682.734,8139,50,0
2026-08-25 00:30:00+00:00,4682.683,4697.232,4681.739,4693.685,8617,50,0
2026-08-25 00:45:00+00:00,4693.739,4695.01,4683.858,4684.605,6312,50,0
2026-08-25 01:00:00+00:00,4684.518,4686.768,4670.874,4678.304,12534,50,0
2026-08-25 01:15:00+00:00,4678.376,4680.279,4664.119,4669.74,9780,50,0
2026-08-25 01:30:00+00:00,4669.789,4674.86,4666.636,4670.933,10039,50,0
2026-08-25 01:45:00+00:00,4670.751,4675.879,4656.482,4658.158,9975,50,0
2026-08-25 02:00:00+00:00,4658.118,4661.734,4638.161,4641.885,15146,50,0
2026-08-25 02:15:00+00:00,4641.898,4656.863,4640.869,4656.213,7661,50,0
2026-08-25 02:30:00+00:00,4656.172,4656.891,4631.0,4631.108,12491,50,0
2026-08-25 02:45:00+00:00,4630.986,4637.521,4617.89,4629.563,15137,50,0
2026-08-25 03:00:00+00:00,4629.72,4638.338,4622.277,4634.014,11269,50,0
2026-08-25 03:15:00+00:00,4633.981,4638.568,4631.981,4637.849,7474,50,0
2026-08-25 03:30:00+00:00,4637.772,4641.552,4634.018,4634.604,4366,50,0
2026-08-25 03:45:00+00:00,4634.551,4636.032,4631.409,4633.942,4122,50,0
2026-08-25 04:00:00+00:00,4633.57,4638.026,4630.815,4637.07,3830,50,0
2026-08-25 04:15:00+00:00,4637.271,4637.539,4628.931,4630.841,3727,50,0
2026-08-25 04:30:00+00:00,4631.124,4632.99,4623.697,4625.808,5909,50,0
2026-08-25 04:45:00+00:00,4625.862,4629.151,4624.068,4626.133,4905,50,0
2026-08-25 05:00:00+00:00,4625.77,4639.224,4623.954,4637.879,5964,50,0
2026-08-25 05:15:00+00:00,4637.845,4648.072,4637.792,4646.543,4090,50,0
2026-08-25 05:30:00+00:00,4646.61,4647.123,4637.909,4639.299,8814,50,0
2026-08-25 05:45:00+00:00,4639.34,4646.059,4635.899,4643.053,6222,50,0
2026-08-25 06:00:00+00:00,4642.967,4650.643,4641.347,4649.656,5572,50,0
2026-08-25 06:15:00+00:00,4649.848,4653.605,4645.385,4650.326,5007,50,0
2026-08-25 06:30:00+00:00,4650.371,4653.642,4647.83,4648.006,4953,50,0
2026-08-25 06:45:00+00:00,4647.953,4649.501,4637.014,4638.6,4731,50,0
2026-08-25 07:00:00+00:00,4638.639,4642.142,4636.347,4640.054,6465,50,0
2026-08-25 07:15:00+00:00,4639.821,4643.96,4634.131,4634.775,5055,50,0
2026-08-25 07:30:00+00:00,4634.76,4640.286,4633.858,4639.661,4695,50,0
2026-08-25 07:45:00+00:00,4639.727,4640.621,4629.803,4630.295,4638,50,0
2026-08-25 08:00:00+00:00,4630.283,4631.393,4620.242,4626.607,5910,50,0
2026-08-25 08:15:00+00:00,4626.523,4645.379,4625.952,4632.777,9455,50,0
2026-08-25 08:30:00+00:00,4632.818,4635.461,4625.709,4632.177,6874,50,0
2026-08-25 08:45:00+00:00,4632.136,4633.981,4625.028,4630.262,4302,50,0
2026-08-25 09:00:00+00:00,4630.151,4633.578,4624.742,4630.628,5246,50,0
2026-08-25 09:15:00+00:00,4630.703,4633.644,4625.755,4626.773,4314,50,0
2026-08-25 09:30:00+00:00,4626.719,4639.724,4623.998,4637.198,8743,50,0
2026-08-25 09:45:00+00:00,4637.121,4642.75,4635.969,4636.596,5749,50,0
2026-08-25 10:00:00+00:00,4636.45,4638.735,4633.188,4635.328,3977,50,0
2026-08-25 10:15:00+00:00,4635.435,4639.259,4633.324,4633.926,2910,50,0
2026-08-25 10:30:00+00:00,4633.968,4641.21,4632.937,4637.727,3061,50,0
2026-08-25 10:45:00+00:00,4637.774,4642.54,4637.056,4639.398,2595,50,0
2026-08-25 11:00:00+00:00,4639.352,4643.69,4636.069,4642.816,3575,50,0
2026-08-25 11:15:00+00:00,4642.861,4645.385,4638.951,4641.693,2849,50,0
2026-08-25 11:30:00+00:00,4641.551,4645.312,4640.321,4640.855,3746,50,0
2026-08-25 11:45:00+00:00,4640.897,4647.641,4640.733,4642.62,4024,50,0
2026-08-25 12:00:00+00:00,4642.773,4642.875,4634.882,4638.966,4437,50,0
2026-08-25 12:15:00+00:00,4639.193,4639.492,4631.883,4637.204,4943,50,0
2026-08-25 12:30:00+00:00,4637.272,4640.877,4630.025,4638.595,5532,50,0
2026-08-25 12:45:00+00:00,4638.392,4644.46,4637.331,4640.822,4082,50,0
2026-08-25 13:00:00+00:00,4640.993,4641.294,4622.659,4623.34,10528,50,0
2026-08-25 13:15:00+00:00,4623.247,4628.18,4608.564,4609.917,11513,50,0
2026-08-25 13:30:00+00:00,4609.76,4623.694,4609.306,4612.925,16407,50,0
2026-08-25 13:45:00+00:00,4613.028,4618.105,4605.33,4616.476,13717,50,0
2026-08-25 14:00:00+00:00,4616.43,4626.601,4613.39,4622.925,10370,50,0
2026-08-25 14:15:00+00:00,4622.868,4628.691,4618.341,4624.111,9621,50,0
2026-08-25 14:30:00+00:00,4624.154,4638.374,4613.181,4637.045,10239,50,0
2026-08-25 14:45:00+00:00,4637.002,4640.257,4632.659,4635.469,7024,50,0
2026-08-25 15:00:00+00:00,4635.59,4637.371,4630.572,4633.13,6609,50,0
2026-08-25 15:15:00+00:00,4633.18,4644.967,4629.272,4639.817,6800,50,0
2026-08-25 15:30:00+00:00,4639.767,4659.771,4639.767,4656.024,12666,50,0
2026-08-25 15:45:00+00:00,4656.135,4657.442,4648.975,4652.888,6789,50,0
2026-08-25 16:00:00+00:00,4652.679,4653.58,4642.735,4644.648,5411,50,0
2026-08-25 16:15:00+00:00,4644.607,4647.485,4637.763,4640.82,4927,50,0
2026-08-25 16:30:00+00:00,4640.861,4645.555,4636.959,4644.155,5334,50,0
2026-08-25 16:45:00+00:00,4643.93,4646.511,4640.36,4643.636,3662,50,0
2026-08-25 17:00:00+00:00,4643.798,4644.014,4634.269,4638.13,4752,50,0
2026-08-25 17:15:00+00:00,4637.897,4645.032,4634.287,4637.225,4865,50,0
2026-08-25 17:30:00+00:00,4637.271,4644.825,4636.348,4643.062,4049,50,0
2026-08-25 17:45:00+00:00,4643.187,4648.594,4642.55,4648.314,2748,50,0
2026-08-25 18:00:00+00:00,4648.357,4650.517,4644.205,4646.984,2818,50,0
2026-08-25 18:15:00+00:00,4647.265,4650.692,4646.162,4649.911,2352,50,0
2026-08-25 18:30:00+00:00,4649.905,4650.546,4645.853,4649.217,2385,50,0
2026-08-25 18:45:00+00:00,4649.159,4655.211,4649.085,4654.404,2135,50,0
2026-08-25 19:00:00+00:00,4654.47,4663.453,4653.356,4662.116,3178,50,0
2026-08-25 19:15:00+00:00,4662.174,4668.309,4659.93,4661.067,2239,50,0
2026-08-25 19:30:00+00:00,4661.098,4664.657,4657.946,4662.188,2121,50,0
2026-08-25 19:45:00+00:00,4662.277,4667.68,4660.38,4666.833,3067,50,0
2026-08-25 20:00:00+00:00,4667.164,4669.18,4662.726,4665.708,1998,50,0
2026-08-25 20:15:00+00:00,4665.599,4667.922,4662.053,4662.574,1520,50,0
2026-08-25 20:30:00+00:00,4662.505,4664.441,4660.172,4661.492,1276,50,0
2026-08-25 20:45:00+00:00,4661.516,4662.458,4657.829,4658.776,1217,50,0
2026-08-25 22:00:00+00:00,4658.099,4664.92,4657.805,4664.597,1194,50,0
2026-08-25 22:15:00+00:00,4664.575,4666.95,4664.374,4666.701,813,50,0
2026-08-25 22:30:00+00:00,4666.718,4671.067,4666.69,4669.929,1135,50,0
2026-08-25 22:45:00+00:00,4669.865,4673.729,4669.807,4672.567,990,50,0
2026-08-25 23:00:00+00:00,4672.754,4673.444,4667.147,4667.986,1106,50,0
2026-08-25 23:15:00+00:00,4668.259,4668.356,4660.031,4661.2,1149,50,0
2026-08-25 23:30:00+00:00,4661.2,4661.583,4655.592,4656.335,1174,50,0
2026-08-25 23:45:00+00:00,4656.28,4658.921,4653.307,4654.885,1719,50,0
2026-08-26 00:00:00+00:00,4654.972,4657.905,4651.1,4651.203,3841,50,0
2026-08-26 00:15:00+00:00,4651.221,4655.11,4643.072,4646.534,2700,50,0
2026-08-26 00:30:00+00:00,4646.849,4650.114,4636.471,4637.206,3336,50,0
2026-08-26 00:45:00+00:00,4637.139,4639.088,4634.357,4637.488,3177,50,0
2026-08-26 01:00:00+00:00,4637.832,4648.041,4629.398,4644.043,6433,50,0
2026-08-26 01:15:00+00:00,4644.321,4650.544,4643.224,4643.452,3863,50,0
2026-08-26 01:30:00+00:00,4643.798,4647.238,4638.885,4644.684,5076,50,0
2026-08-26 01:45:00+00:00,4644.749,4661.128,4643.128,4657.262,4419,50,0
2026-08-26 02:00:00+00:00,4657.259,4661.996,4654.972,4660.328,3617,50,0
2026-08-26 02:15:00+00:00,4660.166,4661.995,4656.026,4659.219,2225,50,0
2026-08-26 02:30:00+00:00,4659.134,4670.78,4657.587,4667.447,4071,50,0
2026-08-26 02:45:00+00:00,4667.516,4669.274,4657.954,4658.661,2747,50,0
2026-08-26 03:00:00+00:00,4658.445,4658.942,4647.355,4648.482,3038,50,0
2026-08-26 03:15:00+00:00,4648.454,4650.788,4645.937,4650.195,2513,50,0
2026-08-26 03:30:00+00:00,4650.338,4651.513,4645.398,4645.477,1953,50,0
2026-08-26 03:45:00+00:00,4645.475,4645.685,4642.549,4642.888,1578,50,0
2026-08-26 04:00:00+00:00,4642.614,4644.452,4641.762,4642.733,1439,50,0
2026-08-26 04:15:00+00:00,4642.689,4643.525,4641.055,4642.464,1288,50,0
2026-08-26 04:30:00+00:00,4642.185,4643.479,4639.744,4641.011,1366,50,0
2026-08-26 04:45:00+00:00,4640.737,4641.926,4638.856,4640.74,1448,50,0
2026-08-26 05:00:00+00:00,4640.907,4645.995,4640.3,4643.246,1841,50,0
2026-08-26 05:15:00+00:00,4643.521,4645.571,4641.396,4643.347,1710,50,0
2026-08-26 05:30:00+00:00,4643.29,4649.427,4637.927,4638.222,4058,50,0
2026-08-26 05:45:00+00:00,4638.154,4640.847,4635.392,4639.898,2982,50,0
2026-08-26 06:00:00+00:00,4639.561,4641.606,4636.096,4637.696,3057,50,0
2026-08-26 06:15:00+00:00,4637.753,4638.05,4624.675,4626.905,3266,50,0
2026-08-26 06:30:00+00:00,4626.7,4634.024,4625.641,4633.267,2909,50,0
2026-08-26 06:45:00+00:00,4633.237,4636.85,4630.492,4634.186,2241,50,0
2026-08-26 07:00:00+00:00,4634.059,4639.384,4632.998,4636.368,2688,50,0
2026-08-26 07:15:00+00:00,4636.312,4638.047,4630.815,4631.613,2288,50,0
2026-08-26 07:30:00+00:00,4631.557,4636.637,4628.863,4631.93,2252,50,0
2026-08-26 07:45:00+00:00,4631.667,4635.039,4626.412,4628.869,2299,50,0
2026-08-26 08:00:00+00:00,4628.854,4630.523,4625.511,4625.878,2693,50,0
2026-08-26 08:15:00+00:00,4625.866,4629.634,4622.104,4629.634,2226,50,0
2026-08-26 08:30:00+00:00,4629.579,4630.841,4625.037,4629.646,2160,50,0
2026-08-26 08:45:00+00:00,4629.569,4630.132,4625.948,4628.234,1701,50,0
2026-08-26 09:00:00+00:00,4628.517,4631.138,4623.972,4625.152,2391,50,0
2026-08-26 09:15:00+00:00,4625.151,4625.405,4616.276,4616.944,2406,50,0
2026-08-26 09:30:00+00:00,4617.095,4622.593,4616.936,4622.215,1921,50,0
2026-08-26 09:45:00+00:00,4622.033,4625.708,4621.855,4623.361,1687,50,0
2026-08-26 10:00:00+00:00,4623.305,4624.267,4617.592,4618.909,1724,50,0
2026-08-26 10:15:00+00:00,4619.114,4620.629,4613.313,4615.391,2080,50,0
2026-08-26 10:30:00+00:00,4615.451,4624.159,4614.576,4622.291,1773,50,0
2026-08-26 10:45:00+00:00,4622.234,4624.179,4618.814,4620.379,1493,50,0
2026-08-26 11:00:00+00:00,4620.438,4621.975,4616.702,4618.668,1875,50,0
2026-08-26 11:15:00+00:00,4618.428,4623.107,4616.656,4621.004,1898,50,0
2026-08-26 11:30:00+00:00,4620.571,4622.967,4617.191,4619.274,2078,50,0
2026-08-26 11:45:00+00:00,4619.333,4625.338,4616.862,4624.586,2183,50,0
2026-08-26 12:00:00+00:00,4624.833,4629.799,4623.564,4625.639,2801,50,0
2026-08-26 12:15:00+00:00,4625.439,4631.092,4624.645,4631.092,2655,50,0
2026-08-26 12:30:00+00:00,4631.02,4633.559,4612.274,4622.634,7420,50,0
2026-08-26 12:45:00+00:00,4622.574,4626.498,4610.501,4614.222,6069,50,0
2026-08-26 13:00:00+00:00,4614.288,4621.533,4608.312,4611.401,8976,50,0
2026-08-26 13:15:00+00:00,4611.458,4614.395,4598.104,4611.185,7311,50,0
2026-08-26 13:30:00+00:00,4611.225,4623.215,4610.26,4619.823,8963,50,0
2026-08-26 13:45:00+00:00,4619.812,4631.98,4618.173,4631.541,6585,50,0
2026-08-26 14:00:00+00:00,4631.598,4633.608,4619.515,4620.524,6179,50,0
2026-08-26 14:15:00+00:00,4620.309,4627.104,4616.28,4616.867,5040,50,0
2026-08-26 14:30:00+00:00,4616.732,4623.128,4612.64,4622.142,4310,50,0
2026-08-26 14:45:00+00:00,4622.087,4622.88,4602.703,4602.897,5139,50,0
2026-08-26 15:00:00+00:00,4603.114,4605.59,4588.043,4589.214,8220,50,0
2026-08-26 15:15:00+00:00,4589.273,4598.12,4583.021,4594.978,6100,50,0
2026-08-26 15:30:00+00:00,4594.916,4604.855,4594.597,4604.761,3680,50,0
2026-08-26 15:45:00+00:00,4604.826,4609.462,4596.005,4596.256,4608,50,0
2026-08-26 16:00:00+00:00,4596.319,4601.672,4590.637,4600.321,4180,50,0
2026-08-26 16:15:00+00:00,4600.24,4601.129,4594.05,4595.128,3324,50,0
2026-08-26 16:30:00+00:00,4595.191,4596.479,4585.663,4588.473,3493,50,0
2026-08-26 16:45:00+00:00,4588.414,4597.029,4588.022,4591.821,2988,50,0
2026-08-26 17:00:00+00:00,4591.629,4596.202,4590.792,4594.707,2642,50,0
2026-08-26 17:15:00+00:00,4594.915,4599.09,4593.454,4597.797,2666,50,0
2026-08-26 17:30:00+00:00,4597.835,4602.451,4595.619,4597.323,2406,50,0
2026-08-26 17:45:00+00:00,4597.31,4599.527,4594.151,4597.787,1890,50,0
2026-08-26 18:00:00+00:00,4597.842,4604.85,4596.702,4600.348,2232,50,0
2026-08-26 18:15:00+00:00,4600.514,4600.756,4592.728,4595.043,2156,50,0
2026-08-26 18:30:00+00:00,4594.835,4597.661,4592.398,4596.975,1867,50,0
2026-08-26 18:45:00+00:00,4596.916,4597.984,4593.28,4593.976,1510,50,0
2026-08-26 19:00:00+00:00,4594.135,4595.828,4590.925,4594.355,1826,50,0
2026-08-26 19:15:00+00:00,4594.367,4599.139,4591.27,4598.744,1762,50,0
2026-08-26 19:30:00+00:00,4598.415,4601.689,4594.171,4595.908,1724,50,0
2026-08-26 19:45:00+00:00,4595.916,4596.686,4592.465,4594.368,1921,50,0
2026-08-26 20:00:00+00:00,4594.278,4596.901,4591.803,4591.803,1487,50,0
2026-08-26 20:15:00+00:00,4591.929,4592.179,4583.998,4591.273,2174,50,0
2026-08-26 20:30:00+00:00,4591.28,4593.679,4590.263,4592.193,1243,50,0
2026-08-26 20:45:00+00:00,4592.137,4594.595,4591.548,4594.265,1065,50,0
2026-08-26 22:00:00+00:00,4599.539,4606.599,4598.367,4602.513,1449,50,0
2026-08-26 22:15:00+00:00,4602.575,4613.463,4602.345,4610.719,1777,50,0
2026-08-26 22:30:00+00:00,4610.774,4611.822,4608.665,4610.791,1231,50,0
2026-08-26 22:45:00+00:00,4610.846,4612.326,4606.835,4609.244,1205,50,0
2026-08-26 23:00:00+00:00,4609.185,4615.758,4607.087,4615.374,1482,50,0
2026-08-26 23:15:00+00:00,4615.222,4622.558,4614.288,4620.086,1275,50,0
2026-08-26 23:30:00+00:00,4620.147,4625.054,4618.244,4622.608,1288,50,0
2026-08-26 23:45:00+00:00,4622.606,4625.039,4620.806,4623.571,1710,50,0
2026-08-27 00:00:00+00:00,4623.647,4627.257,4616.197,4617.955,3496,50,0
2026-08-27 00:15:00+00:00,4618.018,4621.673,4613.29,4619.298,2786,50,0
2026-08-27 00:30:00+00:00,4619.194,4619.194,4605.324,4606.264,3015,50,0
2026-08-27 00:45:00+00:00,4606.468,4611.354,4600.47,4605.062,3298,50,0
2026-08-27 01:00:00+00:00,4604.934,4625.114,4602.292,4624.708,7329,50,0
2026-08-27 01:15:00+00:00,4624.766,4625.371,4617.124,4618.789,3963,50,0
2026-08-27 01:30:00+00:00,4618.731,4631.634,4617.83,4624.101,4126,50,0
2026-08-27 01:45:00+00:00,4624.064,4641.158,4623.586,4639.986,3546,50,0
2026-08-27 02:00:00+00:00,4640.063,4643.186,4638.132,4640.307,3060,50,0
2026-08-27 02:15:00+00:00,4640.365,4640.823,4632.945,4633.223,2053,50,0
2026-08-27 02:30:00+00:00,4633.284,4634.075,4623.659,4627.247,3681,50,0
2026-08-27 02:45:00+00:00,4627.58,4631.494,4624.432,4629.653,2506,50,0
2026-08-27 03:00:00+00:00,4629.593,4635.273,4628.46,4634.199,2691,50,0
2026-08-27 03:15:00+00:00,4634.255,4638.868,4632.899,4635.661,2246,50,0
2026-08-27 03:30:00+00:00,4635.54,4635.876,4628.946,4629.468,1757,50,0
2026-08-27 03:45:00+00:00,4629.48,4629.821,4624.415,4625.443,1461,50,0
2026-08-27 04:00:00+00:00,4625.507,4627.421,4624.446,4625.535,1564,50,0
2026-08-27 04:15:00+00:00,4625.554,4627.19,4620.584,4620.719,1580,50,0
2026-08-27 04:30:00+00:00,4620.502,4621.112,4617.171,4619.065,1561,50,0
2026-08-27 04:45:00+00:00,4619.346,4620.909,4617.702,4618.761,1775,50,0
2026-08-27 05:00:00+00:00,4618.818,4621.589,4616.068,4619.903,1803,50,0
2026-08-27 05:15:00+00:00,4620.052,4621.667,4616.973,4617.088,1839,50,0
2026-08-27 05:30:00+00:00,4617.305,4620.132,4604.795,4605.509,4970,50,0
2026-08-27 05:45:00+00:00,4605.453,4610.016,4600.903,4607.012,3735,50,0
2026-08-27 06:00:00+00:00,4606.955,4607.733,4599.541,4605.983,3779,50,0
2026-08-27 06:15:00+00:00,4605.932,4610.411,4603.886,4610.352,2546,50,0
2026-08-27 06:30:00+00:00,4610.415,4611.874,4604.905,4607.78,2576,50,0
2026-08-27 06:45:00+00:00,4607.548,4609.689,4597.915,4600.214,2888,50,0
2026-08-27 07:00:00+00:00,4600.32,4605.937,4598.614,4603.849,3103,50,0
2026-08-27 07:15:00+00:00,4603.79,4603.995,4593.613,4599.311,2628,50,0
2026-08-27 07:30:00+00:00,4599.383,4601.369,4595.004,4597.848,2318,50,0
2026-08-27 07:45:00+00:00,4598.182,4602.726,4595.705,4600.474,2219,50,0
2026-08-27 08:00:00+00:00,4600.416,4607.029,4599.578,4603.435,2147,50,0
2026-08-27 08:15:00+00:00,4603.491,4606.301,4600.045,4601.025,2074,50,0
2026-08-27 08:30:00+00:00,4600.831,4602.061,4594.828,4596.256,2218,50,0
2026-08-27 08:45:00+00:00,4596.135,4602.359,4595.57,4599.168,1928,50,0
2026-08-27 09:00:00+00:00,4598.979,4600.792,4593.571,4596.279,2471,50,0
2026-08-27 09:15:00+00:00,4596.164,4599.508,4593.83,4597.932,2316,50,0
2026-08-27 09:30:00+00:00,4598.065,4599.286,4577.604,4582.671,4165,50,0
2026-08-27 09:45:00+00:00,4582.325,4585.785,4579.001,4580.51,2519,50,0
2026-08-27 10:00:00+00:00,4580.48,4582.153,4568.954,4581.569,3801,50,0
2026-08-27 10:15:00+00:00,4581.787,4583.703,4577.406,4580.583,2210,50,0
2026-08-27 10:30:00+00:00,4580.313,4586.083,4576.192,4585.558,2252,50,0
2026-08-27 10:45:00+00:00,4585.488,4590.745,4585.459,4590.2,2044,50,0
2026-08-27 11:00:00+00:00,4590.12,4592.718,4587.311,4592.467,2117,50,0
2026-08-27 11:15:00+00:00,4592.409,4597.136,4591.031,4594.315,1703,50,0
2026-08-27 11:30:00+00:00,4594.444,4599.841,4593.767,4597.766,2385,50,0
2026-08-27 11:45:00+00:00,4597.824,4600.471,4594.519,4598.23,1928,50,0
2026-08-27 12:00:00+00:00,4598.284,4601.378,4592.687,4592.946,2198,50,0
2026-08-27 12:15:00+00:00,4592.937,4600.892,4591.787,4595.533,3055,50,0
2026-08-27 12:30:00+00:00,4595.59,4596.593,4587.054,4587.68,3050,50,0
2026-08-27 12:45:00+00:00,4587.735,4588.282,4580.61,4585.737,2937,50,0
2026-08-27 13:00:00+00:00,4586.028,4591.043,4579.572,4585.507,5725,50,0
2026-08-27 13:15:00+00:00,4585.448,4593.497,4583.179,4590.185,4657,50,0
2026-08-27 13:30:00+00:00,4590.399,4593.333,4572.239,4578.952,7780,50,0
2026-08-27 13:45:00+00:00,4578.895,4583.057,4565.037,4572.552,7713,50,0
2026-08-27 14:00:00+00:00,4572.677,4579.353,4568.325,4573.648,7707,50,0
2026-08-27 14:15:00+00:00,4573.863,4584.193,4573.863,4581.202,5694,50,0
2026-08-27 14:30:00+00:00,4581.143,4597.488,4581.023,4595.428,5223,50,0
2026-08-27 14:45:00+00:00,4595.286,4598.478,4588.271,4591.459,4688,50,0
2026-08-27 15:00:00+00:00,4591.243,4595.583,4591.033,4592.793,3886,50,0
2026-08-27 15:15:00+00:00,4592.461,4598.066,4588.882,4593.288,3464,50,0
2026-08-27 15:30:00+00:00,4592.952,4605.998,4592.131,4601.428,3738,50,0
2026-08-27 15:45:00+00:00,4601.438,4611.516,4600.218,4610.367,3387,50,0
2026-08-27 16:00:00+00:00,4610.491,4612.975,4604.432,4604.621,3085,50,0
2026-08-27 16:15:00+00:00,4604.74,4608.687,4602.452,4607.869,2408,50,0
2026-08-27 16:30:00+00:00,4607.814,4612.954,4605.943,4611.467,2488,50,0
2026-08-27 16:45:00+00:00,4611.41,4616.912,4610.072,4614.893,2525,50,0
2026-08-27 17:00:00+00:00,4614.954,4616.568,4608.466,4610.34,2169,50,0
2026-08-27 17:15:00+00:00,4610.402,4612.21,4608.364,4610.439,1962,50,0
2026-08-27 17:30:00+00:00,4610.496,4614.432,4608.273,4611.196,1974,50,0
2026-08-27 17:45:00+00:00,4611.262,4611.894,4605.289,4606.662,2550,50,0
2026-08-27 18:00:00+00:00,4606.662,4608.044,4602.301,4605.593,2673,50,0
2026-08-27 18:15:00+00:00,4605.738,4608.13,4601.518,4601.518,2009,50,0
2026-08-27 18:30:00+00:00,4601.458,4605.016,4600.759,4604.506,1707,50,0
2026-08-27 18:45:00+00:00,4604.841,4611.372,4604.187,4610.337,1763,50,0
2026-08-27 19:00:00+00:00,4610.665,4618.285,4610.555,4615.495,2349,50,0
2026-08-27 19:15:00+00:00,4615.466,4616.103,4604.399,4605.798,1883,50,0
2026-08-27 19:30:00+00:00,4606.14,4610.341,4604.793,4609.742,1600,50,0
2026-08-27 19:45:00+00:00,4609.683,4612.958,4605.307,4609.431,2063,50,0
2026-08-27 20:00:00+00:00,4609.123,4609.88,4603.583,4605.056,1325,50,0
2026-08-27 20:15:00+00:00,4604.999,4605.653,4602.648,4603.782,840,50,0
2026-08-27 20:30:00+00:00,4603.907,4604.641,4601.936,4603.957,709,50,0
2026-08-27 20:45:00+00:00,4603.927,4604.971,4600.01,4600.89,1130,50,0
2026-08-27 22:00:00+00:00,4606.468,4607.793,4601.333,4604.879,1223,50,0
2026-08-27 22:15:00+00:00,4605.14,4608.552,4604.593,4607.948,1065,50,0
2026-08-27 22:30:00+00:00,4607.635,4610.297,4606.595,4607.829,1010,50,0
2026-08-27 22:45:00+00:00,4608.051,4611.015,4606.717,4610.894,820,50,0
2026-08-27 23:00:00+00:00,4610.894,4611.646,4602.813,4602.842,1023,50,0
2026-08-27 23:15:00+00:00,4603.087,4603.813,4599.831,4601.185,933,50,0
2026-08-27 23:30:00+00:00,4601.166,4602.546,4598.496,4599.943,1118,50,0
2026-08-27 23:45:00+00:00,4599.858,4599.858,4594.314,4594.661,1430,50,0
2026-08-28 00:00:00+00:00,4594.717,4602.688,4593.177,4600.864,2954,50,0
2026-08-28 00:15:00+00:00,4600.864,4601.025,4590.499,4594.26,2616,50,0
2026-08-28 00:30:00+00:00,4594.189,4594.445,4587.598,4591.386,2351,50,0
2026-08-28 00:45:00+00:00,4591.311,4591.311,4585.633,4588.713,2289,50,0
2026-08-28 01:00:00+00:00,4589.06,4602.196,4586.347,4594.125,5584,50,0
2026-08-28 01:15:00+00:00,4593.909,4598.22,4583.83,4585.809,4866,50,0
2026-08-28 01:30:00+00:00,4586.142,4589.23,4578.421,4582.293,5130,50,0
2026-08-28 01:45:00+00:00,4581.964,4583.478,4575.209,4576.138,3572,50,0
2026-08-28 02:00:00+00:00,4576.077,4582.78,4575.03,4581.685,2867,50,0
2026-08-28 02:15:00+00:00,4581.62,4585.102,4578.565,4583.544,1738,50,0
2026-08-28 02:30:00+00:00,4583.797,4589.591,4583.097,4585.254,2503,50,0
2026-08-28 02:45:00+00:00,4585.318,4587.36,4582.311,4586.27,2147,50,0
2026-08-28 03:00:00+00:00,4586.179,4588.521,4582.71,4584.068,2120,50,0
2026-08-28 03:15:00+00:00,4584.379,4590.122,4584.219,4588.131,2261,50,0
2026-08-28 03:30:00+00:00,4588.186,4588.558,4580.955,4581.87,1759,50,0
2026-08-28 03:45:00+00:00,4581.991,4582.157,4578.693,4580.164,1330,50,0
2026-08-28 04:00:00+00:00,4579.862,4580.467,4577.924,4579.397,1305,50,0
2026-08-28 04:15:00+00:00,4579.578,4585.492,4578.673,4584.761,1353,50,0
2026-08-28 04:30:00+00:00,4584.845,4584.845,4578.063,4580.06,1331,50,0
2026-08-28 04:45:00+00:00,4579.79,4585.262,4578.181,4584.293,1287,50,0
2026-08-28 05:00:00+00:00,4584.579,4585.435,4578.503,4580.102,1667,50,0
2026-08-28 05:15:00+00:00,4580.096,4586.543,4579.077,4583.958,1489,50,0
2026-08-28 05:30:00+00:00,4584.023,4584.284,4571.475,4572.889,4101,50,0
2026-08-28 05:45:00+00:00,4572.943,4577.614,4571.703,4573.571,2371,50,0
2026-08-28 06:00:00+00:00,4573.685,4583.539,4572.563,4581.849,3089,50,0
2026-08-28 06:15:00+00:00,4581.758,4585.915,4580.647,4584.981,2470,50,0
2026-08-28 06:30:00+00:00,4584.921,4588.592,4582.933,4588.169,2847,50,0
2026-08-28 06:45:00+00:00,4588.348,4613.476,4588.15,4612.582,5540,50,0
2026-08-28 07:00:00+00:00,4612.454,4613.655,4596.72,4600.945,3306,50,0
2026-08-28 07:15:00+00:00,4600.682,4610.253,4599.332,4607.556,2893,50,0
2026-08-28 07:30:00+00:00,4607.539,4614.524,4607.181,4609.408,2587,50,0
2026-08-28 07:45:00+00:00,4609.402,4613.42,4607.667,4611.706,1968,50,0
2026-08-28 08:00:00+00:00,4611.637,4614.788,4609.888,4611.606,2330,50,0
2026-08-28 08:15:00+00:00,4611.936,4612.469,4608.002,4609.347,1771,50,0
2026-08-28 08:30:00+00:00,4609.287,4611.577,4603.234,4603.834,2183,50,0
2026-08-28 08:45:00+00:00,4603.773,4606.135,4600.943,4603.109,2084,50,0
2026-08-28 09:00:00+00:00,4602.752,4604.441,4600.691,4601.817,1876,50,0
2026-08-28 09:15:00+00:00,4601.758,4604.292,4600.367,4601.976,2004,50,0
2026-08-28 09:30:00+00:00,4601.921,4605.348,4600.971,4604.135,2041,50,0
2026-08-28 09:45:00+00:00,4604.191,4607.539,4603.028,4605.268,1620,50,0
2026-08-28 10:00:00+00:00,4605.305,4609.079,4603.354,4608.486,1791,50,0
2026-08-28 10:15:00+00:00,4608.639,4610.055,4601.692,4605.245,1801,50,0
2026-08-28 10:30:00+00:00,4605.542,4608.165,4601.756,4602.957,1663,50,0
2026-08-28 10:45:00+00:00,4602.897,4603.469,4597.458,4600.01,1889,50,0
2026-08-28 11:00:00+00:00,4600.129,4601.363,4594.842,4599.074,2455,50,0
2026-08-28 11:15:00+00:00,4598.868,4601.484,4597.592,4598.948,1743,50,0
2026-08-28 11:30:00+00:00,4598.875,4600.843,4591.211,4594.867,2315,50,0
2026-08-28 11:45:00+00:00,4594.923,4596.207,4591.69,4593.566,2049,50,0
2026-08-28 12:00:00+00:00,4593.444,4597.303,4590.732,4594.515,2784,50,0
2026-08-28 12:15:00+00:00,4594.606,4603.943,4592.393,4601.493,2591,50,0
2026-08-28 12:30:00+00:00,4601.629,4602.352,4589.001,4591.838,3884,50,0
2026-08-28 12:45:00+00:00,4592.053,4602.707,4590.116,4601.495,3522,50,0
2026-08-28 13:00:00+00:00,4601.599,4605.616,4596.079,4598.86,5770,50,0
2026-08-28 13:15:00+00:00,4599.263,4604.666,4593.835,4603.886,4600,50,0
2026-08-28 13:30:00+00:00,4603.83,4608.049,4598.912,4604.828,6735,50,0
2026-08-28 13:45:00+00:00,4604.893,4627.653,4604.313,4604.968,5717,50,0
2026-08-28 14:00:00+00:00,4604.814,4632.4,4543.632,4546.349,32348,50,0
2026-08-28 14:15:00+00:00,4546.416,4568.593,4529.716,4552.006,22645,50,0
2026-08-28 14:30:00+00:00,4552.075,4577.222,4551.693,4561.609,17135,50,0
2026-08-28 14:45:00+00:00,4561.539,4581.088,4550.314,4576.756,14450,50,0
2026-08-28 15:00:00+00:00,4576.698,4583.186,4556.801,4559.335,13248,50,0
2026-08-28 15:15:00+00:00,4559.394,4569.268,4551.533,4567.151,11498,50,0
2026-08-28 15:30:00+00:00,4567.094,4567.695,4534.341,4539.521,12063,50,0
2026-08-28 15:45:00+00:00,4539.589,4546.179,4523.884,4524.734,15529,50,0
2026-08-28 16:00:00+00:00,4524.608,4529.56,4497.324,4498.122,16743,50,0
2026-08-28 16:15:00+00:00,4498.062,4503.811,4464.067,4481.224,20473,50,0
2026-08-28 16:30:00+00:00,4480.884,4487.802,4465.806,4469.353,14333,50,0
2026-08-28 16:45:00+00:00,4469.28,4485.316,4469.28,4479.602,9549,50,0
2026-08-28 17:00:00+00:00,4479.668,4482.896,4471.093,4480.947,9573,50,0
2026-08-28 17:15:00+00:00,4480.73,4486.735,4475.054,4478.435,7770,50,0
2026-08-28 17:30:00+00:00,4478.362,4481.671,4460.413,4467.265,7485,50,0
2026-08-28 17:45:00+00:00,4467.319,4475.787,4466.41,4469.28,5167,50,0
2026-08-28 18:00:00+00:00,4469.19,4471.877,4459.57,4461.165,6288,50,0
2026-08-28 18:15:00+00:00,4461.252,4463.679,4452.431,4456.411,6923,50,0
2026-08-28 18:30:00+00:00,4456.351,4458.873,4445.393,4451.24,5441,50,0
2026-08-28 18:45:00+00:00,4451.257,4458.433,4448.375,4457.011,4991,50,0
2026-08-28 19:00:00+00:00,4456.801,4462.858,4452.853,4457.362,5909,50,0
2026-08-28 19:15:00+00:00,4457.026,4463.865,4455.264,4462.25,3473,50,0
2026-08-28 19:30:00+00:00,4462.183,4467.109,4460.945,4465.242,3142,50,0
2026-08-28 19:45:00+00:00,4465.187,4465.219,4452.992,4458.572,4511,50,0
2026-08-28 20:00:00+00:00,4458.623,4462.851,4455.566,4457.95,2538,50,0
2026-08-28 20:15:00+00:00,4457.733,4460.81,4453.835,4458.072,1559,50,0
2026-08-28 20:30:00+00:00,4458.14,4458.342,4453.693,4457.124,1703,50,0
2026-08-28 20:45:00+00:00,4457.073,4460.082,4453.077,4456.185,2008,50,0
2026-08-30 22:00:00+00:00,4439.165,4459.617,4439.1,4458.891,2508,50,0
2026-08-30 22:15:00+00:00,4458.879,4466.055,4456.106,4459.834,1715,50,0
2026-08-30 22:30:00+00:00,4459.897,4462.72,4452.967,4458.055,1720,50,0
2026-08-30 22:45:00+00:00,4458.048,4462.73,4457.156,4461.479,1238,50,0
2026-08-30 23:00:00+00:00,4461.694,4466.996,4459.853,4460.715,1646,50,0
2026-08-30 23:15:00+00:00,4460.84,4465.413,4455.252,4457.452,1681,50,0
2026-08-30 23:30:00+00:00,4457.406,4458.099,4446.469,4447.725,2418,50,0
2026-08-30 23:45:00+00:00,4447.666,4460.58,4435.725,4458.345,4224,50,0
2026-08-31 00:00:00+00:00,4458.406,4463.524,4453.47,4461.794,6320,50,0
2026-08-31 00:15:00+00:00,4461.919,4465.249,4452.135,4456.68,3507,50,0
2026-08-31 00:30:00+00:00,4456.701,4472.528,4456.701,4465.217,3783,50,0
2026-08-31 00:45:00+00:00,4465.475,4469.123,4456.141,4456.548,3597,50,0
2026-08-31 01:00:00+00:00,4456.605,4463.446,4435.934,4443.645,13105,50,0
2026-08-31 01:15:00+00:00,4443.581,4454.615,4442.115,4444.064,8155,50,0
2026-08-31 01:30:00+00:00,4444.006,4454.179,4436.403,4451.143,7764,50,0
2026-08-31 01:45:00+00:00,4450.94,4452.866,4436.348,4440.366,6445,50,0
2026-08-31 02:00:00+00:00,4440.421,4441.683,4418.293,4424.508,8276,50,0
2026-08-31 02:15:00+00:00,4424.638,4428.25,4418.545,4423.184,5493,50,0
2026-08-31 02:30:00+00:00,4423.03,4426.558,4402.133,4403.346,7907,50,0
2026-08-31 02:45:00+00:00,4403.127,4423.125,4396.438,4423.125,5444,50,0
2026-08-31 03:00:00+00:00,4422.798,4428.459,4421.658,4428.173,4011,50,0
2026-08-31 03:15:00+00:00,4428.156,4434.174,4426.468,4427.698,3469,50,0
2026-08-31 03:30:00+00:00,4427.917,4427.986,4419.713,4423.079,2676,50,0
2026-08-31 03:45:00+00:00,4422.786,4427.014,4421.514,4422.689,1991,50,0
2026-08-31 04:00:00+00:00,4422.837,4423.029,4416.835,4421.219,2253,50,0
2026-08-31 04:15:00+00:00,4421.142,4421.561,4415.829,4416.16,2174,50,0
2026-08-31 04:30:00+00:00,4416.089,4422.089,4412.92,4420.408,2388,50,0
2026-08-31 04:45:00+00:00,4420.213,4425.122,4418.698,4424.704,2016,50,0
2026-08-31 05:00:00+00:00,4424.636,4427.287,4419.111,4422.898,2887,50,0
2026-08-31 05:15:00+00:00,4422.835,4441.084,4422.06,4440.195,2815,50,0
2026-08-31 05:30:00+00:00,4440.297,4442.441,4430.617,4437.666,5457,50,0
2026-08-31 05:45:00+00:00,4437.72,4444.077,4434.198,4442.896,3947,50,0
2026-08-31 06:00:00+00:00,4442.956,4443.399,4429.209,4432.043,4071,50,0
2026-08-31 06:15:00+00:00,4432.259,4439.119,4431.276,4435.817,3448,50,0
2026-08-31 06:30:00+00:00,4435.871,4441.391,4431.23,4439.838,2793,50,0
2026-08-31 06:45:00+00:00,4439.622,4442.612,4436.72,4439.397,2590,50,0
2026-08-31 07:00:00+00:00,4439.177,4442.139,4435.503,4436.363,2918,50,0
2026-08-31 07:15:00+00:00,4436.018,4448.476,4435.032,4444.158,2710,50,0
2026-08-31 07:30:00+00:00,4444.214,4447.248,4441.236,4446.441,2655,50,0
2026-08-31 07:45:00+00:00,4446.688,4447.955,4440.735,4443.228,2027,50,0
2026-08-31 08:00:00+00:00,4443.151,4449.69,4437.069,4439.092,2535,50,0
2026-08-31 08:15:00+00:00,4438.971,4441.524,4436.292,4440.046,2362,50,0
2026-08-31 08:30:00+00:00,4440.101,4440.398,4434.305,4435.485,1996,50,0
2026-08-31 08:45:00+00:00,4435.564,4437.176,4433.762,4435.552,1788,50,0
2026-08-31 09:00:00+00:00,4435.913,4443.204,4435.483,4442.906,2080,50,0
2026-08-31 09:15:00+00:00,4442.959,4444.417,4438.118,4439.264,1673,50,0
2026-08-31 09:30:00+00:00,4439.327,4444.823,4438.896,4442.965,1591,50,0
2026-08-31 09:45:00+00:00,4443.174,4445.65,4441.125,4445.586,1550,50,0
2026-08-31 10:00:00+00:00,4445.385,4453.971,4444.754,4451.625,2527,50,0
2026-08-31 10:15:00+00:00,4451.571,4452.126,4446.473,4448.69,2093,50,0
2026-08-31 10:30:00+00:00,4448.471,4451.824,4447.562,4451.174,1891,50,0
2026-08-31 10:45:00+00:00,4451.12,4455.735,4449.483,4453.866,1589,50,0
2026-08-31 11:00:00+00:00,4454.017,4457.811,4453.136,4453.871,1856,50,0
2026-08-31 11:15:00+00:00,4453.998,4464.212,4452.603,4463.165,1863,50,0
2026-08-31 11:30:00+00:00,4463.11,4464.051,4453.773,4454.89,2529,50,0
2026-08-31 11:45:00+00:00,4454.962,4456.473,4452.522,4455.317,2012,50,0
2026-08-31 12:00:00+00:00,4455.528,4461.164,4450.232,4457.147,3140,50,0
2026-08-31 12:15:00+00:00,4457.201,4458.964,4447.076,4447.905,4274,50,0
2026-08-31 12:30:00+00:00,4447.876,4450.144,4439.177,4440.345,4176,50,0
2026-08-31 12:45:00+00:00,4440.29,4441.896,4435.441,4435.648,3209,50,0
2026-08-31 13:00:00+00:00,4435.833,4446.869,4433.724,4446.035,5392,50,0
2026-08-31 13:15:00+00:00,4446.236,4448.304,4439.333,4446.184,3881,50,0
2026-08-31 13:30:00+00:00,4446.084,4447.45,4431.963,4433.578,8287,50,0
2026-08-31 13:45:00+00:00,4433.575,4433.791,4415.58,4418.8,6369,50,0
2026-08-31 14:00:00+00:00,4418.734,4428.035,4416.18,4427.583,7849,50,0
2026-08-31 14:15:00+00:00,4427.372,4431.197,4416.361,4420.186,6300,50,0
2026-08-31 14:30:00+00:00,4420.364,4436.264,4419.222,4432.914,5855,50,0
2026-08-31 14:45:00+00:00,4433.236,4436.364,4426.233,4431.79,5383,50,0
2026-08-31 15:00:00+00:00,4431.605,4437.793,4428.134,4435.207,5281,50,0
2026-08-31 15:15:00+00:00,4435.261,4438.02,4429.227,4432.837,4634,50,0
2026-08-31 15:30:00+00:00,4432.726,4434.312,4426.159,4427.612,5132,50,0
2026-08-31 15:45:00+00:00,4427.486,4433.648,4424.627,4426.123,4280,50,0
2026-08-31 16:00:00+00:00,4426.177,4437.524,4423.659,4434.736,3930,50,0
2026-08-31 16:15:00+00:00,4434.677,4438.822,4433.454,4438.313,2441,50,0
2026-08-31 16:30:00+00:00,4438.381,4440.45,4431.382,4435.972,3091,50,0
2026-08-31 16:45:00+00:00,4435.645,4437.714,4432.269,4433.144,2241,50,0
2026-08-31 17:00:00+00:00,4433.543,4435.42,4430.7,4433.975,2219,50,0
2026-08-31 17:15:00+00:00,4433.916,4437.368,4428.614,4430.74,2581,50,0
2026-08-31 17:30:00+00:00,4430.619,4437.071,4429.862,4436.515,2335,50,0
2026-08-31 17:45:00+00:00,4436.445,4440.17,4435.75,4436.636,2009,50,0
2026-08-31 18:00:00+00:00,4436.565,4437.041,4430.404,4433.991,2097,50,0
2026-08-31 18:15:00+00:00,4433.713,4434.742,4429.568,4429.87,1709,50,0
2026-08-31 18:30:00+00:00,4429.782,4430.485,4426.217,4429.131,1965,50,0
2026-08-31 18:45:00+00:00,4429.472,4434.772,4429.089,4430.817,1419,50,0
2026-08-31 19:00:00+00:00,4430.885,4435.634,4429.187,4434.024,1671,50,0
2026-08-31 19:15:00+00:00,4433.906,4442.588,4432.933,4440.337,1665,50,0
2026-08-31 19:30:00+00:00,4440.491,4445.459,4438.957,4443.111,2217,50,0
2026-08-31 19:45:00+00:00,4442.923,4453.95,4441.431,4453.562,3722,50,0
2026-08-31 20:00:00+00:00,4453.356,4456.06,4449.813,4450.385,2117,50,0
2026-08-31 20:15:00+00:00,4450.252,4450.686,4446.849,4447.482,1014,50,0
2026-08-31 20:30:00+00:00,4447.417,4449.374,4446.809,4448.452,855,50,0
2026-08-31 20:45:00+00:00,4448.395,4449.044,4446.578,4448.663,871,50,0
2026-08-31 22:00:00+00:00,4450.329,4456.008,4447.49,4451.929,1221,50,0
2026-08-31 22:15:00+00:00,4451.856,4452.37,4447.709,4449.684,846,50,0
2026-08-31 22:30:00+00:00,4449.647,4451.155,4447.29,4447.76,854,50,0
2026-08-31 22:45:00+00:00,4447.756,4448.446,4445.502,4447.138,829,50,0
2026-08-31 23:00:00+00:00,4447.209,4447.396,4443.899,4444.282,942,50,0
2026-08-31 23:15:00+00:00,4444.264,4444.506,4441.766,4443.571,785,50,0
2026-08-31 23:30:00+00:00,4443.591,4448.162,4443.087,4445.882,1000,50,0
2026-08-31 23:45:00+00:00,4445.552,4452.515,4445.552,4452.242,1541,50,0
2026-09-01 00:00:00+00:00,4452.325,4458.219,4446.107,4455.382,4451,50,0
2026-09-01 00:15:00+00:00,4455.403,4461.724,4452.754,4460.596,2844,50,0
2026-09-01 00:30:00+00:00,4460.652,4461.083,4452.131,4453.493,2289,50,0
2026-09-01 00:45:00+00:00,4453.247,4461.583,4451.029,4453.593,3032,50,0
2026-09-01 01:00:00+00:00,4453.667,4457.344,4445.45,4446.697,6797,50,0
2026-09-01 01:15:00+00:00,4446.546,4448.007,4437.865,4440.009,3948,50,0
2026-09-01 01:30:00+00:00,4440.063,4445.787,4436.283,4445.666,4089,50,0
2026-09-01 01:45:00+00:00,4445.603,4446.624,4439.346,4444.355,3353,50,0
2026-09-01 02:00:00+00:00,4444.282,4449.356,4441.864,4445.161,3951,50,0
2026-09-01 02:15:00+00:00,4444.943,4448.52,4440.364,4440.825,2194,50,0
2026-09-01 02:30:00+00:00,4440.744,4441.15,4431.637,4432.065,4193,50,0
2026-09-01 02:45:00+00:00,4432.008,4443.374,4427.869,4443.042,2897,50,0
2026-09-01 03:00:00+00:00,4442.977,4444.35,4438.637,4439.692,2738,50,0
2026-09-01 03:15:00+00:00,4439.723,4440.505,4431.74,4434.237,2217,50,0
2026-09-01 03:30:00+00:00,4434.281,4438.898,4433.315,4438.499,2051,50,0
2026-09-01 03:45:00+00:00,4438.436,4443.482,4436.798,4436.87,1593,50,0
2026-09-01 04:00:00+00:00,4436.542,4437.887,4430.15,4431.15,2010,50,0
2026-09-01 04:15:00+00:00,4431.373,4433.905,4429.558,4429.826,1667,50,0
2026-09-01 04:30:00+00:00,4429.808,4430.749,4426.607,4427.974,1866,50,0
2026-09-01 04:45:00+00:00,4428.006,4429.642,4425.378,4426.796,2159,50,0
2026-09-01 05:00:00+00:00,4426.928,4432.495,4426.144,4429.602,1893,50,0
2026-09-01 05:15:00+00:00,4429.496,4430.716,4425.29,4426.987,1970,50,0
2026-09-01 05:30:00+00:00,4426.702,4443.516,4423.933,4442.659,4791,50,0
2026-09-01 05:45:00+00:00,4442.726,4446.129,4440.14,4440.412,3241,50,0
2026-09-01 06:00:00+00:00,4440.352,4440.823,4431.676,4433.124,3380,50,0
2026-09-01 06:15:00+00:00,4432.784,4435.26,4427.657,4429.303,2523,50,0
2026-09-01 06:30:00+00:00,4429.245,4435.445,4428.619,4435.028,2250,50,0
2026-09-01 06:45:00+00:00,4434.799,4435.368,4428.291,4429.915,1968,50,0
2026-09-01 07:00:00+00:00,4429.86,4435.034,4429.391,4433.172,3237,50,0
2026-09-01 07:15:00+00:00,4433.115,4433.649,4426.03,4426.469,3155,50,0
2026-09-01 07:30:00+00:00,4426.326,4428.317,4412.093,4418.399,4319,50,0
2026-09-01 07:45:00+00:00,4418.453,4423.27,4416.939,4420.335,3363,50,0
2026-09-01 08:00:00+00:00,4420.069,4420.069,4389.29,4405.491,8879,50,0
2026-09-01 08:15:00+00:00,4405.437,4405.877,4381.711,4383.303,7165,50,0
2026-09-01 08:30:00+00:00,4383.162,4384.1,4369.9,4375.61,8250,50,0
2026-09-01 08:45:00+00:00,4375.66,4378.685,4369.154,4371.005,5891,50,0
2026-09-01 09:00:00+00:00,4370.68,4376.285,4366.462,4376.004,5722,50,0
2026-09-01 09:15:00+00:00,4375.95,4378.294,4370.576,4372.876,4758,50,0
2026-09-01 09:30:00+00:00,4373.084,4373.335,4365.505,4371.841,4811,50,0
2026-09-01 09:45:00+00:00,4371.511,4373.593,4364.613,4364.868,3439,50,0
2026-09-01 10:00:00+00:00,4364.767,4382.127,4364.273,4378.411,3545,50,0
2026-09-01 10:15:00+00:00,4378.261,4385.806,4378.083,4384.935,2929,50,0
2026-09-01 10:30:00+00:00,4384.988,4386.204,4381.536,4381.755,2474,50,0
2026-09-01 10:45:00+00:00,4381.54,4381.903,4375.169,4378.331,3478,50,0
2026-09-01 11:00:00+00:00,4378.385,4383.348,4375.975,4377.453,3474,50,0
2026-09-01 11:15:00+00:00,4377.119,4382.11,4374.873,4380.715,3169,50,0
2026-09-01 11:30:00+00:00,4380.641,4385.022,4378.185,4384.072,2535,50,0
2026-09-01 11:45:00+00:00,4384.257,4387.471,4371.976,4374.556,2966,50,0
2026-09-01 12:00:00+00:00,4374.23,4374.876,4366.857,4371.093,4677,50,0
2026-09-01 12:15:00+00:00,4371.037,4376.321,4365.913,4368.761,5827,50,0
2026-09-01 12:30:00+00:00,4368.7,4369.216,4351.909,4364.803,7120,50,0
2026-09-01 12:45:00+00:00,4364.742,4370.165,4356.234,4356.416,5211,50,0
2026-09-01 13:00:00+00:00,4356.363,4358.013,4326.124,4329.672,12467,50,0
2026-09-01 13:15:00+00:00,4329.726,4344.767,4326.351,4343.179,7037,50,0
2026-09-01 13:30:00+00:00,4343.124,4362.455,4341.169,4361.653,10699,50,0
2026-09-01 13:45:00+00:00,4361.707,4367.645,4354.267,4365.65,7449,50,0
2026-09-01 14:00:00+00:00,4365.609,4370.726,4353.218,4370.186,8194,50,0
2026-09-01 14:15:00+00:00,4370.266,4375.781,4365.761,4365.9,6272,50,0
2026-09-01 14:30:00+00:00,4365.961,4373.255,4364.26,4367.211,5696,50,0
2026-09-01 14:45:00+00:00,4366.879,4370.291,4356.892,4360.384,5550,50,0
2026-09-01 15:00:00+00:00,4360.736,4363.013,4355.102,4357.42,5192,50,0
2026-09-01 15:15:00+00:00,4357.498,4366.209,4356.155,4365.766,4424,50,0
2026-09-01 15:30:00+00:00,4365.711,4370.956,4361.524,4370.734,4534,50,0
2026-09-01 15:45:00+00:00,4370.68,4374.078,4368.542,4373.136,2991,50,0
2026-09-01 16:00:00+00:00,4373.202,4375.018,4362.504,4362.619,3663,50,0
2026-09-01 16:15:00+00:00,4362.558,4365.795,4352.52,4352.626,6013,50,0
2026-09-01 16:30:00+00:00,4352.833,4357.789,4347.114,4354.769,5914,50,0
2026-09-01 16:45:00+00:00,4354.652,4359.301,4351.134,4351.278,3825,50,0
2026-09-01 17:00:00+00:00,4351.336,4352.154,4344.318,4346.338,3667,50,0
2026-09-01 17:15:00+00:00,4346.583,4350.295,4342.383,4350.194,4775,50,0
2026-09-01 17:30:00+00:00,4350.134,4352.105,4342.658,4343.868,3934,50,0
2026-09-01 17:45:00+00:00,4343.907,4344.727,4340.934,4342.913,2349,40,0
2026-09-01 18:00:00+00:00,4343.156,4344.592,4334.36,4336.411,2922,40,0
2026-09-01 18:15:00+00:00,4336.69,4341.962,4335.625,4337.475,2500,40,0
2026-09-01 18:30:00+00:00,4337.532,4337.592,4328.291,4329.889,2837,40,0
2026-09-01 18:45:00+00:00,4329.773,4334.459,4328.135,4331.621,2675,40,0
2026-09-01 19:00:00+00:00,4331.562,4337.482,4329.006,4337.482,3073,40,0
2026-09-01 19:15:00+00:00,4337.22,4337.81,4333.464,4334.654,2165,40,0
2026-09-01 19:30:00+00:00,4334.708,4334.936,4322.777,4326.593,2612,40,0
2026-09-01 19:45:00+00:00,4326.666,4330.374,4323.548,4326.978,3047,50,0
2026-09-01 20:00:00+00:00,4327.052,4330.875,4323.873,4325.841,2214,50,0
2026-09-01 20:15:00+00:00,4325.904,4329.179,4324.784,4326.276,1423,50,0
2026-09-01 20:30:00+00:00,4326.147,4330.803,4325.182,4327.692,1359,50,0
2026-09-01 20:45:00+00:00,4327.786,4329.806,4326.788,4328.991,1301,50,0
2026-09-01 22:00:00+00:00,4332.64,4334.683,4328.6,4329.377,923,50,0
2026-09-01 22:15:00+00:00,4329.377,4329.398,4327.282,4328.064,805,50,0
2026-09-01 22:30:00+00:00,4327.792,4329.676,4326.229,4328.034,761,50,0
2026-09-01 22:45:00+00:00,4328.256,4331.308,4327.549,4329.56,868,40,0
2026-09-01 23:00:00+00:00,4329.563,4332.599,4327.099,4330.817,1147,40,0
2026-09-01 23:15:00+00:00,4330.419,4331.756,4326.024,4330.824,1112,40,0
2026-09-01 23:30:00+00:00,4330.85,4335.863,4330.653,4334.081,1217,40,0
2026-09-01 23:45:00+00:00,4333.88,4334.028,4322.858,4324.793,1823,40,0
2026-09-02 00:00:00+00:00,4324.738,4330.646,4315.694,4328.318,6987,50,0
2026-09-02 00:15:00+00:00,4328.252,4334.604,4322.583,4326.143,6714,50,0
2026-09-02 00:30:00+00:00,4326.014,4331.678,4320.366,4330.04,5165,50,0
2026-09-02 00:45:00+00:00,4329.914,4331.246,4314.488,4315.94,5009,50,0
2026-09-02 01:00:00+00:00,4315.874,4322.887,4304.469,4317.474,12741,50,0
2026-09-02 01:15:00+00:00,4317.539,4326.853,4315.381,4317.483,6691,50,0
2026-09-02 01:30:00+00:00,4317.601,4318.572,4305.25,4309.519,6522,40,0
2026-09-02 01:45:00+00:00,4309.392,4310.085,4288.197,4291.261,6286,50,0
2026-09-02 02:00:00+00:00,4291.333,4302.261,4287.314,4296.197,5658,40,0
2026-09-02 02:15:00+00:00,4296.253,4306.803,4296.075,4304.644,3654,40,0
2026-09-02 02:30:00+00:00,4304.59,4314.717,4299.576,4309.552,4881,50,0
2026-09-02 02:45:00+00:00,4309.607,4311.402,4300.305,4302.811,3136,40,0
2026-09-02 03:00:00+00:00,4302.869,4304.447,4296.778,4300.916,3448,40,0
2026-09-02 03:15:00+00:00,4300.895,4302.572,4289.333,4293.765,4141,50,0
2026-09-02 03:30:00+00:00,4293.564,4294.004,4282.332,4288.61,3781,50,0
2026-09-02 03:45:00+00:00,4288.713,4303.977,4288.409,4303.232,2636,40,0
2026-09-02 04:00:00+00:00,4303.295,4306.95,4302.272,4304.281,2080,40,0
2026-09-02 04:15:00+00:00,4304.18,4305.654,4301.307,4303.043,2105,40,0
2026-09-02 04:30:00+00:00,4302.913,4307.851,4302.433,4304.908,1822,40,0
2026-09-02 04:45:00+00:00,4304.82,4307.823,4303.841,4307.286,1708,40,0
2026-09-02 05:00:00+00:00,4307.342,4310.231,4303.633,4309.951,2290,40,0
2026-09-02 05:15:00+00:00,4309.871,4314.126,4306.798,4313.001,2749,40,0
2026-09-02 05:30:00+00:00,4313.069,4324.953,4313.069,4323.106,5703,50,0
2026-09-02 05:45:00+00:00,4323.163,4326.597,4319.216,4319.999,3117,40,0
2026-09-02 06:00:00+00:00,4320.0,4329.437,4317.608,4326.799,4565,40,0
2026-09-02 06:15:00+00:00,4326.669,4328.712,4320.748,4322.909,4278,50,0
2026-09-02 06:30:00+00:00,4322.892,4326.526,4316.772,4324.133,4657,50,0
2026-09-02 06:45:00+00:00,4324.186,4325.13,4314.722,4321.659,3781,40,0
2026-09-02 07:00:00+00:00,4321.716,4331.192,4319.137,4326.909,4861,50,0
2026-09-02 07:15:00+00:00,4326.853,4329.501,4324.826,4326.64,4033,50,0
2026-09-02 07:30:00+00:00,4326.861,4331.558,4321.884,4322.847,3423,50,0
2026-09-02 07:45:00+00:00,4322.853,4325.226,4320.608,4323.265,2790,40,0
2026-09-02 08:00:00+00:00,4323.281,4331.607,4322.2,4325.452,3518,40,0
2026-09-02 08:15:00+00:00,4325.512,4327.755,4322.701,4323.327,2923,40,0
2026-09-02 08:30:00+00:00,4323.271,4326.898,4319.321,4322.223,2960,40,0
2026-09-02 08:45:00+00:00,4322.045,4322.775,4312.588,4313.079,2965,40,0
2026-09-02 09:00:00+00:00,4313.05,4322.484,4312.22,4314.145,2879,40,0
2026-09-02 09:15:00+00:00,4314.179,4315.552,4304.953,4309.005,2697,40,0
2026-09-02 09:30:00+00:00,4309.015,4311.869,4307.214,4309.986,2643,40,0
2026-09-02 09:45:00+00:00,4310.253,4311.603,4307.946,4308.578,2270,40,0
2026-09-02 10:00:00+00:00,4308.73,4309.823,4301.851,4306.933,2582,40,0
2026-09-02 10:15:00+00:00,4306.865,4312.412,4305.968,4309.985,2279,40,0
2026-09-02 10:30:00+00:00,4309.835,4310.861,4307.192,4309.571,2157,40,0
2026-09-02 10:45:00+00:00,4309.533,4310.674,4305.075,4309.507,2205,40,0
2026-09-02 11:00:00+00:00,4309.447,4324.701,4307.694,4322.476,3991,50,0
2026-09-02 11:15:00+00:00,4322.418,4323.338,4315.626,4321.752,4246,50,0
2026-09-02 11:30:00+00:00,4321.694,4333.063,4321.538,4324.8,3518,50,0
2026-09-02 11:45:00+00:00,4324.925,4333.112,4323.367,4332.23,3067,40,0
2026-09-02 12:00:00+00:00,4332.333,4336.445,4328.928,4333.188,4415,50,0
2026-09-02 12:15:00+00:00,4333.031,4344.733,4329.801,4336.461,8038,50,0
2026-09-02 12:30:00+00:00,4336.523,4337.819,4327.274,4334.191,3903,50,0
2026-09-02 12:45:00+00:00,4334.138,4339.365,4330.418,4331.563,3996,40,0
2026-09-02 13:00:00+00:00,4331.234,4344.743,4330.66,4339.66,6101,50,0
2026-09-02 13:15:00+00:00,4339.565,4358.814,4336.73,4358.642,6795,50,0
2026-09-02 13:30:00+00:00,4358.434,4379.589,4357.146,4378.202,10743,50,0
2026-09-02 13:45:00+00:00,4377.997,4385.519,4367.953,4385.519,7209,50,0
2026-09-02 14:00:00+00:00,4385.56,4397.816,4378.769,4388.028,8444,50,0
2026-09-02 14:15:00+00:00,4388.121,4397.469,4384.817,4387.754,6988,50,0
2026-09-02 14:30:00+00:00,4387.456,4388.199,4381.216,4385.478,5467,50,0
2026-09-02 14:45:00+00:00,4385.359,4387.092,4374.467,4376.947,4198,50,0
2026-09-02 15:00:00+00:00,4377.167,4381.064,4372.578,4372.994,4461,50,0
2026-09-02 15:15:00+00:00,4372.919,4373.142,4365.587,4372.589,4086,50,0
2026-09-02 15:30:00+00:00,4372.65,4375.121,4366.04,4366.411,3635,50,0
2026-09-02 15:45:00+00:00,4366.354,4374.047,4364.537,4373.055,2959,50,0
2026-09-02 16:00:00+00:00,4373.0,4374.987,4368.913,4372.65,2950,50,0
2026-09-02 16:15:00+00:00,4372.593,4372.593,4367.558,4368.619,2440,50,0
2026-09-02 16:30:00+00:00,4368.648,4370.692,4364.41,4365.129,2546,50,0
2026-09-02 16:45:00+00:00,4365.072,4370.792,4364.633,4368.552,2045,50,0
2026-09-02 17:00:00+00:00,4368.39,4371.361,4367.454,4369.026,2011,50,0
2026-09-02 17:15:00+00:00,4368.955,4370.125,4364.513,4370.125,2191,50,0
2026-09-02 17:30:00+00:00,4370.006,4377.795,4366.56,4376.739,2576,50,0
2026-09-02 17:45:00+00:00,4376.409,4380.948,4375.342,4376.884,2664,50,0
2026-09-02 18:00:00+00:00,4377.006,4377.829,4370.132,4370.433,2159,50,0
2026-09-02 18:15:00+00:00,4370.378,4379.963,4369.263,4373.057,3488,50,0
2026-09-02 18:30:00+00:00,4373.271,4378.201,4372.664,4373.284,1713,50,0
2026-09-02 18:45:00+00:00,4373.229,4376.061,4372.422,4374.302,1504,50,0
2026-09-02 19:00:00+00:00,4374.373,4380.286,4371.702,4379.169,1680,40,0
2026-09-02 19:15:00+00:00,4379.226,4383.303,4378.227,4381.116,1838,50,0
2026-09-02 19:30:00+00:00,4381.184,4388.873,4381.184,4388.199,1864,50,0
2026-09-02 19:45:00+00:00,4387.989,4391.444,4384.892,4391.151,2421,50,0
2026-09-02 20:00:00+00:00,4391.213,4391.796,4385.918,4386.145,1574,50,0
2026-09-02 20:15:00+00:00,4386.2,4387.978,4383.896,4386.458,1330,50,0
2026-09-02 20:30:00+00:00,4386.399,4389.905,4385.588,4387.931,962,50,0
2026-09-02 20:45:00+00:00,4387.985,4390.873,4387.478,4387.67,908,50,0
2026-09-02 22:00:00+00:00,4391.737,4393.324,4390.055,4390.231,842,50,0
2026-09-02 22:15:00+00:00,4390.131,4390.967,4387.855,4389.812,963,50,0
2026-09-02 22:30:00+00:00,4390.036,4390.036,4385.016,4385.442,980,50,0
2026-09-02 22:45:00+00:00,4385.485,4385.486,4383.507,4384.669,800,40,0
2026-09-02 23:00:00+00:00,4384.726,4386.997,4383.845,4384.286,951,50,0
2026-09-02 23:15:00+00:00,4384.315,4384.413,4381.878,4382.274,742,40,0
2026-09-02 23:30:00+00:00,4382.207,4385.639,4381.225,4385.528,1092,50,0
2026-09-02 23:45:00+00:00,4385.446,4389.018,4384.479,4385.502,1648,40,0
2026-09-03 00:00:00+00:00,4385.915,4392.664,4384.682,4390.329,2870,50,0
2026-09-03 00:15:00+00:00,4390.43,4390.512,4385.227,4387.366,2614,50,0
2026-09-03 00:30:00+00:00,4387.391,4390.107,4382.734,4387.716,2200,50,0
2026-09-03 00:45:00+00:00,4387.774,4398.165,4385.822,4395.405,2791,50,0
2026-09-03 01:00:00+00:00,4395.46,4409.592,4387.35,4401.604,7301,50,0
2026-09-03 01:15:00+00:00,4401.546,4403.89,4393.886,4401.586,4261,50,0
2026-09-03 01:30:00+00:00,4401.531,4409.589,4400.293,4400.965,4484,50,0
2026-09-03 01:45:00+00:00,4400.962,4412.386,4400.21,4410.345,3346,50,0
2026-09-03 02:00:00+00:00,4410.548,4415.74,4409.01,4411.086,3847,50,0
2026-09-03 02:15:00+00:00,4411.14,4413.57,4406.727,4411.537,2636,50,0
2026-09-03 02:30:00+00:00,4411.388,4418.259,4409.496,4413.748,3791,50,0
2026-09-03 02:45:00+00:00,4413.852,4420.624,4411.74,4420.624,2640,50,0
2026-09-03 03:00:00+00:00,4420.327,4430.292,4419.355,4428.749,2529,50,0
2026-09-03 03:15:00+00:00,4428.707,4431.492,4424.79,4429.31,2577,50,0
2026-09-03 03:30:00+00:00,4429.321,4432.391,4426.768,4426.768,1857,50,0
2026-09-03 03:45:00+00:00,4426.763,4432.645,4425.474,4431.31,1814,50,0
2026-09-03 04:00:00+00:00,4431.367,4435.935,4425.625,4431.431,2389,50,0
