time,bid,ask,last,volume,time_msc,flags,volume_real
1788322500,4304.18,4304.23,0.0,0,1788322500300,134,0.0
1788322501,4304.166,4304.216,0.0,0,1788322501904,134,0.0
1788322502,4304.482,4304.532,0.0,0,1788322502047,134,0.0
1788322503,4304.46,4304.51,0.0,0,1788322503324,134,0.0
1788322503,4304.577,4304.627,0.0,0,1788322503343,134,0.0
1788322503,4304.634,4304.684,0.0,0,1788322503468,134,0.0
1788322503,4304.693,4304.743,0.0,0,1788322503476,134,0.0
1788322503,4304.641,4304.691,0.0,0,1788322503590,134,0.0
1788322503,4304.581,4304.631,0.0,0,1788322503719,134,0.0
1788322505,4304.235,4304.285,0.0,0,1788322505301,134,0.0
1788322505,4304.354,4304.404,0.0,0,1788322505367,134,0.0
1788322506,4304.501,4304.551,0.0,0,1788322506430,134,0.0
1788322507,4304.525,4304.575,0.0,0,1788322507010,134,0.0
1788322507,4304.58,4304.63,0.0,0,1788322507013,134,0.0
1788322507,4304.406,4304.456,0.0,0,1788322507052,134,0.0
1788322507,4304.275,4304.325,0.0,0,1788322507076,134,0.0
1788322507,4304.221,4304.271,0.0,0,1788322507101,134,0.0
1788322507,4304.273,4304.323,0.0,0,1788322507159,134,0.0
1788322507,4304.212,4304.262,0.0,0,1788322507838,134,0.0
1788322509,4304.169,4304.219,0.0,0,1788322509903,134,0.0
1788322509,4304.116,4304.166,0.0,0,1788322509911,134,0.0
1788322509,4304.064,4304.114,0.0,0,1788322509929,134,0.0
1788322510,4304.08,4304.13,0.0,0,1788322510946,134,0.0
1788322511,4304.016,4304.066,0.0,0,1788322511184,134,0.0
1788322511,4303.963,4304.013,0.0,0,1788322511196,134,0.0
1788322512,4303.971,4304.021,0.0,0,1788322512373,134,0.0
1788322512,4303.919,4303.969,0.0,0,1788322512408,134,0.0
1788322512,4303.859,4303.909,0.0,0,1788322512465,134,0.0
1788322513,4303.895,4303.945,0.0,0,1788322513971,134,0.0
1788322513,4303.957,4304.007,0.0,0,1788322513991,134,0.0
1788322514,4303.882,4303.932,0.0,0,1788322514927,134,0.0
1788322515,4303.83,4303.88,0.0,0,1788322515795,134,0.0
1788322515,4303.769,4303.819,0.0,0,1788322515821,134,0.0
1788322516,4303.824,4303.874,0.0,0,1788322516048,134,0.0
1788322516,4303.89,4303.94,0.0,0,1788322516051,134,0.0
1788322516,4304.038,4304.088,0.0,0,1788322516060,134,0.0
1788322516,4304.098,4304.148,0.0,0,1788322516073,134,0.0
1788322516,4304.204,4304.254,0.0,0,1788322516094,134,0.0
1788322517,4304.229,4304.279,0.0,0,1788322517123,134,0.0
1788322517,4304.285,4304.335,0.0,0,1788322517156,134,0.0
1788322517,4304.341,4304.391,0.0,0,1788322517162,134,0.0
1788322517,4304.401,4304.451,0.0,0,1788322517780,134,0.0
1788322517,4304.455,4304.505,0.0,0,1788322517782,134,0.0
1788322517,4304.508,4304.558,0.0,0,1788322517784,134,0.0
1788322517,4304.597,4304.647,0.0,0,1788322517789,134,0.0
1788322517,4304.535,4304.585,0.0,0,1788322517893,134,0.0
1788322518,4304.533,4304.583,0.0,0,1788322518906,134,0.0
1788322518,4304.589,4304.639,0.0,0,1788322518918,134,0.0
1788322518,4304.644,4304.694,0.0,0,1788322518924,134,0.0
1788322518,4304.725,4304.775,0.0,0,1788322518948,134,0.0
1788322519,4304.778,4304.828,0.0,0,1788322519561,134,0.0
1788322520,4304.726,4304.776,0.0,0,1788322520340,134,0.0
1788322520,4304.66,4304.71,0.0,0,1788322520670,134,0.0
1788322521,4304.718,4304.768,0.0,0,1788322521563,134,0.0
1788322521,4304.777,4304.827,0.0,0,1788322521585,134,0.0
1788322521,4304.724,4304.774,0.0,0,1788322521711,134,0.0
1788322521,4304.643,4304.693,0.0,0,1788322521834,134,0.0
1788322521,4304.588,4304.638,0.0,0,1788322521851,134,0.0
1788322522,4304.642,4304.692,0.0,0,1788322522038,134,0.0
1788322522,4304.696,4304.746,0.0,0,1788322522059,134,0.0
1788322523,4304.943,4304.993,0.0,0,1788322523114,134,0.0
1788322523,4305.038,4305.088,0.0,0,1788322523406,134,0.0
1788322523,4305.104,4305.154,0.0,0,1788322523410,134,0.0
1788322523,4305.164,4305.214,0.0,0,1788322523413,134,0.0
1788322523,4305.233,4305.283,0.0,0,1788322523424,134,0.0
1788322523,4305.286,4305.336,0.0,0,1788322523428,134,0.0
1788322523,4305.392,4305.442,0.0,0,1788322523446,134,0.0
1788322523,4305.45,4305.5,0.0,0,1788322523595,134,0.0
1788322523,4305.236,4305.286,0.0,0,1788322523605,134,0.0
1788322523,4305.455,4305.505,0.0,0,1788322523986,134,0.0
1788322523,4305.402,4305.452,0.0,0,1788322523993,134,0.0
1788322524,4305.075,4305.125,0.0,0,1788322524297,134,0.0
1788322524,4305.022,4305.072,0.0,0,1788322524328,134,0.0
1788322524,4305.395,4305.445,0.0,0,1788322524368,134,0.0
1788322524,4305.331,4305.381,0.0,0,1788322524429,134,0.0
1788322525,4305.118,4305.168,0.0,0,1788322525198,134,0.0
1788322525,4305.173,4305.223,0.0,0,1788322525208,134,0.0
1788322525,4305.234,4305.284,0.0,0,1788322525364,134,0.0
1788322525,4305.397,4305.447,0.0,0,1788322525709,134,0.0
1788322525,4305.103,4305.153,0.0,0,1788322525979,134,0.0
1788322526,4305.05,4305.1,0.0,0,1788322526039,134,0.0
1788322526,4305.115,4305.165,0.0,0,1788322526181,134,0.0
1788322526,4305.056,4305.106,0.0,0,1788322526657,134,0.0
1788322527,4304.967,4305.017,0.0,0,1788322527725,134,0.0
1788322527,4305.109,4305.159,0.0,0,1788322527744,134,0.0
1788322527,4305.179,4305.229,0.0,0,1788322527857,134,0.0
1788322528,4305.137,4305.187,0.0,0,1788322528137,134,0.0
1788322528,4305.079,4305.129,0.0,0,1788322528143,134,0.0
1788322528,4305.021,4305.071,0.0,0,1788322528145,134,0.0
1788322528,4304.924,4304.974,0.0,0,1788322528165,134,0.0
1788322528,4304.866,4304.916,0.0,0,1788322528297,134,0.0
1788322528,4304.92,4304.97,0.0,0,1788322528306,134,0.0
1788322528,4304.815,4304.865,0.0,0,1788322528359,134,0.0
1788322528,4304.933,4304.983,0.0,0,1788322528567,134,0.0
1788322528,4305.001,4305.051,0.0,0,1788322528587,134,0.0
1788322528,4304.867,4304.917,0.0,0,1788322528688,134,0.0
1788322529,4305.27,4305.32,0.0,0,1788322529103,134,0.0
1788322529,4305.043,4305.093,0.0,0,1788322529510,134,0.0
1788322530,4305.017,4305.067,0.0,0,1788322530049,134,0.0
1788322531,4304.99,4305.04,0.0,0,1788322531240,134,0.0
1788322531,4305.047,4305.097,0.0,0,1788322531350,134,0.0
1788322532,4305.292,4305.342,0.0,0,1788322532431,134,0.0
1788322533,4305.286,4305.336,0.0,0,1788322533511,134,0.0
1788322535,4305.123,4305.173,0.0,0,1788322535176,134,0.0
1788322536,4305.136,4305.186,0.0,0,1788322536164,134,0.0
1788322536,4305.187,4305.237,0.0,0,1788322536174,134,0.0
1788322536,4305.239,4305.289,0.0,0,1788322536178,134,0.0
1788322537,4305.178,4305.228,0.0,0,1788322537083,134,0.0
1788322537,4305.11,4305.16,0.0,0,1788322537118,134,0.0
1788322537,4305.165,4305.215,0.0,0,1788322537152,134,0.0
1788322537,4305.11,4305.16,0.0,0,1788322537477,134,0.0
1788322537,4304.988,4305.038,0.0,0,1788322537908,134,0.0
1788322539,4305.246,4305.296,0.0,0,1788322539187,134,0.0
1788322540,4305.141,4305.191,0.0,0,1788322540262,134,0.0
1788322540,4304.913,4304.963,0.0,0,1788322540719,134,0.0
1788322540,4304.859,4304.909,0.0,0,1788322540779,134,0.0
1788322540,4304.803,4304.853,0.0,0,1788322540899,134,0.0
1788322540,4304.858,4304.908,0.0,0,1788322540999,134,0.0
1788322541,4304.799,4304.849,0.0,0,1788322541384,134,0.0
1788322542,4305.061,4305.111,0.0,0,1788322542398,134,0.0
1788322542,4305.122,4305.172,0.0,0,1788322542629,134,0.0
1788322542,4305.233,4305.283,0.0,0,1788322542991,134,0.0
1788322543,4305.298,4305.348,0.0,0,1788322543002,134,0.0
1788322543,4305.355,4305.405,0.0,0,1788322543007,134,0.0
1788322543,4305.427,4305.477,0.0,0,1788322543027,134,0.0
1788322543,4305.482,4305.532,0.0,0,1788322543047,134,0.0
1788322543,4305.429,4305.479,0.0,0,1788322543149,134,0.0
1788322543,4305.374,4305.424,0.0,0,1788322543209,134,0.0
1788322543,4305.38,4305.43,0.0,0,1788322543787,134,0.0
1788322544,4305.124,4305.174,0.0,0,1788322544035,134,0.0
1788322544,4305.077,4305.127,0.0,0,1788322544050,134,0.0
1788322545,4305.035,4305.085,0.0,0,1788322545051,134,0.0
1788322545,4305.12,4305.17,0.0,0,1788322545073,134,0.0
1788322546,4305.365,4305.415,0.0,0,1788322546086,134,0.0
1788322547,4305.093,4305.143,0.0,0,1788322547228,134,0.0
1788322547,4304.976,4305.026,0.0,0,1788322547330,134,0.0
1788322547,4304.922,4304.972,0.0,0,1788322547348,134,0.0
1788322548,4304.951,4305.001,0.0,0,1788322548413,134,0.0
1788322549,4305.221,4305.271,0.0,0,1788322549482,134,0.0
1788322550,4304.944,4304.994,0.0,0,1788322550662,134,0.0
1788322550,4305.062,4305.112,0.0,0,1788322550801,134,0.0
1788322551,4304.939,4304.989,0.0,0,1788322551257,134,0.0
1788322551,4304.873,4304.923,0.0,0,1788322551261,134,0.0
1788322551,4304.766,4304.816,0.0,0,1788322551281,134,0.0
1788322551,4304.709,4304.759,0.0,0,1788322551785,134,0.0
1788322551,4304.656,4304.706,0.0,0,1788322551793,134,0.0
1788322552,4304.655,4304.705,0.0,0,1788322552903,134,0.0
1788322552,4304.595,4304.645,0.0,0,1788322552911,134,0.0
1788322552,4304.518,4304.568,0.0,0,1788322552922,134,0.0
1788322552,4304.466,4304.516,0.0,0,1788322552949,134,0.0
1788322552,4304.674,4304.724,0.0,0,1788322552964,134,0.0
1788322553,4304.709,4304.759,0.0,0,1788322553180,134,0.0
1788322554,4304.744,4304.794,0.0,0,1788322554274,134,0.0
1788322555,4304.748,4304.798,0.0,0,1788322555746,134,0.0
1788322555,4304.692,4304.742,0.0,0,1788322555784,134,0.0
1788322557,4304.385,4304.435,0.0,0,1788322557419,134,0.0
1788322558,4304.663,4304.713,0.0,0,1788322558423,134,0.0
1788322558,4304.732,4304.782,0.0,0,1788322558482,134,0.0
1788322558,4304.792,4304.842,0.0,0,1788322558493,134,0.0
1788322558,4304.628,4304.678,0.0,0,1788322558509,134,0.0
1788322558,4304.704,4304.754,0.0,0,1788322558514,134,0.0
1788322558,4304.925,4304.975,0.0,0,1788322558769,134,0.0
1788322559,4304.983,4305.033,0.0,0,1788322559141,134,0.0
1788322559,4305.043,4305.093,0.0,0,1788322559832,134,0.0
1788322560,4304.843,4304.893,0.0,0,1788322560260,134,0.0
1788322560,4304.902,4304.952,0.0,0,1788322560456,134,0.0
1788322560,4304.955,4305.005,0.0,0,1788322560462,134,0.0
1788322560,4305.012,4305.062,0.0,0,1788322560466,134,0.0
1788322560,4305.065,4305.115,0.0,0,1788322560470,134,0.0
1788322560,4305.012,4305.062,0.0,0,1788322560537,134,0.0
1788322560,4304.957,4305.007,0.0,0,1788322560556,134,0.0
1788322561,4304.965,4305.015,0.0,0,1788322561561,134,0.0
1788322561,4304.908,4304.958,0.0,0,1788322561845,134,0.0
1788322562,4305.031,4305.081,0.0,0,1788322562180,134,0.0
1788322563,4304.779,4304.829,0.0,0,1788322563294,134,0.0
1788322563,4304.896,4304.946,0.0,0,1788322563832,134,0.0
1788322563,4305.016,4305.066,0.0,0,1788322563843,134,0.0
1788322563,4304.961,4305.011,0.0,0,1788322563895,134,0.0
1788322564,4304.905,4304.955,0.0,0,1788322564069,134,0.0
1788322565,4304.898,4304.948,0.0,0,1788322565186,134,0.0
1788322565,4304.77,4304.82,0.0,0,1788322565401,134,0.0
1788322566,4304.716,4304.766,0.0,0,1788322566144,134,0.0
1788322566,4304.64,4304.69,0.0,0,1788322566156,134,0.0
1788322566,4304.583,4304.633,0.0,0,1788322566162,134,0.0
1788322566,4304.529,4304.579,0.0,0,1788322566253,134,0.0
1788322566,4304.469,4304.519,0.0,0,1788322566283,134,0.0
1788322566,4304.524,4304.574,0.0,0,1788322566694,134,0.0
1788322568,4304.535,4304.585,0.0,0,1788322568037,134,0.0
1788322569,4304.801,4304.851,0.0,0,1788322569117,134,0.0
1788322569,4304.474,4304.524,0.0,0,1788322569743,134,0.0
1788322569,4304.42,4304.47,0.0,0,1788322569748,134,0.0
1788322569,4304.333,4304.383,0.0,0,1788322569768,134,0.0
1788322569,4304.395,4304.445,0.0,0,1788322569829,134,0.0
1788322569,4304.476,4304.526,0.0,0,1788322569849,134,0.0
1788322569,4304.549,4304.599,0.0,0,1788322569860,134,0.0
1788322569,4304.667,4304.717,0.0,0,1788322569870,134,0.0
1788322569,4304.721,4304.771,0.0,0,1788322569906,134,0.0
1788322570,4304.656,4304.706,0.0,0,1788322570437,134,0.0
1788322570,4304.538,4304.588,0.0,0,1788322570445,134,0.0
1788322570,4304.43,4304.48,0.0,0,1788322570458,134,0.0
1788322571,4304.502,4304.552,0.0,0,1788322571173,134,0.0
1788322572,4304.443,4304.493,0.0,0,1788322572006,134,0.0
1788322572,4304.608,4304.658,0.0,0,1788322572046,134,0.0
1788322572,4304.439,4304.489,0.0,0,1788322572107,134,0.0
1788322572,4304.492,4304.542,0.0,0,1788322572931,134,0.0
1788322572,4304.633,4304.683,0.0,0,1788322572973,134,0.0
1788322572,4304.697,4304.747,0.0,0,1788322572985,134,0.0
1788322573,4304.643,4304.693,0.0,0,1788322573259,134,0.0
1788322574,4304.641,4304.691,0.0,0,1788322574532,134,0.0
1788322575,4304.71,4304.76,0.0,0,1788322575174,134,0.0
1788322576,4304.671,4304.721,0.0,0,1788322576261,134,0.0
1788322578,4304.641,4304.691,0.0,0,1788322578204,134,0.0
1788322581,4304.646,4304.696,0.0,0,1788322581565,134,0.0
1788322581,4304.707,4304.757,0.0,0,1788322581626,134,0.0
1788322582,4304.772,4304.822,0.0,0,1788322582407,134,0.0
1788322582,4304.839,4304.889,0.0,0,1788322582417,134,0.0
1788322583,4304.902,4304.952,0.0,0,1788322583274,134,0.0
1788322583,4304.973,4305.023,0.0,0,1788322583340,134,0.0
1788322583,4305.02,4305.07,0.0,0,1788322583343,134,0.0
1788322583,4305.077,4305.127,0.0,0,1788322583348,134,0.0
1788322583,4305.141,4305.191,0.0,0,1788322583352,134,0.0
1788322583,4305.213,4305.263,0.0,0,1788322583361,134,0.0
1788322583,4305.308,4305.358,0.0,0,1788322583374,134,0.0
1788322583,4305.366,4305.416,0.0,0,1788322583377,134,0.0
1788322583,4305.424,4305.474,0.0,0,1788322583380,134,0.0
1788322583,4305.484,4305.534,0.0,0,1788322583384,134,0.0
1788322583,4305.549,4305.599,0.0,0,1788322583385,134,0.0
1788322583,4305.611,4305.661,0.0,0,1788322583396,134,0.0
1788322583,4305.546,4305.596,0.0,0,1788322583415,134,0.0
1788322583,4305.632,4305.682,0.0,0,1788322583417,134,0.0
1788322583,4305.565,4305.615,0.0,0,1788322583419,134,0.0
1788322583,4305.505,4305.555,0.0,0,1788322583447,134,0.0
1788322583,4305.445,4305.495,0.0,0,1788322583456,134,0.0
1788322584,4305.654,4305.704,0.0,0,1788322584335,134,0.0
1788322584,4305.596,4305.646,0.0,0,1788322584342,134,0.0
1788322584,4305.453,4305.503,0.0,0,1788322584358,134,0.0
1788322584,4305.568,4305.618,0.0,0,1788322584398,134,0.0
1788322584,4305.361,4305.411,0.0,0,1788322584890,134,0.0
1788322586,4305.339,4305.389,0.0,0,1788322586035,134,0.0
1788322587,4305.367,4305.417,0.0,0,1788322587171,134,0.0
1788322587,4305.25,4305.3,0.0,0,1788322587414,134,0.0
1788322587,4305.197,4305.247,0.0,0,1788322587426,134,0.0
1788322588,4305.143,4305.193,0.0,0,1788322588383,134,0.0
1788322588,4305.203,4305.253,0.0,0,1788322588400,134,0.0
1788322588,4305.324,4305.374,0.0,0,1788322588420,134,0.0
1788322588,4305.402,4305.452,0.0,0,1788322588430,134,0.0
1788322588,4305.46,4305.51,0.0,0,1788322588835,134,0.0
1788322590,4305.445,4305.495,0.0,0,1788322590104,134,0.0
1788322590,4305.392,4305.442,0.0,0,1788322590147,134,0.0
1788322590,4305.274,4305.324,0.0,0,1788322590504,134,0.0
1788322591,4305.392,4305.442,0.0,0,1788322591321,134,0.0
1788322592,4305.317,4305.367,0.0,0,1788322592412,134,0.0
1788322592,4305.223,4305.273,0.0,0,1788322592452,134,0.0
1788322592,4305.305,4305.355,0.0,0,1788322592977,134,0.0
1788322594,4305.251,4305.301,0.0,0,1788322594396,134,0.0
1788322595,4305.198,4305.248,0.0,0,1788322595333,134,0.0
1788322595,4305.144,4305.194,0.0,0,1788322595368,134,0.0
1788322597,4305.429,4305.479,0.0,0,1788322597131,134,0.0
1788322598,4305.099,4305.149,0.0,0,1788322598288,134,0.0
1788322599,4305.044,4305.094,0.0,0,1788322599078,134,0.0
1788322599,4304.992,4305.042,0.0,0,1788322599086,134,0.0
1788322599,4304.938,4304.988,0.0,0,1788322599094,134,0.0
1788322599,4304.845,4304.895,0.0,0,1788322599110,134,0.0
1788322599,4304.791,4304.841,0.0,0,1788322599129,134,0.0
1788322599,4304.738,4304.788,0.0,0,1788322599143,134,0.0
1788322599,4304.685,4304.735,0.0,0,1788322599164,134,0.0
1788322599,4304.738,4304.788,0.0,0,1788322599293,134,0.0
1788322599,4304.682,4304.732,0.0,0,1788322599374,134,0.0
1788322599,4304.627,4304.677,0.0,0,1788322599391,134,0.0
1788322599,4304.558,4304.608,0.0,0,1788322599415,134,0.0
1788322599,4304.48,4304.53,0.0,0,1788322599458,134,0.0
1788322599,4304.397,4304.447,0.0,0,1788322599478,134,0.0
1788322599,4304.342,4304.392,0.0,0,1788322599578,134,0.0
1788322602,4304.646,4304.696,0.0,0,1788322602234,134,0.0
1788322602,4304.7,4304.75,0.0,0,1788322602237,134,0.0
1788322602,4304.648,4304.698,0.0,0,1788322602429,134,0.0
1788322602,4304.595,4304.645,0.0,0,1788322602439,134,0.0
1788322602,4304.535,4304.585,0.0,0,1788322602455,134,0.0
1788322602,4304.482,4304.532,0.0,0,1788322602512,134,0.0
1788322602,4304.422,4304.472,0.0,0,1788322602537,134,0.0
1788322602,4304.474,4304.524,0.0,0,1788322602599,134,0.0
1788322602,4304.42,4304.47,0.0,0,1788322602926,134,0.0
1788322603,4304.367,4304.417,0.0,0,1788322603130,134,0.0
1788322603,4304.294,4304.344,0.0,0,1788322603396,134,0.0
1788322603,4304.359,4304.409,0.0,0,1788322603475,134,0.0
1788322604,4304.027,4304.077,0.0,0,1788322604050,134,0.0
1788322604,4304.088,4304.138,0.0,0,1788322604210,134,0.0
1788322604,4304.138,4304.188,0.0,0,1788322604713,134,0.0
1788322604,4304.202,4304.252,0.0,0,1788322604733,134,0.0
1788322605,4304.461,4304.511,0.0,0,1788322605926,134,0.0
1788322606,4304.397,4304.447,0.0,0,1788322606098,134,0.0
1788322606,4304.331,4304.381,0.0,0,1788322606125,134,0.0
1788322606,4304.123,4304.173,0.0,0,1788322606822,134,0.0
1788322606,4304.191,4304.241,0.0,0,1788322606834,134,0.0
1788322606,4304.313,4304.363,0.0,0,1788322606835,134,0.0
1788322607,4304.195,4304.245,0.0,0,1788322607333,134,0.0
1788322608,4304.199,4304.249,0.0,0,1788322608691,134,0.0
1788322611,4304.359,4304.409,0.0,0,1788322611188,134,0.0
1788322612,4304.128,4304.178,0.0,0,1788322612194,134,0.0
1788322614,4304.057,4304.107,0.0,0,1788322614066,134,0.0
1788322614,4304.111,4304.161,0.0,0,1788322614431,134,0.0
1788322616,4304.151,4304.201,0.0,0,1788322616627,134,0.0
1788322617,4304.148,4304.198,0.0,0,1788322617683,134,0.0
1788322619,4304.149,4304.199,0.0,0,1788322619137,134,0.0
1788322619,4304.274,4304.324,0.0,0,1788322619449,134,0.0
1788322619,4304.331,4304.381,0.0,0,1788322619455,134,0.0
1788322619,4304.384,4304.434,0.0,0,1788322619457,134,0.0
1788322619,4304.453,4304.503,0.0,0,1788322619465,134,0.0
1788322619,4304.509,4304.559,0.0,0,1788322619494,134,0.0
1788322619,4304.451,4304.501,0.0,0,1788322619618,134,0.0
1788322619,4304.508,4304.558,0.0,0,1788322619724,134,0.0
1788322621,4304.489,4304.539,0.0,0,1788322621293,134,0.0
1788322622,4304.434,4304.484,0.0,0,1788322622082,134,0.0
1788322623,4304.409,4304.459,0.0,0,1788322623863,134,0.0
1788322624,4304.26,4304.31,0.0,0,1788322624984,134,0.0
1788322625,4304.201,4304.251,0.0,0,1788322625775,134,0.0
1788322625,4304.144,4304.194,0.0,0,1788322625867,134,0.0
1788322625,4304.062,4304.112,0.0,0,1788322625889,134,0.0
1788322626,4304.075,4304.125,0.0,0,1788322626920,134,0.0
1788322627,4304.084,4304.134,0.0,0,1788322627938,134,0.0
1788322628,4304.137,4304.187,0.0,0,1788322628171,134,0.0
1788322628,4304.221,4304.271,0.0,0,1788322628201,134,0.0
1788322629,4304.166,4304.216,0.0,0,1788322629545,134,0.0
1788322630,4304.163,4304.213,0.0,0,1788322630637,134,0.0
1788322630,4304.078,4304.128,0.0,0,1788322630679,134,0.0
1788322630,4304.132,4304.182,0.0,0,1788322630759,134,0.0
1788322630,4304.241,4304.291,0.0,0,1788322630930,134,0.0
1788322631,4304.406,4304.456,0.0,0,1788322631639,134,0.0
1788322632,4304.073,4304.123,0.0,0,1788322632608,134,0.0
1788322633,4304.074,4304.124,0.0,0,1788322633783,134,0.0
1788322633,4304.011,4304.061,0.0,0,1788322633885,134,0.0
1788322633,4303.956,4304.006,0.0,0,1788322633891,134,0.0
1788322634,4303.899,4303.949,0.0,0,1788322634472,134,0.0
1788322635,4303.951,4304.001,0.0,0,1788322635211,134,0.0
1788322636,4304.142,4304.192,0.0,0,1788322636022,134,0.0
1788322636,4304.069,4304.119,0.0,0,1788322636028,134,0.0
1788322636,4303.991,4304.041,0.0,0,1788322636030,134,0.0
1788322636,4303.896,4303.946,0.0,0,1788322636035,134,0.0
1788322636,4303.956,4304.006,0.0,0,1788322636050,134,0.0
1788322636,4303.886,4303.936,0.0,0,1788322636053,134,0.0
1788322636,4303.939,4303.989,0.0,0,1788322636057,134,0.0
1788322636,4303.999,4304.049,0.0,0,1788322636110,134,0.0
1788322636,4303.921,4303.971,0.0,0,1788322636608,134,0.0
1788322636,4303.703,4303.753,0.0,0,1788322636742,134,0.0
1788322637,4303.755,4303.805,0.0,0,1788322637283,134,0.0
1788322638,4303.881,4303.931,0.0,0,1788322638130,134,0.0
1788322638,4303.935,4303.985,0.0,0,1788322638147,134,0.0
1788322638,4303.988,4304.038,0.0,0,1788322638222,134,0.0
1788322638,4303.931,4303.981,0.0,0,1788322638462,134,0.0
1788322638,4303.807,4303.857,0.0,0,1788322638471,134,0.0
1788322638,4303.753,4303.803,0.0,0,1788322638509,134,0.0
1788322639,4304.067,4304.117,0.0,0,1788322639369,134,0.0
1788322639,4303.961,4304.011,0.0,0,1788322639386,134,0.0
1788322639,4304.017,4304.067,0.0,0,1788322639475,134,0.0
1788322639,4304.071,4304.121,0.0,0,1788322639616,134,0.0
1788322640,4304.123,4304.173,0.0,0,1788322640381,134,0.0
1788322640,4304.178,4304.228,0.0,0,1788322640386,134,0.0
1788322640,4304.237,4304.287,0.0,0,1788322640404,134,0.0
1788322640,4304.183,4304.233,0.0,0,1788322640651,134,0.0
1788322640,4304.118,4304.168,0.0,0,1788322640666,134,0.0
1788322640,4304.17,4304.22,0.0,0,1788322640747,134,0.0
1788322641,4304.118,4304.168,0.0,0,1788322641590,134,0.0
1788322641,4304.063,4304.113,0.0,0,1788322641602,134,0.0
1788322641,4303.942,4303.992,0.0,0,1788322641680,134,0.0
1788322641,4303.863,4303.913,0.0,0,1788322641692,134,0.0
1788322641,4303.81,4303.86,0.0,0,1788322641709,134,0.0
1788322641,4303.757,4303.807,0.0,0,1788322641721,134,0.0
1788322642,4303.815,4303.865,0.0,0,1788322642295,134,0.0
1788322643,4303.804,4303.854,0.0,0,1788322643451,134,0.0
1788322644,4303.826,4303.876,0.0,0,1788322644598,134,0.0
1788322645,4303.842,4303.892,0.0,0,1788322645682,134,0.0
1788322646,4303.784,4303.834,0.0,0,1788322646545,134,0.0
1788322646,4303.695,4303.745,0.0,0,1788322646554,134,0.0
1788322646,4303.632,4303.682,0.0,0,1788322646578,134,0.0
1788322646,4303.578,4303.628,0.0,0,1788322646601,134,0.0
1788322646,4303.511,4303.561,0.0,0,1788322646796,134,0.0
1788322647,4303.442,4303.492,0.0,0,1788322647047,134,0.0
1788322647,4303.573,4303.623,0.0,0,1788322647200,134,0.0
1788322648,4303.813,4303.863,0.0,0,1788322648284,134,0.0
1788322648,4303.593,4303.643,0.0,0,1788322648951,134,0.0
1788322649,4303.611,4303.661,0.0,0,1788322649958,134,0.0
1788322650,4303.555,4303.605,0.0,0,1788322650097,134,0.0
1788322650,4303.499,4303.549,0.0,0,1788322650349,134,0.0
1788322651,4303.503,4303.553,0.0,0,1788322651717,134,0.0
1788322652,4303.721,4303.771,0.0,0,1788322652448,134,0.0
1788322653,4303.504,4303.554,0.0,0,1788322653351,134,0.0
1788322654,4303.556,4303.606,0.0,0,1788322654188,134,0.0
1788322654,4303.505,4303.555,0.0,0,1788322654200,134,0.0
1788322654,4303.45,4303.5,0.0,0,1788322654228,134,0.0
1788322654,4303.779,4303.829,0.0,0,1788322654761,134,0.0
1788322654,4303.918,4303.968,0.0,0,1788322654772,134,0.0
1788322654,4303.88,4303.93,0.0,0,1788322654776,134,0.0
1788322654,4304.033,4304.083,0.0,0,1788322654790,134,0.0
1788322654,4304.116,4304.166,0.0,0,1788322654792,134,0.0
1788322655,4304.059,4304.109,0.0,0,1788322655000,134,0.0
1788322655,4304.0,4304.05,0.0,0,1788322655236,134,0.0
1788322655,4304.064,4304.114,0.0,0,1788322655263,134,0.0
1788322655,4303.734,4303.784,0.0,0,1788322655553,134,0.0
1788322656,4303.787,4303.837,0.0,0,1788322656340,134,0.0
1788322656,4303.733,4303.783,0.0,0,1788322656507,134,0.0
1788322657,4303.614,4303.664,0.0,0,1788322657236,134,0.0
1788322658,4303.561,4303.611,0.0,0,1788322658178,134,0.0
1788322659,4303.572,4303.622,0.0,0,1788322659251,134,0.0
1788322659,4303.519,4303.569,0.0,0,1788322659367,134,0.0
1788322660,4303.574,4303.624,0.0,0,1788322660273,134,0.0
1788322660,4303.691,4303.741,0.0,0,1788322660315,134,0.0
1788322661,4303.917,4303.967,0.0,0,1788322661300,134,0.0
1788322661,4303.816,4303.866,0.0,0,1788322661361,134,0.0
1788322661,4303.761,4303.811,0.0,0,1788322661490,134,0.0
1788322661,4303.702,4303.752,0.0,0,1788322661572,134,0.0
1788322661,4303.585,4303.635,0.0,0,1788322661684,134,0.0
1788322662,4303.528,4303.578,0.0,0,1788322662165,134,0.0
1788322663,4303.588,4303.638,0.0,0,1788322663052,134,0.0
1788322663,4303.732,4303.782,0.0,0,1788322663061,134,0.0
1788322663,4303.818,4303.868,0.0,0,1788322663081,134,0.0
1788322663,4303.754,4303.804,0.0,0,1788322663143,134,0.0
1788322663,4303.893,4303.943,0.0,0,1788322663584,134,0.0
1788322663,4303.583,4303.633,0.0,0,1788322663885,134,0.0
1788322664,4303.598,4303.648,0.0,0,1788322664934,134,0.0
1788322665,4303.596,4303.646,0.0,0,1788322665977,134,0.0
1788322666,4303.707,4303.757,0.0,0,1788322666978,134,0.0
1788322667,4303.78,4303.83,0.0,0,1788322667475,134,0.0
1788322667,4303.86,4303.91,0.0,0,1788322667495,134,0.0
1788322667,4303.916,4303.966,0.0,0,1788322667503,134,0.0
1788322667,4303.968,4304.018,0.0,0,1788322667504,134,0.0
1788322667,4304.027,4304.077,0.0,0,1788322667507,134,0.0
1788322667,4304.083,4304.133,0.0,0,1788322667509,134,0.0
1788322667,4304.159,4304.209,0.0,0,1788322667515,134,0.0
1788322667,4304.235,4304.285,0.0,0,1788322667524,134,0.0
1788322667,4304.499,4304.549,0.0,0,1788322667535,134,0.0
1788322667,4304.351,4304.401,0.0,0,1788322667573,134,0.0
1788322667,4304.272,4304.322,0.0,0,1788322667598,134,0.0
1788322668,4304.491,4304.541,0.0,0,1788322668265,134,0.0
1788322668,4304.426,4304.476,0.0,0,1788322668274,134,0.0
1788322668,4304.363,4304.413,0.0,0,1788322668282,134,0.0
1788322668,4304.171,4304.221,0.0,0,1788322668294,134,0.0
1788322669,4303.902,4303.952,0.0,0,1788322669342,134,0.0
1788322670,4303.85,4303.9,0.0,0,1788322670246,134,0.0
1788322670,4303.789,4303.839,0.0,0,1788322670275,134,0.0
1788322671,4303.798,4303.848,0.0,0,1788322671485,134,0.0
1788322671,4303.857,4303.907,0.0,0,1788322671498,134,0.0
1788322671,4303.997,4304.047,0.0,0,1788322671506,134,0.0
1788322671,4304.05,4304.1,0.0,0,1788322671526,134,0.0
1788322671,4304.112,4304.162,0.0,0,1788322671847,134,0.0
1788322671,4304.165,4304.215,0.0,0,1788322671850,134,0.0
1788322671,4304.224,4304.274,0.0,0,1788322671855,134,0.0
1788322671,4304.292,4304.342,0.0,0,1788322671863,134,0.0
1788322672,4304.459,4304.509,0.0,0,1788322672090,134,0.0
1788322672,4304.515,4304.565,0.0,0,1788322672104,134,0.0
1788322673,4304.408,4304.458,0.0,0,1788322673138,134,0.0
1788322673,4304.352,4304.402,0.0,0,1788322673374,134,0.0
1788322674,4304.342,4304.392,0.0,0,1788322674450,134,0.0
1788322674,4304.278,4304.328,0.0,0,1788322674453,134,0.0
1788322674,4304.218,4304.268,0.0,0,1788322674454,134,0.0
1788322674,4304.091,4304.141,0.0,0,1788322674456,134,0.0
1788322674,4304.003,4304.053,0.0,0,1788322674458,134,0.0
1788322674,4303.948,4303.998,0.0,0,1788322674466,134,0.0
1788322674,4303.892,4303.942,0.0,0,1788322674471,134,0.0
1788322674,4303.838,4303.888,0.0,0,1788322674472,134,0.0
1788322674,4303.754,4303.804,0.0,0,1788322674491,134,0.0
1788322674,4303.839,4303.889,0.0,0,1788322674511,134,0.0
1788322674,4303.779,4303.829,0.0,0,1788322674542,134,0.0
1788322674,4303.716,4303.766,0.0,0,1788322674591,134,0.0
1788322674,4303.77,4303.82,0.0,0,1788322674712,134,0.0
1788322675,4303.762,4303.812,0.0,0,1788322675735,134,0.0
1788322676,4303.708,4303.758,0.0,0,1788322676289,134,0.0
1788322676,4303.667,4303.717,0.0,0,1788322676292,134,0.0
1788322676,4303.746,4303.796,0.0,0,1788322676300,134,0.0
1788322676,4303.627,4303.677,0.0,0,1788322676319,134,0.0
1788322676,4303.856,4303.906,0.0,0,1788322676957,134,0.0
1788322677,4303.91,4303.96,0.0,0,1788322677516,134,0.0
1788322677,4303.989,4304.039,0.0,0,1788322677546,134,0.0
1788322677,4303.93,4303.98,0.0,0,1788322677649,134,0.0
1788322678,4303.601,4303.651,0.0,0,1788322678536,134,0.0
1788322678,4303.546,4303.596,0.0,0,1788322678686,134,0.0
1788322679,4303.479,4303.529,0.0,0,1788322679364,134,0.0
1788322679,4303.546,4303.596,0.0,0,1788322679403,134,0.0
1788322681,4303.814,4303.864,0.0,0,1788322681369,134,0.0
1788322681,4303.761,4303.811,0.0,0,1788322681525,134,0.0
1788322682,4303.707,4303.757,0.0,0,1788322682371,134,0.0
1788322684,4303.727,4303.777,0.0,0,1788322684282,134,0.0
1788322684,4303.666,4303.716,0.0,0,1788322684295,134,0.0
1788322684,4303.603,4303.653,0.0,0,1788322684307,134,0.0
1788322684,4303.548,4303.598,0.0,0,1788322684313,134,0.0
1788322684,4303.483,4303.533,0.0,0,1788322684319,134,0.0
1788322684,4303.417,4303.467,0.0,0,1788322684329,134,0.0
1788322684,4303.284,4303.334,0.0,0,1788322684945,134,0.0
1788322685,4303.403,4303.453,0.0,0,1788322685957,134,0.0
1788322686,4303.455,4303.505,0.0,0,1788322686041,134,0.0
1788322686,4303.51,4303.56,0.0,0,1788322686058,134,0.0
1788322686,4303.458,4303.508,0.0,0,1788322686238,134,0.0
1788322687,4303.162,4303.212,0.0,0,1788322687397,134,0.0
1788322688,4303.458,4303.508,0.0,0,1788322688802,134,0.0
1788322688,4303.511,4303.561,0.0,0,1788322688819,134,0.0
1788322688,4303.471,4303.521,0.0,0,1788322688842,134,0.0
1788322688,4303.509,4303.559,0.0,0,1788322688902,134,0.0
1788322689,4303.566,4303.616,0.0,0,1788322689341,134,0.0
1788322689,4303.683,4303.733,0.0,0,1788322689360,134,0.0
1788322689,4303.543,4303.593,0.0,0,1788322689379,134,0.0
1788322689,4303.39,4303.44,0.0,0,1788322689718,134,0.0
1788322689,4303.271,4303.321,0.0,0,1788322689877,134,0.0
1788322690,4303.28,4303.33,0.0,0,1788322690880,134,0.0
1788322691,4303.21,4303.26,0.0,0,1788322691062,134,0.0
1788322691,4303.153,4303.203,0.0,0,1788322691071,134,0.0
1788322691,4303.096,4303.146,0.0,0,1788322691082,134,0.0
1788322692,4303.387,4303.437,0.0,0,1788322692145,134,0.0
1788322692,4303.166,4303.216,0.0,0,1788322692337,134,0.0
1788322693,4303.105,4303.155,0.0,0,1788322693076,134,0.0
1788322694,4303.348,4303.398,0.0,0,1788322694173,134,0.0
1788322695,4303.358,4303.408,0.0,0,1788322695512,134,0.0
1788322695,4303.414,4303.464,0.0,0,1788322695523,134,0.0
1788322695,4303.533,4303.583,0.0,0,1788322695554,134,0.0
1788322695,4303.139,4303.189,0.0,0,1788322695729,134,0.0
1788322696,4303.258,4303.308,0.0,0,1788322696232,134,0.0
1788322697,4303.171,4303.221,0.0,0,1788322697285,134,0.0
1788322697,4303.116,4303.166,0.0,0,1788322697299,134,0.0
1788322697,4303.064,4303.114,0.0,0,1788322697955,134,0.0
1788322697,4302.995,4303.045,0.0,0,1788322697977,134,0.0
1788322698,4303.047,4303.097,0.0,0,1788322698107,134,0.0
1788322698,4303.391,4303.441,0.0,0,1788322698684,134,0.0
1788322699,4303.363,4303.413,0.0,0,1788322699475,134,0.0
1788322699,4303.455,4303.505,0.0,0,1788322699481,134,0.0
1788322699,4303.534,4303.584,0.0,0,1788322699491,134,0.0
1788322699,4303.609,4303.659,0.0,0,1788322699495,134,0.0
1788322699,4303.677,4303.727,0.0,0,1788322699515,134,0.0
1788322700,4303.443,4303.493,0.0,0,1788322700111,134,0.0
1788322700,4303.501,4303.551,0.0,0,1788322700135,134,0.0
1788322701,4303.508,4303.558,0.0,0,1788322701713,134,0.0
1788322702,4303.454,4303.504,0.0,0,1788322702211,134,0.0
1788322702,4303.506,4303.556,0.0,0,1788322702365,134,0.0
1788322703,4303.533,4303.583,0.0,0,1788322703674,134,0.0
1788322704,4303.604,4303.654,0.0,0,1788322704411,134,0.0
1788322704,4303.658,4303.708,0.0,0,1788322704424,134,0.0
1788322704,4303.734,4303.784,0.0,0,1788322704427,134,0.0
1788322704,4303.68,4303.73,0.0,0,1788322704572,134,0.0
1788322705,4303.899,4303.949,0.0,0,1788322705269,134,0.0
1788322706,4303.629,4303.679,0.0,0,1788322706272,134,0.0
1788322706,4303.567,4303.617,0.0,0,1788322706320,134,0.0
1788322707,4303.795,4303.845,0.0,0,1788322707740,134,0.0
1788322708,4303.579,4303.629,0.0,0,1788322708379,134,0.0
1788322708,4303.648,4303.698,0.0,0,1788322708402,134,0.0
1788322709,4303.7,4303.75,0.0,0,1788322709098,134,0.0
1788322709,4303.769,4303.819,0.0,0,1788322709130,134,0.0
1788322710,4303.822,4303.872,0.0,0,1788322710872,134,0.0
1788322710,4303.91,4303.96,0.0,0,1788322710953,134,0.0
1788322710,4303.962,4304.012,0.0,0,1788322710958,134,0.0
1788322711,4304.015,4304.065,0.0,0,1788322711084,134,0.0
1788322711,4304.137,4304.187,0.0,0,1788322711095,134,0.0
1788322711,4304.508,4304.558,0.0,0,1788322711595,134,0.0
1788322711,4304.576,4304.626,0.0,0,1788322711610,134,0.0
1788322711,4304.632,4304.682,0.0,0,1788322711613,134,0.0
1788322711,4304.686,4304.736,0.0,0,1788322711630,134,0.0
1788322711,4304.617,4304.667,0.0,0,1788322711647,134,0.0
1788322711,4304.564,4304.614,0.0,0,1788322711657,134,0.0
1788322711,4304.619,4304.669,0.0,0,1788322711663,134,0.0
1788322711,4304.555,4304.605,0.0,0,1788322711694,134,0.0
1788322711,4304.483,4304.533,0.0,0,1788322711707,134,0.0
1788322711,4304.274,4304.324,0.0,0,1788322711795,134,0.0
1788322711,4304.339,4304.389,0.0,0,1788322711808,134,0.0
1788322712,4304.548,4304.598,0.0,0,1788322712207,134,0.0
1788322713,4304.287,4304.337,0.0,0,1788322713231,134,0.0
1788322715,4304.565,4304.615,0.0,0,1788322715249,134,0.0
1788322716,4304.345,4304.395,0.0,0,1788322716407,134,0.0
1788322716,4304.399,4304.449,0.0,0,1788322716415,134,0.0
1788322716,4304.46,4304.51,0.0,0,1788322716429,134,0.0
1788322716,4304.4,4304.45,0.0,0,1788322716812,134,0.0
1788322717,4304.346,4304.396,0.0,0,1788322717044,134,0.0
1788322717,4304.278,4304.328,0.0,0,1788322717051,134,0.0
1788322717,4304.336,4304.386,0.0,0,1788322717479,134,0.0
1788322719,4304.29,4304.34,0.0,0,1788322719095,134,0.0
1788322719,4304.172,4304.222,0.0,0,1788322719424,134,0.0
1788322719,4304.117,4304.167,0.0,0,1788322719660,134,0.0
1788322719,4304.063,4304.113,0.0,0,1788322719788,134,0.0
1788322719,4304.008,4304.058,0.0,0,1788322719815,134,0.0
1788322719,4304.065,4304.115,0.0,0,1788322719894,134,0.0
1788322720,4304.084,4304.134,0.0,0,1788322720948,134,0.0
1788322722,4304.357,4304.407,0.0,0,1788322722083,134,0.0
1788322722,4304.167,4304.217,0.0,0,1788322722460,134,0.0
1788322722,4304.098,4304.148,0.0,0,1788322722510,134,0.0
1788322722,4304.01,4304.06,0.0,0,1788322722521,134,0.0
1788322722,4303.856,4303.906,0.0,0,1788322722579,134,0.0
1788322723,4303.776,4303.826,0.0,0,1788322723111,134,0.0
1788322723,4303.712,4303.762,0.0,0,1788322723131,134,0.0
1788322723,4303.771,4303.821,0.0,0,1788322723661,134,0.0
1788322723,4303.833,4303.883,0.0,0,1788322723682,134,0.0
1788322724,4303.897,4303.947,0.0,0,1788322724274,134,0.0
1788322724,4303.742,4303.792,0.0,0,1788322724294,134,0.0
1788322725,4303.694,4303.744,0.0,0,1788322725589,134,0.0
1788322726,4303.622,4303.672,0.0,0,1788322726118,134,0.0
1788322726,4303.564,4303.614,0.0,0,1788322726199,134,0.0
1788322726,4303.511,4303.561,0.0,0,1788322726399,134,0.0
1788322727,4303.628,4303.678,0.0,0,1788322727468,134,0.0
1788322728,4303.547,4303.597,0.0,0,1788322728410,134,0.0
1788322728,4303.601,4303.651,0.0,0,1788322728426,134,0.0
1788322728,4303.664,4303.714,0.0,0,1788322728430,134,0.0
1788322729,4303.677,4303.727,0.0,0,1788322729441,134,0.0
1788322730,4303.653,4303.703,0.0,0,1788322730176,134,0.0
1788322730,4303.563,4303.613,0.0,0,1788322730372,134,0.0
1788322730,4303.511,4303.561,0.0,0,1788322730381,134,0.0
1788322730,4303.411,4303.461,0.0,0,1788322730433,134,0.0
1788322730,4303.359,4303.409,0.0,0,1788322730452,134,0.0
1788322730,4303.413,4303.463,0.0,0,1788322730491,134,0.0
1788322730,4303.471,4303.521,0.0,0,1788322730514,134,0.0
1788322730,4303.577,4303.627,0.0,0,1788322730761,134,0.0
1788322731,4303.474,4303.524,0.0,0,1788322731138,134,0.0
1788322731,4303.417,4303.467,0.0,0,1788322731173,134,0.0
1788322731,4303.36,4303.41,0.0,0,1788322731214,134,0.0
1788322731,4303.413,4303.463,0.0,0,1788322731402,134,0.0
1788322731,4303.468,4303.518,0.0,0,1788322731461,134,0.0
1788322731,4303.569,4303.619,0.0,0,1788322731630,134,0.0
1788322733,4303.481,4303.531,0.0,0,1788322733357,134,0.0
1788322733,4303.611,4303.661,0.0,0,1788322733883,134,0.0
1788322733,4303.673,4303.723,0.0,0,1788322733903,134,0.0
1788322734,4303.62,4303.67,0.0,0,1788322734264,134,0.0
1788322734,4303.502,4303.552,0.0,0,1788322734326,134,0.0
1788322735,4303.491,4303.541,0.0,0,1788322735689,134,0.0
1788322735,4303.611,4303.661,0.0,0,1788322735729,134,0.0
1788322735,4303.481,4303.531,0.0,0,1788322735870,134,0.0
1788322735,4303.382,4303.432,0.0,0,1788322735888,134,0.0
1788322736,4303.44,4303.49,0.0,0,1788322736085,134,0.0
1788322737,4303.458,4303.508,0.0,0,1788322737520,134,0.0
1788322737,4303.585,4303.635,0.0,0,1788322737816,134,0.0
1788322738,4303.427,4303.477,0.0,0,1788322738680,134,0.0
1788322739,4303.409,4303.459,0.0,0,1788322739725,134,0.0
1788322741,4303.402,4303.452,0.0,0,1788322741282,134,0.0
1788322741,4303.455,4303.505,0.0,0,1788322741297,134,0.0
1788322741,4303.575,4303.625,0.0,0,1788322741312,134,0.0
1788322741,4303.63,4303.68,0.0,0,1788322741316,134,0.0
1788322742,4303.707,4303.757,0.0,0,1788322742401,134,0.0
1788322742,4303.816,4303.866,0.0,0,1788322742889,134,0.0
1788322742,4303.734,4303.784,0.0,0,1788322742921,134,0.0
1788322742,4303.851,4303.901,0.0,0,1788322742938,134,0.0
1788322742,4303.926,4303.976,0.0,0,1788322742945,134,0.0
1788322743,4303.707,4303.757,0.0,0,1788322743701,134,0.0
1788322743,4303.76,4303.81,0.0,0,1788322743817,134,0.0
1788322744,4303.773,4303.823,0.0,0,1788322744935,134,0.0
1788322745,4303.832,4303.882,0.0,0,1788322745485,134,0.0
1788322747,4303.84,4303.89,0.0,0,1788322747116,134,0.0
1788322747,4303.787,4303.837,0.0,0,1788322747128,134,0.0
1788322747,4303.731,4303.781,0.0,0,1788322747483,134,0.0
1788322747,4303.604,4303.654,0.0,0,1788322747485,134,0.0
1788322747,4303.529,4303.579,0.0,0,1788322747502,134,0.0
1788322748,4303.511,4303.561,0.0,0,1788322748673,134,0.0
1788322748,4303.568,4303.618,0.0,0,1788322748686,134,0.0
1788322749,4303.704,4303.754,0.0,0,1788322749121,134,0.0
1788322749,4303.758,4303.808,0.0,0,1788322749127,134,0.0
1788322750,4303.694,4303.744,0.0,0,1788322750102,134,0.0
1788322750,4303.576,4303.626,0.0,0,1788322750426,134,0.0
1788322751,4303.507,4303.557,0.0,0,1788322751303,134,0.0
1788322752,4303.569,4303.619,0.0,0,1788322752304,134,0.0
1788322752,4303.722,4303.772,0.0,0,1788322752411,134,0.0
1788322752,4303.775,4303.825,0.0,0,1788322752426,134,0.0
1788322753,4303.805,4303.855,0.0,0,1788322753446,134,0.0
1788322754,4303.755,4303.805,0.0,0,1788322754798,134,0.0
1788322755,4303.823,4303.873,0.0,0,1788322755645,134,0.0
1788322756,4303.757,4303.807,0.0,0,1788322756413,134,0.0
1788322756,4303.604,4303.654,0.0,0,1788322756436,134,0.0
1788322756,4303.731,4303.781,0.0,0,1788322756516,134,0.0
1788322757,4303.607,4303.657,0.0,0,1788322757092,134,0.0
1788322757,4303.548,4303.598,0.0,0,1788322757095,134,0.0
1788322757,4303.482,4303.532,0.0,0,1788322757121,134,0.0
1788322757,4303.399,4303.449,0.0,0,1788322757143,134,0.0
1788322757,4303.346,4303.396,0.0,0,1788322757177,134,0.0
1788322757,4303.562,4303.612,0.0,0,1788322757700,134,0.0
1788322758,4303.495,4303.545,0.0,0,1788322758691,134,0.0
1788322758,4303.442,4303.492,0.0,0,1788322758810,134,0.0
1788322758,4303.504,4303.554,0.0,0,1788322758872,134,0.0
1788322758,4303.193,4303.243,0.0,0,1788322758959,134,0.0
1788322759,4303.24,4303.29,0.0,0,1788322759292,134,0.0
1788322759,4303.293,4303.343,0.0,0,1788322759307,134,0.0
1788322759,4303.359,4303.409,0.0,0,1788322759315,134,0.0
1788322759,4303.779,4303.829,0.0,0,1788322759950,134,0.0
1788322759,4303.66,4303.71,0.0,0,1788322759977,134,0.0
1788322760,4303.74,4303.79,0.0,0,1788322760627,134,0.0
1788322760,4303.455,4303.505,0.0,0,1788322760684,134,0.0
1788322760,4303.403,4303.453,0.0,0,1788322760690,134,0.0
1788322760,4303.268,4303.318,0.0,0,1788322760695,134,0.0
1788322760,4303.207,4303.257,0.0,0,1788322760710,134,0.0
1788322760,4303.275,4303.325,0.0,0,1788322760723,134,0.0
1788322760,4303.34,4303.39,0.0,0,1788322760732,134,0.0
1788322760,4303.468,4303.518,0.0,0,1788322760750,134,0.0
1788322761,4303.445,4303.495,0.0,0,1788322761772,134,0.0
1788322761,4303.316,4303.366,0.0,0,1788322761986,134,0.0
1788322762,4303.26,4303.31,0.0,0,1788322762741,134,0.0
1788322762,4303.198,4303.248,0.0,0,1788322762771,134,0.0
1788322762,4303.129,4303.179,0.0,0,1788322762785,134,0.0
1788322762,4303.067,4303.117,0.0,0,1788322762802,134,0.0
1788322762,4303.009,4303.059,0.0,0,1788322762885,134,0.0
1788322762,4302.938,4302.988,0.0,0,1788322762905,134,0.0
1788322762,4302.843,4302.893,0.0,0,1788322762962,134,0.0
1788322763,4303.17,4303.22,0.0,0,1788322763064,134,0.0
1788322763,4303.23,4303.28,0.0,0,1788322763325,134,0.0
1788322764,4303.285,4303.335,0.0,0,1788322764119,134,0.0
1788322764,4303.374,4303.424,0.0,0,1788322764134,134,0.0
1788322764,4303.491,4303.541,0.0,0,1788322764155,134,0.0
1788322764,4303.366,4303.416,0.0,0,1788322764235,134,0.0
1788322764,4303.485,4303.535,0.0,0,1788322764289,134,0.0
1788322764,4303.544,4303.594,0.0,0,1788322764373,134,0.0
1788322765,4303.328,4303.378,0.0,0,1788322765418,134,0.0
1788322765,4303.399,4303.449,0.0,0,1788322765428,134,0.0
1788322765,4303.454,4303.504,0.0,0,1788322765452,134,0.0
1788322765,4303.369,4303.419,0.0,0,1788322765530,134,0.0
1788322765,4303.316,4303.366,0.0,0,1788322765550,134,0.0
1788322766,4303.37,4303.42,0.0,0,1788322766045,134,0.0
1788322766,4303.438,4303.488,0.0,0,1788322766053,134,0.0
1788322766,4303.507,4303.557,0.0,0,1788322766073,134,0.0
1788322766,4303.564,4303.614,0.0,0,1788322766093,134,0.0
1788322766,4303.503,4303.553,0.0,0,1788322766174,134,0.0
1788322767,4303.454,4303.504,0.0,0,1788322767573,134,0.0
1788322769,4303.426,4303.476,0.0,0,1788322769098,134,0.0
1788322769,4303.482,4303.532,0.0,0,1788322769878,134,0.0
1788322770,4303.445,4303.495,0.0,0,1788322770980,134,0.0
1788322772,4303.447,4303.497,0.0,0,1788322772087,134,0.0
1788322775,4303.689,4303.739,0.0,0,1788322775945,134,0.0
1788322777,4303.416,4303.466,0.0,0,1788322777380,134,0.0
1788322778,4303.47,4303.52,0.0,0,1788322778961,134,0.0
1788322778,4303.564,4303.614,0.0,0,1788322778981,134,0.0
1788322779,4303.632,4303.682,0.0,0,1788322779186,134,0.0
1788322780,4303.793,4303.843,0.0,0,1788322780865,134,0.0
1788322781,4303.502,4303.552,0.0,0,1788322781873,134,0.0
1788322782,4303.341,4303.391,0.0,0,1788322782140,134,0.0
1788322782,4303.281,4303.331,0.0,0,1788322782159,134,0.0
1788322783,4303.275,4303.325,0.0,0,1788322783261,134,0.0
1788322783,4303.436,4303.486,0.0,0,1788322783441,134,0.0
1788322783,4303.616,4303.666,0.0,0,1788322783445,134,0.0
1788322783,4303.829,4303.879,0.0,0,1788322783457,134,0.0
1788322784,4303.771,4303.821,0.0,0,1788322784444,134,0.0
1788322785,4303.522,4303.572,0.0,0,1788322785773,134,0.0
1788322787,4303.506,4303.556,0.0,0,1788322787589,134,0.0
1788322788,4303.527,4303.577,0.0,0,1788322788775,134,0.0
1788322793,4303.811,4303.861,0.0,0,1788322793901,134,0.0
1788322794,4303.485,4303.535,0.0,0,1788322794750,134,0.0
1788322794,4303.31,4303.36,0.0,0,1788322794758,134,0.0
1788322794,4303.256,4303.306,0.0,0,1788322794808,134,0.0
1788322794,4303.194,4303.244,0.0,0,1788322794876,134,0.0
1788322794,4303.14,4303.19,0.0,0,1788322794893,134,0.0
1788322795,4303.078,4303.128,0.0,0,1788322795082,134,0.0
1788322796,4303.382,4303.432,0.0,0,1788322796240,134,0.0
1788322797,4303.262,4303.312,0.0,0,1788322797608,134,0.0
1788322798,4303.12,4303.17,0.0,0,1788322798309,134,0.0
1788322798,4303.056,4303.106,0.0,0,1788322798434,134,0.0
1788322799,4303.333,4303.383,0.0,0,1788322799664,134,0.0
1788322800,4303.333,4303.383,0.0,0,1788322800666,130,0.0
1788322800,4303.244,4303.294,0.0,0,1788322800706,134,0.0
1788322801,4303.059,4303.109,0.0,0,1788322801082,134,0.0
1788322802,4303.084,4303.134,0.0,0,1788322802126,134,0.0
1788322802,4303.021,4303.071,0.0,0,1788322802193,134,0.0
1788322803,4303.34,4303.39,0.0,0,1788322803198,134,0.0
1788322803,4303.041,4303.091,0.0,0,1788322803435,134,0.0
1788322803,4303.232,4303.282,0.0,0,1788322803955,134,0.0
1788322803,4303.179,4303.229,0.0,0,1788322803963,134,0.0
1788322803,4302.839,4302.889,0.0,0,1788322803996,134,0.0
1788322804,4302.783,4302.833,0.0,0,1788322804004,134,0.0
1788322804,4302.729,4302.779,0.0,0,1788322804016,134,0.0
1788322804,4302.674,4302.724,0.0,0,1788322804025,134,0.0
1788322804,4302.885,4302.935,0.0,0,1788322804044,134,0.0
1788322804,4302.83,4302.88,0.0,0,1788322804292,134,0.0
1788322805,4302.816,4302.866,0.0,0,1788322805374,134,0.0
1788322805,4302.735,4302.785,0.0,0,1788322805399,134,0.0
1788322805,4302.68,4302.73,0.0,0,1788322805407,134,0.0
1788322805,4302.579,4302.629,0.0,0,1788322805417,134,0.0
1788322805,4302.652,4302.702,0.0,0,1788322805447,134,0.0
1788322805,4302.444,4302.494,0.0,0,1788322805583,134,0.0
1788322805,4302.656,4302.706,0.0,0,1788322805770,134,0.0
1788322806,4302.604,4302.654,0.0,0,1788322806087,134,0.0
1788322806,4302.541,4302.591,0.0,0,1788322806123,134,0.0
1788322806,4302.338,4302.388,0.0,0,1788322806323,134,0.0
1788322806,4302.671,4302.721,0.0,0,1788322806354,134,0.0
1788322806,4302.729,4302.779,0.0,0,1788322806393,134,0.0
1788322806,4302.671,4302.721,0.0,0,1788322806474,134,0.0
1788322806,4302.619,4302.669,0.0,0,1788322806480,134,0.0
1788322806,4302.561,4302.611,0.0,0,1788322806496,134,0.0
1788322806,4302.625,4302.675,0.0,0,1788322806512,134,0.0
1788322806,4302.686,4302.736,0.0,0,1788322806521,134,0.0
1788322806,4302.806,4302.856,0.0,0,1788322806530,134,0.0
1788322806,4302.858,4302.908,0.0,0,1788322806537,134,0.0
1788322806,4302.911,4302.961,0.0,0,1788322806581,134,0.0
1788322806,4302.989,4303.039,0.0,0,1788322806705,134,0.0
1788322806,4302.936,4302.986,0.0,0,1788322806722,134,0.0
1788322806,4302.989,4303.039,0.0,0,1788322806827,134,0.0
1788322807,4303.044,4303.094,0.0,0,1788322807303,134,0.0
1788322807,4303.098,4303.148,0.0,0,1788322807363,134,0.0
1788322808,4303.154,4303.204,0.0,0,1788322808009,134,0.0
1788322809,4303.141,4303.191,0.0,0,1788322809096,134,0.0
1788322810,4302.848,4302.898,0.0,0,1788322810106,134,0.0
1788322810,4302.914,4302.964,0.0,0,1788322810157,134,0.0
1788322810,4302.983,4303.033,0.0,0,1788322810163,134,0.0
1788322810,4303.054,4303.104,0.0,0,1788322810173,134,0.0
1788322810,4302.982,4303.032,0.0,0,1788322810274,134,0.0
1788322810,4303.046,4303.096,0.0,0,1788322810416,134,0.0
1788322811,4303.249,4303.299,0.0,0,1788322811613,134,0.0
1788322811,4303.0,4303.05,0.0,0,1788322811984,134,0.0
1788322812,4302.941,4302.991,0.0,0,1788322812008,134,0.0
1788322813,4303.227,4303.277,0.0,0,1788322813158,134,0.0
1788322814,4302.951,4303.001,0.0,0,1788322814506,134,0.0
1788322814,4302.86,4302.91,0.0,0,1788322814560,134,0.0
1788322815,4303.07,4303.12,0.0,0,1788322815841,134,0.0
1788322815,4303.202,4303.252,0.0,0,1788322815862,134,0.0
1788322815,4303.077,4303.127,0.0,0,1788322815942,134,0.0
1788322817,4302.789,4302.839,0.0,0,1788322817179,134,0.0
1788322817,4302.906,4302.956,0.0,0,1788322817198,134,0.0
1788322817,4303.126,4303.176,0.0,0,1788322817238,134,0.0
1788322817,4303.015,4303.065,0.0,0,1788322817422,134,0.0
1788322818,4303.245,4303.295,0.0,0,1788322818605,134,0.0
1788322819,4302.977,4303.027,0.0,0,1788322819978,134,0.0
1788322821,4302.956,4303.006,0.0,0,1788322821137,134,0.0
1788322821,4302.839,4302.889,0.0,0,1788322821160,134,0.0
1788322821,4303.042,4303.092,0.0,0,1788322821493,134,0.0
1788322821,4302.989,4303.039,0.0,0,1788322821501,134,0.0
1788322821,4302.936,4302.986,0.0,0,1788322821652,134,0.0
1788322823,4302.88,4302.93,0.0,0,1788322823209,134,0.0
1788322824,4302.72,4302.77,0.0,0,1788322824575,134,0.0
1788322826,4302.926,4302.976,0.0,0,1788322826140,134,0.0
1788322827,4302.928,4302.978,0.0,0,1788322827205,134,0.0
1788322828,4302.931,4302.981,0.0,0,1788322828209,134,0.0
1788322828,4302.864,4302.914,0.0,0,1788322828823,134,0.0
1788322830,4302.575,4302.625,0.0,0,1788322830104,134,0.0
1788322830,4302.482,4302.532,0.0,0,1788322830124,134,0.0
1788322830,4302.429,4302.479,0.0,0,1788322830343,134,0.0
1788322830,4302.648,4302.698,0.0,0,1788322830393,134,0.0
1788322830,4302.594,4302.644,0.0,0,1788322830638,134,0.0
1788322831,4302.571,4302.621,0.0,0,1788322831927,134,0.0
1788322832,4302.531,4302.581,0.0,0,1788322832972,134,0.0
1788322833,4302.195,4302.245,0.0,0,1788322833302,134,0.0
1788322833,4302.121,4302.171,0.0,0,1788322833315,134,0.0
1788322833,4302.068,4302.118,0.0,0,1788322833396,134,0.0
1788322833,4302.281,4302.331,0.0,0,1788322833410,134,0.0
1788322833,4302.214,4302.264,0.0,0,1788322833415,134,0.0
1788322833,4302.146,4302.196,0.0,0,1788322833429,134,0.0
1788322833,4302.077,4302.127,0.0,0,1788322833435,134,0.0
1788322833,4302.14,4302.19,0.0,0,1788322833454,134,0.0
1788322833,4302.088,4302.138,0.0,0,1788322833564,134,0.0
1788322833,4302.03,4302.08,0.0,0,1788322833656,134,0.0
1788322833,4301.97,4302.02,0.0,0,1788322833672,134,0.0
1788322833,4301.917,4301.967,0.0,0,1788322833770,134,0.0
1788322833,4301.85,4301.9,0.0,0,1788322833995,134,0.0
1788322834,4301.523,4301.573,0.0,0,1788322834055,134,0.0
1788322835,4301.858,4301.908,0.0,0,1788322835625,134,0.0
1788322837,4301.852,4301.902,0.0,0,1788322837289,134,0.0
1788322837,4301.759,4301.809,0.0,0,1788322837506,134,0.0
1788322837,4301.686,4301.736,0.0,0,1788322837607,134,0.0
1788322837,4301.61,4301.66,0.0,0,1788322837614,134,0.0
1788322837,4301.502,4301.552,0.0,0,1788322837627,134,0.0
1788322837,4301.567,4301.617,0.0,0,1788322837634,134,0.0
1788322837,4301.642,4301.692,0.0,0,1788322837652,134,0.0
1788322837,4301.694,4301.744,0.0,0,1788322837694,134,0.0
1788322837,4301.637,4301.687,0.0,0,1788322837750,134,0.0
1788322837,4301.307,4301.357,0.0,0,1788322837795,134,0.0
1788322838,4301.375,4301.425,0.0,0,1788322838057,134,0.0
1788322838,4301.493,4301.543,0.0,0,1788322838080,134,0.0
1788322839,4301.877,4301.927,0.0,0,1788322839451,134,0.0
1788322839,4301.781,4301.831,0.0,0,1788322839645,134,0.0
1788322839,4301.815,4301.865,0.0,0,1788322839648,134,0.0
1788322839,4301.942,4301.992,0.0,0,1788322839651,134,0.0
1788322839,4302.157,4302.207,0.0,0,1788322839659,134,0.0
1788322839,4302.216,4302.266,0.0,0,1788322839679,134,0.0
1788322839,4302.307,4302.357,0.0,0,1788322839694,134,0.0
1788322839,4302.186,4302.236,0.0,0,1788322839719,134,0.0
1788322839,4302.516,4302.566,0.0,0,1788322839781,134,0.0
1788322839,4302.571,4302.621,0.0,0,1788322839820,134,0.0
1788322839,4302.495,4302.545,0.0,0,1788322839836,134,0.0
1788322839,4302.44,4302.49,0.0,0,1788322839848,134,0.0
1788322839,4302.292,4302.342,0.0,0,1788322839861,134,0.0
1788322839,4302.349,4302.399,0.0,0,1788322839902,134,0.0
1788322840,4302.403,4302.453,0.0,0,1788322840050,134,0.0
1788322840,4302.46,4302.51,0.0,0,1788322840394,134,0.0
1788322840,4302.532,4302.582,0.0,0,1788322840399,134,0.0
1788322840,4302.586,4302.636,0.0,0,1788322840406,134,0.0
1788322840,4302.639,4302.689,0.0,0,1788322840426,134,0.0
1788322840,4302.29,4302.34,0.0,0,1788322840445,134,0.0
1788322840,4302.509,4302.559,0.0,0,1788322840507,134,0.0
1788322840,4302.293,4302.343,0.0,0,1788322840527,134,0.0
1788322841,4302.348,4302.398,0.0,0,1788322841486,134,0.0
1788322841,4302.414,4302.464,0.0,0,1788322841947,134,0.0
1788322841,4302.478,4302.528,0.0,0,1788322841953,134,0.0
1788322841,4302.545,4302.595,0.0,0,1788322841956,134,0.0
1788322841,4302.609,4302.659,0.0,0,1788322841960,134,0.0
1788322841,4302.676,4302.726,0.0,0,1788322841981,134,0.0
1788322841,4302.783,4302.833,0.0,0,1788322841999,134,0.0
1788322842,4302.85,4302.9,0.0,0,1788322842182,134,0.0
1788322842,4302.773,4302.823,0.0,0,1788322842443,134,0.0
1788322842,4302.938,4302.988,0.0,0,1788322842454,134,0.0
1788322842,4302.764,4302.814,0.0,0,1788322842474,134,0.0
1788322843,4302.566,4302.616,0.0,0,1788322843522,134,0.0
1788322844,4302.549,4302.599,0.0,0,1788322844535,134,0.0
1788322844,4302.413,4302.463,0.0,0,1788322844769,134,0.0
1788322844,4302.343,4302.393,0.0,0,1788322844922,134,0.0
1788322845,4302.359,4302.409,0.0,0,1788322845978,134,0.0
1788322847,4302.386,4302.436,0.0,0,1788322847037,134,0.0
1788322847,4302.333,4302.383,0.0,0,1788322847108,134,0.0
1788322847,4302.595,4302.645,0.0,0,1788322847989,134,0.0
1788322848,4302.521,4302.571,0.0,0,1788322848063,134,0.0
1788322848,4302.583,4302.633,0.0,0,1788322848082,134,0.0
1788322848,4302.645,4302.695,0.0,0,1788322848089,134,0.0
1788322849,4302.655,4302.705,0.0,0,1788322849231,134,0.0
1788322849,4302.569,4302.619,0.0,0,1788322849271,134,0.0
1788322849,4302.638,4302.688,0.0,0,1788322849839,134,0.0
1788322849,4302.691,4302.741,0.0,0,1788322849841,134,0.0
1788322849,4302.782,4302.832,0.0,0,1788322849850,134,0.0
1788322849,4302.847,4302.897,0.0,0,1788322849872,134,0.0
1788322850,4302.829,4302.879,0.0,0,1788322850846,134,0.0
1788322850,4302.703,4302.753,0.0,0,1788322850885,134,0.0
1788322851,4302.553,4302.603,0.0,0,1788322851191,134,0.0
1788322851,4302.499,4302.549,0.0,0,1788322851204,134,0.0
1788322851,4302.44,4302.49,0.0,0,1788322851212,134,0.0
1788322851,4302.356,4302.406,0.0,0,1788322851231,134,0.0
1788322852,4302.338,4302.388,0.0,0,1788322852238,134,0.0
1788322852,4302.391,4302.441,0.0,0,1788322852249,134,0.0
1788322852,4302.473,4302.523,0.0,0,1788322852257,134,0.0
1788322852,4302.594,4302.644,0.0,0,1788322852275,134,0.0
1788322852,4302.664,4302.714,0.0,0,1788322852297,134,0.0
1788322853,4302.658,4302.708,0.0,0,1788322853508,134,0.0
1788322854,4302.631,4302.681,0.0,0,1788322854523,134,0.0
1788322855,4302.657,4302.707,0.0,0,1788322855796,134,0.0
1788322856,4302.985,4303.035,0.0,0,1788322856178,134,0.0
1788322856,4303.046,4303.096,0.0,0,1788322856189,134,0.0
1788322856,4303.102,4303.152,0.0,0,1788322856191,134,0.0
1788322856,4303.167,4303.217,0.0,0,1788322856196,134,0.0
1788322856,4303.241,4303.291,0.0,0,1788322856199,134,0.0
1788322856,4303.312,4303.362,0.0,0,1788322856215,134,0.0
1788322857,4303.074,4303.124,0.0,0,1788322857326,134,0.0
1788322857,4303.006,4303.056,0.0,0,1788322857343,134,0.0
1788322858,4303.0,4303.05,0.0,0,1788322858541,134,0.0
1788322859,4302.935,4302.985,0.0,0,1788322859073,134,0.0
1788322860,4303.007,4303.057,0.0,0,1788322860183,134,0.0
1788322860,4303.228,4303.278,0.0,0,1788322860600,134,0.0
1788322860,4303.128,4303.178,0.0,0,1788322860606,134,0.0
1788322861,4303.006,4303.056,0.0,0,1788322861093,134,0.0
1788322861,4302.895,4302.945,0.0,0,1788322861564,134,0.0
1788322863,4302.922,4302.972,0.0,0,1788322863221,134,0.0
1788322864,4303.121,4303.171,0.0,0,1788322864305,134,0.0
1788322864,4302.978,4303.028,0.0,0,1788322864548,134,0.0
1788322864,4302.923,4302.973,0.0,0,1788322864741,134,0.0
1788322864,4302.802,4302.852,0.0,0,1788322864750,134,0.0
1788322864,4302.671,4302.721,0.0,0,1788322864762,134,0.0
1788322864,4302.559,4302.609,0.0,0,1788322864783,134,0.0
1788322864,4302.623,4302.673,0.0,0,1788322864803,134,0.0
1788322865,4302.902,4302.952,0.0,0,1788322865914,134,0.0
1788322866,4302.966,4303.016,0.0,0,1788322866840,134,0.0
1788322866,4303.021,4303.071,0.0,0,1788322866997,134,0.0
1788322867,4303.155,4303.205,0.0,0,1788322867021,134,0.0
1788322867,4303.079,4303.129,0.0,0,1788322867094,134,0.0
1788322867,4302.705,4302.755,0.0,0,1788322867414,134,0.0
1788322868,4302.897,4302.947,0.0,0,1788322868965,134,0.0
1788322870,4302.949,4302.999,0.0,0,1788322870258,134,0.0
1788322871,4302.73,4302.78,0.0,0,1788322871226,134,0.0
1788322872,4302.728,4302.778,0.0,0,1788322872397,134,0.0
1788322873,4302.845,4302.895,0.0,0,1788322873438,134,0.0
1788322874,4302.814,4302.864,0.0,0,1788322874866,134,0.0
1788322876,4302.832,4302.882,0.0,0,1788322876070,134,0.0
1788322877,4303.127,4303.177,0.0,0,1788322877193,134,0.0
1788322877,4303.193,4303.243,0.0,0,1788322877208,134,0.0
1788322877,4303.249,4303.299,0.0,0,1788322877213,134,0.0
1788322877,4303.301,4303.351,0.0,0,1788322877233,134,0.0
1788322877,4303.356,4303.406,0.0,0,1788322877334,134,0.0
1788322877,4303.412,4303.462,0.0,0,1788322877339,134,0.0
1788322877,4303.489,4303.539,0.0,0,1788322877354,134,0.0
1788322879,4303.236,4303.286,0.0,0,1788322879167,134,0.0
1788322880,4303.512,4303.562,0.0,0,1788322880666,134,0.0
1788322881,4303.458,4303.508,0.0,0,1788322881450,134,0.0
1788322881,4303.403,4303.453,0.0,0,1788322881509,134,0.0
1788322881,4303.191,4303.241,0.0,0,1788322881860,134,0.0
1788322882,4303.141,4303.191,0.0,0,1788322882041,134,0.0
1788322882,4302.962,4303.012,0.0,0,1788322882123,134,0.0
1788322882,4302.911,4302.961,0.0,0,1788322882189,134,0.0
1788322883,4303.149,4303.199,0.0,0,1788322883393,134,0.0
1788322884,4303.129,4303.179,0.0,0,1788322884608,134,0.0
1788322884,4303.054,4303.104,0.0,0,1788322884647,134,0.0
1788322884,4303.105,4303.155,0.0,0,1788322884764,134,0.0
1788322885,4303.051,4303.101,0.0,0,1788322885053,134,0.0
1788322885,4303.133,4303.183,0.0,0,1788322885212,134,0.0
1788322885,4303.067,4303.117,0.0,0,1788322885236,134,0.0
1788322885,4303.01,4303.06,0.0,0,1788322885252,134,0.0
1788322885,4303.067,4303.117,0.0,0,1788322885992,134,0.0
1788322886,4303.013,4303.063,0.0,0,1788322886429,134,0.0
1788322886,4303.068,4303.118,0.0,0,1788322886455,134,0.0
1788322886,4303.127,4303.177,0.0,0,1788322886464,134,0.0
1788322886,4303.06,4303.11,0.0,0,1788322886544,134,0.0
1788322887,4303.008,4303.058,0.0,0,1788322887110,134,0.0
1788322887,4302.941,4302.991,0.0,0,1788322887240,134,0.0
1788322887,4302.883,4302.933,0.0,0,1788322887476,134,0.0
1788322887,4302.939,4302.989,0.0,0,1788322887602,134,0.0
1788322887,4303.005,4303.055,0.0,0,1788322887611,134,0.0
1788322887,4303.129,4303.179,0.0,0,1788322887631,134,0.0
1788322887,4303.181,4303.231,0.0,0,1788322887644,134,0.0
1788322887,4303.259,4303.309,0.0,0,1788322887652,134,0.0
1788322887,4303.312,4303.362,0.0,0,1788322887681,134,0.0
1788322887,4303.259,4303.309,0.0,0,1788322887796,134,0.0
1788322887,4303.176,4303.226,0.0,0,1788322887960,134,0.0
1788322888,4303.057,4303.107,0.0,0,1788322888032,134,0.0
1788322889,4303.071,4303.121,0.0,0,1788322889235,134,0.0
1788322889,4303.196,4303.246,0.0,0,1788322889702,134,0.0
1788322891,4303.062,4303.112,0.0,0,1788322891259,134,0.0
1788322891,4302.929,4302.979,0.0,0,1788322891293,134,0.0
1788322891,4302.872,4302.922,0.0,0,1788322891298,134,0.0
1788322891,4302.745,4302.795,0.0,0,1788322891300,134,0.0
1788322891,4302.58,4302.63,0.0,0,1788322891319,134,0.0
1788322892,4302.846,4302.896,0.0,0,1788322892642,134,0.0
1788322894,4302.745,4302.795,0.0,0,1788322894160,134,0.0
1788322895,4302.594,4302.644,0.0,0,1788322895473,134,0.0
1788322896,4302.859,4302.909,0.0,0,1788322896688,134,0.0
1788322896,4302.802,4302.852,0.0,0,1788322896815,134,0.0
1788322896,4302.747,4302.797,0.0,0,1788322896835,134,0.0
1788322897,4302.679,4302.729,0.0,0,1788322897739,134,0.0
1788322897,4302.617,4302.667,0.0,0,1788322897866,134,0.0
1788322897,4302.565,4302.615,0.0,0,1788322897886,134,0.0
1788322898,4302.365,4302.415,0.0,0,1788322898083,134,0.0
1788322899,4302.597,4302.647,0.0,0,1788322899103,134,0.0
1788322900,4302.589,4302.639,0.0,0,1788322900109,134,0.0
1788322900,4302.536,4302.586,0.0,0,1788322900163,134,0.0
1788322901,4302.292,4302.342,0.0,0,1788322901356,134,0.0
1788322901,4302.358,4302.408,0.0,0,1788322901840,134,0.0
1788322901,4302.292,4302.342,0.0,0,1788322901985,134,0.0
1788322903,4302.57,4302.62,0.0,0,1788322903218,134,0.0
1788322903,4302.649,4302.699,0.0,0,1788322903243,134,0.0
1788322903,4302.767,4302.817,0.0,0,1788322903250,134,0.0
1788322904,4302.532,4302.582,0.0,0,1788322904258,134,0.0
1788322904,4302.379,4302.429,0.0,0,1788322904575,134,0.0
1788322905,4302.325,4302.375,0.0,0,1788322905086,134,0.0
1788322905,4302.379,4302.429,0.0,0,1788322905229,134,0.0
1788322905,4302.325,4302.375,0.0,0,1788322905405,134,0.0
1788322905,4302.465,4302.515,0.0,0,1788322905902,134,0.0
1788322907,4302.487,4302.537,0.0,0,1788322907656,134,0.0
1788322909,4302.256,4302.306,0.0,0,1788322909337,134,0.0
1788322909,4302.106,4302.156,0.0,0,1788322909371,134,0.0
1788322909,4302.043,4302.093,0.0,0,1788322909531,134,0.0
1788322911,4302.279,4302.329,0.0,0,1788322911161,134,0.0
1788322912,4302.337,4302.387,0.0,0,1788322912095,134,0.0
1788322912,4302.392,4302.442,0.0,0,1788322912157,134,0.0
1788322912,4302.454,4302.504,0.0,0,1788322912165,134,0.0
1788322912,4302.582,4302.632,0.0,0,1788322912186,134,0.0
1788322912,4302.461,4302.511,0.0,0,1788322912242,134,0.0
1788322912,4302.4,4302.45,0.0,0,1788322912442,134,0.0
1788322912,4302.307,4302.357,0.0,0,1788322912463,134,0.0
1788322913,4302.375,4302.425,0.0,0,1788322913051,134,0.0
1788322913,4302.319,4302.369,0.0,0,1788322913602,134,0.0
1788322913,4302.25,4302.3,0.0,0,1788322913845,134,0.0
1788322914,4302.43,4302.48,0.0,0,1788322914772,134,0.0
1788322915,4302.454,4302.504,0.0,0,1788322915783,134,0.0
1788322915,4302.375,4302.425,0.0,0,1788322915908,134,0.0
1788322916,4302.452,4302.502,0.0,0,1788322916460,134,0.0
1788322916,4302.556,4302.606,0.0,0,1788322916465,134,0.0
1788322916,4302.653,4302.703,0.0,0,1788322916471,134,0.0
1788322916,4302.705,4302.755,0.0,0,1788322916484,134,0.0
1788322916,4302.785,4302.835,0.0,0,1788322916489,134,0.0
1788322916,4302.84,4302.89,0.0,0,1788322916506,134,0.0
1788322916,4302.901,4302.951,0.0,0,1788322916541,134,0.0
1788322917,4302.682,4302.732,0.0,0,1788322917003,134,0.0
1788322917,4302.735,4302.785,0.0,0,1788322917332,134,0.0
1788322917,4302.788,4302.838,0.0,0,1788322917343,134,0.0
1788322917,4302.84,4302.89,0.0,0,1788322917355,134,0.0
1788322917,4302.772,4302.822,0.0,0,1788322917387,134,0.0
1788322917,4302.715,4302.765,0.0,0,1788322917808,134,0.0
1788322917,4302.774,4302.824,0.0,0,1788322917817,134,0.0
1788322917,4302.83,4302.88,0.0,0,1788322917819,134,0.0
1788322917,4302.773,4302.823,0.0,0,1788322917861,134,0.0
1788322918,4302.721,4302.771,0.0,0,1788322918809,134,0.0
1788322918,4302.647,4302.697,0.0,0,1788322918819,134,0.0
1788322918,4302.528,4302.578,0.0,0,1788322918870,134,0.0
1788322918,4302.66,4302.71,0.0,0,1788322918920,134,0.0
1788322918,4302.716,4302.766,0.0,0,1788322918960,134,0.0
1788322919,4302.772,4302.822,0.0,0,1788322919031,134,0.0
1788322919,4302.833,4302.883,0.0,0,1788322919211,134,0.0
1788322919,4302.892,4302.942,0.0,0,1788322919217,134,0.0
1788322919,4302.947,4302.997,0.0,0,1788322919260,134,0.0
1788322919,4302.894,4302.944,0.0,0,1788322919325,134,0.0
1788322919,4302.839,4302.889,0.0,0,1788322919388,134,0.0
1788322920,4302.892,4302.942,0.0,0,1788322920243,134,0.0
1788322920,4302.953,4303.003,0.0,0,1788322920262,134,0.0
1788322920,4302.893,4302.943,0.0,0,1788322920324,134,0.0
1788322920,4302.945,4302.995,0.0,0,1788322920534,134,0.0
1788322920,4303.006,4303.056,0.0,0,1788322920690,134,0.0
1788322920,4303.067,4303.117,0.0,0,1788322920703,134,0.0
1788322920,4303.13,4303.18,0.0,0,1788322920772,134,0.0
1788322920,4303.07,4303.12,0.0,0,1788322920840,134,0.0
1788322921,4303.122,4303.172,0.0,0,1788322921097,134,0.0
1788322921,4303.244,4303.294,0.0,0,1788322921692,134,0.0
1788322921,4303.027,4303.077,0.0,0,1788322921765,134,0.0
1788322922,4302.843,4302.893,0.0,0,1788322922479,134,0.0
1788322922,4302.788,4302.838,0.0,0,1788322922558,134,0.0
1788322923,4302.769,4302.819,0.0,0,1788322923603,134,0.0
1788322924,4302.987,4303.037,0.0,0,1788322924154,134,0.0
1788322924,4302.935,4302.985,0.0,0,1788322924166,134,0.0
1788322924,4302.999,4303.049,0.0,0,1788322924329,134,0.0
1788322924,4303.055,4303.105,0.0,0,1788322924341,134,0.0
1788322924,4303.2,4303.25,0.0,0,1788322924345,134,0.0
1788322925,4303.052,4303.102,0.0,0,1788322925073,134,0.0
1788322925,4302.999,4303.049,0.0,0,1788322925127,134,0.0
1788322926,4302.772,4302.822,0.0,0,1788322926452,134,0.0
1788322926,4302.716,4302.766,0.0,0,1788322926652,134,0.0
1788322927,4302.982,4303.032,0.0,0,1788322927673,134,0.0
1788322927,4303.034,4303.084,0.0,0,1788322927685,134,0.0
1788322927,4303.163,4303.213,0.0,0,1788322927696,134,0.0
1788322928,4303.041,4303.091,0.0,0,1788322928072,134,0.0
1788322929,4302.759,4302.809,0.0,0,1788322929820,134,0.0
1788322931,4303.037,4303.087,0.0,0,1788322931151,134,0.0
1788322931,4303.184,4303.234,0.0,0,1788322931179,134,0.0
1788322931,4303.244,4303.294,0.0,0,1788322931365,134,0.0
1788322931,4303.319,4303.369,0.0,0,1788322931368,134,0.0
1788322931,4303.379,4303.429,0.0,0,1788322931388,134,0.0
1788322931,4303.467,4303.517,0.0,0,1788322931401,134,0.0
1788322931,4303.212,4303.262,0.0,0,1788322931503,134,0.0
1788322931,4303.065,4303.115,0.0,0,1788322931662,134,0.0
1788322931,4303.167,4303.217,0.0,0,1788322931719,134,0.0
1788322932,4303.322,4303.372,0.0,0,1788322932071,134,0.0
1788322932,4303.421,4303.471,0.0,0,1788322932072,134,0.0
1788322932,4303.488,4303.538,0.0,0,1788322932075,134,0.0
1788322932,4303.543,4303.593,0.0,0,1788322932077,134,0.0
1788322932,4303.608,4303.658,0.0,0,1788322932079,134,0.0
1788322932,4303.779,4303.829,0.0,0,1788322932090,134,0.0
1788322932,4303.681,4303.731,0.0,0,1788322932098,134,0.0
1788322932,4303.858,4303.908,0.0,0,1788322932110,134,0.0
1788322932,4303.756,4303.806,0.0,0,1788322932171,134,0.0
1788322932,4303.621,4303.671,0.0,0,1788322932190,134,0.0
1788322932,4303.548,4303.598,0.0,0,1788322932212,134,0.0
1788322932,4303.881,4303.931,0.0,0,1788322932491,134,0.0
1788322933,4303.604,4303.654,0.0,0,1788322933644,134,0.0
1788322933,4303.671,4303.721,0.0,0,1788322933767,134,0.0
1788322933,4303.73,4303.78,0.0,0,1788322933788,134,0.0
1788322933,4303.676,4303.726,0.0,0,1788322933864,134,0.0
1788322933,4303.62,4303.67,0.0,0,1788322933930,134,0.0
1788322934,4303.673,4303.723,0.0,0,1788322934822,134,0.0
1788322934,4303.729,4303.779,0.0,0,1788322934838,134,0.0
1788322935,4303.659,4303.709,0.0,0,1788322935145,134,0.0
1788322935,4303.721,4303.771,0.0,0,1788322935205,134,0.0
1788322936,4303.678,4303.728,0.0,0,1788322936206,134,0.0
1788322936,4303.623,4303.673,0.0,0,1788322936267,134,0.0
1788322937,4303.648,4303.698,0.0,0,1788322937796,134,0.0
1788322937,4303.74,4303.79,0.0,0,1788322937809,134,0.0
1788322937,4303.705,4303.755,0.0,0,1788322937815,134,0.0
1788322937,4303.636,4303.686,0.0,0,1788322937818,134,0.0
1788322937,4303.571,4303.621,0.0,0,1788322937837,134,0.0
1788322938,4303.634,4303.684,0.0,0,1788322938734,134,0.0
1788322938,4303.729,4303.779,0.0,0,1788322938745,134,0.0
1788322938,4303.602,4303.652,0.0,0,1788322938857,134,0.0
1788322938,4303.488,4303.538,0.0,0,1788322938889,134,0.0
1788322939,4303.562,4303.612,0.0,0,1788322939928,134,0.0
1788322940,4303.625,4303.675,0.0,0,1788322940009,134,0.0
1788322940,4303.681,4303.731,0.0,0,1788322940848,134,0.0
1788322941,4303.534,4303.584,0.0,0,1788322941821,134,0.0
1788322941,4303.588,4303.638,0.0,0,1788322941842,134,0.0
1788322942,4303.53,4303.58,0.0,0,1788322942187,134,0.0
1788322942,4303.412,4303.462,0.0,0,1788322942210,134,0.0
1788322943,4303.368,4303.418,0.0,0,1788322943329,134,0.0
1788322944,4303.647,4303.697,0.0,0,1788322944565,134,0.0
1788322945,4303.669,4303.719,0.0,0,1788322945568,134,0.0
1788322946,4303.674,4303.724,0.0,0,1788322946655,134,0.0
1788322946,4303.785,4303.835,0.0,0,1788322946658,134,0.0
1788322946,4303.591,4303.641,0.0,0,1788322946660,134,0.0
1788322946,4303.666,4303.716,0.0,0,1788322946664,134,0.0
1788322946,4303.736,4303.786,0.0,0,1788322946668,134,0.0
1788322946,4303.788,4303.838,0.0,0,1788322946670,134,0.0
1788322946,4303.849,4303.899,0.0,0,1788322946673,134,0.0
1788322946,4303.907,4303.957,0.0,0,1788322946677,134,0.0
1788322946,4303.996,4304.046,0.0,0,1788322946682,134,0.0
1788322946,4304.2,4304.25,0.0,0,1788322946696,134,0.0
1788322946,4304.529,4304.579,0.0,0,1788322946849,134,0.0
1788322946,4304.587,4304.637,0.0,0,1788322946857,134,0.0
1788322946,4304.647,4304.697,0.0,0,1788322946877,134,0.0
1788322946,4304.433,4304.483,0.0,0,1788322946897,134,0.0
1788322947,4304.766,4304.816,0.0,0,1788322947051,134,0.0
1788322947,4304.822,4304.872,0.0,0,1788322947445,134,0.0
1788322948,4304.562,4304.612,0.0,0,1788322948718,134,0.0
1788322950,4304.553,4304.603,0.0,0,1788322950297,134,0.0
1788322950,4304.631,4304.681,0.0,0,1788322950352,134,0.0
1788322950,4304.69,4304.74,0.0,0,1788322950361,134,0.0
1788322950,4304.813,4304.863,0.0,0,1788322950378,134,0.0
1788322950,4304.746,4304.796,0.0,0,1788322950415,134,0.0
1788322950,4304.674,4304.724,0.0,0,1788322950420,134,0.0
1788322950,4304.614,4304.664,0.0,0,1788322950426,134,0.0
1788322950,4304.552,4304.602,0.0,0,1788322950439,134,0.0
1788322950,4304.617,4304.667,0.0,0,1788322950454,134,0.0
1788322950,4304.677,4304.727,0.0,0,1788322950479,134,0.0
1788322950,4304.756,4304.806,0.0,0,1788322950540,134,0.0
1788322950,4304.685,4304.735,0.0,0,1788322950654,134,0.0
1788322950,4304.742,4304.792,0.0,0,1788322950724,134,0.0
1788322950,4304.962,4305.012,0.0,0,1788322950823,134,0.0
1788322950,4304.907,4304.957,0.0,0,1788322950875,134,0.0
1788322950,4304.692,4304.742,0.0,0,1788322950936,134,0.0
1788322951,4304.862,4304.912,0.0,0,1788322951325,134,0.0
1788322952,4304.648,4304.698,0.0,0,1788322952687,134,0.0
1788322953,4304.566,4304.616,0.0,0,1788322953654,134,0.0
1788322953,4304.464,4304.514,0.0,0,1788322953708,134,0.0
1788322954,4304.474,4304.524,0.0,0,1788322954726,134,0.0
1788322954,4304.419,4304.469,0.0,0,1788322954809,134,0.0
1788322954,4304.35,4304.4,0.0,0,1788322954821,134,0.0
1788322954,4304.288,4304.338,0.0,0,1788322954840,134,0.0
1788322954,4304.508,4304.558,0.0,0,1788322954867,134,0.0
1788322954,4304.446,4304.496,0.0,0,1788322954914,134,0.0
1788322956,4304.239,4304.289,0.0,0,1788322956007,134,0.0
1788322956,4304.109,4304.159,0.0,0,1788322956913,134,0.0
1788322957,4304.055,4304.105,0.0,0,1788322957178,134,0.0
1788322957,4303.972,4304.022,0.0,0,1788322957186,134,0.0
1788322957,4304.042,4304.092,0.0,0,1788322957308,134,0.0
1788322958,4304.029,4304.079,0.0,0,1788322958412,134,0.0
1788322958,4304.103,4304.153,0.0,0,1788322958548,134,0.0
1788322958,4304.032,4304.082,0.0,0,1788322958592,134,0.0
1788322959,4303.995,4304.045,0.0,0,1788322959495,134,0.0
1788322960,4303.987,4304.037,0.0,0,1788322960814,134,0.0
1788322960,4304.04,4304.09,0.0,0,1788322960832,134,0.0
1788322960,4304.108,4304.158,0.0,0,1788322960957,134,0.0
1788322960,4304.163,4304.213,0.0,0,1788322960975,134,0.0
1788322960,4304.221,4304.271,0.0,0,1788322960978,134,0.0
1788322961,4303.97,4304.02,0.0,0,1788322961097,134,0.0
1788322962,4303.899,4303.949,0.0,0,1788322962253,134,0.0
1788322962,4303.972,4304.022,0.0,0,1788322962340,134,0.0
1788322963,4304.363,4304.413,0.0,0,1788322963011,134,0.0
1788322963,4304.242,4304.292,0.0,0,1788322963088,134,0.0
1788322963,4304.19,4304.24,0.0,0,1788322963122,134,0.0
1788322964,4304.328,4304.378,0.0,0,1788322964045,134,0.0
1788322966,4304.047,4304.097,0.0,0,1788322966020,134,0.0
1788322967,4304.098,4304.148,0.0,0,1788322967228,134,0.0
1788322968,4304.268,4304.318,0.0,0,1788322968734,134,0.0
1788322970,4304.042,4304.092,0.0,0,1788322970441,134,0.0
1788322970,4304.127,4304.177,0.0,0,1788322970462,134,0.0
1788322971,4304.073,4304.123,0.0,0,1788322971090,134,0.0
1788322971,4303.947,4303.997,0.0,0,1788322971098,134,0.0
1788322971,4303.879,4303.929,0.0,0,1788322971104,134,0.0
1788322971,4303.795,4303.845,0.0,0,1788322971119,134,0.0
1788322971,4303.742,4303.792,0.0,0,1788322971157,134,0.0
1788322972,4304.069,4304.119,0.0,0,1788322972014,134,0.0
1788322972,4304.132,4304.182,0.0,0,1788322972022,134,0.0
1788322972,4304.079,4304.129,0.0,0,1788322972125,134,0.0
1788322973,4304.066,4304.116,0.0,0,1788322973837,134,0.0
1788322973,4303.997,4304.047,0.0,0,1788322973974,134,0.0
1788322973,4303.945,4303.995,0.0,0,1788322973975,134,0.0
1788322973,4303.889,4303.939,0.0,0,1788322973983,134,0.0
1788322973,4303.754,4303.804,0.0,0,1788322973989,134,0.0
1788322973,4303.701,4303.751,0.0,0,1788322973999,134,0.0
1788322974,4303.615,4303.665,0.0,0,1788322974030,134,0.0
1788322974,4303.272,4303.322,0.0,0,1788322974396,134,0.0
1788322974,4303.194,4303.244,0.0,0,1788322974404,134,0.0
1788322975,4303.534,4303.584,0.0,0,1788322975350,134,0.0
1788322975,4303.607,4303.657,0.0,0,1788322975360,134,0.0
1788322975,4303.663,4303.713,0.0,0,1788322975413,134,0.0
1788322976,4303.665,4303.715,0.0,0,1788322976661,134,0.0
1788322977,4303.489,4303.539,0.0,0,1788322977241,134,0.0
1788322978,4303.53,4303.58,0.0,0,1788322978154,134,0.0
1788322978,4303.475,4303.525,0.0,0,1788322978302,134,0.0
1788322978,4303.418,4303.468,0.0,0,1788322978377,134,0.0
1788322978,4303.329,4303.379,0.0,0,1788322978403,134,0.0
1788322978,4303.403,4303.453,0.0,0,1788322978423,134,0.0
1788322978,4303.478,4303.528,0.0,0,1788322978443,134,0.0
1788322978,4303.425,4303.475,0.0,0,1788322978550,134,0.0
1788322978,4303.371,4303.421,0.0,0,1788322978646,134,0.0
1788322979,4303.225,4303.275,0.0,0,1788322979503,134,0.0
1788322979,4303.125,4303.175,0.0,0,1788322979965,134,0.0
1788322980,4303.018,4303.068,0.0,0,1788322980313,134,0.0
1788322981,4303.263,4303.313,0.0,0,1788322981388,134,0.0
1788322982,4303.264,4303.314,0.0,0,1788322982479,134,0.0
1788322982,4302.937,4302.987,0.0,0,1788322982845,134,0.0
1788322982,4302.996,4303.046,0.0,0,1788322982868,134,0.0
1788322982,4303.049,4303.099,0.0,0,1788322982906,134,0.0
1788322983,4303.301,4303.351,0.0,0,1788322983574,134,0.0
1788322984,4303.221,4303.271,0.0,0,1788322984063,134,0.0
1788322984,4303.165,4303.215,0.0,0,1788322984076,134,0.0
1788322984,4303.328,4303.378,0.0,0,1788322984626,134,0.0
1788322986,4303.075,4303.125,0.0,0,1788322986116,134,0.0
1788322986,4303.018,4303.068,0.0,0,1788322986120,134,0.0
1788322986,4302.935,4302.985,0.0,0,1788322986152,134,0.0
1788322986,4302.995,4303.045,0.0,0,1788322986253,134,0.0
1788322986,4303.132,4303.182,0.0,0,1788322986273,134,0.0
1788322986,4303.341,4303.391,0.0,0,1788322986994,134,0.0
1788322987,4303.241,4303.291,0.0,0,1788322987068,134,0.0
1788322987,4303.303,4303.353,0.0,0,1788322987079,134,0.0
1788322987,4303.359,4303.409,0.0,0,1788322987090,134,0.0
1788322987,4303.628,4303.678,0.0,0,1788322987277,134,0.0
1788322987,4303.753,4303.803,0.0,0,1788322987720,134,0.0
1788322987,4303.84,4303.89,0.0,0,1788322987904,134,0.0
1788322988,4303.788,4303.838,0.0,0,1788322988002,134,0.0
1788322988,4303.705,4303.755,0.0,0,1788322988027,134,0.0
1788322988,4303.573,4303.623,0.0,0,1788322988060,134,0.0
1788322988,4303.44,4303.49,0.0,0,1788322988330,134,0.0
1788322989,4303.725,4303.775,0.0,0,1788322989819,134,0.0
1788322989,4303.777,4303.827,0.0,0,1788322989845,134,0.0
1788322990,4303.829,4303.879,0.0,0,1788322990109,134,0.0
1788322990,4303.492,4303.542,0.0,0,1788322990966,134,0.0
1788322990,4303.612,4303.662,0.0,0,1788322990980,134,0.0
1788322990,4303.475,4303.525,0.0,0,1788322990984,134,0.0
1788322991,4303.19,4303.24,0.0,0,1788322991146,134,0.0
1788322991,4303.244,4303.294,0.0,0,1788322991245,134,0.0
1788322992,4303.192,4303.242,0.0,0,1788322992015,134,0.0
1788322992,4303.118,4303.168,0.0,0,1788322992035,134,0.0
1788322992,4303.463,4303.513,0.0,0,1788322992445,134,0.0
1788322992,4303.411,4303.461,0.0,0,1788322992662,134,0.0
1788322992,4303.463,4303.513,0.0,0,1788322992695,134,0.0
1788322992,4303.601,4303.651,0.0,0,1788322992704,134,0.0
1788322993,4303.613,4303.663,0.0,0,1788322993770,134,0.0
1788322994,4303.223,4303.273,0.0,0,1788322994479,134,0.0
1788322995,4303.512,4303.562,0.0,0,1788322995742,134,0.0
1788322995,4303.672,4303.722,0.0,0,1788322995764,134,0.0
1788322996,4303.617,4303.667,0.0,0,1788322996528,134,0.0
1788322997,4303.348,4303.398,0.0,0,1788322997882,134,0.0
1788322999,4303.538,4303.588,0.0,0,1788322999130,134,0.0
1788322999,4303.483,4303.533,0.0,0,1788322999773,134,0.0
1788322999,4303.426,4303.476,0.0,0,1788322999790,134,0.0
1788322999,4303.369,4303.419,0.0,0,1788322999793,134,0.0
1788322999,4303.314,4303.364,0.0,0,1788322999814,134,0.0
1788322999,4303.261,4303.311,0.0,0,1788322999858,134,0.0
1788323001,4303.292,4303.342,0.0,0,1788323001112,134,0.0
1788323001,4303.347,4303.397,0.0,0,1788323001123,134,0.0
1788323001,4303.408,4303.458,0.0,0,1788323001139,134,0.0
1788323001,4303.345,4303.395,0.0,0,1788323001179,134,0.0
1788323001,4303.397,4303.447,0.0,0,1788323001244,134,0.0
1788323002,4303.416,4303.466,0.0,0,1788323002658,134,0.0
1788323003,4303.363,4303.413,0.0,0,1788323003739,134,0.0
1788323003,4303.226,4303.276,0.0,0,1788323003977,134,0.0
1788323003,4303.069,4303.119,0.0,0,1788323003990,134,0.0
1788323005,4303.36,4303.41,0.0,0,1788323005575,134,0.0
1788323007,4303.064,4303.114,0.0,0,1788323007825,134,0.0
1788323008,4303.086,4303.136,0.0,0,1788323008886,134,0.0
1788323008,4303.207,4303.257,0.0,0,1788323008899,134,0.0
1788323008,4303.27,4303.32,0.0,0,1788323008904,134,0.0
1788323011,4303.252,4303.302,0.0,0,1788323011776,134,0.0
1788323011,4303.317,4303.367,0.0,0,1788323011779,134,0.0
1788323011,4303.399,4303.449,0.0,0,1788323011782,134,0.0
1788323011,4303.459,4303.509,0.0,0,1788323011792,134,0.0
1788323011,4303.516,4303.566,0.0,0,1788323011796,134,0.0
1788323011,4303.619,4303.669,0.0,0,1788323011798,134,0.0
1788323011,4303.562,4303.612,0.0,0,1788323011832,134,0.0
1788323011,4303.497,4303.547,0.0,0,1788323011843,134,0.0
1788323011,4303.443,4303.493,0.0,0,1788323011851,134,0.0
1788323011,4303.38,4303.43,0.0,0,1788323011857,134,0.0
1788323011,4303.437,4303.487,0.0,0,1788323011910,134,0.0
1788323012,4303.372,4303.422,0.0,0,1788323012067,134,0.0
1788323012,4303.431,4303.481,0.0,0,1788323012107,134,0.0
1788323012,4303.329,4303.379,0.0,0,1788323012539,134,0.0
1788323012,4303.257,4303.307,0.0,0,1788323012555,134,0.0
1788323013,4303.219,4303.269,0.0,0,1788323013977,134,0.0
1788323015,4303.139,4303.189,0.0,0,1788323015350,134,0.0
1788323015,4303.076,4303.126,0.0,0,1788323015432,134,0.0
1788323015,4303.131,4303.181,0.0,0,1788323015479,134,0.0
1788323015,4303.182,4303.232,0.0,0,1788323015571,134,0.0
1788323015,4303.408,4303.458,0.0,0,1788323015792,134,0.0
1788323015,4303.469,4303.519,0.0,0,1788323015809,134,0.0
1788323017,4303.204,4303.254,0.0,0,1788323017172,134,0.0
1788323018,4303.18,4303.23,0.0,0,1788323018219,134,0.0
1788323018,4303.398,4303.448,0.0,0,1788323018778,134,0.0
1788323019,4303.341,4303.391,0.0,0,1788323019240,134,0.0
1788323019,4303.396,4303.446,0.0,0,1788323019531,134,0.0
1788323019,4303.448,4303.498,0.0,0,1788323019547,134,0.0
1788323020,4303.419,4303.469,0.0,0,1788323020798,134,0.0
1788323021,4303.172,4303.222,0.0,0,1788323021396,134,0.0
1788323021,4303.094,4303.144,0.0,0,1788323021456,134,0.0
1788323024,4303.213,4303.263,0.0,0,1788323024657,134,0.0
1788323025,4303.102,4303.152,0.0,0,1788323025797,134,0.0
1788323027,4303.21,4303.26,0.0,0,1788323027019,134,0.0
1788323028,4303.208,4303.258,0.0,0,1788323028090,134,0.0
1788323028,4303.095,4303.145,0.0,0,1788323028725,134,0.0
1788323028,4303.042,4303.092,0.0,0,1788323028739,134,0.0
1788323028,4302.971,4303.021,0.0,0,1788323028755,134,0.0
1788323028,4302.891,4302.941,0.0,0,1788323028792,134,0.0
1788323030,4302.855,4302.905,0.0,0,1788323030293,134,0.0
1788323031,4302.854,4302.904,0.0,0,1788323031604,134,0.0
1788323031,4302.791,4302.841,0.0,0,1788323031763,134,0.0
1788323032,4302.52,4302.57,0.0,0,1788323032883,134,0.0
1788323033,4302.594,4302.644,0.0,0,1788323033252,134,0.0
1788323033,4302.528,4302.578,0.0,0,1788323033569,134,0.0
1788323034,4302.595,4302.645,0.0,0,1788323034344,134,0.0
1788323034,4302.81,4302.86,0.0,0,1788323034991,134,0.0
1788323035,4302.751,4302.801,0.0,0,1788323035185,134,0.0
1788323036,4302.498,4302.548,0.0,0,1788323036341,134,0.0
1788323036,4302.633,4302.683,0.0,0,1788323036495,134,0.0
1788323036,4302.503,4302.553,0.0,0,1788323036500,134,0.0
1788323036,4302.324,4302.374,0.0,0,1788323036990,134,0.0
1788323037,4302.377,4302.427,0.0,0,1788323037429,134,0.0
1788323037,4302.451,4302.501,0.0,0,1788323037436,134,0.0
1788323038,4302.773,4302.823,0.0,0,1788323038578,134,0.0
1788323039,4302.51,4302.56,0.0,0,1788323039397,134,0.0
1788323040,4302.405,4302.455,0.0,0,1788323040662,134,0.0
1788323041,4302.733,4302.783,0.0,0,1788323041179,134,0.0
1788323041,4302.865,4302.915,0.0,0,1788323041186,134,0.0
1788323041,4302.817,4302.867,0.0,0,1788323041206,134,0.0
1788323042,4302.74,4302.79,0.0,0,1788323042058,134,0.0
1788323042,4302.795,4302.845,0.0,0,1788323042060,134,0.0
1788323042,4302.86,4302.91,0.0,0,1788323042082,134,0.0
1788323042,4302.806,4302.856,0.0,0,1788323042123,134,0.0
1788323042,4302.863,4302.913,0.0,0,1788323042754,134,0.0
1788323042,4302.92,4302.97,0.0,0,1788323042763,134,0.0
1788323042,4302.982,4303.032,0.0,0,1788323042774,134,0.0
1788323042,4303.039,4303.089,0.0,0,1788323042787,134,0.0
1788323042,4303.092,4303.142,0.0,0,1788323042795,134,0.0
1788323042,4303.033,4303.083,0.0,0,1788323042895,134,0.0
1788323042,4302.972,4303.022,0.0,0,1788323042914,134,0.0
1788323042,4303.025,4303.075,0.0,0,1788323042931,134,0.0
1788323043,4303.079,4303.129,0.0,0,1788323043048,134,0.0
1788323043,4303.147,4303.197,0.0,0,1788323043328,134,0.0
1788323043,4303.207,4303.257,0.0,0,1788323043778,134,0.0
1788323044,4303.284,4303.334,0.0,0,1788323044326,134,0.0
1788323044,4303.339,4303.389,0.0,0,1788323044336,134,0.0
1788323044,4303.394,4303.444,0.0,0,1788323044344,134,0.0
1788323044,4303.448,4303.498,0.0,0,1788323044350,134,0.0
1788323045,4303.402,4303.452,0.0,0,1788323045371,134,0.0
1788323045,4303.339,4303.389,0.0,0,1788323045472,134,0.0
1788323045,4303.396,4303.446,0.0,0,1788323045611,134,0.0
1788323046,4303.366,4303.416,0.0,0,1788323046663,134,0.0
1788323046,4303.419,4303.469,0.0,0,1788323046676,134,0.0
1788323046,4303.508,4303.558,0.0,0,1788323046682,134,0.0
1788323047,4303.453,4303.503,0.0,0,1788323047518,134,0.0
1788323049,4303.448,4303.498,0.0,0,1788323049491,134,0.0
1788323050,4303.514,4303.564,0.0,0,1788323050965,134,0.0
1788323050,4303.571,4303.621,0.0,0,1788323050968,134,0.0
1788323050,4303.648,4303.698,0.0,0,1788323050974,134,0.0
1788323050,4303.711,4303.761,0.0,0,1788323050980,134,0.0
1788323050,4303.794,4303.844,0.0,0,1788323050982,134,0.0
1788323051,4303.85,4303.9,0.0,0,1788323051044,134,0.0
1788323051,4303.902,4303.952,0.0,0,1788323051163,134,0.0
1788323051,4303.847,4303.897,0.0,0,1788323051349,134,0.0
1788323051,4304.183,4304.233,0.0,0,1788323051446,134,0.0
1788323051,4304.238,4304.288,0.0,0,1788323051455,134,0.0
1788323051,4304.33,4304.38,0.0,0,1788323051474,134,0.0
1788323051,4304.274,4304.324,0.0,0,1788323051939,134,0.0
1788323051,4304.332,4304.382,0.0,0,1788323051998,134,0.0
1788323052,4304.005,4304.055,0.0,0,1788323052059,134,0.0
1788323052,4304.06,4304.11,0.0,0,1788323052101,134,0.0
1788323052,4304.113,4304.163,0.0,0,1788323052208,134,0.0
1788323053,4304.13,4304.18,0.0,0,1788323053607,134,0.0
1788323054,4304.135,4304.185,0.0,0,1788323054627,134,0.0
1788323054,4304.202,4304.252,0.0,0,1788323054810,134,0.0
1788323054,4304.259,4304.309,0.0,0,1788323054814,134,0.0
1788323055,4304.204,4304.254,0.0,0,1788323055122,134,0.0
1788323055,4304.151,4304.201,0.0,0,1788323055160,134,0.0
1788323056,4304.131,4304.181,0.0,0,1788323056788,134,0.0
1788323056,4304.068,4304.118,0.0,0,1788323056829,134,0.0
1788323057,4304.353,4304.403,0.0,0,1788323057411,134,0.0
1788323057,4304.388,4304.438,0.0,0,1788323057598,134,0.0
1788323057,4304.333,4304.383,0.0,0,1788323057699,134,0.0
1788323058,4304.119,4304.169,0.0,0,1788323058147,134,0.0
1788323059,4304.148,4304.198,0.0,0,1788323059176,134,0.0
1788323059,4304.209,4304.259,0.0,0,1788323059611,134,0.0
1788323059,4304.155,4304.205,0.0,0,1788323059616,134,0.0
1788323059,4304.098,4304.148,0.0,0,1788323059626,134,0.0
1788323059,4303.945,4303.995,0.0,0,1788323059630,134,0.0
1788323060,4304.167,4304.217,0.0,0,1788323060785,134,0.0
1788323061,4303.907,4303.957,0.0,0,1788323061951,134,0.0
1788323061,4303.961,4304.011,0.0,0,1788323061970,134,0.0
1788323063,4303.952,4304.002,0.0,0,1788323063137,134,0.0
1788323064,4304.053,4304.103,0.0,0,1788323064599,134,0.0
1788323065,4303.945,4303.995,0.0,0,1788323065948,134,0.0
1788323067,4303.913,4303.963,0.0,0,1788323067532,134,0.0
1788323067,4303.986,4304.036,0.0,0,1788323067539,134,0.0
1788323067,4304.099,4304.149,0.0,0,1788323067548,134,0.0
1788323067,4304.2,4304.25,0.0,0,1788323067555,134,0.0
1788323067,4304.252,4304.302,0.0,0,1788323067599,134,0.0
1788323067,4304.197,4304.247,0.0,0,1788323067693,134,0.0
1788323067,4304.135,4304.185,0.0,0,1788323067764,134,0.0
1788323067,4304.018,4304.068,0.0,0,1788323067789,134,0.0
1788323068,4304.138,4304.188,0.0,0,1788323068683,134,0.0
1788323070,4304.121,4304.171,0.0,0,1788323070456,134,0.0
1788323071,4304.178,4304.228,0.0,0,1788323071085,134,0.0
1788323072,4304.198,4304.248,0.0,0,1788323072537,134,0.0
1788323072,4304.262,4304.312,0.0,0,1788323072624,134,0.0
1788323072,4304.326,4304.376,0.0,0,1788323072637,134,0.0
1788323072,4304.389,4304.439,0.0,0,1788323072641,134,0.0
1788323073,4304.446,4304.496,0.0,0,1788323073039,134,0.0
1788323073,4304.501,4304.551,0.0,0,1788323073041,134,0.0
1788323073,4304.581,4304.631,0.0,0,1788323073064,134,0.0
1788323073,4304.527,4304.577,0.0,0,1788323073102,134,0.0
1788323073,4304.472,4304.522,0.0,0,1788323073170,134,0.0
1788323073,4304.402,4304.452,0.0,0,1788323073173,134,0.0
1788323074,4304.389,4304.439,0.0,0,1788323074216,134,0.0
1788323074,4304.459,4304.509,0.0,0,1788323074303,134,0.0
1788323074,4304.406,4304.456,0.0,0,1788323074348,134,0.0
1788323075,4304.347,4304.397,0.0,0,1788323075050,134,0.0
1788323075,4304.418,4304.468,0.0,0,1788323075131,134,0.0
1788323075,4304.315,4304.365,0.0,0,1788323075436,134,0.0
1788323076,4304.235,4304.285,0.0,0,1788323076026,134,0.0
1788323076,4304.355,4304.405,0.0,0,1788323076509,134,0.0
1788323076,4304.23,4304.28,0.0,0,1788323076663,134,0.0
1788323076,4304.175,4304.225,0.0,0,1788323076754,134,0.0
1788323077,4304.206,4304.256,0.0,0,1788323077773,134,0.0
1788323079,4304.134,4304.184,0.0,0,1788323079742,134,0.0
1788323080,4304.066,4304.116,0.0,0,1788323080587,134,0.0
1788323081,4304.278,4304.328,0.0,0,1788323081007,134,0.0
1788323081,4304.332,4304.382,0.0,0,1788323081308,134,0.0
1788323082,4304.056,4304.106,0.0,0,1788323082686,134,0.0
1788323083,4304.3,4304.35,0.0,0,1788323083983,134,0.0
1788323085,4304.027,4304.077,0.0,0,1788323085866,134,0.0
1788323087,4304.033,4304.083,0.0,0,1788323087260,134,0.0
1788323087,4304.096,4304.146,0.0,0,1788323087280,134,0.0
1788323087,4304.262,4304.312,0.0,0,1788323087300,134,0.0
1788323087,4304.117,4304.167,0.0,0,1788323087522,134,0.0
1788323088,4304.256,4304.306,0.0,0,1788323088352,134,0.0
1788323089,4304.308,4304.358,0.0,0,1788323089970,134,0.0
1788323090,4304.255,4304.305,0.0,0,1788323090252,134,0.0
1788323090,4304.132,4304.182,0.0,0,1788323090433,134,0.0
1788323092,4304.101,4304.151,0.0,0,1788323092299,134,0.0
1788323093,4304.1,4304.15,0.0,0,1788323093746,134,0.0
1788323094,4304.039,4304.089,0.0,0,1788323094442,134,0.0
1788323095,4304.011,4304.061,0.0,0,1788323095607,134,0.0
1788323096,4303.959,4304.009,0.0,0,1788323096812,134,0.0
1788323097,4304.221,4304.271,0.0,0,1788323097649,134,0.0
1788323097,4304.287,4304.337,0.0,0,1788323097658,134,0.0
1788323097,4304.517,4304.567,0.0,0,1788323097664,134,0.0
1788323097,4304.553,4304.603,0.0,0,1788323097686,134,0.0
1788323098,4304.246,4304.296,0.0,0,1788323098292,134,0.0
1788323100,4304.243,4304.293,0.0,0,1788323100190,134,0.0
1788323100,4304.295,4304.345,0.0,0,1788323100299,134,0.0
1788323100,4304.355,4304.405,0.0,0,1788323100303,134,0.0
1788323100,4304.413,4304.463,0.0,0,1788323100306,134,0.0
1788323100,4304.501,4304.551,0.0,0,1788323100312,134,0.0
1788323100,4304.599,4304.649,0.0,0,1788323100317,134,0.0
1788323100,4304.652,4304.702,0.0,0,1788323100508,134,0.0
1788323100,4304.592,4304.642,0.0,0,1788323100811,134,0.0
1788323102,4304.853,4304.903,0.0,0,1788323102607,134,0.0
1788323103,4304.524,4304.574,0.0,0,1788323103062,134,0.0
1788323103,4304.602,4304.652,0.0,0,1788323103325,134,0.0
1788323103,4304.472,4304.522,0.0,0,1788323103336,134,0.0
1788323104,4304.575,4304.625,0.0,0,1788323104418,134,0.0
1788323105,4304.561,4304.611,0.0,0,1788323105754,134,0.0
1788323106,4304.697,4304.747,0.0,0,1788323106684,134,0.0
1788323106,4304.749,4304.799,0.0,0,1788323106713,134,0.0
1788323107,4304.836,4304.886,0.0,0,1788323107668,134,0.0
1788323107,4304.896,4304.946,0.0,0,1788323107694,134,0.0
1788323108,4304.925,4304.975,0.0,0,1788323108773,134,0.0
1788323109,4304.985,4305.035,0.0,0,1788323109101,134,0.0
1788323110,4304.964,4305.014,0.0,0,1788323110157,134,0.0
1788323111,4304.906,4304.956,0.0,0,1788323111041,134,0.0
1788323112,4304.944,4304.994,0.0,0,1788323112319,134,0.0
1788323112,4304.887,4304.937,0.0,0,1788323112734,134,0.0
1788323112,4304.836,4304.886,0.0,0,1788323112769,134,0.0
1788323112,4304.895,4304.945,0.0,0,1788323112833,134,0.0
1788323114,4304.901,4304.951,0.0,0,1788323114010,134,0.0
1788323115,4304.899,4304.949,0.0,0,1788323115031,134,0.0
1788323115,4304.847,4304.897,0.0,0,1788323115128,134,0.0
1788323115,4304.728,4304.778,0.0,0,1788323115143,134,0.0
1788323116,4304.685,4304.735,0.0,0,1788323116169,134,0.0
1788323117,4304.728,4304.778,0.0,0,1788323117330,134,0.0
1788323117,4304.858,4304.908,0.0,0,1788323117342,134,0.0
1788323117,4304.912,4304.962,0.0,0,1788323117405,134,0.0
1788323117,4304.856,4304.906,0.0,0,1788323117802,134,0.0
1788323117,4304.736,4304.786,0.0,0,1788323117818,134,0.0
1788323117,4304.678,4304.728,0.0,0,1788323117843,134,0.0
1788323118,4304.626,4304.676,0.0,0,1788323118262,134,0.0
1788323119,4304.614,4304.664,0.0,0,1788323119269,134,0.0
1788323120,4304.638,4304.688,0.0,0,1788323120278,134,0.0
1788323120,4304.569,4304.619,0.0,0,1788323120336,134,0.0
1788323120,4304.517,4304.567,0.0,0,1788323120339,134,0.0
1788323120,4304.438,4304.488,0.0,0,1788323120350,134,0.0
1788323120,4304.385,4304.435,0.0,0,1788323120354,134,0.0
1788323120,4304.326,4304.376,0.0,0,1788323120358,134,0.0
1788323120,4304.27,4304.32,0.0,0,1788323120363,134,0.0
1788323120,4304.201,4304.251,0.0,0,1788323120365,134,0.0
1788323120,4304.145,4304.195,0.0,0,1788323120369,134,0.0
1788323120,4303.979,4304.029,0.0,0,1788323120383,134,0.0
1788323120,4303.925,4303.975,0.0,0,1788323120419,134,0.0
1788323120,4303.58,4303.63,0.0,0,1788323120896,134,0.0
1788323121,4303.795,4303.845,0.0,0,1788323121648,134,0.0
1788323121,4303.736,4303.786,0.0,0,1788323121655,134,0.0
1788323122,4303.671,4303.721,0.0,0,1788323122620,134,0.0
1788323122,4303.615,4303.665,0.0,0,1788323122625,134,0.0
1788323122,4303.551,4303.601,0.0,0,1788323122667,134,0.0
1788323123,4303.482,4303.532,0.0,0,1788323123242,134,0.0
1788323123,4303.419,4303.469,0.0,0,1788323123248,134,0.0
1788323123,4303.363,4303.413,0.0,0,1788323123260,134,0.0
1788323123,4303.305,4303.355,0.0,0,1788323123278,134,0.0
1788323123,4303.242,4303.292,0.0,0,1788323123299,134,0.0
1788323123,4303.186,4303.236,0.0,0,1788323123368,134,0.0
1788323124,4303.189,4303.239,0.0,0,1788323124530,134,0.0
1788323125,4303.176,4303.226,0.0,0,1788323125607,134,0.0
1788323126,4303.079,4303.129,0.0,0,1788323126296,134,0.0
1788323126,4303.012,4303.062,0.0,0,1788323126316,134,0.0
1788323127,4302.808,4302.858,0.0,0,1788323127897,134,0.0
1788323127,4302.945,4302.995,0.0,0,1788323127918,134,0.0
1788323128,4303.004,4303.054,0.0,0,1788323128028,134,0.0
1788323128,4303.141,4303.191,0.0,0,1788323128036,134,0.0
1788323128,4303.194,4303.244,0.0,0,1788323128040,134,0.0
1788323128,4303.298,4303.348,0.0,0,1788323128056,134,0.0
1788323128,4303.241,4303.291,0.0,0,1788323128092,134,0.0
1788323128,4303.172,4303.222,0.0,0,1788323128103,134,0.0
1788323128,4303.232,4303.282,0.0,0,1788323128297,134,0.0
1788323128,4303.337,4303.387,0.0,0,1788323128299,134,0.0
1788323128,4303.423,4303.473,0.0,0,1788323128318,134,0.0
1788323128,4303.49,4303.54,0.0,0,1788323128367,134,0.0
1788323128,4303.555,4303.605,0.0,0,1788323128400,134,0.0
1788323129,4303.336,4303.386,0.0,0,1788323129224,134,0.0
1788323129,4303.277,4303.327,0.0,0,1788323129285,134,0.0
1788323129,4303.491,4303.541,0.0,0,1788323129523,134,0.0
1788323129,4303.551,4303.601,0.0,0,1788323129830,134,0.0
1788323129,4303.496,4303.546,0.0,0,1788323129918,134,0.0
1788323131,4303.499,4303.549,0.0,0,1788323131163,134,0.0
1788323133,4303.246,4303.296,0.0,0,1788323133779,134,0.0
1788323134,4303.241,4303.291,0.0,0,1788323134782,134,0.0
1788323135,4303.514,4303.564,0.0,0,1788323135989,134,0.0
1788323137,4303.484,4303.534,0.0,0,1788323137999,134,0.0
1788323138,4303.364,4303.414,0.0,0,1788323138081,134,0.0
1788323138,4303.31,4303.36,0.0,0,1788323138109,134,0.0
1788323138,4303.367,4303.417,0.0,0,1788323138438,134,0.0
1788323138,4303.489,4303.539,0.0,0,1788323138452,134,0.0
1788323139,4303.478,4303.528,0.0,0,1788323139715,134,0.0
1788323139,4303.349,4303.399,0.0,0,1788323139924,134,0.0
1788323141,4303.31,4303.36,0.0,0,1788323141409,134,0.0
1788323142,4303.366,4303.416,0.0,0,1788323142083,134,0.0
1788323142,4303.49,4303.54,0.0,0,1788323142089,134,0.0
1788323142,4303.573,4303.623,0.0,0,1788323142103,134,0.0
1788323142,4303.52,4303.57,0.0,0,1788323142224,134,0.0
1788323143,4303.487,4303.537,0.0,0,1788323143483,134,0.0
1788323144,4303.211,4303.261,0.0,0,1788323144701,134,0.0
1788323145,4303.499,4303.549,0.0,0,1788323145977,134,0.0
1788323146,4303.56,4303.61,0.0,0,1788323146111,134,0.0
1788323147,4303.302,4303.352,0.0,0,1788323147232,134,0.0
1788323147,4303.247,4303.297,0.0,0,1788323147680,134,0.0
1788323148,4303.299,4303.349,0.0,0,1788323148186,134,0.0
1788323148,4303.516,4303.566,0.0,0,1788323148742,134,0.0
1788323149,4303.537,4303.587,0.0,0,1788323149758,134,0.0
1788323150,4303.385,4303.435,0.0,0,1788323150116,134,0.0
1788323151,4303.2,4303.25,0.0,0,1788323151861,134,0.0
1788323151,4303.048,4303.098,0.0,0,1788323151881,134,0.0
1788323152,4303.381,4303.431,0.0,0,1788323152055,134,0.0
1788323152,4303.513,4303.563,0.0,0,1788323152733,134,0.0
1788323152,4303.396,4303.446,0.0,0,1788323152766,134,0.0
1788323152,4303.521,4303.571,0.0,0,1788323152867,134,0.0
1788323152,4303.582,4303.632,0.0,0,1788323152893,134,0.0
1788323153,4303.586,4303.636,0.0,0,1788323153917,134,0.0
1788323154,4303.31,4303.36,0.0,0,1788323154938,134,0.0
1788323155,4303.307,4303.357,0.0,0,1788323155938,134,0.0
1788323156,4303.373,4303.423,0.0,0,1788323156394,134,0.0
1788323156,4303.436,4303.486,0.0,0,1788323156402,134,0.0
1788323156,4303.501,4303.551,0.0,0,1788323156404,134,0.0
1788323156,4303.587,4303.637,0.0,0,1788323156407,134,0.0
1788323156,4303.651,4303.701,0.0,0,1788323156415,134,0.0
1788323156,4303.705,4303.755,0.0,0,1788323156435,134,0.0
1788323156,4303.925,4303.975,0.0,0,1788323156455,134,0.0
1788323156,4303.858,4303.908,0.0,0,1788323156519,134,0.0
1788323156,4303.805,4303.855,0.0,0,1788323156545,134,0.0
1788323156,4303.868,4303.918,0.0,0,1788323156553,134,0.0
1788323156,4303.925,4303.975,0.0,0,1788323156576,134,0.0
1788323157,4303.98,4304.03,0.0,0,1788323157047,134,0.0
1788323157,4303.798,4303.848,0.0,0,1788323157863,134,0.0
1788323158,4303.577,4303.627,0.0,0,1788323158825,134,0.0
1788323158,4303.453,4303.503,0.0,0,1788323158846,134,0.0
1788323158,4303.39,4303.44,0.0,0,1788323158946,134,0.0
1788323159,4303.321,4303.371,0.0,0,1788323159270,134,0.0
1788323159,4303.262,4303.312,0.0,0,1788323159322,134,0.0
1788323159,4303.205,4303.255,0.0,0,1788323159618,134,0.0
1788323159,4303.152,4303.202,0.0,0,1788323159642,134,0.0
1788323159,4303.098,4303.148,0.0,0,1788323159676,134,0.0
1788323160,4303.151,4303.201,0.0,0,1788323160127,134,0.0
1788323160,4303.21,4303.26,0.0,0,1788323160141,134,0.0
1788323162,4303.439,4303.489,0.0,0,1788323162124,134,0.0
1788323162,4303.375,4303.425,0.0,0,1788323162222,134,0.0
1788323163,4303.45,4303.5,0.0,0,1788323163122,134,0.0
1788323163,4303.512,4303.562,0.0,0,1788323163696,134,0.0
1788323163,4303.456,4303.506,0.0,0,1788323163736,134,0.0
1788323164,4303.525,4303.575,0.0,0,1788323164624,134,0.0
1788323164,4303.651,4303.701,0.0,0,1788323164638,134,0.0
1788323164,4303.706,4303.756,0.0,0,1788323164650,134,0.0
1788323164,4303.767,4303.817,0.0,0,1788323164671,134,0.0
1788323165,4303.675,4303.725,0.0,0,1788323165142,134,0.0
1788323165,4303.346,4303.396,0.0,0,1788323165862,134,0.0
1788323167,4303.654,4303.704,0.0,0,1788323167053,134,0.0
1788323167,4303.709,4303.759,0.0,0,1788323167075,134,0.0
1788323167,4303.776,4303.826,0.0,0,1788323167085,134,0.0
1788323167,4303.836,4303.886,0.0,0,1788323167601,134,0.0
1788323168,4303.496,4303.546,0.0,0,1788323168482,134,0.0
1788323168,4303.436,4303.486,0.0,0,1788323168567,134,0.0
1788323168,4303.313,4303.363,0.0,0,1788323168572,134,0.0
1788323168,4303.191,4303.241,0.0,0,1788323168584,134,0.0
1788323168,4303.258,4303.308,0.0,0,1788323168600,134,0.0
1788323168,4303.311,4303.361,0.0,0,1788323168612,134,0.0
1788323168,4303.437,4303.487,0.0,0,1788323168623,134,0.0
1788323168,4303.495,4303.545,0.0,0,1788323168628,134,0.0
1788323168,4303.557,4303.607,0.0,0,1788323168644,134,0.0
1788323168,4303.481,4303.531,0.0,0,1788323168663,134,0.0
1788323168,4303.537,4303.587,0.0,0,1788323168971,134,0.0
1788323170,4303.812,4303.862,0.0,0,1788323170084,134,0.0
1788323170,4303.754,4303.804,0.0,0,1788323170121,134,0.0
1788323171,4303.654,4303.704,0.0,0,1788323171153,134,0.0
1788323172,4303.375,4303.425,0.0,0,1788323172168,134,0.0
1788323173,4303.376,4303.426,0.0,0,1788323173170,134,0.0
1788323173,4303.595,4303.645,0.0,0,1788323173524,134,0.0
1788323173,4303.5,4303.55,0.0,0,1788323173539,134,0.0
1788323175,4303.46,4303.51,0.0,0,1788323175004,134,0.0
1788323175,4303.513,4303.563,0.0,0,1788323175141,134,0.0
1788323175,4303.696,4303.746,0.0,0,1788323175205,134,0.0
1788323175,4303.749,4303.799,0.0,0,1788323175477,134,0.0
1788323175,4303.806,4303.856,0.0,0,1788323175861,134,0.0
1788323175,4303.865,4303.915,0.0,0,1788323175875,134,0.0
1788323175,4303.964,4304.014,0.0,0,1788323175879,134,0.0
1788323175,4303.907,4303.957,0.0,0,1788323175918,134,0.0
1788323177,4303.609,4303.659,0.0,0,1788323177424,134,0.0
1788323178,4303.52,4303.57,0.0,0,1788323178866,134,0.0
1788323179,4303.707,4303.757,0.0,0,1788323179904,134,0.0
1788323180,4303.693,4303.743,0.0,0,1788323180988,134,0.0
1788323182,4303.546,4303.596,0.0,0,1788323182377,134,0.0
1788323183,4303.584,4303.634,0.0,0,1788323183679,134,0.0
1788323184,4303.756,4303.806,0.0,0,1788323184777,134,0.0
1788323187,4303.614,4303.664,0.0,0,1788323187078,134,0.0
1788323188,4303.607,4303.657,0.0,0,1788323188985,134,0.0
1788323189,4303.752,4303.802,0.0,0,1788323189025,134,0.0
1788323190,4303.938,4303.988,0.0,0,1788323190061,134,0.0
1788323190,4303.72,4303.77,0.0,0,1788323190945,134,0.0
1788323190,4303.789,4303.839,0.0,0,1788323190956,134,0.0
1788323190,4303.869,4303.919,0.0,0,1788323190972,134,0.0
1788323191,4303.923,4303.973,0.0,0,1788323191056,134,0.0
1788323191,4303.87,4303.92,0.0,0,1788323191100,134,0.0
1788323191,4303.816,4303.866,0.0,0,1788323191115,134,0.0
1788323191,4303.764,4303.814,0.0,0,1788323191193,134,0.0
1788323191,4303.708,4303.758,0.0,0,1788323191292,134,0.0
1788323191,4303.553,4303.603,0.0,0,1788323191315,134,0.0
1788323192,4303.551,4303.601,0.0,0,1788323192429,134,0.0
1788323192,4303.603,4303.653,0.0,0,1788323192515,134,0.0
1788323192,4303.721,4303.771,0.0,0,1788323192523,134,0.0
1788323192,4303.774,4303.824,0.0,0,1788323192577,134,0.0
1788323194,4303.788,4303.838,0.0,0,1788323194267,134,0.0
1788323194,4303.733,4303.783,0.0,0,1788323194273,134,0.0
1788323194,4303.602,4303.652,0.0,0,1788323194281,134,0.0
1788323194,4303.532,4303.582,0.0,0,1788323194288,134,0.0
1788323194,4303.478,4303.528,0.0,0,1788323194306,134,0.0
1788323194,4303.371,4303.421,0.0,0,1788323194308,134,0.0
1788323194,4303.432,4303.482,0.0,0,1788323194368,134,0.0
1788323194,4303.487,4303.537,0.0,0,1788323194780,134,0.0
1788323195,4303.429,4303.479,0.0,0,1788323195560,134,0.0
1788323195,4303.376,4303.426,0.0,0,1788323195589,134,0.0
1788323196,4303.707,4303.757,0.0,0,1788323196207,134,0.0
1788323196,4303.761,4303.811,0.0,0,1788323196235,134,0.0
1788323198,4303.469,4303.519,0.0,0,1788323198902,134,0.0
1788323201,4303.672,4303.722,0.0,0,1788323201276,134,0.0
1788323201,4303.6,4303.65,0.0,0,1788323201289,134,0.0
1788323201,4303.471,4303.521,0.0,0,1788323201359,134,0.0
1788323201,4303.409,4303.459,0.0,0,1788323201379,134,0.0
1788323202,4303.672,4303.722,0.0,0,1788323202382,134,0.0
1788323203,4303.654,4303.704,0.0,0,1788323203490,134,0.0
1788323206,4303.38,4303.43,0.0,0,1788323206043,134,0.0
1788323208,4303.65,4303.7,0.0,0,1788323208170,134,0.0
1788323209,4303.374,4303.424,0.0,0,1788323209802,134,0.0
1788323211,4303.602,4303.652,0.0,0,1788323211006,134,0.0
1788323212,4303.663,4303.713,0.0,0,1788323212114,134,0.0
1788323212,4303.412,4303.462,0.0,0,1788323212523,134,0.0
1788323212,4303.358,4303.408,0.0,0,1788323212529,134,0.0
1788323213,4303.289,4303.339,0.0,0,1788323213543,134,0.0
1788323214,4303.567,4303.617,0.0,0,1788323214653,134,0.0
1788323216,4303.549,4303.599,0.0,0,1788323216241,134,0.0
1788323216,4303.635,4303.685,0.0,0,1788323216281,134,0.0
1788323217,4303.363,4303.413,0.0,0,1788323217341,134,0.0
1788323218,4303.48,4303.53,0.0,0,1788323218980,134,0.0
1788323220,4303.359,4303.409,0.0,0,1788323220111,134,0.0
1788323220,4303.302,4303.352,0.0,0,1788323220120,134,0.0
1788323220,4303.227,4303.277,0.0,0,1788323220143,134,0.0
1788323220,4303.17,4303.22,0.0,0,1788323220244,134,0.0
1788323220,4303.498,4303.548,0.0,0,1788323220481,134,0.0
1788323221,4303.444,4303.494,0.0,0,1788323221247,134,0.0
1788323222,4303.194,4303.244,0.0,0,1788323222276,134,0.0
1788323222,4303.306,4303.356,0.0,0,1788323222642,134,0.0
1788323222,4303.199,4303.249,0.0,0,1788323222732,134,0.0
1788323222,4303.236,4303.286,0.0,0,1788323222856,134,0.0
1788323223,4303.307,4303.357,0.0,0,1788323223194,134,0.0
1788323223,4303.224,4303.274,0.0,0,1788323223217,134,0.0
1788323223,4303.172,4303.222,0.0,0,1788323223477,134,0.0
1788323224,4303.196,4303.246,0.0,0,1788323224557,134,0.0
1788323224,4303.124,4303.174,0.0,0,1788323224623,134,0.0
1788323225,4303.112,4303.162,0.0,0,1788323225657,134,0.0
1788323225,4303.05,4303.1,0.0,0,1788323225833,134,0.0
1788323225,4302.997,4303.047,0.0,0,1788323225842,134,0.0
1788323225,4302.937,4302.987,0.0,0,1788323225868,134,0.0
1788323226,4302.597,4302.647,0.0,0,1788323226304,134,0.0
1788323226,4302.542,4302.592,0.0,0,1788323226322,134,0.0
1788323227,4302.749,4302.799,0.0,0,1788323227126,134,0.0
1788323227,4302.674,4302.724,0.0,0,1788323227139,134,0.0
1788323228,4302.604,4302.654,0.0,0,1788323228111,134,0.0
1788323228,4302.549,4302.599,0.0,0,1788323228115,134,0.0
1788323228,4302.496,4302.546,0.0,0,1788323228117,134,0.0
1788323228,4302.416,4302.466,0.0,0,1788323228128,134,0.0
1788323228,4302.295,4302.345,0.0,0,1788323228200,134,0.0
1788323228,4302.582,4302.632,0.0,0,1788323228297,134,0.0
1788323228,4302.492,4302.542,0.0,0,1788323228714,134,0.0
1788323229,4302.278,4302.328,0.0,0,1788323229680,134,0.0
1788323229,4302.396,4302.446,0.0,0,1788323229775,134,0.0
1788323230,4302.469,4302.519,0.0,0,1788323230128,134,0.0
1788323230,4302.531,4302.581,0.0,0,1788323230139,134,0.0
1788323230,4302.601,4302.651,0.0,0,1788323230143,134,0.0
1788323230,4302.734,4302.784,0.0,0,1788323230146,134,0.0
1788323230,4302.805,4302.855,0.0,0,1788323230166,134,0.0
1788323230,4302.874,4302.924,0.0,0,1788323230265,134,0.0
1788323230,4302.93,4302.98,0.0,0,1788323230286,134,0.0
1788323230,4302.867,4302.917,0.0,0,1788323230346,134,0.0
1788323231,4302.623,4302.673,0.0,0,1788323231568,134,0.0
1788323231,4302.531,4302.581,0.0,0,1788323231968,134,0.0
1788323232,4302.42,4302.47,0.0,0,1788323232079,134,0.0
1788323232,4302.367,4302.417,0.0,0,1788323232162,134,0.0
1788323233,4302.583,4302.633,0.0,0,1788323233037,134,0.0
1788323233,4302.64,4302.69,0.0,0,1788323233290,134,0.0
1788323233,4302.372,4302.422,0.0,0,1788323233458,134,0.0
1788323233,4302.768,4302.818,0.0,0,1788323233633,134,0.0
1788323234,4302.784,4302.834,0.0,0,1788323234860,134,0.0
1788323235,4302.486,4302.536,0.0,0,1788323235971,134,0.0
1788323236,4302.761,4302.811,0.0,0,1788323236989,134,0.0
1788323237,4302.644,4302.694,0.0,0,1788323237541,134,0.0
1788323237,4302.765,4302.815,0.0,0,1788323237732,134,0.0
1788323237,4302.819,4302.869,0.0,0,1788323237766,134,0.0
1788323239,4302.811,4302.861,0.0,0,1788323239401,134,0.0
1788323239,4302.594,4302.644,0.0,0,1788323239558,134,0.0
1788323241,4302.893,4302.943,0.0,0,1788323241212,134,0.0
1788323241,4302.836,4302.886,0.0,0,1788323241232,134,0.0
1788323242,4302.589,4302.639,0.0,0,1788323242333,134,0.0
1788323243,4302.876,4302.926,0.0,0,1788323243349,134,0.0
1788323243,4302.929,4302.979,0.0,0,1788323243432,134,0.0
1788323243,4303.009,4303.059,0.0,0,1788323243449,134,0.0
1788323244,4302.779,4302.829,0.0,0,1788323244540,134,0.0
1788323245,4302.783,4302.833,0.0,0,1788323245540,134,0.0
1788323246,4302.921,4302.971,0.0,0,1788323246834,134,0.0
1788323248,4302.78,4302.83,0.0,0,1788323248063,134,0.0
1788323249,4302.778,4302.828,0.0,0,1788323249158,134,0.0
1788323250,4303.053,4303.103,0.0,0,1788323250481,134,0.0
1788323250,4303.105,4303.155,0.0,0,1788323250489,134,0.0
1788323250,4303.173,4303.223,0.0,0,1788323250498,134,0.0
1788323250,4303.262,4303.312,0.0,0,1788323250502,134,0.0
1788323250,4303.324,4303.374,0.0,0,1788323250516,134,0.0
1788323250,4303.269,4303.319,0.0,0,1788323250543,134,0.0
1788323250,4303.216,4303.266,0.0,0,1788323250560,134,0.0
1788323250,4303.159,4303.209,0.0,0,1788323250592,134,0.0
1788323250,4303.106,4303.156,0.0,0,1788323250749,134,0.0
1788323251,4302.967,4303.017,0.0,0,1788323251844,134,0.0
1788323252,4302.913,4302.963,0.0,0,1788323252256,134,0.0
1788323253,4302.874,4302.924,0.0,0,1788323253359,134,0.0
1788323253,4302.757,4302.807,0.0,0,1788323253679,134,0.0
1788323253,4302.703,4302.753,0.0,0,1788323253689,134,0.0
1788323253,4302.646,4302.696,0.0,0,1788323253749,134,0.0
1788323255,4302.915,4302.965,0.0,0,1788323255056,134,0.0
1788323255,4302.974,4303.024,0.0,0,1788323255200,134,0.0
1788323255,4303.092,4303.142,0.0,0,1788323255309,134,0.0
1788323255,4302.975,4303.025,0.0,0,1788323255883,134,0.0
1788323255,4302.917,4302.967,0.0,0,1788323255924,134,0.0
1788323256,4302.862,4302.912,0.0,0,1788323256902,134,0.0
1788323256,4302.811,4302.861,0.0,0,1788323256907,134,0.0
1788323257,4302.758,4302.808,0.0,0,1788323257078,134,0.0
1788323258,4302.51,4302.56,0.0,0,1788323258356,134,0.0
1788323258,4302.83,4302.88,0.0,0,1788323258696,134,0.0
1788323258,4302.882,4302.932,0.0,0,1788323258732,134,0.0
1788323258,4302.829,4302.879,0.0,0,1788323258853,134,0.0
1788323258,4302.769,4302.819,0.0,0,1788323258902,134,0.0
1788323260,4302.704,4302.754,0.0,0,1788323260223,134,0.0
1788323261,4302.736,4302.786,0.0,0,1788323261425,134,0.0
1788323262,4302.746,4302.796,0.0,0,1788323262436,134,0.0
1788323263,4302.788,4302.838,0.0,0,1788323263978,134,0.0
1788323264,4302.851,4302.901,0.0,0,1788323264173,134,0.0
1788323265,4302.959,4303.009,0.0,0,1788323265083,134,0.0
1788323265,4303.012,4303.062,0.0,0,1788323265110,134,0.0
1788323265,4303.066,4303.116,0.0,0,1788323265396,134,0.0
1788323265,4303.017,4303.067,0.0,0,1788323265440,134,0.0
1788323266,4302.849,4302.889,0.0,0,1788323266603,134,0.0
1788323267,4302.758,4302.808,0.0,0,1788323267370,134,0.0
1788323268,4302.973,4303.023,0.0,0,1788323268652,134,0.0
1788323268,4303.014,4303.064,0.0,0,1788323268714,134,0.0
1788323270,4302.75,4302.79,0.0,0,1788323270356,134,0.0
1788323270,4302.637,4302.677,0.0,0,1788323270587,134,0.0
1788323270,4302.581,4302.621,0.0,0,1788323270591,134,0.0
1788323270,4302.528,4302.568,0.0,0,1788323270602,134,0.0
1788323270,4302.475,4302.515,0.0,0,1788323270605,134,0.0
1788323270,4302.399,4302.439,0.0,0,1788323270612,134,0.0
1788323270,4302.279,4302.329,0.0,0,1788323270631,134,0.0
1788323270,4302.216,4302.266,0.0,0,1788323270671,134,0.0
1788323270,4302.287,4302.337,0.0,0,1788323270853,134,0.0
1788323271,4302.537,4302.587,0.0,0,1788323271865,134,0.0
1788323272,4302.597,4302.647,0.0,0,1788323272751,134,0.0
1788323272,4302.265,4302.315,0.0,0,1788323272827,134,0.0
1788323272,4302.209,4302.259,0.0,0,1788323272864,134,0.0
1788323273,4302.404,4302.454,0.0,0,1788323273772,134,0.0
1788323273,4302.351,4302.401,0.0,0,1788323273822,134,0.0
1788323273,4302.408,4302.458,0.0,0,1788323273900,134,0.0
1788323274,4302.417,4302.467,0.0,0,1788323274911,134,0.0
1788323276,4302.177,4302.227,0.0,0,1788323276082,134,0.0
1788323276,4302.502,4302.552,0.0,0,1788323276420,134,0.0
1788323276,4302.571,4302.621,0.0,0,1788323276424,134,0.0
1788323277,4302.489,4302.539,0.0,0,1788323277318,134,0.0
1788323278,4302.507,4302.557,0.0,0,1788323278318,134,0.0
1788323280,4302.187,4302.237,0.0,0,1788323280044,134,0.0
1788323281,4302.474,4302.524,0.0,0,1788323281168,134,0.0
1788323281,4302.422,4302.472,0.0,0,1788323281373,134,0.0
1788323281,4302.37,4302.42,0.0,0,1788323281588,134,0.0
1788323282,4302.318,4302.368,0.0,0,1788323282355,134,0.0
1788323282,4302.373,4302.423,0.0,0,1788323282511,134,0.0
1788323283,4302.431,4302.481,0.0,0,1788323283479,134,0.0
1788323284,4302.438,4302.488,0.0,0,1788323284911,134,0.0
1788323284,4302.383,4302.433,0.0,0,1788323284985,134,0.0
1788323285,4302.328,4302.378,0.0,0,1788323285026,134,0.0
1788323285,4302.379,4302.429,0.0,0,1788323285157,134,0.0
1788323285,4302.464,4302.514,0.0,0,1788323285177,134,0.0
1788323285,4302.386,4302.436,0.0,0,1788323285353,134,0.0
1788323286,4302.194,4302.244,0.0,0,1788323286724,134,0.0
1788323287,4302.123,4302.173,0.0,0,1788323287988,134,0.0
1788323288,4302.344,4302.394,0.0,0,1788323288955,134,0.0
1788323288,4302.282,4302.332,0.0,0,1788323288991,134,0.0
1788323289,4302.222,4302.272,0.0,0,1788323289784,134,0.0
1788323289,4302.164,4302.214,0.0,0,1788323289796,134,0.0
1788323289,4302.217,4302.267,0.0,0,1788323289948,134,0.0
1788323290,4302.285,4302.335,0.0,0,1788323290007,134,0.0
1788323290,4302.393,4302.443,0.0,0,1788323290168,134,0.0
1788323292,4302.159,4302.209,0.0,0,1788323292027,134,0.0
1788323293,4302.432,4302.482,0.0,0,1788323293449,134,0.0
1788323293,4302.311,4302.361,0.0,0,1788323293693,134,0.0
1788323293,4302.258,4302.308,0.0,0,1788323293978,134,0.0
1788323293,4302.188,4302.238,0.0,0,1788323293982,134,0.0
1788323294,4302.136,4302.186,0.0,0,1788323294002,134,0.0
1788323295,4301.862,4301.912,0.0,0,1788323295050,134,0.0
1788323295,4302.079,4302.129,0.0,0,1788323295131,134,0.0
1788323295,4301.747,4301.797,0.0,0,1788323295639,134,0.0
1788323296,4301.966,4302.016,0.0,0,1788323296188,134,0.0
1788323296,4301.911,4301.961,0.0,0,1788323296215,134,0.0
1788323296,4301.963,4302.013,0.0,0,1788323296436,134,0.0
1788323297,4301.903,4301.953,0.0,0,1788323297420,134,0.0
1788323298,4301.88,4301.93,0.0,0,1788323298165,134,0.0
1788323298,4302.006,4302.056,0.0,0,1788323298185,134,0.0
1788323298,4301.867,4301.917,0.0,0,1788323298191,134,0.0
1788323298,4301.811,4301.861,0.0,0,1788323298268,134,0.0
1788323298,4301.747,4301.797,0.0,0,1788323298321,134,0.0
1788323298,4301.685,4301.735,0.0,0,1788323298342,134,0.0
1788323299,4301.745,4301.795,0.0,0,1788323299120,134,0.0
1788323299,4301.959,4302.009,0.0,0,1788323299756,134,0.0
1788323299,4302.028,4302.078,0.0,0,1788323299861,134,0.0
1788323299,4302.156,4302.206,0.0,0,1788323299870,134,0.0
1788323299,4302.231,4302.281,0.0,0,1788323299880,134,0.0
1788323299,4302.294,4302.344,0.0,0,1788323299899,134,0.0
1788323300,4302.209,4302.259,0.0,0,1788323300016,134,0.0
1788323300,4302.031,4302.081,0.0,0,1788323300972,134,0.0
1788323300,4302.08,4302.13,0.0,0,1788323300979,134,0.0
1788323300,4302.165,4302.215,0.0,0,1788323300986,134,0.0
1788323300,4302.235,4302.285,0.0,0,1788323300987,134,0.0
1788323301,4302.182,4302.232,0.0,0,1788323301530,134,0.0
1788323301,4302.127,4302.177,0.0,0,1788323301551,134,0.0
1788323302,4302.113,4302.163,0.0,0,1788323302589,134,0.0
1788323302,4302.173,4302.223,0.0,0,1788323302621,134,0.0
1788323302,4302.225,4302.275,0.0,0,1788323302685,134,0.0
1788323302,4302.173,4302.223,0.0,0,1788323302959,134,0.0
1788323303,4302.118,4302.168,0.0,0,1788323303773,134,0.0
1788323303,4302.001,4302.051,0.0,0,1788323303793,134,0.0
1788323304,4302.121,4302.171,0.0,0,1788323304008,134,0.0
1788323304,4302.192,4302.242,0.0,0,1788323304012,134,0.0
1788323304,4302.246,4302.296,0.0,0,1788323304015,134,0.0
1788323304,4302.306,4302.356,0.0,0,1788323304020,134,0.0
1788323304,4302.372,4302.422,0.0,0,1788323304028,134,0.0
1788323304,4302.446,4302.496,0.0,0,1788323304032,134,0.0
1788323304,4302.508,4302.558,0.0,0,1788323304059,134,0.0
1788323304,4302.562,4302.612,0.0,0,1788323304120,134,0.0
1788323304,4302.521,4302.571,0.0,0,1788323304231,134,0.0
1788323304,4302.457,4302.507,0.0,0,1788323304244,134,0.0
1788323305,4302.51,4302.56,0.0,0,1788323305155,134,0.0
1788323305,4302.45,4302.5,0.0,0,1788323305317,134,0.0
1788323305,4302.506,4302.556,0.0,0,1788323305789,134,0.0
1788323305,4302.558,4302.608,0.0,0,1788323305919,134,0.0
1788323306,4302.581,4302.631,0.0,0,1788323306934,134,0.0
1788323307,4302.912,4302.962,0.0,0,1788323307419,134,0.0
1788323308,4302.971,4303.021,0.0,0,1788323308036,134,0.0
1788323308,4303.032,4303.082,0.0,0,1788323308045,134,0.0
1788323308,4303.093,4303.143,0.0,0,1788323308048,134,0.0
1788323308,4303.165,4303.215,0.0,0,1788323308052,134,0.0
1788323308,4303.217,4303.267,0.0,0,1788323308059,134,0.0
1788323308,4303.28,4303.33,0.0,0,1788323308104,134,0.0
1788323308,4303.054,4303.104,0.0,0,1788323308212,134,0.0
1788323309,4303.173,4303.223,0.0,0,1788323309036,134,0.0
1788323309,4303.101,4303.151,0.0,0,1788323309072,134,0.0
1788323309,4302.793,4302.843,0.0,0,1788323309883,134,0.0
1788323310,4302.737,4302.787,0.0,0,1788323310114,134,0.0
1788323310,4302.612,4302.662,0.0,0,1788323310236,134,0.0
1788323311,4302.598,4302.648,0.0,0,1788323311416,134,0.0
1788323312,4302.541,4302.591,0.0,0,1788323312075,134,0.0
1788323313,4302.577,4302.627,0.0,0,1788323313433,134,0.0
1788323313,4302.52,4302.57,0.0,0,1788323313838,134,0.0
1788323314,4302.458,4302.508,0.0,0,1788323314047,134,0.0
1788323314,4302.399,4302.449,0.0,0,1788323314061,134,0.0
1788323315,4302.42,4302.47,0.0,0,1788323315358,134,0.0
1788323316,4302.739,4302.789,0.0,0,1788323316567,134,0.0
1788323317,4302.809,4302.859,0.0,0,1788323317372,134,0.0
1788323317,4302.755,4302.805,0.0,0,1788323317722,134,0.0
1788323317,4302.703,4302.753,0.0,0,1788323317742,134,0.0
1788323319,4302.432,4302.482,0.0,0,1788323319302,134,0.0
1788323319,4302.487,4302.537,0.0,0,1788323319888,134,0.0
1788323319,4302.435,4302.485,0.0,0,1788323319999,134,0.0
1788323320,4302.38,4302.43,0.0,0,1788323320468,134,0.0
1788323320,4302.484,4302.534,0.0,0,1788323320742,134,0.0
1788323321,4302.317,4302.367,0.0,0,1788323321872,134,0.0
1788323322,4302.369,4302.419,0.0,0,1788323322218,134,0.0
1788323323,4302.629,4302.679,0.0,0,1788323323478,134,0.0
1788323325,4302.356,4302.406,0.0,0,1788323325614,134,0.0
1788323326,4302.355,4302.405,0.0,0,1788323326615,134,0.0
1788323327,4302.628,4302.678,0.0,0,1788323327729,134,0.0
1788323327,4302.722,4302.772,0.0,0,1788323327743,134,0.0
1788323327,4302.813,4302.863,0.0,0,1788323327748,134,0.0
1788323327,4302.869,4302.919,0.0,0,1788323327750,134,0.0
1788323328,4302.694,4302.744,0.0,0,1788323328720,134,0.0
1788323328,4302.548,4302.598,0.0,0,1788323328726,134,0.0
1788323329,4302.366,4302.416,0.0,0,1788323329119,134,0.0
1788323329,4302.291,4302.341,0.0,0,1788323329140,134,0.0
1788323330,4302.536,4302.586,0.0,0,1788323330370,134,0.0
1788323331,4302.526,4302.576,0.0,0,1788323331804,134,0.0
1788323332,4302.487,4302.537,0.0,0,1788323332955,134,0.0
1788323334,4302.194,4302.244,0.0,0,1788323334155,134,0.0
1788323335,4302.47,4302.52,0.0,0,1788323335242,134,0.0
1788323336,4302.462,4302.512,0.0,0,1788323336588,134,0.0
1788323337,4302.188,4302.238,0.0,0,1788323337620,134,0.0
1788323338,4302.382,4302.432,0.0,0,1788323338626,134,0.0
1788323340,4302.165,4302.215,0.0,0,1788323340235,134,0.0
1788323340,4302.22,4302.27,0.0,0,1788323340341,134,0.0
1788323340,4302.334,4302.384,0.0,0,1788323340359,134,0.0
1788323340,4302.401,4302.451,0.0,0,1788323340378,134,0.0
1788323341,4302.747,4302.797,0.0,0,1788323341197,134,0.0
1788323341,4302.8,4302.85,0.0,0,1788323341225,134,0.0
1788323341,4302.744,4302.794,0.0,0,1788323341247,134,0.0
1788323341,4302.803,4302.853,0.0,0,1788323341382,134,0.0
1788323342,4302.474,4302.524,0.0,0,1788323342256,134,0.0
1788323342,4302.353,4302.403,0.0,0,1788323342271,134,0.0
1788323342,4302.285,4302.335,0.0,0,1788323342346,134,0.0
1788323343,4302.295,4302.345,0.0,0,1788323343513,134,0.0
1788323344,4302.578,4302.628,0.0,0,1788323344882,134,0.0
1788323345,4302.338,4302.388,0.0,0,1788323345954,134,0.0
1788323347,4302.671,4302.721,0.0,0,1788323347163,134,0.0
1788323347,4302.531,4302.581,0.0,0,1788323347185,134,0.0
1788323348,4302.262,4302.312,0.0,0,1788323348661,134,0.0
1788323351,4302.535,4302.585,0.0,0,1788323351399,134,0.0
1788323351,4302.482,4302.532,0.0,0,1788323351548,134,0.0
1788323351,4302.419,4302.469,0.0,0,1788323351568,134,0.0
1788323352,4302.455,4302.505,0.0,0,1788323352602,134,0.0
1788323354,4302.483,4302.533,0.0,0,1788323354188,134,0.0
1788323355,4302.195,4302.245,0.0,0,1788323355254,134,0.0
1788323355,4302.14,4302.19,0.0,0,1788323355268,134,0.0
1788323355,4302.087,4302.137,0.0,0,1788323355277,134,0.0
1788323355,4302.034,4302.084,0.0,0,1788323355298,134,0.0
1788323355,4301.975,4302.025,0.0,0,1788323355316,134,0.0
1788323355,4301.918,4301.968,0.0,0,1788323355326,134,0.0
1788323355,4301.861,4301.911,0.0,0,1788323355336,134,0.0
1788323356,4302.12,4302.17,0.0,0,1788323356591,134,0.0
1788323357,4302.177,4302.227,0.0,0,1788323357661,134,0.0
1788323357,4302.255,4302.305,0.0,0,1788323357663,134,0.0
1788323357,4302.203,4302.253,0.0,0,1788323357718,134,0.0
1788323358,4301.98,4302.03,0.0,0,1788323358851,134,0.0
1788323359,4302.059,4302.109,0.0,0,1788323359506,134,0.0
1788323359,4302.15,4302.2,0.0,0,1788323359512,134,0.0
1788323359,4302.207,4302.257,0.0,0,1788323359514,134,0.0
1788323359,4302.269,4302.319,0.0,0,1788323359521,134,0.0
1788323359,4302.213,4302.263,0.0,0,1788323359759,134,0.0
1788323360,4302.539,4302.589,0.0,0,1788323360474,134,0.0
1788323361,4302.289,4302.339,0.0,0,1788323361956,134,0.0
1788323363,4302.287,4302.337,0.0,0,1788323363028,134,0.0
1788323363,4302.34,4302.39,0.0,0,1788323363255,134,0.0
1788323363,4302.396,4302.446,0.0,0,1788323363281,134,0.0
1788323364,4302.37,4302.42,0.0,0,1788323364308,134,0.0
1788323365,4302.405,4302.455,0.0,0,1788323365042,134,0.0
1788323366,4302.475,4302.525,0.0,0,1788323366068,134,0.0
1788323367,4302.276,4302.326,0.0,0,1788323367362,134,0.0
1788323367,4302.145,4302.195,0.0,0,1788323367497,134,0.0
1788323368,4302.072,4302.122,0.0,0,1788323368284,134,0.0
1788323368,4302.001,4302.051,0.0,0,1788323368310,134,0.0
1788323368,4302.065,4302.115,0.0,0,1788323368376,134,0.0
1788323368,4302.117,4302.167,0.0,0,1788323368392,134,0.0
1788323368,4302.052,4302.102,0.0,0,1788323368470,134,0.0
1788323368,4302.0,4302.05,0.0,0,1788323368517,134,0.0
1788323369,4302.268,4302.318,0.0,0,1788323369569,134,0.0
1788323370,4302.331,4302.381,0.0,0,1788323370087,134,0.0
1788323370,4302.459,4302.509,0.0,0,1788323370108,134,0.0
1788323371,4302.381,4302.431,0.0,0,1788323371381,134,0.0
1788323371,4302.255,4302.305,0.0,0,1788323371943,134,0.0
1788323371,4302.314,4302.364,0.0,0,1788323371947,134,0.0
1788323371,4302.378,4302.428,0.0,0,1788323371968,134,0.0
1788323373,4302.42,4302.47,0.0,0,1788323373160,134,0.0
1788323373,4302.366,4302.416,0.0,0,1788323373234,134,0.0
1788323373,4302.275,4302.325,0.0,0,1788323373255,134,0.0
1788323373,4302.335,4302.385,0.0,0,1788323373471,134,0.0
1788323373,4302.517,4302.567,0.0,0,1788323373844,134,0.0
1788323373,4302.595,4302.645,0.0,0,1788323373852,134,0.0
1788323374,4302.398,4302.448,0.0,0,1788323374501,134,0.0
1788323375,4302.312,4302.362,0.0,0,1788323375544,134,0.0
1788323376,4302.315,4302.365,0.0,0,1788323376653,134,0.0
1788323376,4302.399,4302.449,0.0,0,1788323376674,134,0.0
1788323377,4302.377,4302.427,0.0,0,1788323377999,134,0.0
1788323379,4302.579,4302.629,0.0,0,1788323379160,134,0.0
1788323380,4302.42,4302.47,0.0,0,1788323380384,134,0.0
1788323380,4302.486,4302.536,0.0,0,1788323380399,134,0.0
1788323381,4302.477,4302.527,0.0,0,1788323381490,134,0.0
1788323382,4302.532,4302.582,0.0,0,1788323382315,134,0.0
1788323382,4302.587,4302.637,0.0,0,1788323382317,134,0.0
1788323382,4302.654,4302.704,0.0,0,1788323382320,134,0.0
1788323382,4302.71,4302.76,0.0,0,1788323382330,134,0.0
1788323382,4302.781,4302.831,0.0,0,1788323382343,134,0.0
1788323382,4302.894,4302.944,0.0,0,1788323382364,134,0.0
1788323382,4302.963,4303.013,0.0,0,1788323382466,134,0.0
1788323382,4302.869,4302.919,0.0,0,1788323382487,134,0.0
1788323382,4302.816,4302.866,0.0,0,1788323382571,134,0.0
1788323383,4302.759,4302.809,0.0,0,1788323383456,134,0.0
1788323383,4302.704,4302.754,0.0,0,1788323383470,134,0.0
1788323383,4302.652,4302.702,0.0,0,1788323383497,134,0.0
1788323383,4302.705,4302.755,0.0,0,1788323383617,134,0.0
1788323384,4302.693,4302.743,0.0,0,1788323384697,134,0.0
1788323384,4302.539,4302.589,0.0,0,1788323384730,134,0.0
1788323384,4302.656,4302.706,0.0,0,1788323384935,134,0.0
1788323386,4302.839,4302.889,0.0,0,1788323386354,134,0.0
1788323386,4302.982,4303.032,0.0,0,1788323386783,134,0.0
1788323387,4302.8,4302.85,0.0,0,1788323387268,134,0.0
1788323388,4302.855,4302.905,0.0,0,1788323388138,134,0.0
1788323389,4302.816,4302.866,0.0,0,1788323389198,134,0.0
1788323389,4302.871,4302.921,0.0,0,1788323389845,134,0.0
1788323389,4302.805,4302.855,0.0,0,1788323389937,134,0.0
1788323390,4302.865,4302.915,0.0,0,1788323390204,134,0.0
1788323390,4302.919,4302.969,0.0,0,1788323390216,134,0.0
1788323390,4302.864,4302.914,0.0,0,1788323390300,134,0.0
1788323390,4302.795,4302.845,0.0,0,1788323390339,134,0.0
1788323391,4303.056,4303.106,0.0,0,1788323391340,134,0.0
1788323392,4303.063,4303.113,0.0,0,1788323392252,134,0.0
1788323393,4302.716,4302.766,0.0,0,1788323393617,134,0.0
1788323396,4303.047,4303.097,0.0,0,1788323396068,134,0.0
1788323396,4302.942,4302.992,0.0,0,1788323396089,134,0.0
1788323397,4302.653,4302.703,0.0,0,1788323397789,134,0.0
1788323397,4302.599,4302.649,0.0,0,1788323397824,134,0.0
1788323398,4302.6,4302.65,0.0,0,1788323398998,134,0.0
1788323399,4302.924,4302.974,0.0,0,1788323399664,134,0.0
1788323399,4303.043,4303.093,0.0,0,1788323399744,134,0.0
1788323400,4302.913,4302.963,0.0,0,1788323400115,134,0.0
1788323400,4302.967,4303.017,0.0,0,1788323400123,134,0.0
1788323400,4302.933,4302.983,0.0,0,1788323400215,134,0.0
1788323400,4302.991,4303.041,0.0,0,1788323400248,134,0.0
1788323401,4303.043,4303.093,0.0,0,1788323401126,134,0.0
1788323402,4303.027,4303.077,0.0,0,1788323402132,134,0.0
1788323404,4303.166,4303.216,0.0,0,1788323404041,134,0.0
1788323404,4303.087,4303.137,0.0,0,1788323404957,134,0.0
1788323406,4303.058,4303.108,0.0,0,1788323406041,134,0.0
1788323407,4303.053,4303.103,0.0,0,1788323407056,134,0.0
1788323407,4302.999,4303.049,0.0,0,1788323407186,134,0.0
1788323407,4302.947,4302.997,0.0,0,1788323407210,134,0.0
1788323407,4302.818,4302.868,0.0,0,1788323407245,134,0.0
1788323408,4302.848,4302.898,0.0,0,1788323408448,134,0.0
1788323408,4302.796,4302.846,0.0,0,1788323408554,134,0.0
1788323408,4302.742,4302.792,0.0,0,1788323408564,134,0.0
1788323409,4302.722,4302.772,0.0,0,1788323409762,134,0.0
1788323411,4302.725,4302.775,0.0,0,1788323411217,134,0.0
1788323411,4302.779,4302.829,0.0,0,1788323411370,134,0.0
1788323411,4302.716,4302.766,0.0,0,1788323411531,134,0.0
1788323411,4302.638,4302.688,0.0,0,1788323411576,134,0.0
1788323412,4302.584,4302.634,0.0,0,1788323412457,134,0.0
1788323412,4302.53,4302.58,0.0,0,1788323412499,134,0.0
1788323412,4302.582,4302.632,0.0,0,1788323412962,134,0.0
1788323413,4302.53,4302.58,0.0,0,1788323413408,134,0.0
1788323413,4302.591,4302.641,0.0,0,1788323413563,134,0.0
1788323413,4302.643,4302.693,0.0,0,1788323413567,134,0.0
1788323413,4302.765,4302.815,0.0,0,1788323413571,134,0.0
1788323413,4302.859,4302.909,0.0,0,1788323413592,134,0.0
1788323414,4302.801,4302.851,0.0,0,1788323414525,134,0.0
1788323415,4302.95,4303.0,0.0,0,1788323415517,134,0.0
1788323415,4302.889,4302.939,0.0,0,1788323415529,134,0.0
1788323415,4302.835,4302.885,0.0,0,1788323415549,134,0.0
1788323415,4302.772,4302.822,0.0,0,1788323415695,134,0.0
1788323415,4302.866,4302.916,0.0,0,1788323415730,134,0.0
1788323415,4302.945,4302.995,0.0,0,1788323415826,134,0.0
1788323415,4303.055,4303.105,0.0,0,1788323415850,134,0.0
1788323416,4302.716,4302.766,0.0,0,1788323416295,134,0.0
1788323416,4302.605,4302.655,0.0,0,1788323416866,134,0.0
1788323417,4302.628,4302.678,0.0,0,1788323417945,134,0.0
1788323418,4302.564,4302.614,0.0,0,1788323418427,134,0.0
1788323418,4302.488,4302.538,0.0,0,1788323418442,134,0.0
1788323418,4302.433,4302.483,0.0,0,1788323418616,134,0.0
1788323420,4302.435,4302.485,0.0,0,1788323420151,134,0.0
1788323421,4302.708,4302.758,0.0,0,1788323421513,134,0.0
1788323422,4302.462,4302.512,0.0,0,1788323422945,134,0.0
1788323425,4302.458,4302.508,0.0,0,1788323425272,134,0.0
1788323425,4302.511,4302.561,0.0,0,1788323425979,134,0.0
1788323425,4302.635,4302.685,0.0,0,1788323425987,134,0.0
1788323426,4302.687,4302.737,0.0,0,1788323426181,134,0.0
1788323428,4302.663,4302.713,0.0,0,1788323428159,134,0.0
1788323428,4302.537,4302.587,0.0,0,1788323428351,134,0.0
1788323429,4302.535,4302.585,0.0,0,1788323429608,134,0.0
1788323430,4302.655,4302.705,0.0,0,1788323430359,134,0.0
1788323430,4302.71,4302.76,0.0,0,1788323430369,134,0.0
1788323430,4302.764,4302.814,0.0,0,1788323430373,134,0.0
1788323430,4302.828,4302.878,0.0,0,1788323430375,134,0.0
1788323430,4302.886,4302.936,0.0,0,1788323430375,134,0.0
1788323430,4302.983,4303.033,0.0,0,1788323430395,134,0.0
1788323431,4302.988,4303.038,0.0,0,1788323431433,134,0.0
1788323432,4302.992,4303.042,0.0,0,1788323432662,134,0.0
1788323437,4303.05,4303.1,0.0,0,1788323437562,134,0.0
1788323437,4303.109,4303.159,0.0,0,1788323437573,134,0.0
1788323437,4303.173,4303.223,0.0,0,1788323437575,134,0.0
1788323437,4303.229,4303.279,0.0,0,1788323437636,134,0.0
1788323437,4303.286,4303.336,0.0,0,1788323437659,134,0.0
1788323439,4303.277,4303.327,0.0,0,1788323439009,134,0.0
1788323439,4303.507,4303.557,0.0,0,1788323439924,134,0.0
1788323439,4303.689,4303.739,0.0,0,1788323439941,134,0.0
1788323440,4303.757,4303.807,0.0,0,1788323440403,134,0.0
1788323440,4303.812,4303.862,0.0,0,1788323440422,134,0.0
1788323441,4303.536,4303.586,0.0,0,1788323441642,134,0.0
1788323442,4303.609,4303.659,0.0,0,1788323442363,134,0.0
1788323442,4303.422,4303.472,0.0,0,1788323442383,134,0.0
1788323442,4303.364,4303.414,0.0,0,1788323442747,134,0.0
1788323442,4303.297,4303.347,0.0,0,1788323442763,134,0.0
1788323442,4303.172,4303.222,0.0,0,1788323442773,134,0.0
1788323444,4303.131,4303.181,0.0,0,1788323444038,134,0.0
1788323444,4303.496,4303.546,0.0,0,1788323444543,134,0.0
1788323445,4303.308,4303.358,0.0,0,1788323445292,134,0.0
1788323445,4303.55,4303.6,0.0,0,1788323445319,134,0.0
1788323446,4303.401,4303.451,0.0,0,1788323446395,134,0.0
1788323447,4303.371,4303.421,0.0,0,1788323447665,134,0.0
1788323447,4303.43,4303.48,0.0,0,1788323447687,134,0.0
1788323447,4303.489,4303.539,0.0,0,1788323447867,134,0.0
1788323448,4303.508,4303.558,0.0,0,1788323448909,134,0.0
1788323450,4303.536,4303.586,0.0,0,1788323450768,134,0.0
1788323450,4303.595,4303.645,0.0,0,1788323450771,134,0.0
1788323450,4303.671,4303.721,0.0,0,1788323450773,134,0.0
1788323450,4303.777,4303.827,0.0,0,1788323450786,134,0.0
1788323450,4303.834,4303.884,0.0,0,1788323450791,134,0.0
1788323451,4303.887,4303.937,0.0,0,1788323451105,134,0.0
1788323451,4303.828,4303.878,0.0,0,1788323451123,134,0.0
1788323451,4303.754,4303.804,0.0,0,1788323451134,134,0.0
1788323451,4303.695,4303.745,0.0,0,1788323451139,134,0.0
1788323451,4303.728,4303.778,0.0,0,1788323451159,134,0.0
1788323451,4303.634,4303.684,0.0,0,1788323451166,134,0.0
1788323451,4303.701,4303.751,0.0,0,1788323451579,134,0.0
1788323451,4303.754,4303.804,0.0,0,1788323451648,134,0.0
1788323452,4303.623,4303.673,0.0,0,1788323452239,134,0.0
1788323452,4303.675,4303.725,0.0,0,1788323452243,134,0.0
1788323452,4303.754,4303.804,0.0,0,1788323452247,134,0.0
1788323452,4303.815,4303.865,0.0,0,1788323452251,134,0.0
1788323452,4303.877,4303.927,0.0,0,1788323452252,134,0.0
1788323452,4303.983,4304.033,0.0,0,1788323452258,134,0.0
1788323452,4304.142,4304.192,0.0,0,1788323452265,134,0.0
1788323452,4304.202,4304.252,0.0,0,1788323452268,134,0.0
1788323452,4304.369,4304.419,0.0,0,1788323452283,134,0.0
1788323452,4304.427,4304.477,0.0,0,1788323452288,134,0.0
1788323452,4304.68,4304.73,0.0,0,1788323452303,134,0.0
1788323452,4304.608,4304.658,0.0,0,1788323452318,134,0.0
1788323452,4304.513,4304.563,0.0,0,1788323452339,134,0.0
1788323452,4304.381,4304.431,0.0,0,1788323452352,134,0.0
1788323452,4304.599,4304.649,0.0,0,1788323452466,134,0.0
1788323452,4304.545,4304.595,0.0,0,1788323452484,134,0.0
1788323452,4304.18,4304.23,0.0,0,1788323452505,134,0.0
1788323452,4304.512,4304.562,0.0,0,1788323452770,134,0.0
1788323452,4304.293,4304.343,0.0,0,1788323452996,134,0.0
1788323453,4304.359,4304.409,0.0,0,1788323453006,134,0.0
1788323453,4304.414,4304.464,0.0,0,1788323453014,134,0.0
1788323453,4304.471,4304.521,0.0,0,1788323453098,134,0.0
1788323453,4304.527,4304.577,0.0,0,1788323453556,134,0.0
1788323454,4304.468,4304.518,0.0,0,1788323454029,134,0.0
1788323454,4304.402,4304.452,0.0,0,1788323454047,134,0.0
1788323454,4304.472,4304.522,0.0,0,1788323454055,134,0.0
1788323454,4304.585,4304.635,0.0,0,1788323454068,134,0.0
1788323455,4304.583,4304.633,0.0,0,1788323455104,134,0.0
1788323456,4304.571,4304.621,0.0,0,1788323456170,134,0.0
1788323456,4304.516,4304.566,0.0,0,1788323456190,134,0.0
1788323457,4304.484,4304.534,0.0,0,1788323457375,134,0.0
1788323457,4304.545,4304.595,0.0,0,1788323457388,134,0.0
1788323457,4304.629,4304.679,0.0,0,1788323457415,134,0.0
1788323457,4304.819,4304.869,0.0,0,1788323457496,134,0.0
1788323457,4304.669,4304.719,0.0,0,1788323457812,134,0.0
1788323458,4304.774,4304.824,0.0,0,1788323458213,134,0.0
1788323458,4304.766,4304.816,0.0,0,1788323458821,134,0.0
1788323458,4304.647,4304.697,0.0,0,1788323458827,134,0.0
1788323458,4304.593,4304.643,0.0,0,1788323458839,134,0.0
