time,bid,ask,last,volume,time_msc,flags,volume_real
1788343200,4308.73,4308.77,0.0,0,1788343200082,6,0.0
1788343200,4308.534,4308.574,0.0,0,1788343200303,6,0.0
1788343200,4308.481,4308.521,0.0,0,1788343200380,6,0.0
1788343200,4308.426,4308.466,0.0,0,1788343200405,6,0.0
1788343200,4308.73,4308.77,0.0,0,1788343200451,6,0.0
1788343201,4308.536,4308.576,0.0,0,1788343201108,6,0.0
1788343201,4308.481,4308.521,0.0,0,1788343201130,6,0.0
1788343201,4308.407,4308.447,0.0,0,1788343201134,6,0.0
1788343201,4308.255,4308.305,0.0,0,1788343201148,6,0.0
1788343201,4308.173,4308.223,0.0,0,1788343201168,6,0.0
1788343201,4308.224,4308.274,0.0,0,1788343201239,6,0.0
1788343201,4308.162,4308.212,0.0,0,1788343201268,6,0.0
1788343201,4308.233,4308.283,0.0,0,1788343201511,6,0.0
1788343202,4308.627,4308.677,0.0,0,1788343202369,6,0.0
1788343202,4308.681,4308.731,0.0,0,1788343202396,6,0.0
1788343203,4308.669,4308.719,0.0,0,1788343203346,6,0.0
1788343203,4308.295,4308.335,0.0,0,1788343203773,6,0.0
1788343204,4308.411,4308.451,0.0,0,1788343204108,6,0.0
1788343204,4308.467,4308.507,0.0,0,1788343204251,6,0.0
1788343204,4308.554,4308.594,0.0,0,1788343204692,6,0.0
1788343204,4308.831,4308.871,0.0,0,1788343204717,6,0.0
1788343205,4308.859,4308.909,0.0,0,1788343205882,6,0.0
1788343206,4308.619,4308.659,0.0,0,1788343206915,6,0.0
1788343208,4308.923,4308.963,0.0,0,1788343208845,6,0.0
1788343208,4308.982,4309.022,0.0,0,1788343208851,6,0.0
1788343208,4309.121,4309.171,0.0,0,1788343208867,6,0.0
1788343208,4309.172,4309.222,0.0,0,1788343208875,6,0.0
1788343208,4309.115,4309.165,0.0,0,1788343208910,6,0.0
1788343208,4309.053,4309.103,0.0,0,1788343208913,6,0.0
1788343208,4308.972,4309.022,0.0,0,1788343208926,6,0.0
1788343208,4308.781,4308.831,0.0,0,1788343208946,6,0.0
1788343208,4308.726,4308.776,0.0,0,1788343208966,6,0.0
1788343209,4308.673,4308.723,0.0,0,1788343209193,6,0.0
1788343209,4308.619,4308.669,0.0,0,1788343209378,6,0.0
1788343209,4308.559,4308.609,0.0,0,1788343209393,6,0.0
1788343209,4308.613,4308.663,0.0,0,1788343209592,6,0.0
1788343210,4308.618,4308.668,0.0,0,1788343210984,6,0.0
1788343211,4308.67,4308.72,0.0,0,1788343211003,6,0.0
1788343211,4308.722,4308.772,0.0,0,1788343211068,6,0.0
1788343212,4308.707,4308.757,0.0,0,1788343212101,6,0.0
1788343212,4308.833,4308.883,0.0,0,1788343212377,6,0.0
1788343213,4308.693,4308.743,0.0,0,1788343213346,6,0.0
1788343213,4308.639,4308.689,0.0,0,1788343213366,6,0.0
1788343213,4308.587,4308.637,0.0,0,1788343213679,6,0.0
1788343214,4308.531,4308.581,0.0,0,1788343214014,6,0.0
1788343214,4308.585,4308.635,0.0,0,1788343214285,6,0.0
1788343214,4308.641,4308.691,0.0,0,1788343214327,6,0.0
1788343214,4308.777,4308.827,0.0,0,1788343214353,6,0.0
1788343214,4308.874,4308.924,0.0,0,1788343214368,6,0.0
1788343214,4308.818,4308.868,0.0,0,1788343214428,6,0.0
1788343214,4308.752,4308.802,0.0,0,1788343214468,6,0.0
1788343215,4308.816,4308.866,0.0,0,1788343215245,6,0.0
1788343215,4308.871,4308.921,0.0,0,1788343215489,6,0.0
1788343216,4308.86,4308.91,0.0,0,1788343216527,6,0.0
1788343216,4308.806,4308.856,0.0,0,1788343216920,6,0.0
1788343216,4308.675,4308.725,0.0,0,1788343216931,6,0.0
1788343216,4308.617,4308.667,0.0,0,1788343216946,6,0.0
1788343216,4308.564,4308.614,0.0,0,1788343216959,6,0.0
1788343217,4308.616,4308.666,0.0,0,1788343217042,6,0.0
1788343217,4308.707,4308.757,0.0,0,1788343217255,6,0.0
1788343217,4308.826,4308.876,0.0,0,1788343217955,6,0.0
1788343218,4308.77,4308.82,0.0,0,1788343218178,6,0.0
1788343219,4308.784,4308.834,0.0,0,1788343219178,6,0.0
1788343219,4308.843,4308.893,0.0,0,1788343219630,6,0.0
1788343219,4308.899,4308.949,0.0,0,1788343219649,6,0.0
1788343219,4308.843,4308.893,0.0,0,1788343219954,6,0.0
1788343220,4308.775,4308.825,0.0,0,1788343220414,6,0.0
1788343221,4308.668,4308.718,0.0,0,1788343221282,6,0.0
1788343221,4308.592,4308.642,0.0,0,1788343221295,6,0.0
1788343221,4308.656,4308.706,0.0,0,1788343221733,6,0.0
1788343222,4308.79,4308.84,0.0,0,1788343222576,6,0.0
1788343222,4308.842,4308.892,0.0,0,1788343222596,6,0.0
1788343222,4308.899,4308.949,0.0,0,1788343222692,6,0.0
1788343223,4308.837,4308.887,0.0,0,1788343223610,6,0.0
1788343224,4308.691,4308.741,0.0,0,1788343224062,6,0.0
1788343224,4308.56,4308.61,0.0,0,1788343224652,6,0.0
1788343225,4308.895,4308.945,0.0,0,1788343225429,6,0.0
1788343225,4308.833,4308.883,0.0,0,1788343225961,6,0.0
1788343227,4308.595,4308.635,0.0,0,1788343227093,6,0.0
1788343228,4308.574,4308.614,0.0,0,1788343228111,6,0.0
1788343228,4308.627,4308.667,0.0,0,1788343228164,6,0.0
1788343228,4308.824,4308.864,0.0,0,1788343228614,6,0.0
1788343229,4308.697,4308.737,0.0,0,1788343229068,6,0.0
1788343229,4308.772,4308.812,0.0,0,1788343229239,6,0.0
1788343229,4308.863,4308.903,0.0,0,1788343229249,6,0.0
1788343230,4308.663,4308.703,0.0,0,1788343230112,6,0.0
1788343231,4308.931,4308.971,0.0,0,1788343231723,6,0.0
1788343232,4308.948,4308.988,0.0,0,1788343232725,6,0.0
1788343232,4309.006,4309.046,0.0,0,1788343232747,6,0.0
1788343233,4308.955,4308.995,0.0,0,1788343233182,6,0.0
1788343233,4308.903,4308.943,0.0,0,1788343233202,6,0.0
1788343234,4308.629,4308.669,0.0,0,1788343234555,6,0.0
1788343235,4308.766,4308.806,0.0,0,1788343235110,6,0.0
1788343235,4308.879,4308.919,0.0,0,1788343235163,6,0.0
1788343235,4308.764,4308.804,0.0,0,1788343235231,6,0.0
1788343235,4308.712,4308.752,0.0,0,1788343235257,6,0.0
1788343235,4308.622,4308.662,0.0,0,1788343235352,6,0.0
1788343235,4308.678,4308.728,0.0,0,1788343235372,6,0.0
1788343235,4308.668,4308.708,0.0,0,1788343235928,6,0.0
1788343235,4308.721,4308.761,0.0,0,1788343235990,6,0.0
1788343236,4308.834,4308.874,0.0,0,1788343236165,6,0.0
1788343236,4308.89,4308.93,0.0,0,1788343236254,6,0.0
1788343236,4308.755,4308.795,0.0,0,1788343236472,6,0.0
1788343236,4308.872,4308.912,0.0,0,1788343236593,6,0.0
1788343236,4308.925,4308.965,0.0,0,1788343236833,6,0.0
1788343236,4308.99,4309.03,0.0,0,1788343236861,6,0.0
1788343237,4308.917,4308.957,0.0,0,1788343237460,6,0.0
1788343238,4308.721,4308.761,0.0,0,1788343238429,6,0.0
1788343239,4308.987,4309.027,0.0,0,1788343239755,6,0.0
1788343240,4309.044,4309.084,0.0,0,1788343240224,6,0.0
1788343240,4309.095,4309.135,0.0,0,1788343240233,6,0.0
1788343240,4309.147,4309.187,0.0,0,1788343240372,6,0.0
1788343240,4308.836,4308.876,0.0,0,1788343240450,6,0.0
1788343240,4308.76,4308.81,0.0,0,1788343240456,6,0.0
1788343240,4308.837,4308.877,0.0,0,1788343240875,6,0.0
1788343240,4308.917,4308.957,0.0,0,1788343240896,6,0.0
1788343241,4308.852,4308.902,0.0,0,1788343241123,6,0.0
1788343241,4308.906,4308.956,0.0,0,1788343241441,6,0.0
1788343241,4308.968,4309.018,0.0,0,1788343241448,6,0.0
1788343242,4308.934,4308.984,0.0,0,1788343242494,6,0.0
1788343243,4309.204,4309.244,0.0,0,1788343243556,6,0.0
1788343243,4308.892,4308.932,0.0,0,1788343243781,6,0.0
1788343243,4308.86,4308.9,0.0,0,1788343243810,6,0.0
1788343243,4308.781,4308.831,0.0,0,1788343243821,6,0.0
1788343243,4308.729,4308.779,0.0,0,1788343243829,6,0.0
1788343243,4308.657,4308.707,0.0,0,1788343243840,6,0.0
1788343243,4308.605,4308.655,0.0,0,1788343243841,6,0.0
1788343243,4308.468,4308.518,0.0,0,1788343243886,6,0.0
1788343244,4308.803,4308.853,0.0,0,1788343244030,6,0.0
1788343244,4308.866,4308.916,0.0,0,1788343244049,6,0.0
1788343244,4308.918,4308.968,0.0,0,1788343244082,6,0.0
1788343244,4308.853,4308.903,0.0,0,1788343244516,6,0.0
1788343244,4308.753,4308.803,0.0,0,1788343244531,6,0.0
1788343244,4308.482,4308.532,0.0,0,1788343244757,6,0.0
1788343244,4308.399,4308.449,0.0,0,1788343244889,6,0.0
1788343245,4308.338,4308.388,0.0,0,1788343245009,6,0.0
1788343245,4308.67,4308.72,0.0,0,1788343245242,6,0.0
1788343245,4308.737,4308.787,0.0,0,1788343245250,6,0.0
1788343245,4308.79,4308.84,0.0,0,1788343245258,6,0.0
1788343245,4308.907,4308.957,0.0,0,1788343245642,6,0.0
1788343245,4308.963,4309.013,0.0,0,1788343245749,6,0.0
1788343246,4308.705,4308.755,0.0,0,1788343246755,6,0.0
1788343247,4308.967,4309.017,0.0,0,1788343247977,6,0.0
1788343248,4308.913,4308.963,0.0,0,1788343248187,6,0.0
1788343249,4308.652,4308.702,0.0,0,1788343249338,6,0.0
1788343250,4308.712,4308.762,0.0,0,1788343250221,6,0.0
1788343250,4308.764,4308.814,0.0,0,1788343250432,6,0.0
1788343251,4309.025,4309.075,0.0,0,1788343251644,6,0.0
1788343252,4309.085,4309.135,0.0,0,1788343252502,6,0.0
1788343252,4309.147,4309.197,0.0,0,1788343252530,6,0.0
1788343253,4308.926,4308.976,0.0,0,1788343253169,6,0.0
1788343253,4308.872,4308.922,0.0,0,1788343253241,6,0.0
1788343253,4308.818,4308.868,0.0,0,1788343253400,6,0.0
1788343253,4308.753,4308.803,0.0,0,1788343253406,6,0.0
1788343253,4308.812,4308.862,0.0,0,1788343253419,6,0.0
1788343253,4308.868,4308.918,0.0,0,1788343253421,6,0.0
1788343253,4308.928,4308.978,0.0,0,1788343253427,6,0.0
1788343253,4308.865,4308.915,0.0,0,1788343253469,6,0.0
1788343253,4308.802,4308.852,0.0,0,1788343253475,6,0.0
1788343253,4308.675,4308.725,0.0,0,1788343253487,6,0.0
1788343253,4308.798,4308.848,0.0,0,1788343253527,6,0.0
1788343254,4308.864,4308.914,0.0,0,1788343254129,6,0.0
1788343254,4308.949,4308.999,0.0,0,1788343254130,6,0.0
1788343254,4309.013,4309.063,0.0,0,1788343254133,6,0.0
1788343254,4308.953,4309.003,0.0,0,1788343254138,6,0.0
1788343254,4309.01,4309.06,0.0,0,1788343254148,6,0.0
1788343254,4309.089,4309.139,0.0,0,1788343254150,6,0.0
1788343254,4309.025,4309.075,0.0,0,1788343254191,6,0.0
1788343254,4308.971,4309.021,0.0,0,1788343254214,6,0.0
1788343255,4309.234,4309.284,0.0,0,1788343255219,6,0.0
1788343255,4309.105,4309.155,0.0,0,1788343255272,6,0.0
1788343255,4309.223,4309.273,0.0,0,1788343255839,6,0.0
1788343255,4309.103,4309.153,0.0,0,1788343255939,6,0.0
1788343255,4309.049,4309.099,0.0,0,1788343255949,6,0.0
1788343256,4309.034,4309.084,0.0,0,1788343256955,6,0.0
1788343258,4309.029,4309.079,0.0,0,1788343258199,6,0.0
1788343258,4308.977,4309.027,0.0,0,1788343258713,6,0.0
1788343259,4309.033,4309.083,0.0,0,1788343259078,6,0.0
1788343260,4309.018,4309.068,0.0,0,1788343260088,6,0.0
1788343260,4308.966,4309.016,0.0,0,1788343260108,6,0.0
1788343260,4308.907,4308.957,0.0,0,1788343260129,6,0.0
1788343260,4308.97,4309.02,0.0,0,1788343260186,6,0.0
1788343260,4308.913,4308.963,0.0,0,1788343260247,6,0.0
1788343260,4308.851,4308.901,0.0,0,1788343260268,6,0.0
1788343261,4308.728,4308.778,0.0,0,1788343261409,6,0.0
1788343261,4308.791,4308.841,0.0,0,1788343261972,6,0.0
1788343262,4308.929,4308.979,0.0,0,1788343262543,6,0.0
1788343262,4309.051,4309.101,0.0,0,1788343262644,6,0.0
1788343262,4308.935,4308.985,0.0,0,1788343262857,6,0.0
1788343262,4308.88,4308.93,0.0,0,1788343262887,6,0.0
1788343263,4308.932,4308.982,0.0,0,1788343263744,6,0.0
1788343264,4308.777,4308.827,0.0,0,1788343264178,6,0.0
1788343264,4308.831,4308.881,0.0,0,1788343264537,6,0.0
1788343264,4308.876,4308.926,0.0,0,1788343264643,6,0.0
1788343264,4308.659,4308.709,0.0,0,1788343264687,6,0.0
1788343264,4308.764,4308.814,0.0,0,1788343264786,6,0.0
1788343265,4308.83,4308.88,0.0,0,1788343265227,6,0.0
1788343265,4309.03,4309.08,0.0,0,1788343265253,6,0.0
1788343265,4308.803,4308.853,0.0,0,1788343265569,6,0.0
1788343265,4308.96,4309.01,0.0,0,1788343265792,6,0.0
1788343266,4309.061,4309.101,0.0,0,1788343266242,6,0.0
1788343266,4309.12,4309.16,0.0,0,1788343266245,6,0.0
1788343266,4309.16,4309.21,0.0,0,1788343266248,6,0.0
1788343266,4309.374,4309.424,0.0,0,1788343266665,6,0.0
1788343266,4309.158,4309.208,0.0,0,1788343266888,6,0.0
1788343267,4309.216,4309.266,0.0,0,1788343267883,6,0.0
1788343268,4309.281,4309.321,0.0,0,1788343268050,6,0.0
1788343268,4309.334,4309.374,0.0,0,1788343268090,6,0.0
1788343268,4309.391,4309.431,0.0,0,1788343268094,6,0.0
1788343268,4309.312,4309.362,0.0,0,1788343268098,6,0.0
1788343268,4309.38,4309.43,0.0,0,1788343268113,6,0.0
1788343268,4309.434,4309.484,0.0,0,1788343268131,6,0.0
1788343268,4309.349,4309.399,0.0,0,1788343268165,6,0.0
1788343268,4309.294,4309.344,0.0,0,1788343268188,6,0.0
1788343268,4309.21,4309.26,0.0,0,1788343268193,6,0.0
1788343268,4309.362,4309.412,0.0,0,1788343268921,6,0.0
1788343269,4309.24,4309.29,0.0,0,1788343269083,6,0.0
1788343269,4309.121,4309.171,0.0,0,1788343269219,6,0.0
1788343270,4308.977,4309.027,0.0,0,1788343270233,6,0.0
1788343270,4309.307,4309.357,0.0,0,1788343270639,6,0.0
1788343270,4309.435,4309.485,0.0,0,1788343270663,6,0.0
1788343271,4309.404,4309.454,0.0,0,1788343271581,6,0.0
1788343271,4309.37,4309.42,0.0,0,1788343271614,6,0.0
1788343271,4309.409,4309.459,0.0,0,1788343271633,6,0.0
1788343271,4309.477,4309.527,0.0,0,1788343271978,6,0.0
1788343272,4309.532,4309.582,0.0,0,1788343272079,6,0.0
1788343272,4309.591,4309.641,0.0,0,1788343272181,6,0.0
1788343272,4309.495,4309.545,0.0,0,1788343272283,6,0.0
1788343272,4309.442,4309.492,0.0,0,1788343272323,6,0.0
1788343273,4309.71,4309.76,0.0,0,1788343273378,6,0.0
1788343274,4309.559,4309.609,0.0,0,1788343274344,6,0.0
1788343274,4309.251,4309.301,0.0,0,1788343274770,6,0.0
1788343275,4309.369,4309.419,0.0,0,1788343275072,6,0.0
1788343276,4309.632,4309.682,0.0,0,1788343276089,6,0.0
1788343277,4309.668,4309.718,0.0,0,1788343277090,6,0.0
1788343277,4309.449,4309.499,0.0,0,1788343277387,6,0.0
1788343277,4309.511,4309.561,0.0,0,1788343277432,6,0.0
1788343277,4309.569,4309.619,0.0,0,1788343277452,6,0.0
1788343277,4309.528,4309.568,0.0,0,1788343277630,6,0.0
1788343277,4309.453,4309.503,0.0,0,1788343277655,6,0.0
1788343277,4309.505,4309.555,0.0,0,1788343277865,6,0.0
1788343278,4309.823,4309.863,0.0,0,1788343278390,6,0.0
1788343278,4309.764,4309.804,0.0,0,1788343278536,6,0.0
1788343278,4309.602,4309.642,0.0,0,1788343278670,6,0.0
1788343278,4309.517,4309.557,0.0,0,1788343278679,6,0.0
1788343278,4309.368,4309.408,0.0,0,1788343278723,6,0.0
1788343279,4309.59,4309.64,0.0,0,1788343279422,6,0.0
1788343279,4309.711,4309.761,0.0,0,1788343279445,6,0.0
1788343280,4309.441,4309.481,0.0,0,1788343280689,6,0.0
1788343280,4309.325,4309.365,0.0,0,1788343280872,6,0.0
1788343281,4309.438,4309.478,0.0,0,1788343281072,6,0.0
1788343281,4309.321,4309.361,0.0,0,1788343281273,6,0.0
1788343281,4309.265,4309.305,0.0,0,1788343281283,6,0.0
1788343281,4309.185,4309.235,0.0,0,1788343281380,6,0.0
1788343281,4309.131,4309.181,0.0,0,1788343281394,6,0.0
1788343282,4309.459,4309.509,0.0,0,1788343282023,6,0.0
1788343282,4309.398,4309.448,0.0,0,1788343282058,6,0.0
1788343282,4309.34,4309.39,0.0,0,1788343282856,6,0.0
1788343282,4309.268,4309.318,0.0,0,1788343282863,6,0.0
1788343283,4309.323,4309.373,0.0,0,1788343283026,6,0.0
1788343283,4309.382,4309.432,0.0,0,1788343283110,6,0.0
1788343283,4309.437,4309.487,0.0,0,1788343283203,6,0.0
1788343283,4309.356,4309.406,0.0,0,1788343283724,6,0.0
1788343283,4309.246,4309.296,0.0,0,1788343283736,6,0.0
1788343283,4309.185,4309.235,0.0,0,1788343283754,6,0.0
1788343283,4309.133,4309.183,0.0,0,1788343283756,6,0.0
1788343283,4309.071,4309.121,0.0,0,1788343283777,6,0.0
1788343283,4309.004,4309.054,0.0,0,1788343283857,6,0.0
1788343283,4308.947,4308.997,0.0,0,1788343283874,6,0.0
1788343283,4308.893,4308.943,0.0,0,1788343283897,6,0.0
1788343284,4308.945,4308.995,0.0,0,1788343284134,6,0.0
1788343284,4309.006,4309.056,0.0,0,1788343284158,6,0.0
1788343284,4309.076,4309.126,0.0,0,1788343284170,6,0.0
1788343284,4308.746,4308.796,0.0,0,1788343284603,6,0.0
1788343284,4308.683,4308.733,0.0,0,1788343284618,6,0.0
1788343285,4308.937,4308.987,0.0,0,1788343285626,6,0.0
1788343285,4308.99,4309.04,0.0,0,1788343285678,6,0.0
1788343285,4309.045,4309.095,0.0,0,1788343285680,6,0.0
1788343285,4309.174,4309.224,0.0,0,1788343285685,6,0.0
1788343285,4309.055,4309.105,0.0,0,1788343285735,6,0.0
1788343286,4309.173,4309.223,0.0,0,1788343286414,6,0.0
1788343286,4309.254,4309.304,0.0,0,1788343286434,6,0.0
1788343286,4309.312,4309.362,0.0,0,1788343286449,6,0.0
1788343286,4309.371,4309.421,0.0,0,1788343286499,6,0.0
1788343286,4309.426,4309.476,0.0,0,1788343286576,6,0.0
1788343286,4309.23,4309.28,0.0,0,1788343286864,6,0.0
1788343286,4309.124,4309.174,0.0,0,1788343286884,6,0.0
1788343287,4309.049,4309.099,0.0,0,1788343287902,6,0.0
1788343288,4309.101,4309.151,0.0,0,1788343288161,6,0.0
1788343289,4309.417,4309.467,0.0,0,1788343289296,6,0.0
1788343289,4309.364,4309.414,0.0,0,1788343289562,6,0.0
1788343290,4309.052,4309.102,0.0,0,1788343290735,6,0.0
1788343291,4308.952,4309.002,0.0,0,1788343291738,6,0.0
1788343292,4309.221,4309.271,0.0,0,1788343292856,6,0.0
1788343293,4309.212,4309.262,0.0,0,1788343293978,6,0.0
1788343294,4308.883,4308.933,0.0,0,1788343294105,6,0.0
1788343294,4308.812,4308.862,0.0,0,1788343294107,6,0.0
1788343294,4308.758,4308.808,0.0,0,1788343294113,6,0.0
1788343294,4308.668,4308.718,0.0,0,1788343294133,6,0.0
1788343294,4308.609,4308.659,0.0,0,1788343294276,6,0.0
1788343294,4308.681,4308.731,0.0,0,1788343294316,6,0.0
1788343295,4308.965,4309.015,0.0,0,1788343295408,6,0.0
1788343295,4309.02,4309.07,0.0,0,1788343295483,6,0.0
1788343295,4308.968,4309.018,0.0,0,1788343295779,6,0.0
1788343296,4308.915,4308.965,0.0,0,1788343296043,6,0.0
1788343296,4308.968,4309.018,0.0,0,1788343296386,6,0.0
1788343296,4308.916,4308.966,0.0,0,1788343296993,6,0.0
1788343297,4308.858,4308.908,0.0,0,1788343297036,6,0.0
1788343298,4308.554,4308.604,0.0,0,1788343298084,6,0.0
1788343299,4308.763,4308.813,0.0,0,1788343299075,6,0.0
1788343299,4308.696,4308.746,0.0,0,1788343299085,6,0.0
1788343299,4308.642,4308.692,0.0,0,1788343299108,6,0.0
1788343299,4308.586,4308.636,0.0,0,1788343299135,6,0.0
1788343299,4308.521,4308.571,0.0,0,1788343299799,6,0.0
1788343299,4308.464,4308.514,0.0,0,1788343299856,6,0.0
1788343299,4308.398,4308.448,0.0,0,1788343299880,6,0.0
1788343300,4308.325,4308.375,0.0,0,1788343300061,6,0.0
1788343301,4308.309,4308.359,0.0,0,1788343301062,6,0.0
1788343301,4308.38,4308.43,0.0,0,1788343301072,6,0.0
1788343301,4308.439,4308.489,0.0,0,1788343301074,6,0.0
1788343301,4308.511,4308.561,0.0,0,1788343301090,6,0.0
1788343301,4308.563,4308.613,0.0,0,1788343301133,6,0.0
1788343301,4308.511,4308.561,0.0,0,1788343301716,6,0.0
1788343301,4308.457,4308.507,0.0,0,1788343301818,6,0.0
1788343302,4308.248,4308.298,0.0,0,1788343302440,6,0.0
1788343303,4308.28,4308.33,0.0,0,1788343303443,6,0.0
1788343304,4308.405,4308.455,0.0,0,1788343304204,6,0.0
1788343304,4308.731,4308.781,0.0,0,1788343304398,6,0.0
1788343304,4308.671,4308.721,0.0,0,1788343304492,6,0.0
1788343305,4308.291,4308.341,0.0,0,1788343305493,6,0.0
1788343305,4308.232,4308.282,0.0,0,1788343305553,6,0.0
1788343305,4308.18,4308.23,0.0,0,1788343305869,6,0.0
1788343306,4308.128,4308.178,0.0,0,1788343306023,6,0.0
1788343306,4308.416,4308.466,0.0,0,1788343306872,6,0.0
1788343306,4308.469,4308.519,0.0,0,1788343306912,6,0.0
1788343307,4308.471,4308.511,0.0,0,1788343307960,6,0.0
1788343307,4308.593,4308.633,0.0,0,1788343307997,6,0.0
1788343309,4308.342,4308.392,0.0,0,1788343309037,6,0.0
1788343309,4308.234,4308.274,0.0,0,1788343309063,6,0.0
1788343309,4308.182,4308.222,0.0,0,1788343309073,6,0.0
1788343309,4308.106,4308.156,0.0,0,1788343309081,6,0.0
1788343309,4308.052,4308.102,0.0,0,1788343309098,6,0.0
1788343309,4307.999,4308.049,0.0,0,1788343309118,6,0.0
1788343309,4308.219,4308.269,0.0,0,1788343309447,6,0.0
1788343309,4308.055,4308.105,0.0,0,1788343309481,6,0.0
1788343309,4307.905,4307.955,0.0,0,1788343309928,6,0.0
1788343309,4307.972,4308.022,0.0,0,1788343309947,6,0.0
1788343310,4308.298,4308.348,0.0,0,1788343310373,6,0.0
1788343310,4308.379,4308.429,0.0,0,1788343310422,6,0.0
1788343311,4308.398,4308.448,0.0,0,1788343311427,6,0.0
1788343311,4308.297,4308.347,0.0,0,1788343311883,6,0.0
1788343313,4308.152,4308.202,0.0,0,1788343313211,6,0.0
1788343313,4308.032,4308.082,0.0,0,1788343313355,6,0.0
1788343313,4307.977,4308.027,0.0,0,1788343313375,6,0.0
1788343313,4307.923,4307.973,0.0,0,1788343313606,6,0.0
1788343313,4307.871,4307.921,0.0,0,1788343313627,6,0.0
1788343313,4308.082,4308.132,0.0,0,1788343313862,6,0.0
1788343314,4308.027,4308.067,0.0,0,1788343314677,6,0.0
1788343314,4308.079,4308.119,0.0,0,1788343314983,6,0.0
1788343315,4308.138,4308.178,0.0,0,1788343315431,6,0.0
1788343316,4307.831,4307.871,0.0,0,1788343316032,6,0.0
1788343316,4307.967,4308.007,0.0,0,1788343316355,6,0.0
1788343316,4308.27,4308.31,0.0,0,1788343316386,6,0.0
1788343316,4308.158,4308.198,0.0,0,1788343316564,6,0.0
1788343316,4307.851,4307.891,0.0,0,1788343316921,6,0.0
1788343317,4307.924,4307.964,0.0,0,1788343317013,6,0.0
1788343319,4308.179,4308.219,0.0,0,1788343319020,6,0.0
1788343319,4308.306,4308.346,0.0,0,1788343319264,6,0.0
1788343319,4308.186,4308.226,0.0,0,1788343319428,6,0.0
1788343320,4308.058,4308.098,0.0,0,1788343320132,6,0.0
1788343320,4307.926,4307.966,0.0,0,1788343320242,6,0.0
1788343320,4307.844,4307.894,0.0,0,1788343320261,6,0.0
1788343320,4308.006,4308.046,0.0,0,1788343320561,6,0.0
1788343320,4308.138,4308.178,0.0,0,1788343320583,6,0.0
1788343321,4307.893,4307.933,0.0,0,1788343321098,6,0.0
1788343321,4307.821,4307.871,0.0,0,1788343321123,6,0.0
1788343321,4307.894,4307.934,0.0,0,1788343321442,6,0.0
1788343322,4308.125,4308.165,0.0,0,1788343322453,6,0.0
1788343323,4307.946,4307.986,0.0,0,1788343323507,6,0.0
1788343323,4308.197,4308.237,0.0,0,1788343323822,6,0.0
1788343323,4308.022,4308.062,0.0,0,1788343323870,6,0.0
1788343324,4307.907,4307.947,0.0,0,1788343324300,6,0.0
1788343325,4307.895,4307.935,0.0,0,1788343325312,6,0.0
1788343325,4308.094,4308.134,0.0,0,1788343325734,6,0.0
1788343325,4308.034,4308.074,0.0,0,1788343325756,6,0.0
1788343326,4308.017,4308.057,0.0,0,1788343326461,6,0.0
1788343326,4307.936,4307.976,0.0,0,1788343326793,6,0.0
1788343326,4308.015,4308.055,0.0,0,1788343326824,6,0.0
1788343326,4308.069,4308.109,0.0,0,1788343326854,6,0.0
1788343326,4308.0,4308.04,0.0,0,1788343326994,6,0.0
1788343327,4308.052,4308.092,0.0,0,1788343327100,6,0.0
1788343328,4308.083,4308.123,0.0,0,1788343328123,6,0.0
1788343328,4308.127,4308.167,0.0,0,1788343328250,6,0.0
1788343328,4308.179,4308.219,0.0,0,1788343328580,6,0.0
1788343329,4308.099,4308.139,0.0,0,1788343329172,6,0.0
1788343329,4308.021,4308.061,0.0,0,1788343329184,6,0.0
1788343329,4308.04,4308.08,0.0,0,1788343329954,6,0.0
1788343329,4307.979,4308.019,0.0,0,1788343329976,6,0.0
1788343330,4307.889,4307.939,0.0,0,1788343330081,6,0.0
1788343330,4308.012,4308.062,0.0,0,1788343330250,6,0.0
1788343330,4308.095,4308.145,0.0,0,1788343330263,6,0.0
1788343330,4308.15,4308.2,0.0,0,1788343330344,6,0.0
1788343331,4308.095,4308.145,0.0,0,1788343331109,6,0.0
1788343331,4308.042,4308.092,0.0,0,1788343331136,6,0.0
1788343331,4307.924,4307.974,0.0,0,1788343331585,6,0.0
1788343331,4308.121,4308.171,0.0,0,1788343331725,6,0.0
1788343331,4308.283,4308.333,0.0,0,1788343331906,6,0.0
1788343332,4308.08,4308.12,0.0,0,1788343332907,6,0.0
1788343333,4307.99,4308.03,0.0,0,1788343333916,6,0.0
1788343334,4307.963,4308.003,0.0,0,1788343334919,6,0.0
1788343334,4308.157,4308.197,0.0,0,1788343334977,6,0.0
1788343335,4308.226,4308.266,0.0,0,1788343335082,6,0.0
1788343335,4308.161,4308.201,0.0,0,1788343335143,6,0.0
1788343336,4308.154,4308.204,0.0,0,1788343336205,6,0.0
1788343337,4308.067,4308.107,0.0,0,1788343337348,6,0.0
1788343337,4307.928,4307.968,0.0,0,1788343337367,6,0.0
1788343337,4307.771,4307.811,0.0,0,1788343337380,6,0.0
1788343337,4308.078,4308.118,0.0,0,1788343337576,6,0.0
1788343337,4308.027,4308.067,0.0,0,1788343337769,6,0.0
1788343338,4308.079,4308.119,0.0,0,1788343338450,6,0.0
1788343339,4307.822,4307.862,0.0,0,1788343339451,6,0.0
1788343339,4308.018,4308.058,0.0,0,1788343339732,6,0.0
1788343340,4307.994,4308.034,0.0,0,1788343340876,6,0.0
1788343342,4307.726,4307.766,0.0,0,1788343342503,6,0.0
1788343342,4308.036,4308.076,0.0,0,1788343342860,6,0.0
1788343343,4307.701,4307.741,0.0,0,1788343343084,6,0.0
1788343343,4307.638,4307.678,0.0,0,1788343343086,6,0.0
1788343343,4307.546,4307.586,0.0,0,1788343343087,6,0.0
1788343343,4307.469,4307.519,0.0,0,1788343343092,6,0.0
1788343343,4307.372,4307.422,0.0,0,1788343343101,6,0.0
1788343343,4307.313,4307.363,0.0,0,1788343343121,6,0.0
1788343343,4307.258,4307.308,0.0,0,1788343343284,6,0.0
1788343343,4307.183,4307.233,0.0,0,1788343343302,6,0.0
1788343343,4307.13,4307.18,0.0,0,1788343343342,6,0.0
1788343343,4307.212,4307.262,0.0,0,1788343343462,6,0.0
1788343343,4307.266,4307.316,0.0,0,1788343343466,6,0.0
1788343343,4307.321,4307.371,0.0,0,1788343343574,6,0.0
1788343344,4307.554,4307.604,0.0,0,1788343344648,6,0.0
1788343344,4307.615,4307.665,0.0,0,1788343344755,6,0.0
1788343344,4307.738,4307.788,0.0,0,1788343344889,6,0.0
1788343345,4307.799,4307.849,0.0,0,1788343345799,6,0.0
1788343346,4307.586,4307.636,0.0,0,1788343346024,6,0.0
1788343346,4307.53,4307.58,0.0,0,1788343346302,6,0.0
1788343346,4307.4,4307.45,0.0,0,1788343346314,6,0.0
1788343346,4307.527,4307.577,0.0,0,1788343346578,6,0.0
1788343346,4307.35,4307.4,0.0,0,1788343346583,6,0.0
1788343346,4307.195,4307.245,0.0,0,1788343346591,6,0.0
1788343347,4307.493,4307.543,0.0,0,1788343347591,6,0.0
1788343348,4307.421,4307.471,0.0,0,1788343348095,6,0.0
1788343348,4307.355,4307.405,0.0,0,1788343348115,6,0.0
1788343348,4307.409,4307.459,0.0,0,1788343348892,6,0.0
1788343348,4307.376,4307.426,0.0,0,1788343348931,6,0.0
1788343349,4307.389,4307.439,0.0,0,1788343349604,6,0.0
1788343349,4307.285,4307.335,0.0,0,1788343349696,6,0.0
1788343350,4307.517,4307.567,0.0,0,1788343350882,6,0.0
1788343350,4307.637,4307.687,0.0,0,1788343350885,6,0.0
1788343350,4307.698,4307.748,0.0,0,1788343350902,6,0.0
1788343350,4307.53,4307.58,0.0,0,1788343350973,6,0.0
1788343351,4307.425,4307.475,0.0,0,1788343351189,6,0.0
1788343351,4307.642,4307.692,0.0,0,1788343351213,6,0.0
1788343351,4307.524,4307.574,0.0,0,1788343351217,6,0.0
1788343351,4307.434,4307.484,0.0,0,1788343351231,6,0.0
1788343351,4307.313,4307.363,0.0,0,1788343351366,6,0.0
1788343352,4307.634,4307.684,0.0,0,1788343352020,6,0.0
1788343352,4307.512,4307.562,0.0,0,1788343352898,6,0.0
1788343354,4307.478,4307.528,0.0,0,1788343354031,6,0.0
1788343354,4307.151,4307.201,0.0,0,1788343354995,6,0.0
1788343355,4307.477,4307.527,0.0,0,1788343355277,6,0.0
1788343356,4307.456,4307.506,0.0,0,1788343356897,6,0.0
1788343357,4307.519,4307.569,0.0,0,1788343357329,6,0.0
1788343357,4307.635,4307.685,0.0,0,1788343357495,6,0.0
1788343357,4307.696,4307.746,0.0,0,1788343357502,6,0.0
1788343357,4307.769,4307.819,0.0,0,1788343357523,6,0.0
1788343357,4307.821,4307.871,0.0,0,1788343357543,6,0.0
1788343357,4307.758,4307.808,0.0,0,1788343357694,6,0.0
1788343357,4307.825,4307.875,0.0,0,1788343357748,6,0.0
1788343357,4307.732,4307.782,0.0,0,1788343357789,6,0.0
1788343358,4307.549,4307.599,0.0,0,1788343358607,6,0.0
1788343359,4307.481,4307.531,0.0,0,1788343359187,6,0.0
1788343359,4307.395,4307.445,0.0,0,1788343359189,6,0.0
1788343359,4307.296,4307.346,0.0,0,1788343359203,6,0.0
1788343359,4307.244,4307.294,0.0,0,1788343359212,6,0.0
1788343359,4307.136,4307.186,0.0,0,1788343359223,6,0.0
1788343359,4307.082,4307.132,0.0,0,1788343359299,6,0.0
1788343360,4307.341,4307.391,0.0,0,1788343360437,6,0.0
1788343360,4307.289,4307.339,0.0,0,1788343360948,6,0.0
1788343361,4307.343,4307.393,0.0,0,1788343361146,6,0.0
1788343362,4307.042,4307.092,0.0,0,1788343362170,6,0.0
1788343363,4307.166,4307.216,0.0,0,1788343363176,6,0.0
1788343364,4307.323,4307.373,0.0,0,1788343364271,6,0.0
1788343364,4307.105,4307.155,0.0,0,1788343364841,6,0.0
1788343364,4307.299,4307.349,0.0,0,1788343364879,6,0.0
1788343365,4307.369,4307.419,0.0,0,1788343365420,6,0.0
1788343366,4307.095,4307.135,0.0,0,1788343366424,6,0.0
1788343367,4307.044,4307.084,0.0,0,1788343367086,6,0.0
1788343368,4307.268,4307.308,0.0,0,1788343368133,6,0.0
1788343368,4307.213,4307.253,0.0,0,1788343368912,6,0.0
1788343368,4307.156,4307.196,0.0,0,1788343368919,6,0.0
1788343368,4307.086,4307.126,0.0,0,1788343368923,6,0.0
1788343369,4307.142,4307.182,0.0,0,1788343369132,6,0.0
1788343369,4307.204,4307.244,0.0,0,1788343369187,6,0.0
1788343369,4307.008,4307.048,0.0,0,1788343369691,6,0.0
1788343369,4307.139,4307.179,0.0,0,1788343369713,6,0.0
1788343369,4307.011,4307.051,0.0,0,1788343369916,6,0.0
1788343370,4307.38,4307.42,0.0,0,1788343370001,6,0.0
1788343371,4307.411,4307.451,0.0,0,1788343371068,6,0.0
1788343371,4307.113,4307.153,0.0,0,1788343371090,6,0.0
1788343371,4306.993,4307.033,0.0,0,1788343371199,6,0.0
1788343371,4307.076,4307.116,0.0,0,1788343371251,6,0.0
1788343371,4307.159,4307.199,0.0,0,1788343371299,6,0.0
1788343371,4307.214,4307.264,0.0,0,1788343371391,6,0.0
1788343371,4307.152,4307.202,0.0,0,1788343371476,6,0.0
1788343372,4307.401,4307.441,0.0,0,1788343372706,6,0.0
1788343372,4307.292,4307.332,0.0,0,1788343372725,6,0.0
1788343373,4306.942,4306.992,0.0,0,1788343373149,6,0.0
1788343373,4306.994,4307.044,0.0,0,1788343373530,6,0.0
1788343374,4307.127,4307.167,0.0,0,1788343374333,6,0.0
1788343375,4307.099,4307.139,0.0,0,1788343375643,6,0.0
1788343376,4306.999,4307.039,0.0,0,1788343376075,6,0.0
1788343376,4306.934,4306.974,0.0,0,1788343376145,6,0.0
1788343376,4306.861,4306.901,0.0,0,1788343376169,6,0.0
1788343376,4306.918,4306.958,0.0,0,1788343376869,6,0.0
1788343377,4307.236,4307.276,0.0,0,1788343377012,6,0.0
1788343377,4307.347,4307.387,0.0,0,1788343377059,6,0.0
1788343377,4307.399,4307.439,0.0,0,1788343377104,6,0.0
1788343377,4307.455,4307.495,0.0,0,1788343377439,6,0.0
1788343377,4307.385,4307.425,0.0,0,1788343377964,6,0.0
1788343377,4307.273,4307.313,0.0,0,1788343377969,6,0.0
1788343378,4307.387,4307.437,0.0,0,1788343378090,6,0.0
1788343379,4307.103,4307.153,0.0,0,1788343379095,6,0.0
1788343379,4307.005,4307.045,0.0,0,1788343379827,6,0.0
1788343380,4307.098,4307.138,0.0,0,1788343380178,6,0.0
1788343380,4306.838,4306.878,0.0,0,1788343380224,6,0.0
1788343380,4306.874,4306.924,0.0,0,1788343380306,6,0.0
1788343380,4307.204,4307.244,0.0,0,1788343380771,6,0.0
1788343381,4307.202,4307.242,0.0,0,1788343381774,6,0.0
1788343382,4307.052,4307.092,0.0,0,1788343382877,6,0.0
1788343382,4307.171,4307.211,0.0,0,1788343382981,6,0.0
1788343383,4307.116,4307.156,0.0,0,1788343383693,6,0.0
1788343383,4307.05,4307.09,0.0,0,1788343383815,6,0.0
1788343383,4307.103,4307.143,0.0,0,1788343383857,6,0.0
1788343383,4307.287,4307.337,0.0,0,1788343383878,6,0.0
1788343383,4307.382,4307.432,0.0,0,1788343383898,6,0.0
1788343383,4307.329,4307.379,0.0,0,1788343383958,6,0.0
1788343384,4306.923,4306.973,0.0,0,1788343384175,6,0.0
1788343384,4306.891,4306.941,0.0,0,1788343384193,6,0.0
1788343384,4307.197,4307.247,0.0,0,1788343384815,6,0.0
1788343384,4307.318,4307.368,0.0,0,1788343384874,6,0.0
1788343385,4307.201,4307.251,0.0,0,1788343385699,6,0.0
1788343385,4307.112,4307.162,0.0,0,1788343385714,6,0.0
1788343385,4307.059,4307.109,0.0,0,1788343385820,6,0.0
1788343385,4307.006,4307.056,0.0,0,1788343385825,6,0.0
1788343385,4306.954,4307.004,0.0,0,1788343385830,6,0.0
1788343385,4306.88,4306.93,0.0,0,1788343385854,6,0.0
1788343386,4306.891,4306.941,0.0,0,1788343386855,6,0.0
1788343387,4306.823,4306.873,0.0,0,1788343387058,6,0.0
1788343387,4306.876,4306.926,0.0,0,1788343387136,6,0.0
1788343388,4306.844,4306.894,0.0,0,1788343388137,6,0.0
1788343388,4306.791,4306.841,0.0,0,1788343388833,6,0.0
1788343388,4306.58,4306.63,0.0,0,1788343388856,6,0.0
1788343389,4306.401,4306.451,0.0,0,1788343389281,6,0.0
1788343389,4306.349,4306.399,0.0,0,1788343389511,6,0.0
1788343390,4306.272,4306.322,0.0,0,1788343390126,6,0.0
1788343390,4306.485,4306.535,0.0,0,1788343390264,6,0.0
1788343390,4306.432,4306.482,0.0,0,1788343390269,6,0.0
1788343390,4306.491,4306.541,0.0,0,1788343390307,6,0.0
1788343390,4306.545,4306.595,0.0,0,1788343390334,6,0.0
1788343390,4306.622,4306.672,0.0,0,1788343390368,6,0.0
1788343390,4306.404,4306.454,0.0,0,1788343390448,6,0.0
1788343390,4306.531,4306.581,0.0,0,1788343390490,6,0.0
1788343391,4306.813,4306.863,0.0,0,1788343391555,6,0.0
1788343391,4306.865,4306.915,0.0,0,1788343391674,6,0.0
1788343392,4306.677,4306.727,0.0,0,1788343392074,6,0.0
1788343393,4306.622,4306.672,0.0,0,1788343393132,6,0.0
1788343393,4306.543,4306.593,0.0,0,1788343393153,6,0.0
1788343393,4306.434,4306.484,0.0,0,1788343393165,6,0.0
1788343393,4306.381,4306.431,0.0,0,1788343393194,6,0.0
1788343393,4306.277,4306.327,0.0,0,1788343393656,6,0.0
1788343393,4306.481,4306.531,0.0,0,1788343393850,6,0.0
1788343393,4306.295,4306.345,0.0,0,1788343393870,6,0.0
1788343394,4306.361,4306.411,0.0,0,1788343394686,6,0.0
1788343394,4306.299,4306.349,0.0,0,1788343394750,6,0.0
1788343394,4306.388,4306.438,0.0,0,1788343394899,6,0.0
1788343395,4306.444,4306.494,0.0,0,1788343395104,6,0.0
1788343395,4306.509,4306.559,0.0,0,1788343395824,6,0.0
1788343396,4306.244,4306.294,0.0,0,1788343396272,6,0.0
1788343397,4306.261,4306.301,0.0,0,1788343397139,6,0.0
1788343397,4306.625,4306.665,0.0,0,1788343397674,6,0.0
1788343397,4306.684,4306.724,0.0,0,1788343397783,6,0.0
1788343398,4306.628,4306.668,0.0,0,1788343398010,6,0.0
1788343398,4306.441,4306.481,0.0,0,1788343398058,6,0.0
1788343398,4306.51,4306.55,0.0,0,1788343398061,6,0.0
1788343398,4306.619,4306.659,0.0,0,1788343398068,6,0.0
1788343398,4306.912,4306.962,0.0,0,1788343398085,6,0.0
1788343399,4306.666,4306.716,0.0,0,1788343399327,6,0.0
1788343399,4306.724,4306.774,0.0,0,1788343399729,6,0.0
1788343401,4306.727,4306.777,0.0,0,1788343401296,6,0.0
1788343401,4306.661,4306.711,0.0,0,1788343401312,6,0.0
1788343401,4306.605,4306.655,0.0,0,1788343401361,6,0.0
1788343402,4306.89,4306.94,0.0,0,1788343402642,6,0.0
1788343402,4306.835,4306.885,0.0,0,1788343402683,6,0.0
1788343402,4306.713,4306.763,0.0,0,1788343402684,6,0.0
1788343402,4306.66,4306.71,0.0,0,1788343402695,6,0.0
1788343402,4306.604,4306.654,0.0,0,1788343402703,6,0.0
1788343402,4306.548,4306.598,0.0,0,1788343402885,6,0.0
1788343403,4306.497,4306.547,0.0,0,1788343403529,6,0.0
1788343403,4306.435,4306.485,0.0,0,1788343403537,6,0.0
1788343403,4306.368,4306.418,0.0,0,1788343403550,6,0.0
1788343403,4306.424,4306.474,0.0,0,1788343403660,6,0.0
1788343404,4306.441,4306.491,0.0,0,1788343404699,6,0.0
1788343404,4306.389,4306.439,0.0,0,1788343404995,6,0.0
1788343405,4306.312,4306.362,0.0,0,1788343405340,6,0.0
1788343405,4306.364,4306.414,0.0,0,1788343405993,6,0.0
1788343406,4306.308,4306.358,0.0,0,1788343406068,6,0.0
1788343406,4306.365,4306.415,0.0,0,1788343406872,6,0.0
1788343407,4306.313,4306.363,0.0,0,1788343407657,6,0.0
1788343409,4306.274,4306.314,0.0,0,1788343409043,6,0.0
1788343409,4306.221,4306.261,0.0,0,1788343409144,6,0.0
1788343409,4306.158,4306.198,0.0,0,1788343409165,6,0.0
1788343410,4306.119,4306.159,0.0,0,1788343410431,6,0.0
1788343410,4306.176,4306.216,0.0,0,1788343410572,6,0.0
1788343410,4305.997,4306.037,0.0,0,1788343410624,6,0.0
1788343410,4306.049,4306.089,0.0,0,1788343410630,6,0.0
1788343410,4306.168,4306.208,0.0,0,1788343410633,6,0.0
1788343410,4306.31,4306.35,0.0,0,1788343410681,6,0.0
1788343410,4306.43,4306.47,0.0,0,1788343410754,6,0.0
1788343411,4306.316,4306.356,0.0,0,1788343411328,6,0.0
1788343411,4306.428,4306.468,0.0,0,1788343411521,6,0.0
1788343412,4306.344,4306.384,0.0,0,1788343412554,6,0.0
1788343412,4306.292,4306.332,0.0,0,1788343412737,6,0.0
1788343413,4306.299,4306.339,0.0,0,1788343413773,6,0.0
1788343413,4306.412,4306.452,0.0,0,1788343413913,6,0.0
1788343414,4306.291,4306.331,0.0,0,1788343414053,6,0.0
1788343414,4306.407,4306.447,0.0,0,1788343414153,6,0.0
1788343414,4306.295,4306.335,0.0,0,1788343414254,6,0.0
1788343414,4306.23,4306.27,0.0,0,1788343414397,6,0.0
1788343414,4306.154,4306.194,0.0,0,1788343414420,6,0.0
1788343414,4306.093,4306.133,0.0,0,1788343414541,6,0.0
1788343414,4306.147,4306.187,0.0,0,1788343414855,6,0.0
1788343415,4306.264,4306.304,0.0,0,1788343415197,6,0.0
1788343415,4306.193,4306.233,0.0,0,1788343415224,6,0.0
1788343416,4306.166,4306.206,0.0,0,1788343416576,6,0.0
1788343417,4306.22,4306.26,0.0,0,1788343417779,6,0.0
1788343417,4306.144,4306.184,0.0,0,1788343417825,6,0.0
1788343418,4306.151,4306.191,0.0,0,1788343418832,6,0.0
1788343419,4306.144,4306.184,0.0,0,1788343419841,6,0.0
1788343420,4306.085,4306.125,0.0,0,1788343420632,6,0.0
1788343421,4306.137,4306.177,0.0,0,1788343421020,6,0.0
1788343421,4306.22,4306.26,0.0,0,1788343421059,6,0.0
1788343421,4306.14,4306.18,0.0,0,1788343421902,6,0.0
1788343422,4306.282,4306.322,0.0,0,1788343422637,6,0.0
1788343423,4306.288,4306.328,0.0,0,1788343423678,6,0.0
1788343425,4306.313,4306.353,0.0,0,1788343425560,6,0.0
1788343425,4306.377,4306.417,0.0,0,1788343425788,6,0.0
1788343425,4306.177,4306.217,0.0,0,1788343425814,6,0.0
1788343425,4306.325,4306.365,0.0,0,1788343425987,6,0.0
1788343426,4306.175,4306.215,0.0,0,1788343426055,6,0.0
1788343426,4306.048,4306.088,0.0,0,1788343426139,6,0.0
1788343426,4306.29,4306.33,0.0,0,1788343426309,6,0.0
1788343426,4306.342,4306.382,0.0,0,1788343426350,6,0.0
1788343426,4306.223,4306.263,0.0,0,1788343426923,6,0.0
1788343427,4306.171,4306.211,0.0,0,1788343427021,6,0.0
1788343428,4306.158,4306.198,0.0,0,1788343428607,6,0.0
1788343429,4306.214,4306.254,0.0,0,1788343429310,6,0.0
1788343429,4306.326,4306.366,0.0,0,1788343429366,6,0.0
1788343429,4306.194,4306.234,0.0,0,1788343429385,6,0.0
1788343429,4306.305,4306.345,0.0,0,1788343429594,6,0.0
1788343430,4306.308,4306.348,0.0,0,1788343430595,6,0.0
1788343430,4306.196,4306.236,0.0,0,1788343430619,6,0.0
1788343431,4306.308,4306.348,0.0,0,1788343431401,6,0.0
1788343432,4306.321,4306.361,0.0,0,1788343432475,6,0.0
1788343432,4306.201,4306.241,0.0,0,1788343432885,6,0.0
1788343433,4306.314,4306.354,0.0,0,1788343433264,6,0.0
1788343434,4306.327,4306.367,0.0,0,1788343434401,6,0.0
1788343435,4306.354,4306.394,0.0,0,1788343435526,6,0.0
1788343436,4306.358,4306.398,0.0,0,1788343436552,6,0.0
1788343438,4306.244,4306.284,0.0,0,1788343438570,6,0.0
1788343438,4306.18,4306.22,0.0,0,1788343438572,6,0.0
1788343438,4306.268,4306.308,0.0,0,1788343438578,6,0.0
1788343438,4306.362,4306.412,0.0,0,1788343438610,6,0.0
1788343438,4306.422,4306.472,0.0,0,1788343438619,6,0.0
1788343439,4306.435,4306.475,0.0,0,1788343439633,6,0.0
1788343439,4306.38,4306.42,0.0,0,1788343439800,6,0.0
1788343439,4306.268,4306.308,0.0,0,1788343439899,6,0.0
1788343439,4306.214,4306.254,0.0,0,1788343439922,6,0.0
1788343440,4306.311,4306.351,0.0,0,1788343440188,6,0.0
1788343440,4306.383,4306.423,0.0,0,1788343440228,6,0.0
1788343441,4306.389,4306.429,0.0,0,1788343441239,6,0.0
1788343442,4306.284,4306.324,0.0,0,1788343442021,6,0.0
1788343442,4306.22,4306.26,0.0,0,1788343442071,6,0.0
1788343443,4306.256,4306.296,0.0,0,1788343443331,6,0.0
1788343444,4306.201,4306.241,0.0,0,1788343444285,6,0.0
1788343445,4306.192,4306.232,0.0,0,1788343445713,6,0.0
1788343446,4306.244,4306.284,0.0,0,1788343446245,6,0.0
1788343446,4306.192,4306.232,0.0,0,1788343446476,6,0.0
1788343446,4306.138,4306.178,0.0,0,1788343446490,6,0.0
1788343446,4306.057,4306.097,0.0,0,1788343446513,6,0.0
1788343447,4305.799,4305.839,0.0,0,1788343447533,6,0.0
1788343448,4306.046,4306.086,0.0,0,1788343448650,6,0.0
1788343449,4305.994,4306.034,0.0,0,1788343449159,6,0.0
1788343449,4305.942,4305.982,0.0,0,1788343449180,6,0.0
1788343451,4305.675,4305.715,0.0,0,1788343451046,6,0.0
1788343451,4305.729,4305.769,0.0,0,1788343451063,6,0.0
1788343451,4305.883,4305.923,0.0,0,1788343451331,6,0.0
1788343452,4305.921,4305.961,0.0,0,1788343452380,6,0.0
1788343453,4305.943,4305.983,0.0,0,1788343453382,6,0.0
1788343454,4305.923,4305.963,0.0,0,1788343454383,6,0.0
1788343455,4305.816,4305.856,0.0,0,1788343455495,6,0.0
1788343457,4305.988,4306.028,0.0,0,1788343457205,6,0.0
1788343457,4306.102,4306.142,0.0,0,1788343457325,6,0.0
1788343457,4305.978,4306.018,0.0,0,1788343457499,6,0.0
1788343457,4305.921,4305.961,0.0,0,1788343457883,6,0.0
1788343460,4305.98,4306.02,0.0,0,1788343460154,6,0.0
1788343460,4305.892,4305.932,0.0,0,1788343460165,6,0.0
1788343460,4305.839,4305.879,0.0,0,1788343460187,6,0.0
1788343460,4305.775,4305.815,0.0,0,1788343460194,6,0.0
1788343461,4305.846,4305.886,0.0,0,1788343461126,6,0.0
1788343462,4305.819,4305.859,0.0,0,1788343462331,6,0.0
1788343462,4305.76,4305.8,0.0,0,1788343462686,6,0.0
1788343463,4305.701,4305.741,0.0,0,1788343463624,6,0.0
1788343463,4305.647,4305.687,0.0,0,1788343463633,6,0.0
1788343463,4305.594,4305.634,0.0,0,1788343463642,6,0.0
1788343463,4305.486,4305.526,0.0,0,1788343463662,6,0.0
1788343463,4305.381,4305.421,0.0,0,1788343463681,6,0.0
1788343463,4305.233,4305.283,0.0,0,1788343463761,6,0.0
1788343464,4305.45,4305.5,0.0,0,1788343464713,6,0.0
1788343465,4305.394,4305.444,0.0,0,1788343465203,6,0.0
1788343465,4305.336,4305.386,0.0,0,1788343465214,6,0.0
1788343465,4305.283,4305.333,0.0,0,1788343465227,6,0.0
1788343465,4305.222,4305.272,0.0,0,1788343465231,6,0.0
1788343465,4305.168,4305.218,0.0,0,1788343465240,6,0.0
1788343465,4305.113,4305.163,0.0,0,1788343465254,6,0.0
1788343465,4305.17,4305.22,0.0,0,1788343465552,6,0.0
1788343465,4305.223,4305.273,0.0,0,1788343465563,6,0.0
1788343465,4305.278,4305.328,0.0,0,1788343465569,6,0.0
1788343467,4305.299,4305.349,0.0,0,1788343467610,6,0.0
1788343468,4305.305,4305.355,0.0,0,1788343468625,6,0.0
1788343468,4305.04,4305.09,0.0,0,1788343468818,6,0.0
1788343470,4305.291,4305.341,0.0,0,1788343470062,6,0.0
1788343470,4305.355,4305.405,0.0,0,1788343470074,6,0.0
1788343470,4305.472,4305.522,0.0,0,1788343470091,6,0.0
1788343470,4305.335,4305.385,0.0,0,1788343470755,6,0.0
1788343470,4305.279,4305.329,0.0,0,1788343470840,6,0.0
1788343470,4305.221,4305.271,0.0,0,1788343470842,6,0.0
1788343470,4305.163,4305.213,0.0,0,1788343470857,6,0.0
1788343470,4305.106,4305.156,0.0,0,1788343470868,6,0.0
1788343470,4305.05,4305.1,0.0,0,1788343470918,6,0.0
1788343471,4305.116,4305.166,0.0,0,1788343471183,6,0.0
1788343472,4305.059,4305.109,0.0,0,1788343472034,6,0.0
1788343472,4305.111,4305.161,0.0,0,1788343472215,6,0.0
1788343473,4305.108,4305.158,0.0,0,1788343473310,6,0.0
1788343473,4305.162,4305.212,0.0,0,1788343473467,6,0.0
1788343474,4305.189,4305.239,0.0,0,1788343474474,6,0.0
1788343474,4305.136,4305.186,0.0,0,1788343474887,6,0.0
1788343474,4305.084,4305.134,0.0,0,1788343474989,6,0.0
1788343475,4305.03,4305.08,0.0,0,1788343475017,6,0.0
1788343476,4305.035,4305.085,0.0,0,1788343476027,6,0.0
1788343476,4305.093,4305.143,0.0,0,1788343476192,6,0.0
1788343477,4305.073,4305.113,0.0,0,1788343477257,6,0.0
1788343477,4304.894,4304.934,0.0,0,1788343477772,6,0.0
1788343478,4305.093,4305.133,0.0,0,1788343478589,6,0.0
1788343479,4304.959,4304.999,0.0,0,1788343479157,6,0.0
1788343479,4305.013,4305.053,0.0,0,1788343479236,6,0.0
1788343479,4305.073,4305.113,0.0,0,1788343479877,6,0.0
1788343479,4305.208,4305.248,0.0,0,1788343479913,6,0.0
1788343481,4305.413,4305.453,0.0,0,1788343481002,6,0.0
1788343481,4305.36,4305.4,0.0,0,1788343481030,6,0.0
1788343481,4305.308,4305.348,0.0,0,1788343481048,6,0.0
1788343481,4305.194,4305.234,0.0,0,1788343481061,6,0.0
1788343481,4305.133,4305.173,0.0,0,1788343481369,6,0.0
1788343481,4305.077,4305.117,0.0,0,1788343481374,6,0.0
1788343481,4305.01,4305.06,0.0,0,1788343481383,6,0.0
1788343482,4305.014,4305.054,0.0,0,1788343482542,6,0.0
1788343483,4304.96,4305.0,0.0,0,1788343483136,6,0.0
1788343484,4304.977,4305.017,0.0,0,1788343484211,6,0.0
1788343485,4305.004,4305.044,0.0,0,1788343485276,6,0.0
1788343486,4304.933,4304.973,0.0,0,1788343486276,6,0.0
1788343486,4304.865,4304.905,0.0,0,1788343486285,6,0.0
1788343486,4304.517,4304.567,0.0,0,1788343486301,6,0.0
1788343486,4304.447,4304.497,0.0,0,1788343486306,6,0.0
1788343486,4304.365,4304.415,0.0,0,1788343486327,6,0.0
1788343486,4304.584,4304.634,0.0,0,1788343486348,6,0.0
1788343486,4304.364,4304.414,0.0,0,1788343486643,6,0.0
1788343486,4304.419,4304.469,0.0,0,1788343486668,6,0.0
1788343487,4304.745,4304.795,0.0,0,1788343487334,6,0.0
1788343487,4304.798,4304.848,0.0,0,1788343487363,6,0.0
1788343487,4304.742,4304.792,0.0,0,1788343487386,6,0.0
1788343487,4304.799,4304.849,0.0,0,1788343487548,6,0.0
1788343488,4304.546,4304.596,0.0,0,1788343488854,6,0.0
1788343489,4304.957,4305.007,0.0,0,1788343489236,6,0.0
1788343489,4305.046,4305.096,0.0,0,1788343489256,6,0.0
1788343489,4305.098,4305.148,0.0,0,1788343489605,6,0.0
1788343490,4305.085,4305.135,0.0,0,1788343490611,6,0.0
1788343490,4305.029,4305.079,0.0,0,1788343490867,6,0.0
1788343490,4304.975,4305.025,0.0,0,1788343490869,6,0.0
1788343490,4304.832,4304.882,0.0,0,1788343490881,6,0.0
1788343492,4304.875,4304.925,0.0,0,1788343492152,6,0.0
1788343493,4304.973,4305.023,0.0,0,1788343493154,6,0.0
1788343493,4304.842,4304.892,0.0,0,1788343493255,6,0.0
1788343494,4304.874,4304.924,0.0,0,1788343494276,6,0.0
1788343495,4304.844,4304.884,0.0,0,1788343495348,6,0.0
1788343496,4304.785,4304.825,0.0,0,1788343496135,6,0.0
1788343496,4304.73,4304.77,0.0,0,1788343496166,6,0.0
1788343496,4304.784,4304.824,0.0,0,1788343496458,6,0.0
1788343497,4304.804,4304.844,0.0,0,1788343497479,6,0.0
1788343497,4304.748,4304.788,0.0,0,1788343497562,6,0.0
1788343498,4304.709,4304.749,0.0,0,1788343498643,6,0.0
1788343499,4304.652,4304.692,0.0,0,1788343499132,6,0.0
1788343499,4304.568,4304.608,0.0,0,1788343499154,6,0.0
1788343499,4304.62,4304.66,0.0,0,1788343499198,6,0.0
1788343499,4304.565,4304.605,0.0,0,1788343499595,6,0.0
1788343499,4304.506,4304.546,0.0,0,1788343499612,6,0.0
1788343499,4304.457,4304.507,0.0,0,1788343499727,6,0.0
1788343500,4304.512,4304.562,0.0,0,1788343500378,6,0.0
1788343500,4304.576,4304.626,0.0,0,1788343500437,6,0.0
1788343500,4304.523,4304.573,0.0,0,1788343500553,6,0.0
1788343500,4304.586,4304.636,0.0,0,1788343500741,6,0.0
1788343500,4304.519,4304.569,0.0,0,1788343500924,6,0.0
1788343501,4304.572,4304.622,0.0,0,1788343501172,6,0.0
1788343501,4304.632,4304.682,0.0,0,1788343501180,6,0.0
1788343502,4304.598,4304.638,0.0,0,1788343502223,6,0.0
1788343502,4304.712,4304.752,0.0,0,1788343502418,6,0.0
1788343502,4304.784,4304.824,0.0,0,1788343502464,6,0.0
1788343502,4304.847,4304.897,0.0,0,1788343502507,6,0.0
1788343502,4304.793,4304.843,0.0,0,1788343502524,6,0.0
1788343502,4304.728,4304.778,0.0,0,1788343502636,6,0.0
1788343503,4304.607,4304.647,0.0,0,1788343503441,6,0.0
1788343503,4304.551,4304.591,0.0,0,1788343503783,6,0.0
1788343503,4304.491,4304.531,0.0,0,1788343503924,6,0.0
1788343504,4304.426,4304.466,0.0,0,1788343504201,6,0.0
1788343504,4304.374,4304.414,0.0,0,1788343504290,6,0.0
1788343504,4304.321,4304.361,0.0,0,1788343504310,6,0.0
1788343504,4304.377,4304.417,0.0,0,1788343504618,6,0.0
1788343504,4304.318,4304.358,0.0,0,1788343504929,6,0.0
1788343505,4304.02,4304.06,0.0,0,1788343505384,6,0.0
1788343505,4303.942,4303.992,0.0,0,1788343505389,6,0.0
1788343505,4303.89,4303.94,0.0,0,1788343505392,6,0.0
1788343505,4303.835,4303.885,0.0,0,1788343505430,6,0.0
1788343505,4304.046,4304.096,0.0,0,1788343505546,6,0.0
1788343506,4303.828,4303.878,0.0,0,1788343506111,6,0.0
1788343506,4304.162,4304.212,0.0,0,1788343506442,6,0.0
1788343506,4304.044,4304.094,0.0,0,1788343506645,6,0.0
1788343507,4304.113,4304.153,0.0,0,1788343507650,6,0.0
1788343508,4303.919,4303.959,0.0,0,1788343508098,6,0.0
1788343508,4303.977,4304.017,0.0,0,1788343508118,6,0.0
1788343508,4303.921,4303.961,0.0,0,1788343508183,6,0.0
1788343508,4304.116,4304.156,0.0,0,1788343508324,6,0.0
1788343508,4304.07,4304.11,0.0,0,1788343508977,6,0.0
1788343509,4304.236,4304.276,0.0,0,1788343509873,6,0.0
1788343510,4304.219,4304.259,0.0,0,1788343510946,6,0.0
1788343511,4304.054,4304.094,0.0,0,1788343511315,6,0.0
1788343511,4304.111,4304.151,0.0,0,1788343511325,6,0.0
1788343511,4304.176,4304.216,0.0,0,1788343511365,6,0.0
1788343512,4304.177,4304.217,0.0,0,1788343512399,6,0.0
1788343512,4304.296,4304.336,0.0,0,1788343512411,6,0.0
1788343512,4304.352,4304.392,0.0,0,1788343512413,6,0.0
1788343512,4304.413,4304.453,0.0,0,1788343512442,6,0.0
1788343513,4304.446,4304.486,0.0,0,1788343513487,6,0.0
1788343514,4304.453,4304.493,0.0,0,1788343514545,6,0.0
1788343514,4304.508,4304.548,0.0,0,1788343514753,6,0.0
1788343514,4304.621,4304.661,0.0,0,1788343514794,6,0.0
1788343514,4304.677,4304.717,0.0,0,1788343514882,6,0.0
1788343515,4304.625,4304.665,0.0,0,1788343515242,6,0.0
1788343516,4304.644,4304.684,0.0,0,1788343516246,6,0.0
1788343516,4304.726,4304.766,0.0,0,1788343516735,6,0.0
1788343516,4304.821,4304.861,0.0,0,1788343516900,6,0.0
1788343517,4304.762,4304.802,0.0,0,1788343517145,6,0.0
1788343518,4304.746,4304.786,0.0,0,1788343518196,6,0.0
1788343519,4304.691,4304.731,0.0,0,1788343519066,6,0.0
1788343519,4304.623,4304.663,0.0,0,1788343519085,6,0.0
1788343519,4304.512,4304.552,0.0,0,1788343519111,6,0.0
1788343519,4304.45,4304.49,0.0,0,1788343519230,6,0.0
1788343519,4304.395,4304.435,0.0,0,1788343519270,6,0.0
1788343520,4304.335,4304.375,0.0,0,1788343520094,6,0.0
1788343521,4304.32,4304.36,0.0,0,1788343521247,6,0.0
1788343522,4304.261,4304.301,0.0,0,1788343522070,6,0.0
1788343522,4304.21,4304.25,0.0,0,1788343522080,6,0.0
1788343522,4304.158,4304.198,0.0,0,1788343522256,6,0.0
1788343523,4304.149,4304.189,0.0,0,1788343523316,6,0.0
1788343523,4304.096,4304.136,0.0,0,1788343523331,6,0.0
1788343523,4304.043,4304.083,0.0,0,1788343523358,6,0.0
1788343524,4304.099,4304.139,0.0,0,1788343524208,6,0.0
1788343524,4304.046,4304.086,0.0,0,1788343524252,6,0.0
1788343524,4304.123,4304.163,0.0,0,1788343524346,6,0.0
1788343524,4304.182,4304.222,0.0,0,1788343524595,6,0.0
1788343524,4304.129,4304.169,0.0,0,1788343524687,6,0.0
1788343525,4303.914,4303.954,0.0,0,1788343525692,6,0.0
1788343525,4304.071,4304.111,0.0,0,1788343525859,6,0.0
1788343526,4304.106,4304.146,0.0,0,1788343526954,6,0.0
1788343526,4304.052,4304.092,0.0,0,1788343526965,6,0.0
1788343527,4303.98,4304.02,0.0,0,1788343527171,6,0.0
1788343527,4304.031,4304.071,0.0,0,1788343527351,6,0.0
1788343528,4304.093,4304.133,0.0,0,1788343528188,6,0.0
1788343529,4304.106,4304.146,0.0,0,1788343529231,6,0.0
1788343530,4304.122,4304.162,0.0,0,1788343530448,6,0.0
1788343531,4303.872,4303.912,0.0,0,1788343531769,6,0.0
1788343532,4304.239,4304.279,0.0,0,1788343532731,6,0.0
1788343532,4304.312,4304.352,0.0,0,1788343532738,6,0.0
1788343532,4304.366,4304.406,0.0,0,1788343532756,6,0.0
1788343532,4304.42,4304.46,0.0,0,1788343532761,6,0.0
1788343532,4304.492,4304.532,0.0,0,1788343532823,6,0.0
1788343533,4304.544,4304.584,0.0,0,1788343533044,6,0.0
1788343533,4304.604,4304.644,0.0,0,1788343533285,6,0.0
1788343533,4304.655,4304.695,0.0,0,1788343533990,6,0.0
1788343534,4304.708,4304.748,0.0,0,1788343534019,6,0.0
1788343535,4304.653,4304.693,0.0,0,1788343535018,6,0.0
1788343536,4304.613,4304.653,0.0,0,1788343536027,6,0.0
1788343536,4304.687,4304.727,0.0,0,1788343536408,6,0.0
1788343536,4304.743,4304.783,0.0,0,1788343536423,6,0.0
1788343537,4304.763,4304.803,0.0,0,1788343537499,6,0.0
1788343538,4304.759,4304.799,0.0,0,1788343538516,6,0.0
1788343539,4304.813,4304.853,0.0,0,1788343539393,6,0.0
1788343539,4304.901,4304.941,0.0,0,1788343539406,6,0.0
1788343539,4304.972,4305.022,0.0,0,1788343539426,6,0.0
1788343540,4304.956,4304.996,0.0,0,1788343540522,6,0.0
1788343540,4304.9,4304.94,0.0,0,1788343540654,6,0.0
1788343541,4304.856,4304.896,0.0,0,1788343541702,6,0.0
1788343542,4304.943,4304.983,0.0,0,1788343542318,6,0.0
1788343543,4304.881,4304.921,0.0,0,1788343543235,6,0.0
1788343543,4304.827,4304.867,0.0,0,1788343543254,6,0.0
1788343544,4304.903,4304.943,0.0,0,1788343544166,6,0.0
1788343544,4304.961,4305.001,0.0,0,1788343544167,6,0.0
1788343544,4305.014,4305.054,0.0,0,1788343544177,6,0.0
1788343544,4304.971,4305.021,0.0,0,1788343544216,6,0.0
1788343544,4304.919,4304.969,0.0,0,1788343544253,6,0.0
1788343544,4304.861,4304.911,0.0,0,1788343544521,6,0.0
1788343544,4304.744,4304.794,0.0,0,1788343544658,6,0.0
1788343544,4304.691,4304.741,0.0,0,1788343544910,6,0.0
1788343544,4304.637,4304.687,0.0,0,1788343544926,6,0.0
1788343544,4304.583,4304.633,0.0,0,1788343544946,6,0.0
1788343545,4304.558,4304.608,0.0,0,1788343545953,6,0.0
1788343546,4304.517,4304.567,0.0,0,1788343546961,6,0.0
1788343547,4304.576,4304.616,0.0,0,1788343547031,6,0.0
1788343547,4304.635,4304.675,0.0,0,1788343547051,6,0.0
1788343547,4304.579,4304.629,0.0,0,1788343547636,6,0.0
1788343548,4304.587,4304.637,0.0,0,1788343548661,6,0.0
1788343548,4304.64,4304.68,0.0,0,1788343548762,6,0.0
1788343549,4304.769,4304.819,0.0,0,1788343549041,6,0.0
1788343549,4304.82,4304.87,0.0,0,1788343549048,6,0.0
1788343549,4304.906,4304.956,0.0,0,1788343549058,6,0.0
1788343549,4304.985,4305.035,0.0,0,1788343549068,6,0.0
1788343549,4305.044,4305.094,0.0,0,1788343549078,6,0.0
1788343549,4305.139,4305.189,0.0,0,1788343549113,6,0.0
1788343549,4304.945,4304.995,0.0,0,1788343549211,6,0.0
1788343549,4304.877,4304.927,0.0,0,1788343549320,6,0.0
1788343549,4305.202,4305.252,0.0,0,1788343549593,6,0.0
1788343550,4305.255,4305.305,0.0,0,1788343550574,6,0.0
1788343551,4305.268,4305.318,0.0,0,1788343551599,6,0.0
1788343552,4305.049,4305.099,0.0,0,1788343552447,6,0.0
1788343552,4305.267,4305.317,0.0,0,1788343552493,6,0.0
1788343552,4305.202,4305.252,0.0,0,1788343552495,6,0.0
1788343552,4304.847,4304.897,0.0,0,1788343552500,6,0.0
1788343552,4304.765,4304.815,0.0,0,1788343552504,6,0.0
1788343552,4304.933,4304.983,0.0,0,1788343552963,6,0.0
1788343553,4305.059,4305.109,0.0,0,1788343553027,6,0.0
1788343553,4305.113,4305.163,0.0,0,1788343553769,6,0.0
1788343553,4305.176,4305.226,0.0,0,1788343553838,6,0.0
1788343553,4305.24,4305.29,0.0,0,1788343553845,6,0.0
1788343553,4305.296,4305.346,0.0,0,1788343553887,6,0.0
1788343554,4305.285,4305.335,0.0,0,1788343554998,6,0.0
1788343555,4305.076,4305.126,0.0,0,1788343555270,6,0.0
1788343555,4305.02,4305.07,0.0,0,1788343555284,6,0.0
1788343555,4305.271,4305.321,0.0,0,1788343555801,6,0.0
1788343556,4305.317,4305.367,0.0,0,1788343556803,6,0.0
1788343556,4305.26,4305.31,0.0,0,1788343556945,6,0.0
1788343558,4305.212,4305.262,0.0,0,1788343558109,6,0.0
1788343559,4305.264,4305.314,0.0,0,1788343559314,6,0.0
1788343560,4305.004,4305.054,0.0,0,1788343560410,6,0.0
1788343560,4305.061,4305.111,0.0,0,1788343560599,6,0.0
1788343560,4305.123,4305.173,0.0,0,1788343560986,6,0.0
1788343561,4305.235,4305.285,0.0,0,1788343561005,6,0.0
1788343561,4305.456,4305.506,0.0,0,1788343561153,6,0.0
1788343561,4305.403,4305.453,0.0,0,1788343561179,6,0.0
1788343561,4305.242,4305.292,0.0,0,1788343561251,6,0.0
1788343561,4305.401,4305.451,0.0,0,1788343561797,6,0.0
1788343562,4305.455,4305.505,0.0,0,1788343562565,6,0.0
1788343562,4305.513,4305.563,0.0,0,1788343562575,6,0.0
1788343562,4305.584,4305.634,0.0,0,1788343562587,6,0.0
1788343563,4305.695,4305.745,0.0,0,1788343563153,6,0.0
1788343563,4305.638,4305.688,0.0,0,1788343563194,6,0.0
1788343564,4305.563,4305.613,0.0,0,1788343564239,6,0.0
1788343564,4305.704,4305.754,0.0,0,1788343564367,6,0.0
1788343564,4305.668,4305.718,0.0,0,1788343564462,6,0.0
1788343564,4305.614,4305.664,0.0,0,1788343564549,6,0.0
1788343565,4305.672,4305.722,0.0,0,1788343565005,6,0.0
1788343565,4305.723,4305.773,0.0,0,1788343565038,6,0.0
1788343565,4305.671,4305.721,0.0,0,1788343565296,6,0.0
1788343565,4305.61,4305.65,0.0,0,1788343565860,6,0.0
1788343565,4305.673,4305.723,0.0,0,1788343565878,6,0.0
1788343565,4305.732,4305.782,0.0,0,1788343565920,6,0.0
1788343566,4305.495,4305.545,0.0,0,1788343566130,6,0.0
1788343567,4305.445,4305.485,0.0,0,1788343567179,6,0.0
1788343568,4305.759,4305.799,0.0,0,1788343568103,6,0.0
1788343568,4305.827,4305.867,0.0,0,1788343568116,6,0.0
1788343568,4305.774,4305.814,0.0,0,1788343568194,6,0.0
1788343568,4305.72,4305.77,0.0,0,1788343568236,6,0.0
1788343568,4305.632,4305.672,0.0,0,1788343568852,6,0.0
1788343568,4305.546,4305.586,0.0,0,1788343568854,6,0.0
1788343568,4305.49,4305.53,0.0,0,1788343568867,6,0.0
1788343568,4305.42,4305.47,0.0,0,1788343568870,6,0.0
1788343568,4305.367,4305.417,0.0,0,1788343568892,6,0.0
1788343569,4305.377,4305.427,0.0,0,1788343569903,6,0.0
1788343569,4305.325,4305.375,0.0,0,1788343569964,6,0.0
1788343570,4305.11,4305.16,0.0,0,1788343570670,6,0.0
1788343571,4305.374,4305.414,0.0,0,1788343571685,6,0.0
1788343572,4305.426,4305.466,0.0,0,1788343572416,6,0.0
1788343573,4305.439,4305.479,0.0,0,1788343573446,6,0.0
1788343574,4305.551,4305.591,0.0,0,1788343574152,6,0.0
1788343574,4305.609,4305.649,0.0,0,1788343574456,6,0.0
1788343574,4305.663,4305.703,0.0,0,1788343574460,6,0.0
1788343574,4305.719,4305.759,0.0,0,1788343574463,6,0.0
1788343574,4305.838,4305.878,0.0,0,1788343574468,6,0.0
1788343574,4305.951,4306.001,0.0,0,1788343574488,6,0.0
1788343574,4305.898,4305.948,0.0,0,1788343574942,6,0.0
1788343575,4305.839,4305.889,0.0,0,1788343575684,6,0.0
1788343575,4305.787,4305.837,0.0,0,1788343575719,6,0.0
1788343577,4305.52,4305.57,0.0,0,1788343577086,6,0.0
1788343577,4305.572,4305.622,0.0,0,1788343577598,6,0.0
1788343578,4305.62,4305.67,0.0,0,1788343578660,6,0.0
1788343578,4305.552,4305.602,0.0,0,1788343578695,6,0.0
1788343578,4305.847,4305.897,0.0,0,1788343578811,6,0.0
1788343580,4305.621,4305.671,0.0,0,1788343580109,6,0.0
1788343580,4305.946,4305.996,0.0,0,1788343580266,6,0.0
1788343581,4305.71,4305.76,0.0,0,1788343581272,6,0.0
1788343582,4305.83,4305.87,0.0,0,1788343582048,6,0.0
1788343582,4305.731,4305.781,0.0,0,1788343582102,6,0.0
1788343583,4305.706,4305.746,0.0,0,1788343583118,6,0.0
1788343583,4305.818,4305.858,0.0,0,1788343583546,6,0.0
1788343584,4305.706,4305.746,0.0,0,1788343584332,6,0.0
1788343585,4305.694,4305.734,0.0,0,1788343585391,6,0.0
1788343585,4305.625,4305.665,0.0,0,1788343585824,6,0.0
1788343585,4305.562,4305.602,0.0,0,1788343585831,6,0.0
1788343585,4305.485,4305.525,0.0,0,1788343585834,6,0.0
1788343585,4305.431,4305.481,0.0,0,1788343585837,6,0.0
1788343585,4305.371,4305.421,0.0,0,1788343585850,6,0.0
1788343585,4305.202,4305.252,0.0,0,1788343585856,6,0.0
1788343585,4305.14,4305.19,0.0,0,1788343585875,6,0.0
1788343585,4305.085,4305.135,0.0,0,1788343585900,6,0.0
1788343585,4305.033,4305.083,0.0,0,1788343585921,6,0.0
1788343585,4304.979,4305.029,0.0,0,1788343585924,6,0.0
1788343585,4304.909,4304.959,0.0,0,1788343585931,6,0.0
1788343585,4304.821,4304.871,0.0,0,1788343585956,6,0.0
1788343586,4304.876,4304.926,0.0,0,1788343586056,6,0.0
1788343586,4304.818,4304.868,0.0,0,1788343586108,6,0.0
1788343586,4304.762,4304.812,0.0,0,1788343586137,6,0.0
1788343586,4304.559,4304.609,0.0,0,1788343586178,6,0.0
1788343586,4304.614,4304.664,0.0,0,1788343586267,6,0.0
1788343586,4304.56,4304.61,0.0,0,1788343586541,6,0.0
1788343586,4304.616,4304.666,0.0,0,1788343586802,6,0.0
1788343586,4304.671,4304.721,0.0,0,1788343586834,6,0.0
1788343587,4304.924,4304.974,0.0,0,1788343587837,6,0.0
1788343587,4304.982,4305.032,0.0,0,1788343587948,6,0.0
1788343587,4305.111,4305.161,0.0,0,1788343587979,6,0.0
1788343588,4304.878,4304.928,0.0,0,1788343588926,6,0.0
1788343588,4304.793,4304.843,0.0,0,1788343588935,6,0.0
1788343588,4304.73,4304.78,0.0,0,1788343588940,6,0.0
1788343589,4304.758,4304.808,0.0,0,1788343589473,6,0.0
1788343589,4304.7,4304.75,0.0,0,1788343589523,6,0.0
1788343590,4304.727,4304.777,0.0,0,1788343590888,6,0.0
1788343590,4304.662,4304.712,0.0,0,1788343590983,6,0.0
1788343590,4304.716,4304.766,0.0,0,1788343590996,6,0.0
1788343591,4304.77,4304.82,0.0,0,1788343591542,6,0.0
1788343591,4304.709,4304.759,0.0,0,1788343591663,6,0.0
1788343591,4304.651,4304.701,0.0,0,1788343591675,6,0.0
1788343592,4304.582,4304.632,0.0,0,1788343592182,6,0.0
1788343592,4304.528,4304.578,0.0,0,1788343592419,6,0.0
1788343592,4304.581,4304.631,0.0,0,1788343592772,6,0.0
1788343593,4304.566,4304.616,0.0,0,1788343593776,6,0.0
1788343594,4304.522,4304.572,0.0,0,1788343594941,6,0.0
1788343596,4304.3,4304.34,0.0,0,1788343596114,6,0.0
1788343597,4304.438,4304.478,0.0,0,1788343597176,6,0.0
1788343597,4304.294,4304.334,0.0,0,1788343597292,6,0.0
1788343597,4304.393,4304.433,0.0,0,1788343597730,6,0.0
1788343597,4304.339,4304.379,0.0,0,1788343597760,6,0.0
1788343598,4304.283,4304.323,0.0,0,1788343598215,6,0.0
1788343599,4304.0,4304.04,0.0,0,1788343599216,6,0.0
1788343599,4304.073,4304.113,0.0,0,1788343599324,6,0.0
1788343599,4304.144,4304.184,0.0,0,1788343599529,6,0.0
1788343599,4304.084,4304.124,0.0,0,1788343599544,6,0.0
1788343599,4304.03,4304.07,0.0,0,1788343599561,6,0.0
1788343599,4303.948,4303.988,0.0,0,1788343599763,6,0.0
1788343599,4303.774,4303.814,0.0,0,1788343599832,6,0.0
1788343600,4303.734,4303.774,0.0,0,1788343600053,6,0.0
1788343600,4304.03,4304.07,0.0,0,1788343600806,6,0.0
1788343601,4304.075,4304.125,0.0,0,1788343601832,6,0.0
1788343601,4303.843,4303.893,0.0,0,1788343601897,6,0.0
1788343601,4303.725,4303.775,0.0,0,1788343601977,6,0.0
1788343601,4303.873,4303.923,0.0,0,1788343601995,6,0.0
1788343602,4303.651,4303.701,0.0,0,1788343602097,6,0.0
1788343602,4303.688,4303.738,0.0,0,1788343602214,6,0.0
1788343602,4303.366,4303.416,0.0,0,1788343602228,6,0.0
1788343602,4303.311,4303.361,0.0,0,1788343602258,6,0.0
1788343603,4303.516,4303.566,0.0,0,1788343603046,6,0.0
1788343603,4303.436,4303.486,0.0,0,1788343603058,6,0.0
1788343603,4303.384,4303.434,0.0,0,1788343603074,6,0.0
1788343603,4303.209,4303.259,0.0,0,1788343603249,6,0.0
1788343603,4302.995,4303.045,0.0,0,1788343603828,6,0.0
1788343603,4302.943,4302.993,0.0,0,1788343603881,6,0.0
1788343604,4302.876,4302.926,0.0,0,1788343604222,6,0.0
1788343604,4302.823,4302.873,0.0,0,1788343604233,6,0.0
1788343604,4302.764,4302.814,0.0,0,1788343604238,6,0.0
1788343604,4302.696,4302.746,0.0,0,1788343604270,6,0.0
1788343604,4303.037,4303.087,0.0,0,1788343604358,6,0.0
1788343605,4302.702,4302.752,0.0,0,1788343605182,6,0.0
1788343605,4302.645,4302.695,0.0,0,1788343605254,6,0.0
1788343605,4302.895,4302.945,0.0,0,1788343605921,6,0.0
1788343606,4303.028,4303.078,0.0,0,1788343606364,6,0.0
1788343606,4302.974,4303.024,0.0,0,1788343606860,6,0.0
1788343606,4303.027,4303.077,0.0,0,1788343606880,6,0.0
1788343606,4302.971,4303.021,0.0,0,1788343606973,6,0.0
1788343607,4302.879,4302.929,0.0,0,1788343607108,6,0.0
1788343607,4302.825,4302.875,0.0,0,1788343607109,6,0.0
1788343607,4302.772,4302.822,0.0,0,1788343607156,6,0.0
1788343607,4302.834,4302.884,0.0,0,1788343607227,6,0.0
1788343607,4302.735,4302.785,0.0,0,1788343607410,6,0.0
1788343607,4302.682,4302.732,0.0,0,1788343607418,6,0.0
1788343607,4302.628,4302.678,0.0,0,1788343607426,6,0.0
1788343607,4302.556,4302.606,0.0,0,1788343607430,6,0.0
1788343607,4302.469,4302.519,0.0,0,1788343607444,6,0.0
1788343607,4302.429,4302.479,0.0,0,1788343607448,6,0.0
1788343607,4302.339,4302.389,0.0,0,1788343607451,6,0.0
1788343607,4302.202,4302.252,0.0,0,1788343607455,6,0.0
1788343607,4302.513,4302.563,0.0,0,1788343607491,6,0.0
1788343607,4302.178,4302.228,0.0,0,1788343607594,6,0.0
1788343607,4302.397,4302.447,0.0,0,1788343607613,6,0.0
1788343608,4302.177,4302.227,0.0,0,1788343608092,6,0.0
1788343608,4302.247,4302.297,0.0,0,1788343608111,6,0.0
1788343608,4302.467,4302.517,0.0,0,1788343608475,6,0.0
1788343608,4302.412,4302.462,0.0,0,1788343608484,6,0.0
1788343608,4302.354,4302.404,0.0,0,1788343608490,6,0.0
1788343608,4302.297,4302.347,0.0,0,1788343608531,6,0.0
1788343608,4302.354,4302.404,0.0,0,1788343608751,6,0.0
1788343608,4302.406,4302.456,0.0,0,1788343608799,6,0.0
1788343609,4302.334,4302.384,0.0,0,1788343609134,6,0.0
1788343609,4302.264,4302.314,0.0,0,1788343609151,6,0.0
1788343609,4302.316,4302.366,0.0,0,1788343609172,6,0.0
1788343609,4302.413,4302.463,0.0,0,1788343609191,6,0.0
1788343609,4302.086,4302.136,0.0,0,1788343609667,6,0.0
1788343609,4302.303,4302.353,0.0,0,1788343609780,6,0.0
1788343610,4302.36,4302.41,0.0,0,1788343610037,6,0.0
1788343611,4302.412,4302.462,0.0,0,1788343611019,6,0.0
1788343611,4302.086,4302.136,0.0,0,1788343611379,6,0.0
1788343611,4302.429,4302.479,0.0,0,1788343611641,6,0.0
1788343612,4302.533,4302.583,0.0,0,1788343612343,6,0.0
1788343613,4302.526,4302.576,0.0,0,1788343613427,6,0.0
1788343614,4302.462,4302.512,0.0,0,1788343614539,6,0.0
1788343614,4302.357,4302.407,0.0,0,1788343614943,6,0.0
1788343615,4302.265,4302.315,0.0,0,1788343615138,6,0.0
1788343615,4302.195,4302.245,0.0,0,1788343615161,6,0.0
1788343615,4302.132,4302.182,0.0,0,1788343615170,6,0.0
1788343615,4302.073,4302.123,0.0,0,1788343615203,6,0.0
1788343615,4302.132,4302.182,0.0,0,1788343615300,6,0.0
1788343615,4302.19,4302.24,0.0,0,1788343615481,6,0.0
1788343615,4302.242,4302.292,0.0,0,1788343615552,6,0.0
1788343615,4302.389,4302.439,0.0,0,1788343615562,6,0.0
1788343615,4302.266,4302.316,0.0,0,1788343615780,6,0.0
1788343615,4302.209,4302.259,0.0,0,1788343615789,6,0.0
1788343615,4302.091,4302.141,0.0,0,1788343615879,6,0.0
1788343616,4302.206,4302.256,0.0,0,1788343616060,6,0.0
1788343616,4302.319,4302.369,0.0,0,1788343616071,6,0.0
1788343616,4302.215,4302.265,0.0,0,1788343616091,6,0.0
1788343616,4302.162,4302.212,0.0,0,1788343616178,6,0.0
1788343616,4302.22,4302.27,0.0,0,1788343616271,6,0.0
1788343616,4302.339,4302.389,0.0,0,1788343616642,6,0.0
1788343616,4302.414,4302.464,0.0,0,1788343616662,6,0.0
1788343617,4302.466,4302.516,0.0,0,1788343617067,6,0.0
1788343617,4302.412,4302.462,0.0,0,1788343617099,6,0.0
1788343617,4302.464,4302.514,0.0,0,1788343617351,6,0.0
1788343617,4302.515,4302.565,0.0,0,1788343617353,6,0.0
1788343617,4302.58,4302.63,0.0,0,1788343617367,6,0.0
1788343617,4302.526,4302.576,0.0,0,1788343617412,6,0.0
1788343617,4302.471,4302.521,0.0,0,1788343617486,6,0.0
1788343617,4302.523,4302.573,0.0,0,1788343617747,6,0.0
1788343617,4302.465,4302.515,0.0,0,1788343617994,6,0.0
1788343618,4302.316,4302.366,0.0,0,1788343618052,6,0.0
1788343618,4302.259,4302.309,0.0,0,1788343618065,6,0.0
1788343618,4302.203,4302.253,0.0,0,1788343618201,6,0.0
1788343618,4302.15,4302.2,0.0,0,1788343618261,6,0.0
1788343618,4302.088,4302.138,0.0,0,1788343618269,6,0.0
1788343618,4302.146,4302.196,0.0,0,1788343618443,6,0.0
1788343618,4302.201,4302.251,0.0,0,1788343618490,6,0.0
1788343619,4302.084,4302.134,0.0,0,1788343619228,6,0.0
1788343619,4302.187,4302.237,0.0,0,1788343619353,6,0.0
1788343619,4301.851,4301.901,0.0,0,1788343619372,6,0.0
1788343619,4302.052,4302.102,0.0,0,1788343619431,6,0.0
1788343619,4302.13,4302.18,0.0,0,1788343619548,6,0.0
1788343619,4302.196,4302.246,0.0,0,1788343619557,6,0.0
1788343619,4302.265,4302.315,0.0,0,1788343619772,6,0.0
1788343619,4302.094,4302.144,0.0,0,1788343619813,6,0.0
1788343619,4302.04,4302.09,0.0,0,1788343619906,6,0.0
1788343620,4302.379,4302.429,0.0,0,1788343620099,6,0.0
1788343620,4302.432,4302.482,0.0,0,1788343620258,6,0.0
1788343620,4302.37,4302.42,0.0,0,1788343620265,6,0.0
1788343620,4302.168,4302.218,0.0,0,1788343620300,6,0.0
1788343620,4302.015,4302.065,0.0,0,1788343620493,6,0.0
1788343620,4302.143,4302.193,0.0,0,1788343620646,6,0.0
1788343620,4302.195,4302.245,0.0,0,1788343620743,6,0.0
1788343620,4302.318,4302.368,0.0,0,1788343620786,6,0.0
1788343621,4302.369,4302.419,0.0,0,1788343621012,6,0.0
1788343621,4302.422,4302.472,0.0,0,1788343621163,6,0.0
1788343621,4302.474,4302.524,0.0,0,1788343621219,6,0.0
1788343621,4302.526,4302.576,0.0,0,1788343621593,6,0.0
1788343621,4302.472,4302.522,0.0,0,1788343621637,6,0.0
1788343621,4302.529,4302.579,0.0,0,1788343621823,6,0.0
1788343622,4302.591,4302.641,0.0,0,1788343622325,6,0.0
1788343622,4302.643,4302.693,0.0,0,1788343622364,6,0.0
1788343622,4302.571,4302.621,0.0,0,1788343622629,6,0.0
1788343622,4302.514,4302.564,0.0,0,1788343622727,6,0.0
1788343622,4302.42,4302.47,0.0,0,1788343622730,6,0.0
1788343622,4302.323,4302.373,0.0,0,1788343622743,6,0.0
1788343622,4302.426,4302.476,0.0,0,1788343622844,6,0.0
1788343622,4302.326,4302.376,0.0,0,1788343622850,6,0.0
1788343622,4302.274,4302.324,0.0,0,1788343622865,6,0.0
1788343622,4302.199,4302.249,0.0,0,1788343622885,6,0.0
1788343623,4302.224,4302.274,0.0,0,1788343623902,6,0.0
1788343624,4302.31,4302.36,0.0,0,1788343624103,6,0.0
1788343624,4302.254,4302.304,0.0,0,1788343624294,6,0.0
1788343624,4302.307,4302.357,0.0,0,1788343624327,6,0.0
1788343624,4302.423,4302.473,0.0,0,1788343624529,6,0.0
1788343624,4302.294,4302.344,0.0,0,1788343624770,6,0.0
1788343625,4302.411,4302.461,0.0,0,1788343625273,6,0.0
1788343625,4302.462,4302.512,0.0,0,1788343625284,6,0.0
1788343625,4302.596,4302.646,0.0,0,1788343625291,6,0.0
1788343625,4302.536,4302.586,0.0,0,1788343625312,6,0.0
1788343625,4302.475,4302.525,0.0,0,1788343625328,6,0.0
1788343625,4302.527,4302.577,0.0,0,1788343625512,6,0.0
1788343625,4302.578,4302.628,0.0,0,1788343625594,6,0.0
1788343625,4302.519,4302.569,0.0,0,1788343625872,6,0.0
1788343625,4302.4,4302.45,0.0,0,1788343625880,6,0.0
1788343625,4302.324,4302.374,0.0,0,1788343625902,6,0.0
1788343626,4302.257,4302.307,0.0,0,1788343626277,6,0.0
1788343626,4302.31,4302.36,0.0,0,1788343626526,6,0.0
1788343626,4302.447,4302.497,0.0,0,1788343626608,6,0.0
1788343626,4302.514,4302.564,0.0,0,1788343626657,6,0.0
1788343626,4302.574,4302.624,0.0,0,1788343626670,6,0.0
1788343626,4302.522,4302.572,0.0,0,1788343626696,6,0.0
1788343626,4302.578,4302.628,0.0,0,1788343626733,6,0.0
1788343626,4302.25,4302.3,0.0,0,1788343626875,6,0.0
1788343626,4302.122,4302.172,0.0,0,1788343626894,6,0.0
1788343627,4302.417,4302.467,0.0,0,1788343627104,6,0.0
1788343627,4302.575,4302.625,0.0,0,1788343627113,6,0.0
1788343627,4302.515,4302.565,0.0,0,1788343627136,6,0.0
1788343627,4302.601,4302.651,0.0,0,1788343627211,6,0.0
1788343627,4302.506,4302.556,0.0,0,1788343627235,6,0.0
1788343627,4302.577,4302.627,0.0,0,1788343627388,6,0.0
1788343628,4302.559,4302.609,0.0,0,1788343628559,6,0.0
1788343629,4302.547,4302.597,0.0,0,1788343629576,6,0.0
1788343630,4302.535,4302.585,0.0,0,1788343630949,6,0.0
1788343631,4302.409,4302.459,0.0,0,1788343631380,6,0.0
1788343631,4302.534,4302.584,0.0,0,1788343631794,6,0.0
1788343631,4302.666,4302.716,0.0,0,1788343631843,6,0.0
1788343631,4302.72,4302.77,0.0,0,1788343631962,6,0.0
1788343631,4302.666,4302.716,0.0,0,1788343631997,6,0.0
1788343632,4302.614,4302.664,0.0,0,1788343632017,6,0.0
1788343632,4302.665,4302.715,0.0,0,1788343632512,6,0.0
1788343633,4302.612,4302.662,0.0,0,1788343633204,6,0.0
1788343633,4302.668,4302.718,0.0,0,1788343633578,6,0.0
1788343633,4302.727,4302.777,0.0,0,1788343633854,6,0.0
1788343634,4302.758,4302.808,0.0,0,1788343634979,6,0.0
1788343636,4302.763,4302.813,0.0,0,1788343636273,6,0.0
1788343637,4302.765,4302.815,0.0,0,1788343637279,6,0.0
1788343638,4302.766,4302.816,0.0,0,1788343638514,6,0.0
1788343639,4302.765,4302.815,0.0,0,1788343639707,6,0.0
1788343641,4302.761,4302.811,0.0,0,1788343641455,6,0.0
1788343641,4302.701,4302.751,0.0,0,1788343641460,6,0.0
1788343641,4302.551,4302.601,0.0,0,1788343641474,6,0.0
1788343641,4302.482,4302.532,0.0,0,1788343641494,6,0.0
1788343641,4302.545,4302.595,0.0,0,1788343641534,6,0.0
1788343641,4302.656,4302.706,0.0,0,1788343641539,6,0.0
1788343641,4302.818,4302.868,0.0,0,1788343641555,6,0.0
1788343641,4302.896,4302.946,0.0,0,1788343641575,6,0.0
1788343642,4302.844,4302.894,0.0,0,1788343642108,6,0.0
1788343642,4302.896,4302.946,0.0,0,1788343642208,6,0.0
1788343642,4302.955,4303.005,0.0,0,1788343642705,6,0.0
1788343642,4303.058,4303.108,0.0,0,1788343642717,6,0.0
1788343642,4303.117,4303.167,0.0,0,1788343642755,6,0.0
1788343642,4303.194,4303.244,0.0,0,1788343642758,6,0.0
1788343644,4303.21,4303.26,0.0,0,1788343644019,6,0.0
1788343644,4303.264,4303.314,0.0,0,1788343644285,6,0.0
1788343644,4303.199,4303.249,0.0,0,1788343644326,6,0.0
1788343644,4303.262,4303.312,0.0,0,1788343644400,6,0.0
1788343644,4303.315,4303.365,0.0,0,1788343644419,6,0.0
1788343644,4303.367,4303.417,0.0,0,1788343644520,6,0.0
1788343645,4303.395,4303.445,0.0,0,1788343645564,6,0.0
1788343646,4303.448,4303.498,0.0,0,1788343646276,6,0.0
1788343646,4303.543,4303.593,0.0,0,1788343646282,6,0.0
1788343646,4303.611,4303.661,0.0,0,1788343646303,6,0.0
1788343646,4303.663,4303.713,0.0,0,1788343646343,6,0.0
1788343647,4303.613,4303.663,0.0,0,1788343647659,6,0.0
1788343647,4303.27,4303.32,0.0,0,1788343647728,6,0.0
1788343647,4303.217,4303.267,0.0,0,1788343647742,6,0.0
1788343647,4303.121,4303.171,0.0,0,1788343647764,6,0.0
1788343647,4303.184,4303.234,0.0,0,1788343647906,6,0.0
1788343648,4303.197,4303.247,0.0,0,1788343648978,6,0.0
1788343649,4303.26,4303.31,0.0,0,1788343649522,6,0.0
1788343649,4303.313,4303.363,0.0,0,1788343649537,6,0.0
1788343649,4303.365,4303.415,0.0,0,1788343649597,6,0.0
1788343649,4303.568,4303.618,0.0,0,1788343649679,6,0.0
1788343650,4303.621,4303.671,0.0,0,1788343650342,6,0.0
1788343650,4303.673,4303.723,0.0,0,1788343650360,6,0.0
1788343650,4303.343,4303.393,0.0,0,1788343650552,6,0.0
1788343650,4303.291,4303.341,0.0,0,1788343650584,6,0.0
1788343650,4303.141,4303.191,0.0,0,1788343650669,6,0.0
1788343650,4303.024,4303.074,0.0,0,1788343650672,6,0.0
1788343650,4302.893,4302.943,0.0,0,1788343650673,6,0.0
1788343650,4302.962,4303.012,0.0,0,1788343650677,6,0.0
1788343650,4302.897,4302.947,0.0,0,1788343650685,6,0.0
1788343650,4302.985,4303.035,0.0,0,1788343650705,6,0.0
1788343651,4302.69,4302.74,0.0,0,1788343651711,6,0.0
1788343651,4302.807,4302.857,0.0,0,1788343651744,6,0.0
1788343652,4302.976,4303.026,0.0,0,1788343652131,6,0.0
1788343653,4302.989,4303.039,0.0,0,1788343653135,6,0.0
1788343653,4303.045,4303.095,0.0,0,1788343653521,6,0.0
1788343654,4302.992,4303.042,0.0,0,1788343654139,6,0.0
1788343654,4303.056,4303.106,0.0,0,1788343654595,6,0.0
1788343654,4303.115,4303.165,0.0,0,1788343654620,6,0.0
1788343655,4303.079,4303.129,0.0,0,1788343655632,6,0.0
1788343655,4303.018,4303.068,0.0,0,1788343655959,6,0.0
1788343655,4302.911,4302.961,0.0,0,1788343655975,6,0.0
1788343656,4302.964,4303.014,0.0,0,1788343656228,6,0.0
1788343657,4302.934,4302.984,0.0,0,1788343657240,6,0.0
1788343657,4303.023,4303.073,0.0,0,1788343657320,6,0.0
1788343658,4303.043,4303.093,0.0,0,1788343658329,6,0.0
1788343658,4303.16,4303.21,0.0,0,1788343658498,6,0.0
1788343658,4303.042,4303.092,0.0,0,1788343658523,6,0.0
1788343658,4302.967,4303.017,0.0,0,1788343658534,6,0.0
1788343658,4303.02,4303.07,0.0,0,1788343658776,6,0.0
1788343658,4302.964,4303.014,0.0,0,1788343658915,6,0.0
1788343658,4303.02,4303.07,0.0,0,1788343658939,6,0.0
1788343659,4302.981,4303.031,0.0,0,1788343659945,6,0.0
1788343660,4302.921,4302.971,0.0,0,1788343660848,6,0.0
1788343660,4303.0,4303.05,0.0,0,1788343660963,6,0.0
1788343662,4302.82,4302.87,0.0,0,1788343662020,6,0.0
1788343663,4303.005,4303.055,0.0,0,1788343663092,6,0.0
1788343663,4303.127,4303.177,0.0,0,1788343663194,6,0.0
1788343664,4303.108,4303.158,0.0,0,1788343664286,6,0.0
1788343664,4302.885,4302.935,0.0,0,1788343664979,6,0.0
1788343665,4302.847,4302.897,0.0,0,1788343665459,6,0.0
1788343665,4302.913,4302.963,0.0,0,1788343665462,6,0.0
1788343665,4303.125,4303.175,0.0,0,1788343665602,6,0.0
1788343666,4303.18,4303.23,0.0,0,1788343666090,6,0.0
1788343666,4303.256,4303.306,0.0,0,1788343666117,6,0.0
1788343667,4303.308,4303.358,0.0,0,1788343667719,6,0.0
1788343667,4303.364,4303.414,0.0,0,1788343667862,6,0.0
1788343667,4303.417,4303.467,0.0,0,1788343667889,6,0.0
1788343668,4303.164,4303.214,0.0,0,1788343668930,6,0.0
1788343670,4303.202,4303.242,0.0,0,1788343670115,6,0.0
1788343670,4303.081,4303.121,0.0,0,1788343670440,6,0.0
1788343670,4302.918,4302.968,0.0,0,1788343670472,6,0.0
1788343670,4303.138,4303.188,0.0,0,1788343670569,6,0.0
1788343671,4303.31,4303.35,0.0,0,1788343671575,6,0.0
1788343672,4303.079,4303.119,0.0,0,1788343672625,6,0.0
1788343673,4303.132,4303.172,0.0,0,1788343673036,6,0.0
1788343673,4303.187,4303.227,0.0,0,1788343673037,6,0.0
1788343673,4303.242,4303.282,0.0,0,1788343673044,6,0.0
1788343673,4303.281,4303.331,0.0,0,1788343673057,6,0.0
1788343673,4303.208,4303.258,0.0,0,1788343673068,6,0.0
1788343673,4303.123,4303.173,0.0,0,1788343673077,6,0.0
1788343673,4303.004,4303.054,0.0,0,1788343673086,6,0.0
1788343673,4302.947,4302.997,0.0,0,1788343673092,6,0.0
1788343673,4302.894,4302.944,0.0,0,1788343673097,6,0.0
1788343673,4302.843,4302.893,0.0,0,1788343673117,6,0.0
1788343673,4302.93,4302.98,0.0,0,1788343673774,6,0.0
1788343673,4302.999,4303.049,0.0,0,1788343673850,6,0.0
1788343673,4303.059,4303.109,0.0,0,1788343673893,6,0.0
1788343674,4303.062,4303.112,0.0,0,1788343674947,6,0.0
1788343674,4302.985,4303.035,0.0,0,1788343674968,6,0.0
1788343676,4302.979,4303.029,0.0,0,1788343676136,6,0.0
1788343676,4303.032,4303.082,0.0,0,1788343676309,6,0.0
1788343676,4303.088,4303.138,0.0,0,1788343676357,6,0.0
1788343676,4303.035,4303.085,0.0,0,1788343676862,6,0.0
1788343677,4302.972,4303.022,0.0,0,1788343677283,6,0.0
1788343677,4302.92,4302.97,0.0,0,1788343677326,6,0.0
1788343678,4302.868,4302.918,0.0,0,1788343678289,6,0.0
1788343678,4302.926,4302.976,0.0,0,1788343678584,6,0.0
1788343678,4302.978,4303.028,0.0,0,1788343678611,6,0.0
1788343679,4303.094,4303.134,0.0,0,1788343679530,6,0.0
1788343679,4303.147,4303.187,0.0,0,1788343679590,6,0.0
1788343680,4303.202,4303.242,0.0,0,1788343680128,6,0.0
1788343680,4303.26,4303.3,0.0,0,1788343680378,6,0.0
1788343680,4303.209,4303.249,0.0,0,1788343680481,6,0.0
1788343680,4303.149,4303.189,0.0,0,1788343680518,6,0.0
1788343680,4303.036,4303.076,0.0,0,1788343680559,6,0.0
1788343680,4302.973,4303.023,0.0,0,1788343680716,6,0.0
1788343680,4302.915,4302.965,0.0,0,1788343680721,6,0.0
1788343680,4302.855,4302.905,0.0,0,1788343680726,6,0.0
1788343680,4302.79,4302.84,0.0,0,1788343680730,6,0.0
1788343680,4302.735,4302.785,0.0,0,1788343680808,6,0.0
1788343680,4302.789,4302.839,0.0,0,1788343680869,6,0.0
1788343680,4302.847,4302.897,0.0,0,1788343680881,6,0.0
1788343680,4302.93,4302.98,0.0,0,1788343680890,6,0.0
1788343682,4302.977,4303.027,0.0,0,1788343682074,6,0.0
1788343682,4303.065,4303.115,0.0,0,1788343682234,6,0.0
1788343682,4303.116,4303.166,0.0,0,1788343682435,6,0.0
1788343682,4303.064,4303.114,0.0,0,1788343682603,6,0.0
1788343682,4303.122,4303.172,0.0,0,1788343682790,6,0.0
1788343682,4303.07,4303.12,0.0,0,1788343682874,6,0.0
1788343683,4303.122,4303.172,0.0,0,1788343683147,6,0.0
1788343684,4303.1,4303.15,0.0,0,1788343684669,6,0.0
1788343684,4302.983,4303.033,0.0,0,1788343684689,6,0.0
1788343685,4302.926,4302.976,0.0,0,1788343685258,6,0.0
1788343685,4302.868,4302.918,0.0,0,1788343685524,6,0.0
1788343685,4302.955,4303.005,0.0,0,1788343685573,6,0.0
1788343686,4303.055,4303.095,0.0,0,1788343686725,6,0.0
1788343687,4303.056,4303.096,0.0,0,1788343687841,6,0.0
1788343688,4302.944,4302.984,0.0,0,1788343688459,6,0.0
1788343688,4302.891,4302.931,0.0,0,1788343688535,6,0.0
1788343688,4302.837,4302.877,0.0,0,1788343688552,6,0.0
1788343688,4302.785,4302.825,0.0,0,1788343688588,6,0.0
1788343689,4302.592,4302.632,0.0,0,1788343689260,6,0.0
1788343690,4302.838,4302.878,0.0,0,1788343690266,6,0.0
1788343690,4302.764,4302.804,0.0,0,1788343690847,6,0.0
1788343690,4302.707,4302.747,0.0,0,1788343690892,6,0.0
1788343691,4302.728,4302.768,0.0,0,1788343691918,6,0.0
1788343692,4302.759,4302.799,0.0,0,1788343692977,6,0.0
1788343693,4302.802,4302.842,0.0,0,1788343693979,6,0.0
1788343695,4302.828,4302.868,0.0,0,1788343695299,6,0.0
1788343695,4302.77,4302.81,0.0,0,1788343695344,6,0.0
1788343695,4302.718,4302.758,0.0,0,1788343695364,6,0.0
1788343696,4302.725,4302.765,0.0,0,1788343696631,6,0.0
1788343697,4302.754,4302.794,0.0,0,1788343697640,6,0.0
1788343698,4302.758,4302.798,0.0,0,1788343698914,6,0.0
1788343700,4302.786,4302.826,0.0,0,1788343700207,6,0.0
1788343700,4302.9,4302.94,0.0,0,1788343700755,6,0.0
1788343700,4302.954,4302.994,0.0,0,1788343700766,6,0.0
1788343700,4303.011,4303.051,0.0,0,1788343700793,6,0.0
1788343701,4302.952,4302.992,0.0,0,1788343701179,6,0.0
1788343701,4302.869,4302.909,0.0,0,1788343701790,6,0.0
1788343702,4302.831,4302.871,0.0,0,1788343702933,6,0.0
1788343702,4302.975,4303.015,0.0,0,1788343702954,6,0.0
1788343703,4303.032,4303.072,0.0,0,1788343703020,6,0.0
1788343703,4303.083,4303.123,0.0,0,1788343703054,6,0.0
1788343703,4303.006,4303.046,0.0,0,1788343703277,6,0.0
1788343703,4302.954,4302.994,0.0,0,1788343703282,6,0.0
1788343703,4302.843,4302.893,0.0,0,1788343703306,6,0.0
1788343703,4302.769,4302.819,0.0,0,1788343703308,6,0.0
1788343703,4302.715,4302.765,0.0,0,1788343703339,6,0.0
1788343704,4302.696,4302.746,0.0,0,1788343704343,6,0.0
1788343704,4302.644,4302.694,0.0,0,1788343704373,6,0.0
1788343704,4302.709,4302.759,0.0,0,1788343704411,6,0.0
1788343704,4302.766,4302.816,0.0,0,1788343704435,6,0.0
1788343704,4302.89,4302.94,0.0,0,1788343704917,6,0.0
1788343705,4302.886,4302.936,0.0,0,1788343705923,6,0.0
1788343706,4302.754,4302.804,0.0,0,1788343706317,6,0.0
1788343706,4302.7,4302.75,0.0,0,1788343706332,6,0.0
1788343706,4302.64,4302.69,0.0,0,1788343706357,6,0.0
1788343706,4302.716,4302.766,0.0,0,1788343706571,6,0.0
1788343706,4302.781,4302.831,0.0,0,1788343706578,6,0.0
1788343706,4302.901,4302.951,0.0,0,1788343706598,6,0.0
1788343706,4302.818,4302.868,0.0,0,1788343706912,6,0.0
1788343707,4302.873,4302.923,0.0,0,1788343707942,6,0.0
1788343709,4302.858,4302.908,0.0,0,1788343709022,6,0.0
1788343710,4302.578,4302.628,0.0,0,1788343710046,6,0.0
1788343710,4302.729,4302.779,0.0,0,1788343710381,6,0.0
1788343710,4302.857,4302.907,0.0,0,1788343710669,6,0.0
1788343711,4302.927,4302.977,0.0,0,1788343711606,6,0.0
1788343712,4302.873,4302.923,0.0,0,1788343712321,6,0.0
1788343713,4302.78,4302.83,0.0,0,1788343713388,6,0.0
1788343713,4302.909,4302.959,0.0,0,1788343713402,6,0.0
1788343713,4302.78,4302.83,0.0,0,1788343713658,6,0.0
1788343713,4302.728,4302.778,0.0,0,1788343713681,6,0.0
1788343714,4302.784,4302.834,0.0,0,1788343714376,6,0.0
1788343714,4302.899,4302.949,0.0,0,1788343714467,6,0.0
1788343714,4302.77,4302.82,0.0,0,1788343714604,6,0.0
1788343714,4302.664,4302.714,0.0,0,1788343714624,6,0.0
1788343715,4302.641,4302.691,0.0,0,1788343715683,6,0.0
1788343715,4302.585,4302.635,0.0,0,1788343715718,6,0.0
1788343715,4302.533,4302.583,0.0,0,1788343715780,6,0.0
1788343715,4302.471,4302.521,0.0,0,1788343715800,6,0.0
1788343715,4302.524,4302.574,0.0,0,1788343715995,6,0.0
1788343716,4302.64,4302.69,0.0,0,1788343716071,6,0.0
1788343716,4302.766,4302.816,0.0,0,1788343716075,6,0.0
1788343716,4302.818,4302.868,0.0,0,1788343716096,6,0.0
1788343717,4302.774,4302.824,0.0,0,1788343717157,6,0.0
1788343717,4302.569,4302.619,0.0,0,1788343717576,6,0.0
1788343717,4302.631,4302.681,0.0,0,1788343717588,6,0.0
1788343717,4302.686,4302.736,0.0,0,1788343717590,6,0.0
1788343717,4302.807,4302.857,0.0,0,1788343717609,6,0.0
1788343718,4302.708,4302.758,0.0,0,1788343718183,6,0.0
1788343718,4302.864,4302.914,0.0,0,1788343718709,6,0.0
1788343718,4302.733,4302.783,0.0,0,1788343718793,6,0.0
1788343718,4302.873,4302.923,0.0,0,1788343718850,6,0.0
1788343718,4302.942,4302.992,0.0,0,1788343718874,6,0.0
1788343718,4302.889,4302.939,0.0,0,1788343718886,6,0.0
1788343718,4302.765,4302.815,0.0,0,1788343718904,6,0.0
1788343720,4302.749,4302.799,0.0,0,1788343720138,6,0.0
1788343721,4302.769,4302.819,0.0,0,1788343721159,6,0.0
1788343721,4302.901,4302.951,0.0,0,1788343721174,6,0.0
1788343721,4302.967,4303.017,0.0,0,1788343721198,6,0.0
1788343721,4302.903,4302.953,0.0,0,1788343721321,6,0.0
1788343721,4302.955,4303.005,0.0,0,1788343721426,6,0.0
1788343722,4302.964,4303.014,0.0,0,1788343722432,6,0.0
1788343724,4302.955,4303.005,0.0,0,1788343724269,6,0.0
1788343725,4302.969,4303.019,0.0,0,1788343725470,6,0.0
1788343725,4303.028,4303.078,0.0,0,1788343725624,6,0.0
1788343725,4303.113,4303.163,0.0,0,1788343725632,6,0.0
1788343725,4303.165,4303.215,0.0,0,1788343725642,6,0.0
1788343725,4303.248,4303.298,0.0,0,1788343725653,6,0.0
1788343726,4303.266,4303.316,0.0,0,1788343726887,6,0.0
1788343726,4303.336,4303.386,0.0,0,1788343726910,6,0.0
1788343727,4303.389,4303.439,0.0,0,1788343727853,6,0.0
1788343728,4303.451,4303.501,0.0,0,1788343728726,6,0.0
1788343728,4303.503,4303.553,0.0,0,1788343728800,6,0.0
1788343728,4303.555,4303.605,0.0,0,1788343728810,6,0.0
1788343728,4303.612,4303.662,0.0,0,1788343728827,6,0.0
1788343729,4303.569,4303.619,0.0,0,1788343729841,6,0.0
1788343729,4303.495,4303.545,0.0,0,1788343729860,6,0.0
1788343729,4303.558,4303.608,0.0,0,1788343729971,6,0.0
1788343729,4303.502,4303.552,0.0,0,1788343729977,6,0.0
1788343729,4303.548,4303.598,0.0,0,1788343729982,6,0.0
1788343730,4303.621,4303.671,0.0,0,1788343730002,6,0.0
1788343730,4303.718,4303.768,0.0,0,1788343730419,6,0.0
1788343731,4303.775,4303.825,0.0,0,1788343731206,6,0.0
1788343731,4303.844,4303.894,0.0,0,1788343731224,6,0.0
1788343731,4303.626,4303.676,0.0,0,1788343731404,6,0.0
1788343732,4303.887,4303.937,0.0,0,1788343732738,6,0.0
1788343733,4303.817,4303.867,0.0,0,1788343733007,6,0.0
1788343733,4303.877,4303.927,0.0,0,1788343733232,6,0.0
1788343733,4303.812,4303.862,0.0,0,1788343733332,6,0.0
1788343733,4303.884,4303.934,0.0,0,1788343733424,6,0.0
1788343733,4303.828,4303.878,0.0,0,1788343733540,6,0.0
1788343734,4303.833,4303.883,0.0,0,1788343734552,6,0.0
1788343734,4303.912,4303.962,0.0,0,1788343734570,6,0.0
1788343734,4303.967,4304.017,0.0,0,1788343734612,6,0.0
1788343734,4303.64,4303.69,0.0,0,1788343734906,6,0.0
1788343735,4303.904,4303.954,0.0,0,1788343735919,6,0.0
1788343736,4303.693,4303.743,0.0,0,1788343736224,6,0.0
1788343736,4303.64,4303.69,0.0,0,1788343736312,6,0.0
1788343736,4303.573,4303.623,0.0,0,1788343736314,6,0.0
1788343736,4303.453,4303.503,0.0,0,1788343736321,6,0.0
1788343736,4303.348,4303.398,0.0,0,1788343736347,6,0.0
1788343737,4303.61,4303.66,0.0,0,1788343737377,6,0.0
1788343737,4303.549,4303.599,0.0,0,1788343737393,6,0.0
1788343737,4303.487,4303.537,0.0,0,1788343737413,6,0.0
1788343737,4303.434,4303.484,0.0,0,1788343737738,6,0.0
1788343738,4303.383,4303.433,0.0,0,1788343738293,6,0.0
1788343739,4303.397,4303.447,0.0,0,1788343739309,6,0.0
1788343739,4303.345,4303.395,0.0,0,1788343739660,6,0.0
1788343739,4303.291,4303.341,0.0,0,1788343739973,6,0.0
1788343739,4303.237,4303.287,0.0,0,1788343739996,6,0.0
1788343741,4303.118,4303.168,0.0,0,1788343741075,6,0.0
1788343741,4303.059,4303.109,0.0,0,1788343741077,6,0.0
1788343741,4302.973,4303.023,0.0,0,1788343741091,6,0.0
1788343741,4302.831,4302.881,0.0,0,1788343741103,6,0.0
1788343741,4302.738,4302.788,0.0,0,1788343741106,6,0.0
1788343741,4302.917,4302.967,0.0,0,1788343741125,6,0.0
1788343741,4302.863,4302.913,0.0,0,1788343741133,6,0.0
1788343741,4302.785,4302.835,0.0,0,1788343741145,6,0.0
1788343741,4302.726,4302.776,0.0,0,1788343741160,6,0.0
1788343741,4302.634,4302.684,0.0,0,1788343741166,6,0.0
1788343741,4302.691,4302.741,0.0,0,1788343741299,6,0.0
1788343741,4302.362,4302.412,0.0,0,1788343741494,6,0.0
1788343741,4302.687,4302.737,0.0,0,1788343741965,6,0.0
1788343742,4302.631,4302.681,0.0,0,1788343742558,6,0.0
1788343743,4302.568,4302.618,0.0,0,1788343743396,6,0.0
1788343743,4302.476,4302.526,0.0,0,1788343743403,6,0.0
1788343743,4302.418,4302.468,0.0,0,1788343743413,6,0.0
1788343743,4302.356,4302.406,0.0,0,1788343743420,6,0.0
1788343743,4302.408,4302.458,0.0,0,1788343743453,6,0.0
1788343743,4302.477,4302.527,0.0,0,1788343743479,6,0.0
1788343743,4302.425,4302.475,0.0,0,1788343743626,6,0.0
1788343744,4302.135,4302.185,0.0,0,1788343744380,6,0.0
1788343744,4302.311,4302.361,0.0,0,1788343744675,6,0.0
1788343745,4302.363,4302.413,0.0,0,1788343745139,6,0.0
1788343745,4302.31,4302.36,0.0,0,1788343745239,6,0.0
1788343746,4302.315,4302.365,0.0,0,1788343746240,6,0.0
1788343747,4302.324,4302.374,0.0,0,1788343747422,6,0.0
1788343747,4302.257,4302.307,0.0,0,1788343747537,6,0.0
1788343747,4302.166,4302.216,0.0,0,1788343747545,6,0.0
1788343747,4302.218,4302.268,0.0,0,1788343747666,6,0.0
1788343747,4301.998,4302.048,0.0,0,1788343747792,6,0.0
1788343747,4302.204,4302.254,0.0,0,1788343747998,6,0.0
1788343748,4302.147,4302.197,0.0,0,1788343748019,6,0.0
1788343748,4302.095,4302.145,0.0,0,1788343748644,6,0.0
1788343749,4302.042,4302.092,0.0,0,1788343749354,6,0.0
1788343749,4301.989,4302.039,0.0,0,1788343749369,6,0.0
1788343749,4302.051,4302.101,0.0,0,1788343749431,6,0.0
1788343749,4302.11,4302.16,0.0,0,1788343749674,6,0.0
1788343749,4302.167,4302.217,0.0,0,1788343749689,6,0.0
1788343749,4302.113,4302.163,0.0,0,1788343749714,6,0.0
1788343749,4301.939,4301.989,0.0,0,1788343749775,6,0.0
1788343750,4302.296,4302.346,0.0,0,1788343750581,6,0.0
1788343751,4301.901,4301.951,0.0,0,1788343751513,6,0.0
1788343753,4302.188,4302.238,0.0,0,1788343753038,6,0.0
1788343754,4302.177,4302.227,0.0,0,1788343754046,6,0.0
1788343754,4302.308,4302.358,0.0,0,1788343754871,6,0.0
1788343754,4302.375,4302.425,0.0,0,1788343754882,6,0.0
1788343754,4302.428,4302.478,0.0,0,1788343754916,6,0.0
1788343756,4302.417,4302.467,0.0,0,1788343756191,6,0.0
1788343757,4302.399,4302.449,0.0,0,1788343757308,6,0.0
1788343757,4302.454,4302.504,0.0,0,1788343757368,6,0.0
1788343757,4302.509,4302.559,0.0,0,1788343757531,6,0.0
1788343757,4302.594,4302.644,0.0,0,1788343757761,6,0.0
1788343757,4302.647,4302.697,0.0,0,1788343757949,6,0.0
1788343758,4302.594,4302.644,0.0,0,1788343758359,6,0.0
1788343758,4302.662,4302.712,0.0,0,1788343758927,6,0.0
1788343759,4302.61,4302.66,0.0,0,1788343759194,6,0.0
1788343759,4302.667,4302.717,0.0,0,1788343759617,6,0.0
1788343759,4302.759,4302.809,0.0,0,1788343759620,6,0.0
1788343759,4302.878,4302.928,0.0,0,1788343759634,6,0.0
1788343759,4302.931,4302.981,0.0,0,1788343759641,6,0.0
1788343760,4302.796,4302.846,0.0,0,1788343760967,6,0.0
1788343761,4303.004,4303.054,0.0,0,1788343761803,6,0.0
1788343761,4303.056,4303.106,0.0,0,1788343761823,6,0.0
1788343761,4302.852,4302.902,0.0,0,1788343761965,6,0.0
1788343763,4303.033,4303.083,0.0,0,1788343763001,6,0.0
1788343763,4303.018,4303.068,0.0,0,1788343763883,6,0.0
1788343764,4302.951,4303.001,0.0,0,1788343764101,6,0.0
1788343764,4302.887,4302.937,0.0,0,1788343764103,6,0.0
1788343764,4302.836,4302.886,0.0,0,1788343764113,6,0.0
1788343764,4302.703,4302.753,0.0,0,1788343764131,6,0.0
1788343765,4302.65,4302.7,0.0,0,1788343765004,6,0.0
1788343765,4302.599,4302.649,0.0,0,1788343765672,6,0.0
1788343765,4302.52,4302.57,0.0,0,1788343765691,6,0.0
1788343766,4302.578,4302.628,0.0,0,1788343766188,6,0.0
1788343766,4302.655,4302.705,0.0,0,1788343766197,6,0.0
1788343767,4302.601,4302.651,0.0,0,1788343767139,6,0.0
1788343767,4302.538,4302.588,0.0,0,1788343767147,6,0.0
1788343767,4302.484,4302.534,0.0,0,1788343767492,6,0.0
1788343768,4302.469,4302.519,0.0,0,1788343768794,6,0.0
1788343769,4302.407,4302.457,0.0,0,1788343769549,6,0.0
1788343769,4302.351,4302.401,0.0,0,1788343769565,6,0.0
1788343769,4302.408,4302.458,0.0,0,1788343769708,6,0.0
1788343770,4302.463,4302.513,0.0,0,1788343770242,6,0.0
1788343771,4302.453,4302.503,0.0,0,1788343771263,6,0.0
1788343772,4302.464,4302.514,0.0,0,1788343772834,6,0.0
1788343773,4302.519,4302.569,0.0,0,1788343773601,6,0.0
1788343773,4302.637,4302.687,0.0,0,1788343773620,6,0.0
1788343773,4302.689,4302.739,0.0,0,1788343773629,6,0.0
1788343773,4302.759,4302.809,0.0,0,1788343773640,6,0.0
1788343773,4302.813,4302.863,0.0,0,1788343773748,6,0.0
1788343773,4302.879,4302.929,0.0,0,1788343773847,6,0.0
1788343774,4302.941,4302.991,0.0,0,1788343774478,6,0.0
1788343774,4303.008,4303.058,0.0,0,1788343774505,6,0.0
1788343775,4302.956,4303.006,0.0,0,1788343775064,6,0.0
1788343775,4303.008,4303.058,0.0,0,1788343775702,6,0.0
1788343776,4302.869,4302.919,0.0,0,1788343776535,6,0.0
1788343776,4302.914,4302.964,0.0,0,1788343776573,6,0.0
1788343776,4302.788,4302.838,0.0,0,1788343776721,6,0.0
1788343777,4302.728,4302.778,0.0,0,1788343777077,6,0.0
1788343777,4302.664,4302.714,0.0,0,1788343777083,6,0.0
1788343777,4302.575,4302.625,0.0,0,1788343777086,6,0.0
1788343777,4302.49,4302.54,0.0,0,1788343777098,6,0.0
1788343777,4302.419,4302.469,0.0,0,1788343777099,6,0.0
1788343777,4302.51,4302.56,0.0,0,1788343777111,6,0.0
1788343777,4302.403,4302.453,0.0,0,1788343777120,6,0.0
1788343777,4302.308,4302.358,0.0,0,1788343777231,6,0.0
1788343777,4302.348,4302.398,0.0,0,1788343777716,6,0.0
1788343777,4302.292,4302.342,0.0,0,1788343777724,6,0.0
1788343777,4302.235,4302.285,0.0,0,1788343777726,6,0.0
1788343777,4302.135,4302.185,0.0,0,1788343777746,6,0.0
1788343778,4302.078,4302.128,0.0,0,1788343778072,6,0.0
1788343778,4302.018,4302.068,0.0,0,1788343778252,6,0.0
1788343778,4301.959,4302.009,0.0,0,1788343778701,6,0.0
1788343779,4301.975,4302.025,0.0,0,1788343779717,6,0.0
1788343780,4302.037,4302.087,0.0,0,1788343780108,6,0.0
1788343780,4302.102,4302.152,0.0,0,1788343780111,6,0.0
1788343780,4302.164,4302.214,0.0,0,1788343780121,6,0.0
1788343780,4302.217,4302.267,0.0,0,1788343780125,6,0.0
1788343780,4302.392,4302.442,0.0,0,1788343780143,6,0.0
1788343780,4302.273,4302.323,0.0,0,1788343780351,6,0.0
1788343780,4302.455,4302.505,0.0,0,1788343780361,6,0.0
1788343780,4302.509,4302.559,0.0,0,1788343780415,6,0.0
1788343780,4302.452,4302.502,0.0,0,1788343780476,6,0.0
1788343780,4302.389,4302.439,0.0,0,1788343780560,6,0.0
1788343780,4302.27,4302.32,0.0,0,1788343780565,6,0.0
1788343780,4302.408,4302.458,0.0,0,1788343780924,6,0.0
1788343781,4302.251,4302.301,0.0,0,1788343781042,6,0.0
1788343782,4302.26,4302.31,0.0,0,1788343782303,6,0.0
1788343782,4302.388,4302.438,0.0,0,1788343782519,6,0.0
1788343782,4302.45,4302.5,0.0,0,1788343782585,6,0.0
1788343782,4302.538,4302.588,0.0,0,1788343782598,6,0.0
1788343782,4302.591,4302.641,0.0,0,1788343782635,6,0.0
1788343782,4302.534,4302.584,0.0,0,1788343782700,6,0.0
1788343782,4302.478,4302.528,0.0,0,1788343782727,6,0.0
1788343782,4302.36,4302.41,0.0,0,1788343782828,6,0.0
1788343782,4302.286,4302.336,0.0,0,1788343782973,6,0.0
1788343782,4302.342,4302.392,0.0,0,1788343782992,6,0.0
1788343783,4302.513,4302.563,0.0,0,1788343783010,6,0.0
1788343783,4302.574,4302.624,0.0,0,1788343783322,6,0.0
1788343783,4302.492,4302.542,0.0,0,1788343783337,6,0.0
1788343783,4302.372,4302.422,0.0,0,1788343783693,6,0.0
1788343784,4302.318,4302.368,0.0,0,1788343784554,6,0.0
1788343784,4302.468,4302.518,0.0,0,1788343784728,6,0.0
1788343784,4302.527,4302.577,0.0,0,1788343784735,6,0.0
1788343784,4302.591,4302.641,0.0,0,1788343784765,6,0.0
1788343785,4302.647,4302.697,0.0,0,1788343785135,6,0.0
1788343785,4302.587,4302.637,0.0,0,1788343785169,6,0.0
1788343785,4302.646,4302.696,0.0,0,1788343785279,6,0.0
1788343785,4302.72,4302.77,0.0,0,1788343785311,6,0.0
1788343785,4302.775,4302.825,0.0,0,1788343785332,6,0.0
1788343786,4302.484,4302.534,0.0,0,1788343786675,6,0.0
1788343787,4302.795,4302.845,0.0,0,1788343787273,6,0.0
1788343787,4302.856,4302.906,0.0,0,1788343787279,6,0.0
1788343787,4302.911,4302.961,0.0,0,1788343787291,6,0.0
1788343787,4302.837,4302.887,0.0,0,1788343787298,6,0.0
1788343787,4302.747,4302.797,0.0,0,1788343787334,6,0.0
1788343787,4302.53,4302.58,0.0,0,1788343787908,6,0.0
1788343788,4302.789,4302.839,0.0,0,1788343788910,6,0.0
1788343789,4302.579,4302.629,0.0,0,1788343789739,6,0.0
1788343789,4302.637,4302.687,0.0,0,1788343789745,6,0.0
1788343789,4302.707,4302.757,0.0,0,1788343789753,6,0.0
1788343789,4302.76,4302.81,0.0,0,1788343789916,6,0.0
1788343790,4302.822,4302.872,0.0,0,1788343790476,6,0.0
1788343790,4302.876,4302.926,0.0,0,1788343790993,6,0.0
1788343792,4302.852,4302.902,0.0,0,1788343792251,6,0.0
1788343792,4303.192,4303.242,0.0,0,1788343792410,6,0.0
1788343792,4302.846,4302.896,0.0,0,1788343792903,6,0.0
1788343792,4302.793,4302.843,0.0,0,1788343792907,6,0.0
1788343792,4302.714,4302.764,0.0,0,1788343792917,6,0.0
1788343792,4302.769,4302.819,0.0,0,1788343792969,6,0.0
1788343792,4302.826,4302.876,0.0,0,1788343792981,6,0.0
1788343792,4302.883,4302.933,0.0,0,1788343792999,6,0.0
1788343793,4302.935,4302.985,0.0,0,1788343793102,6,0.0
1788343794,4303.182,4303.232,0.0,0,1788343794180,6,0.0
1788343794,4303.124,4303.174,0.0,0,1788343794384,6,0.0
1788343794,4303.179,4303.229,0.0,0,1788343794994,6,0.0
1788343795,4303.124,4303.174,0.0,0,1788343795190,6,0.0
1788343795,4302.797,4302.847,0.0,0,1788343795366,6,0.0
1788343795,4302.855,4302.905,0.0,0,1788343795412,6,0.0
1788343795,4302.801,4302.851,0.0,0,1788343795441,6,0.0
1788343795,4302.861,4302.911,0.0,0,1788343795703,6,0.0
1788343796,4302.727,4302.777,0.0,0,1788343796526,6,0.0
1788343796,4302.844,4302.894,0.0,0,1788343796910,6,0.0
1788343797,4303.176,4303.226,0.0,0,1788343797205,6,0.0
1788343797,4303.229,4303.279,0.0,0,1788343797227,6,0.0
1788343797,4303.177,4303.227,0.0,0,1788343797664,6,0.0
1788343797,4303.24,4303.29,0.0,0,1788343797944,6,0.0
1788343799,4303.101,4303.151,0.0,0,1788343799073,6,0.0
1788343799,4303.051,4303.101,0.0,0,1788343799732,6,0.0
1788343799,4302.998,4303.048,0.0,0,1788343799950,6,0.0
1788343800,4303.328,4303.378,0.0,0,1788343800358,6,0.0
1788343800,4303.184,4303.234,0.0,0,1788343800503,6,0.0
1788343800,4303.268,4303.318,0.0,0,1788343800798,6,0.0
1788343800,4303.349,4303.399,0.0,0,1788343800803,6,0.0
1788343800,4303.486,4303.536,0.0,0,1788343800817,6,0.0
1788343801,4303.459,4303.509,0.0,0,1788343801376,6,0.0
1788343801,4303.787,4303.837,0.0,0,1788343801624,6,0.0
1788343801,4303.854,4303.904,0.0,0,1788343801633,6,0.0
1788343801,4303.638,4303.688,0.0,0,1788343801737,6,0.0
1788343801,4303.757,4303.807,0.0,0,1788343801750,6,0.0
1788343801,4303.813,4303.863,0.0,0,1788343801754,6,0.0
1788343801,4303.907,4303.957,0.0,0,1788343801957,6,0.0
1788343802,4304.128,4304.178,0.0,0,1788343802815,6,0.0
1788343802,4303.908,4303.958,0.0,0,1788343802845,6,0.0
1788343802,4303.85,4303.9,0.0,0,1788343802877,6,0.0
1788343802,4303.794,4303.844,0.0,0,1788343802885,6,0.0
1788343802,4303.735,4303.785,0.0,0,1788343802929,6,0.0
1788343802,4303.672,4303.722,0.0,0,1788343802938,6,0.0
1788343802,4303.62,4303.67,0.0,0,1788343802939,6,0.0
1788343802,4303.499,4303.549,0.0,0,1788343802943,6,0.0
1788343802,4303.441,4303.491,0.0,0,1788343802956,6,0.0
1788343802,4303.348,4303.398,0.0,0,1788343802967,6,0.0
1788343802,4303.403,4303.453,0.0,0,1788343802996,6,0.0
1788343803,4303.465,4303.515,0.0,0,1788343803053,6,0.0
1788343803,4303.407,4303.457,0.0,0,1788343803087,6,0.0
1788343803,4303.46,4303.51,0.0,0,1788343803271,6,0.0
1788343803,4303.59,4303.64,0.0,0,1788343803292,6,0.0
1788343803,4303.643,4303.693,0.0,0,1788343803564,6,0.0
1788343804,4303.91,4303.96,0.0,0,1788343804567,6,0.0
1788343805,4303.858,4303.908,0.0,0,1788343805359,6,0.0
1788343805,4303.726,4303.776,0.0,0,1788343805370,6,0.0
1788343805,4303.868,4303.918,0.0,0,1788343805664,6,0.0
1788343805,4303.92,4303.97,0.0,0,1788343805673,6,0.0
1788343805,4303.983,4304.033,0.0,0,1788343805709,6,0.0
1788343805,4304.044,4304.094,0.0,0,1788343805910,6,0.0
1788343806,4303.819,4303.869,0.0,0,1788343806920,6,0.0
1788343808,4304.009,4304.059,0.0,0,1788343808020,6,0.0
1788343808,4303.79,4303.84,0.0,0,1788343808209,6,0.0
1788343808,4303.704,4303.754,0.0,0,1788343808220,6,0.0
1788343808,4304.041,4304.091,0.0,0,1788343808506,6,0.0
1788343808,4303.984,4304.034,0.0,0,1788343808757,6,0.0
1788343809,4303.69,4303.74,0.0,0,1788343809763,6,0.0
1788343810,4303.745,4303.795,0.0,0,1788343810211,6,0.0
1788343810,4303.813,4303.863,0.0,0,1788343810322,6,0.0
1788343810,4303.747,4303.797,0.0,0,1788343810364,6,0.0
1788343810,4303.607,4303.657,0.0,0,1788343810378,6,0.0
1788343811,4303.856,4303.906,0.0,0,1788343811592,6,0.0
1788343812,4303.792,4303.842,0.0,0,1788343812587,6,0.0
1788343812,4303.707,4303.757,0.0,0,1788343812596,6,0.0
1788343812,4303.758,4303.808,0.0,0,1788343812663,6,0.0
1788343812,4303.701,4303.751,0.0,0,1788343812702,6,0.0
1788343813,4303.48,4303.53,0.0,0,1788343813142,6,0.0
1788343813,4303.537,4303.587,0.0,0,1788343813211,6,0.0
1788343814,4303.813,4303.863,0.0,0,1788343814274,6,0.0
1788343815,4303.54,4303.59,0.0,0,1788343815788,6,0.0
1788343816,4303.478,4303.528,0.0,0,1788343816151,6,0.0
1788343816,4303.531,4303.581,0.0,0,1788343816404,6,0.0
1788343816,4303.492,4303.542,0.0,0,1788343816920,6,0.0
1788343816,4303.431,4303.481,0.0,0,1788343816931,6,0.0
1788343816,4303.381,4303.431,0.0,0,1788343816982,6,0.0
1788343817,4303.568,4303.618,0.0,0,1788343817142,6,0.0
1788343817,4303.635,4303.685,0.0,0,1788343817261,6,0.0
1788343818,4303.575,4303.625,0.0,0,1788343818112,6,0.0
1788343818,4303.51,4303.56,0.0,0,1788343818128,6,0.0
1788343818,4303.452,4303.502,0.0,0,1788343818141,6,0.0
1788343818,4303.397,4303.447,0.0,0,1788343818172,6,0.0
1788343818,4303.45,4303.5,0.0,0,1788343818197,6,0.0
1788343818,4303.394,4303.444,0.0,0,1788343818417,6,0.0
1788343819,4303.374,4303.424,0.0,0,1788343819427,6,0.0
1788343819,4303.318,4303.368,0.0,0,1788343819440,6,0.0
1788343819,4303.264,4303.314,0.0,0,1788343819449,6,0.0
1788343820,4302.946,4302.996,0.0,0,1788343820365,6,0.0
1788343820,4303.152,4303.202,0.0,0,1788343820441,6,0.0
1788343821,4303.315,4303.365,0.0,0,1788343821315,6,0.0
1788343822,4303.063,4303.113,0.0,0,1788343822359,6,0.0
1788343822,4303.127,4303.177,0.0,0,1788343822393,6,0.0
1788343822,4303.244,4303.294,0.0,0,1788343822393,6,0.0
1788343822,4303.327,4303.377,0.0,0,1788343822423,6,0.0
1788343822,4303.578,4303.628,0.0,0,1788343822550,6,0.0
1788343822,4303.735,4303.785,0.0,0,1788343822677,6,0.0
1788343822,4303.791,4303.841,0.0,0,1788343822709,6,0.0
1788343822,4303.858,4303.908,0.0,0,1788343822834,6,0.0
1788343823,4303.868,4303.918,0.0,0,1788343823923,6,0.0
1788343825,4303.568,4303.618,0.0,0,1788343825672,6,0.0
1788343826,4303.649,4303.699,0.0,0,1788343826810,6,0.0
1788343826,4303.798,4303.848,0.0,0,1788343826830,6,0.0
1788343826,4303.746,4303.796,0.0,0,1788343826877,6,0.0
1788343827,4304.076,4304.126,0.0,0,1788343827541,6,0.0
1788343827,4304.127,4304.177,0.0,0,1788343827622,6,0.0
1788343827,4304.188,4304.238,0.0,0,1788343827865,6,0.0
1788343829,4303.918,4303.968,0.0,0,1788343829273,6,0.0
1788343829,4303.866,4303.916,0.0,0,1788343829617,6,0.0
1788343829,4303.813,4303.863,0.0,0,1788343829619,6,0.0
1788343829,4303.728,4303.778,0.0,0,1788343829634,6,0.0
1788343830,4303.944,4303.994,0.0,0,1788343830333,6,0.0
1788343830,4303.819,4303.869,0.0,0,1788343830352,6,0.0
1788343830,4303.936,4303.986,0.0,0,1788343830681,6,0.0
1788343831,4303.955,4304.005,0.0,0,1788343831757,6,0.0
1788343831,4304.011,4304.061,0.0,0,1788343831779,6,0.0
1788343831,4304.063,4304.113,0.0,0,1788343831782,6,0.0
1788343831,4304.12,4304.17,0.0,0,1788343831958,6,0.0
1788343832,4304.173,4304.223,0.0,0,1788343832030,6,0.0
1788343832,4304.227,4304.277,0.0,0,1788343832052,6,0.0
1788343832,4304.008,4304.058,0.0,0,1788343832539,6,0.0
1788343833,4303.956,4304.006,0.0,0,1788343833448,6,0.0
1788343833,4303.903,4303.953,0.0,0,1788343833459,6,0.0
1788343833,4304.211,4304.261,0.0,0,1788343833540,6,0.0
1788343834,4303.988,4304.038,0.0,0,1788343834541,6,0.0
1788343834,4304.04,4304.09,0.0,0,1788343834829,6,0.0
1788343835,4304.366,4304.416,0.0,0,1788343835045,6,0.0
1788343835,4304.426,4304.476,0.0,0,1788343835065,6,0.0
1788343835,4304.349,4304.399,0.0,0,1788343835479,6,0.0
1788343835,4304.207,4304.257,0.0,0,1788343835635,6,0.0
1788343836,4304.237,4304.287,0.0,0,1788343836573,6,0.0
1788343836,4304.291,4304.341,0.0,0,1788343836580,6,0.0
1788343836,4304.345,4304.395,0.0,0,1788343836600,6,0.0
1788343836,4304.399,4304.449,0.0,0,1788343836641,6,0.0
1788343837,4304.347,4304.397,0.0,0,1788343837443,6,0.0
1788343838,4304.39,4304.44,0.0,0,1788343838465,6,0.0
1788343839,4304.4,4304.45,0.0,0,1788343839554,6,0.0
1788343840,4304.375,4304.415,0.0,0,1788343840895,6,0.0
1788343842,4304.412,4304.452,0.0,0,1788343842012,6,0.0
1788343842,4304.342,4304.382,0.0,0,1788343842182,6,0.0
1788343842,4304.275,4304.325,0.0,0,1788343842306,6,0.0
1788343842,4304.139,4304.189,0.0,0,1788343842327,6,0.0
1788343842,4304.086,4304.136,0.0,0,1788343842449,6,0.0
1788343843,4304.076,4304.126,0.0,0,1788343843516,6,0.0
1788343844,4304.102,4304.142,0.0,0,1788343844517,6,0.0
1788343845,4304.317,4304.357,0.0,0,1788343845564,6,0.0
1788343846,4304.334,4304.374,0.0,0,1788343846771,6,0.0
1788343847,4304.337,4304.377,0.0,0,1788343847788,6,0.0
1788343848,4304.201,4304.241,0.0,0,1788343848387,6,0.0
1788343848,4304.086,4304.126,0.0,0,1788343848703,6,0.0
1788343849,4304.279,4304.319,0.0,0,1788343849406,6,0.0
1788343849,4304.226,4304.266,0.0,0,1788343849432,6,0.0
1788343849,4303.922,4303.962,0.0,0,1788343849904,6,0.0
1788343851,4303.923,4303.963,0.0,0,1788343851047,6,0.0
1788343852,4304.163,4304.203,0.0,0,1788343852189,6,0.0
1788343852,4304.105,4304.145,0.0,0,1788343852636,6,0.0
1788343852,4304.049,4304.089,0.0,0,1788343852646,6,0.0
1788343852,4303.984,4304.034,0.0,0,1788343852794,6,0.0
1788343852,4303.931,4303.981,0.0,0,1788343852821,6,0.0
1788343853,4303.734,4303.774,0.0,0,1788343853856,6,0.0
1788343854,4303.776,4303.826,0.0,0,1788343854418,6,0.0
1788343854,4303.827,4303.877,0.0,0,1788343854479,6,0.0
1788343855,4304.058,4304.098,0.0,0,1788343855612,6,0.0
1788343855,4304.11,4304.15,0.0,0,1788343855709,6,0.0
1788343855,4304.058,4304.098,0.0,0,1788343855854,6,0.0
1788343856,4304.0,4304.04,0.0,0,1788343856091,6,0.0
1788343857,4303.751,4303.791,0.0,0,1788343857810,6,0.0
1788343858,4303.916,4303.956,0.0,0,1788343858801,6,0.0
1788343860,4303.893,4303.933,0.0,0,1788343860127,6,0.0
1788343861,4303.737,4303.777,0.0,0,1788343861679,6,0.0
1788343861,4303.776,4303.816,0.0,0,1788343861815,6,0.0
1788343861,4303.706,4303.746,0.0,0,1788343861831,6,0.0
1788343861,4303.668,4303.708,0.0,0,1788343861850,6,0.0
1788343861,4303.588,4303.628,0.0,0,1788343861853,6,0.0
1788343861,4303.555,4303.605,0.0,0,1788343861856,6,0.0
1788343861,4303.448,4303.498,0.0,0,1788343861932,6,0.0
1788343862,4303.337,4303.387,0.0,0,1788343862098,6,0.0
1788343862,4303.274,4303.324,0.0,0,1788343862154,6,0.0
1788343862,4303.22,4303.27,0.0,0,1788343862161,6,0.0
1788343862,4303.158,4303.208,0.0,0,1788343862176,6,0.0
1788343862,4303.09,4303.14,0.0,0,1788343862265,6,0.0
1788343862,4303.038,4303.088,0.0,0,1788343862286,6,0.0
1788343862,4302.98,4303.03,0.0,0,1788343862301,6,0.0
1788343863,4303.219,4303.269,0.0,0,1788343863484,6,0.0
1788343865,4303.197,4303.247,0.0,0,1788343865061,6,0.0
1788343865,4303.138,4303.188,0.0,0,1788343865384,6,0.0
1788343865,4303.074,4303.124,0.0,0,1788343865385,6,0.0
1788343865,4303.018,4303.068,0.0,0,1788343865392,6,0.0
1788343865,4302.945,4302.995,0.0,0,1788343865396,6,0.0
1788343865,4302.86,4302.91,0.0,0,1788343865416,6,0.0
1788343865,4302.801,4302.851,0.0,0,1788343865536,6,0.0
1788343865,4302.854,4302.904,0.0,0,1788343865608,6,0.0
1788343865,4302.911,4302.961,0.0,0,1788343865624,6,0.0
1788343866,4302.903,4302.953,0.0,0,1788343866659,6,0.0
1788343867,4302.866,4302.916,0.0,0,1788343867720,6,0.0
1788343868,4302.921,4302.971,0.0,0,1788343868630,6,0.0
1788343868,4302.868,4302.918,0.0,0,1788343868776,6,0.0
1788343868,4302.81,4302.86,0.0,0,1788343868969,6,0.0
1788343868,4302.751,4302.801,0.0,0,1788343868979,6,0.0
1788343869,4302.804,4302.854,0.0,0,1788343869012,6,0.0
1788343869,4302.857,4302.907,0.0,0,1788343869039,6,0.0
1788343869,4302.806,4302.856,0.0,0,1788343869664,6,0.0
1788343870,4302.859,4302.909,0.0,0,1788343870130,6,0.0
1788343870,4302.914,4302.964,0.0,0,1788343870256,6,0.0
1788343870,4302.703,4302.753,0.0,0,1788343870331,6,0.0
1788343870,4302.771,4302.821,0.0,0,1788343870494,6,0.0
1788343870,4302.533,4302.583,0.0,0,1788343870741,6,0.0
1788343871,4302.682,4302.732,0.0,0,1788343871007,6,0.0
1788343871,4302.628,4302.678,0.0,0,1788343871016,6,0.0
1788343871,4302.291,4302.341,0.0,0,1788343871178,6,0.0
1788343871,4302.653,4302.703,0.0,0,1788343871839,6,0.0
1788343872,4302.707,4302.757,0.0,0,1788343872658,6,0.0
1788343872,4302.76,4302.81,0.0,0,1788343872701,6,0.0
1788343873,4302.772,4302.822,0.0,0,1788343873916,6,0.0
1788343874,4302.442,4302.492,0.0,0,1788343874210,6,0.0
1788343874,4302.384,4302.434,0.0,0,1788343874217,6,0.0
1788343874,4302.331,4302.381,0.0,0,1788343874261,6,0.0
1788343874,4302.383,4302.433,0.0,0,1788343874577,6,0.0
1788343875,4302.711,4302.761,0.0,0,1788343875064,6,0.0
1788343875,4302.832,4302.882,0.0,0,1788343875089,6,0.0
1788343875,4302.888,4302.938,0.0,0,1788343875231,6,0.0
1788343875,4302.94,4302.99,0.0,0,1788343875252,6,0.0
1788343875,4303.002,4303.052,0.0,0,1788343875256,6,0.0
1788343875,4303.054,4303.104,0.0,0,1788343875316,6,0.0
1788343875,4303.107,4303.157,0.0,0,1788343875487,6,0.0
1788343876,4303.158,4303.208,0.0,0,1788343876138,6,0.0
1788343876,4303.212,4303.262,0.0,0,1788343876187,6,0.0
1788343876,4303.133,4303.183,0.0,0,1788343876329,6,0.0
1788343876,4302.939,4302.989,0.0,0,1788343876786,6,0.0
1788343877,4302.997,4303.047,0.0,0,1788343877035,6,0.0
1788343877,4303.059,4303.109,0.0,0,1788343877043,6,0.0
1788343877,4303.122,4303.172,0.0,0,1788343877059,6,0.0
1788343877,4303.177,4303.227,0.0,0,1788343877064,6,0.0
1788343877,4303.122,4303.172,0.0,0,1788343877110,6,0.0
1788343877,4303.05,4303.1,0.0,0,1788343877116,6,0.0
1788343877,4303.177,4303.227,0.0,0,1788343877166,6,0.0
1788343877,4303.48,4303.53,0.0,0,1788343877268,6,0.0
1788343877,4303.411,4303.461,0.0,0,1788343877772,6,0.0
1788343877,4303.351,4303.401,0.0,0,1788343877781,6,0.0
1788343878,4303.069,4303.119,0.0,0,1788343878978,6,0.0
1788343879,4303.123,4303.173,0.0,0,1788343879068,6,0.0
1788343880,4303.358,4303.408,0.0,0,1788343880069,6,0.0
1788343880,4303.304,4303.354,0.0,0,1788343880093,6,0.0
1788343881,4303.321,4303.371,0.0,0,1788343881179,6,0.0
1788343881,4303.108,4303.158,0.0,0,1788343881476,6,0.0
1788343882,4303.356,4303.406,0.0,0,1788343882477,6,0.0
1788343882,4303.149,4303.199,0.0,0,1788343882930,6,0.0
1788343883,4303.368,4303.418,0.0,0,1788343883763,6,0.0
1788343883,4303.238,4303.288,0.0,0,1788343883776,6,0.0
1788343883,4303.165,4303.215,0.0,0,1788343883820,6,0.0
1788343883,4303.11,4303.16,0.0,0,1788343883825,6,0.0
1788343883,4303.054,4303.104,0.0,0,1788343883835,6,0.0
1788343883,4303.118,4303.168,0.0,0,1788343883857,6,0.0
1788343884,4303.088,4303.138,0.0,0,1788343884981,6,0.0
1788343886,4303.09,4303.14,0.0,0,1788343886278,6,0.0
1788343886,4303.146,4303.196,0.0,0,1788343886588,6,0.0
1788343886,4303.314,4303.364,0.0,0,1788343886608,6,0.0
1788343886,4303.258,4303.308,0.0,0,1788343886776,6,0.0
1788343887,4303.322,4303.372,0.0,0,1788343887011,6,0.0
1788343887,4303.375,4303.425,0.0,0,1788343887055,6,0.0
1788343887,4303.313,4303.363,0.0,0,1788343887823,6,0.0
1788343888,4303.367,4303.417,0.0,0,1788343888244,6,0.0
1788343888,4303.299,4303.349,0.0,0,1788343888321,6,0.0
1788343888,4303.353,4303.403,0.0,0,1788343888523,6,0.0
1788343888,4303.299,4303.349,0.0,0,1788343888596,6,0.0
1788343888,4303.174,4303.224,0.0,0,1788343888683,6,0.0
1788343889,4303.201,4303.241,0.0,0,1788343889719,6,0.0
1788343889,4303.317,4303.357,0.0,0,1788343889802,6,0.0
1788343890,4303.139,4303.179,0.0,0,1788343890138,6,0.0
1788343890,4303.064,4303.104,0.0,0,1788343890144,6,0.0
1788343890,4303.201,4303.241,0.0,0,1788343890258,6,0.0
1788343890,4303.324,4303.364,0.0,0,1788343890329,6,0.0
1788343891,4303.383,4303.433,0.0,0,1788343891096,6,0.0
1788343891,4303.438,4303.488,0.0,0,1788343891145,6,0.0
1788343892,4303.416,4303.466,0.0,0,1788343892244,6,0.0
1788343892,4303.252,4303.292,0.0,0,1788343892577,6,0.0
1788343892,4303.321,4303.371,0.0,0,1788343892618,6,0.0
1788343892,4303.259,4303.309,0.0,0,1788343892721,6,0.0
1788343893,4303.201,4303.251,0.0,0,1788343893410,6,0.0
1788343893,4303.256,4303.306,0.0,0,1788343893421,6,0.0
1788343893,4303.348,4303.398,0.0,0,1788343893442,6,0.0
1788343894,4303.366,4303.416,0.0,0,1788343894624,6,0.0
1788343894,4303.311,4303.361,0.0,0,1788343894634,6,0.0
1788343895,4303.582,4303.632,0.0,0,1788343895635,6,0.0
1788343895,4303.636,4303.686,0.0,0,1788343895748,6,0.0
1788343896,4303.362,4303.412,0.0,0,1788343896833,6,0.0
1788343898,4303.392,4303.442,0.0,0,1788343898081,6,0.0
1788343899,4303.666,4303.716,0.0,0,1788343899514,6,0.0
1788343899,4303.349,4303.389,0.0,0,1788343899599,6,0.0
1788343899,4303.391,4303.441,0.0,0,1788343899631,6,0.0
1788343899,4303.456,4303.496,0.0,0,1788343899940,6,0.0
1788343900,4303.654,4303.694,0.0,0,1788343900260,6,0.0
1788343901,4303.709,4303.749,0.0,0,1788343901119,6,0.0
1788343901,4303.764,4303.804,0.0,0,1788343901137,6,0.0
1788343901,4303.816,4303.856,0.0,0,1788343901143,6,0.0
1788343901,4303.874,4303.914,0.0,0,1788343901150,6,0.0
1788343901,4303.93,4303.97,0.0,0,1788343901157,6,0.0
1788343901,4304.004,4304.054,0.0,0,1788343901177,6,0.0
1788343901,4304.062,4304.112,0.0,0,1788343901216,6,0.0
1788343901,4304.118,4304.168,0.0,0,1788343901690,6,0.0
1788343901,4304.172,4304.222,0.0,0,1788343901810,6,0.0
1788343901,4304.275,4304.325,0.0,0,1788343901826,6,0.0
1788343901,4304.329,4304.379,0.0,0,1788343901852,6,0.0
1788343902,4304.385,4304.435,0.0,0,1788343902030,6,0.0
1788343902,4304.204,4304.254,0.0,0,1788343902182,6,0.0
1788343902,4304.275,4304.325,0.0,0,1788343902208,6,0.0
1788343902,4304.616,4304.666,0.0,0,1788343902218,6,0.0
1788343902,4304.397,4304.447,0.0,0,1788343902359,6,0.0
1788343902,4304.724,4304.774,0.0,0,1788343902649,6,0.0
1788343903,4304.776,4304.826,0.0,0,1788343903283,6,0.0
1788343903,4304.839,4304.889,0.0,0,1788343903302,6,0.0
1788343903,4304.909,4304.959,0.0,0,1788343903322,6,0.0
1788343903,4304.744,4304.794,0.0,0,1788343903373,6,0.0
1788343903,4304.676,4304.726,0.0,0,1788343903382,6,0.0
1788343903,4304.599,4304.649,0.0,0,1788343903552,6,0.0
1788343903,4304.68,4304.73,0.0,0,1788343903564,6,0.0
1788343903,4304.733,4304.783,0.0,0,1788343903572,6,0.0
1788343903,4304.83,4304.88,0.0,0,1788343903606,6,0.0
1788343903,4304.973,4305.023,0.0,0,1788343903657,6,0.0
1788343903,4305.061,4305.111,0.0,0,1788343903710,6,0.0
1788343904,4304.734,4304.784,0.0,0,1788343904221,6,0.0
1788343904,4304.676,4304.726,0.0,0,1788343904262,6,0.0
1788343904,4304.623,4304.673,0.0,0,1788343904268,6,0.0
1788343904,4304.57,4304.62,0.0,0,1788343904286,6,0.0
1788343904,4304.663,4304.713,0.0,0,1788343904383,6,0.0
1788343904,4304.576,4304.626,0.0,0,1788343904484,6,0.0
1788343904,4304.631,4304.681,0.0,0,1788343904778,6,0.0
1788343904,4304.578,4304.628,0.0,0,1788343904999,6,0.0
1788343906,4304.854,4304.904,0.0,0,1788343906248,6,0.0
1788343906,4304.932,4304.982,0.0,0,1788343906268,6,0.0
1788343906,4304.869,4304.919,0.0,0,1788343906642,6,0.0
1788343907,4304.651,4304.701,0.0,0,1788343907656,6,0.0
1788343908,4304.643,4304.693,0.0,0,1788343908672,6,0.0
1788343908,4304.578,4304.628,0.0,0,1788343908919,6,0.0
1788343910,4304.806,4304.856,0.0,0,1788343910387,6,0.0
1788343911,4304.595,4304.645,0.0,0,1788343911485,6,0.0
1788343912,4304.561,4304.611,0.0,0,1788343912267,6,0.0
1788343912,4304.437,4304.487,0.0,0,1788343912279,6,0.0
1788343912,4304.373,4304.423,0.0,0,1788343912292,6,0.0
1788343912,4304.267,4304.317,0.0,0,1788343912321,6,0.0
1788343912,4304.117,4304.167,0.0,0,1788343912414,6,0.0
1788343912,4304.038,4304.088,0.0,0,1788343912422,6,0.0
1788343913,4304.03,4304.08,0.0,0,1788343913429,6,0.0
1788343913,4304.353,4304.403,0.0,0,1788343913530,6,0.0
1788343913,4304.415,4304.465,0.0,0,1788343913532,6,0.0
1788343913,4304.514,4304.564,0.0,0,1788343913546,6,0.0
1788343913,4304.646,4304.696,0.0,0,1788343913567,6,0.0
1788343913,4304.529,4304.579,0.0,0,1788343913607,6,0.0
1788343913,4304.653,4304.703,0.0,0,1788343913728,6,0.0
1788343914,4304.242,4304.292,0.0,0,1788343914209,6,0.0
1788343915,4304.256,4304.306,0.0,0,1788343915210,6,0.0
1788343916,4304.537,4304.587,0.0,0,1788343916329,6,0.0
1788343916,4304.485,4304.535,0.0,0,1788343916425,6,0.0
1788343916,4304.538,4304.588,0.0,0,1788343916474,6,0.0
1788343917,4304.5,4304.55,0.0,0,1788343917524,6,0.0
1788343918,4304.165,4304.215,0.0,0,1788343918045,6,0.0
1788343918,4304.075,4304.125,0.0,0,1788343918074,6,0.0
1788343918,4304.217,4304.267,0.0,0,1788343918324,6,0.0
1788343919,4304.407,4304.457,0.0,0,1788343919317,6,0.0
1788343919,4304.349,4304.399,0.0,0,1788343919330,6,0.0
1788343920,4304.407,4304.457,0.0,0,1788343920293,6,0.0
1788343920,4304.348,4304.398,0.0,0,1788343920385,6,0.0
1788343920,4304.402,4304.452,0.0,0,1788343920892,6,0.0
1788343920,4304.458,4304.508,0.0,0,1788343920920,6,0.0
1788343922,4304.549,4304.589,0.0,0,1788343922031,6,0.0
1788343922,4304.431,4304.471,0.0,0,1788343922051,6,0.0
1788343922,4304.38,4304.42,0.0,0,1788343922078,6,0.0
1788343922,4304.267,4304.317,0.0,0,1788343922778,6,0.0
1788343923,4304.384,4304.424,0.0,0,1788343923475,6,0.0
1788343924,4304.326,4304.366,0.0,0,1788343924496,6,0.0
1788343925,4304.346,4304.386,0.0,0,1788343925481,6,0.0
1788343925,4304.22,4304.26,0.0,0,1788343925562,6,0.0
1788343925,4303.987,4304.027,0.0,0,1788343925808,6,0.0
1788343926,4304.293,4304.333,0.0,0,1788343926496,6,0.0
1788343926,4304.118,4304.158,0.0,0,1788343926626,6,0.0
1788343926,4304.218,4304.268,0.0,0,1788343926633,6,0.0
1788343926,4304.287,4304.337,0.0,0,1788343926758,6,0.0
1788343927,4304.309,4304.349,0.0,0,1788343927901,6,0.0
1788343927,4304.247,4304.287,0.0,0,1788343927920,6,0.0
1788343928,4304.298,4304.338,0.0,0,1788343928093,6,0.0
1788343928,4304.374,4304.414,0.0,0,1788343928576,6,0.0
1788343928,4304.466,4304.506,0.0,0,1788343928666,6,0.0
1788343928,4304.343,4304.383,0.0,0,1788343928911,6,0.0
1788343930,4304.191,4304.231,0.0,0,1788343930141,6,0.0
1788343930,4304.243,4304.283,0.0,0,1788343930159,6,0.0
1788343930,4304.297,4304.337,0.0,0,1788343930214,6,0.0
1788343930,4304.353,4304.393,0.0,0,1788343930329,6,0.0
1788343930,4304.295,4304.335,0.0,0,1788343930424,6,0.0
1788343931,4304.288,4304.328,0.0,0,1788343931474,6,0.0
1788343931,4304.237,4304.277,0.0,0,1788343931576,6,0.0
1788343931,4304.288,4304.328,0.0,0,1788343931822,6,0.0
1788343933,4304.471,4304.511,0.0,0,1788343933347,6,0.0
1788343934,4304.48,4304.52,0.0,0,1788343934397,6,0.0
1788343935,4304.498,4304.538,0.0,0,1788343935474,6,0.0
1788343936,4304.377,4304.417,0.0,0,1788343936058,6,0.0
1788343936,4304.267,4304.307,0.0,0,1788343936085,6,0.0
1788343936,4304.329,4304.369,0.0,0,1788343936689,6,0.0
1788343936,4304.425,4304.465,0.0,0,1788343936988,6,0.0
1788343937,4304.346,4304.386,0.0,0,1788343937879,6,0.0
1788343937,4304.29,4304.33,0.0,0,1788343937939,6,0.0
1788343938,4304.342,4304.382,0.0,0,1788343938655,6,0.0
1788343939,4304.046,4304.086,0.0,0,1788343939917,6,0.0
1788343939,4303.984,4304.024,0.0,0,1788343939949,6,0.0
1788343940,4304.04,4304.08,0.0,0,1788343940092,6,0.0
1788343940,4304.165,4304.205,0.0,0,1788343940212,6,0.0
1788343940,4304.022,4304.062,0.0,0,1788343940253,6,0.0
1788343940,4304.078,4304.118,0.0,0,1788343940393,6,0.0
1788343940,4304.185,4304.225,0.0,0,1788343940840,6,0.0
1788343940,4304.072,4304.112,0.0,0,1788343940844,6,0.0
1788343940,4303.996,4304.036,0.0,0,1788343940851,6,0.0
1788343940,4303.948,4303.988,0.0,0,1788343940852,6,0.0
1788343940,4303.812,4303.862,0.0,0,1788343940872,6,0.0
1788343941,4303.971,4304.021,0.0,0,1788343941873,6,0.0
1788343941,4303.913,4303.963,0.0,0,1788343941901,6,0.0
1788343941,4303.86,4303.91,0.0,0,1788343941907,6,0.0
1788343941,4303.777,4303.827,0.0,0,1788343941927,6,0.0
1788343941,4303.85,4303.9,0.0,0,1788343941940,6,0.0
1788343941,4303.91,4303.96,0.0,0,1788343941967,6,0.0
1788343942,4303.853,4303.903,0.0,0,1788343942330,6,0.0
1788343942,4303.799,4303.849,0.0,0,1788343942345,6,0.0
1788343942,4303.698,4303.748,0.0,0,1788343942352,6,0.0
1788343942,4303.478,4303.528,0.0,0,1788343942630,6,0.0
1788343943,4303.774,4303.824,0.0,0,1788343943794,6,0.0
1788343944,4303.772,4303.822,0.0,0,1788343944849,6,0.0
1788343944,4303.716,4303.766,0.0,0,1788343944872,6,0.0
1788343944,4303.664,4303.714,0.0,0,1788343944908,6,0.0
1788343945,4303.658,4303.708,0.0,0,1788343945962,6,0.0
1788343946,4303.714,4303.764,0.0,0,1788343946082,6,0.0
1788343947,4303.693,4303.743,0.0,0,1788343947161,6,0.0
1788343947,4303.75,4303.8,0.0,0,1788343947201,6,0.0
1788343947,4303.697,4303.747,0.0,0,1788343947664,6,0.0
1788343947,4303.632,4303.682,0.0,0,1788343947742,6,0.0
1788343947,4303.579,4303.629,0.0,0,1788343947756,6,0.0
1788343947,4303.523,4303.573,0.0,0,1788343947777,6,0.0
1788343948,4303.577,4303.627,0.0,0,1788343948011,6,0.0
1788343948,4303.63,4303.68,0.0,0,1788343948013,6,0.0
1788343948,4303.682,4303.732,0.0,0,1788343948034,6,0.0
1788343948,4303.541,4303.591,0.0,0,1788343948259,6,0.0
1788343948,4303.596,4303.646,0.0,0,1788343948557,6,0.0
1788343949,4303.599,4303.649,0.0,0,1788343949562,6,0.0
1788343950,4303.653,4303.703,0.0,0,1788343950515,6,0.0
1788343951,4303.651,4303.701,0.0,0,1788343951517,6,0.0
1788343952,4303.647,4303.697,0.0,0,1788343952598,6,0.0
1788343953,4303.586,4303.636,0.0,0,1788343953085,6,0.0
1788343953,4303.467,4303.517,0.0,0,1788343953106,6,0.0
1788343953,4303.415,4303.465,0.0,0,1788343953835,6,0.0
1788343953,4303.362,4303.412,0.0,0,1788343953841,6,0.0
1788343953,4303.285,4303.335,0.0,0,1788343953853,6,0.0
1788343953,4303.232,4303.282,0.0,0,1788343953875,6,0.0
1788343953,4303.286,4303.336,0.0,0,1788343953931,6,0.0
1788343954,4303.328,4303.378,0.0,0,1788343954993,6,0.0
1788343956,4303.371,4303.421,0.0,0,1788343956040,6,0.0
1788343956,4303.304,4303.354,0.0,0,1788343956229,6,0.0
1788343957,4303.324,4303.364,0.0,0,1788343957592,6,0.0
1788343957,4303.395,4303.435,0.0,0,1788343957735,6,0.0
1788343958,4303.583,4303.623,0.0,0,1788343958041,6,0.0
1788343958,4303.514,4303.554,0.0,0,1788343958080,6,0.0
1788343959,4303.307,4303.347,0.0,0,1788343959493,6,0.0
1788343959,4303.359,4303.399,0.0,0,1788343959651,6,0.0
1788343960,4303.743,4303.783,0.0,0,1788343960284,6,0.0
1788343960,4303.799,4303.839,0.0,0,1788343960301,6,0.0
1788343961,4303.864,4303.904,0.0,0,1788343961000,6,0.0
1788343961,4303.917,4303.957,0.0,0,1788343961105,6,0.0
1788343961,4303.866,4303.906,0.0,0,1788343961339,6,0.0
1788343962,4303.623,4303.663,0.0,0,1788343962406,6,0.0
1788343963,4303.688,4303.728,0.0,0,1788343963224,6,0.0
1788343963,4303.74,4303.78,0.0,0,1788343963284,6,0.0
1788343963,4303.687,4303.727,0.0,0,1788343963607,6,0.0
1788343963,4303.605,4303.645,0.0,0,1788343963716,6,0.0
1788343963,4303.484,4303.524,0.0,0,1788343963736,6,0.0
1788343964,4303.854,4303.894,0.0,0,1788343964047,6,0.0
1788343965,4303.842,4303.882,0.0,0,1788343965048,6,0.0
1788343965,4303.896,4303.936,0.0,0,1788343965218,6,0.0
1788343965,4303.838,4303.878,0.0,0,1788343965542,6,0.0
1788343965,4303.72,4303.76,0.0,0,1788343965555,6,0.0
1788343966,4303.592,4303.632,0.0,0,1788343966283,6,0.0
1788343966,4303.632,4303.672,0.0,0,1788343966820,6,0.0
1788343967,4303.743,4303.783,0.0,0,1788343967826,6,0.0
1788343968,4303.679,4303.719,0.0,0,1788343968694,6,0.0
1788343969,4303.582,4303.622,0.0,0,1788343969123,6,0.0
1788343969,4303.848,4303.888,0.0,0,1788343969712,6,0.0
1788343969,4303.903,4303.943,0.0,0,1788343969729,6,0.0
1788343969,4303.958,4303.998,0.0,0,1788343969742,6,0.0
1788343970,4303.902,4303.942,0.0,0,1788343970295,6,0.0
1788343970,4303.958,4303.998,0.0,0,1788343970583,6,0.0
1788343971,4303.989,4304.029,0.0,0,1788343971872,6,0.0
1788343972,4303.917,4303.957,0.0,0,1788343972441,6,0.0
1788343973,4303.969,4304.009,0.0,0,1788343973348,6,0.0
1788343973,4303.907,4303.947,0.0,0,1788343973670,6,0.0
1788343973,4303.959,4303.999,0.0,0,1788343973770,6,0.0
1788343974,4304.02,4304.06,0.0,0,1788343974520,6,0.0
1788343974,4304.074,4304.114,0.0,0,1788343974549,6,0.0
1788343975,4304.092,4304.132,0.0,0,1788343975586,6,0.0
1788343976,4304.108,4304.148,0.0,0,1788343976657,6,0.0
1788343977,4304.164,4304.204,0.0,0,1788343977291,6,0.0
1788343977,4304.111,4304.151,0.0,0,1788343977750,6,0.0
1788343978,4304.099,4304.139,0.0,0,1788343978772,6,0.0
1788343980,4304.123,4304.163,0.0,0,1788343980020,6,0.0
1788343980,4304.072,4304.112,0.0,0,1788343980264,6,0.0
1788343980,4303.728,4303.768,0.0,0,1788343980339,6,0.0
1788343980,4304.069,4304.109,0.0,0,1788343980448,6,0.0
1788343980,4304.13,4304.17,0.0,0,1788343980452,6,0.0
1788343980,4304.21,4304.25,0.0,0,1788343980468,6,0.0
1788343980,4304.141,4304.181,0.0,0,1788343980659,6,0.0
1788343980,4304.088,4304.128,0.0,0,1788343980663,6,0.0
1788343980,4303.965,4304.015,0.0,0,1788343980673,6,0.0
1788343980,4303.906,4303.956,0.0,0,1788343980697,6,0.0
1788343980,4303.852,4303.902,0.0,0,1788343980713,6,0.0
1788343980,4303.912,4303.962,0.0,0,1788343980774,6,0.0
1788343981,4303.953,4303.993,0.0,0,1788343981775,6,0.0
1788343981,4303.898,4303.938,0.0,0,1788343981995,6,0.0
1788343982,4303.952,4303.992,0.0,0,1788343982043,6,0.0
1788343982,4304.07,4304.11,0.0,0,1788343982401,6,0.0
1788343982,4304.15,4304.19,0.0,0,1788343982417,6,0.0
1788343982,4304.202,4304.242,0.0,0,1788343982611,6,0.0
1788343982,4304.254,4304.294,0.0,0,1788343982655,6,0.0
1788343982,4304.31,4304.35,0.0,0,1788343982909,6,0.0
1788343982,4304.375,4304.425,0.0,0,1788343982947,6,0.0
1788343983,4304.314,4304.354,0.0,0,1788343983313,6,0.0
1788343983,4304.261,4304.301,0.0,0,1788343983335,6,0.0
1788343983,4304.315,4304.355,0.0,0,1788343983353,6,0.0
1788343983,4304.41,4304.46,0.0,0,1788343983365,6,0.0
1788343983,4304.464,4304.514,0.0,0,1788343983413,6,0.0
1788343984,4304.434,4304.474,0.0,0,1788343984586,6,0.0
1788343985,4304.123,4304.163,0.0,0,1788343985229,6,0.0
1788343985,4304.177,4304.217,0.0,0,1788343985410,6,0.0
1788343985,4304.114,4304.154,0.0,0,1788343985695,6,0.0
1788343985,4304.166,4304.206,0.0,0,1788343985937,6,0.0
1788343985,4304.219,4304.259,0.0,0,1788343985983,6,0.0
1788343986,4304.163,4304.203,0.0,0,1788343986415,6,0.0
1788343987,4304.384,4304.424,0.0,0,1788343987636,6,0.0
1788343987,4304.26,4304.3,0.0,0,1788343987712,6,0.0
1788343988,4304.124,4304.164,0.0,0,1788343988471,6,0.0
1788343989,4304.02,4304.06,0.0,0,1788343989182,6,0.0
1788343989,4304.124,4304.164,0.0,0,1788343989202,6,0.0
1788343989,4304.429,4304.469,0.0,0,1788343989241,6,0.0
1788343989,4304.488,4304.528,0.0,0,1788343989365,6,0.0
1788343990,4304.234,4304.274,0.0,0,1788343990842,6,0.0
1788343990,4304.288,4304.328,0.0,0,1788343990869,6,0.0
1788343991,4304.342,4304.382,0.0,0,1788343991537,6,0.0
1788343992,4304.332,4304.372,0.0,0,1788343992623,6,0.0
1788343993,4304.561,4304.601,0.0,0,1788343993623,6,0.0
1788343993,4304.502,4304.542,0.0,0,1788343993645,6,0.0
1788343994,4304.327,4304.367,0.0,0,1788343994512,6,0.0
1788343994,4304.183,4304.223,0.0,0,1788343994535,6,0.0
1788343994,4304.226,4304.266,0.0,0,1788343994914,6,0.0
1788343995,4304.111,4304.151,0.0,0,1788343995454,6,0.0
1788343995,4304.054,4304.094,0.0,0,1788343995480,6,0.0
1788343996,4304.359,4304.399,0.0,0,1788343996118,6,0.0
1788343996,4304.483,4304.523,0.0,0,1788343996137,6,0.0
1788343996,4304.551,4304.591,0.0,0,1788343996157,6,0.0
1788343996,4304.628,4304.668,0.0,0,1788343996177,6,0.0
1788343996,4304.681,4304.721,0.0,0,1788343996239,6,0.0
1788343996,4304.748,4304.788,0.0,0,1788343996278,6,0.0
1788343996,4304.691,4304.731,0.0,0,1788343996298,6,0.0
1788343996,4304.637,4304.677,0.0,0,1788343996322,6,0.0
1788343996,4304.574,4304.614,0.0,0,1788343996777,6,0.0
1788343996,4304.461,4304.501,0.0,0,1788343996786,6,0.0
1788343996,4304.573,4304.613,0.0,0,1788343996903,6,0.0
1788343997,4304.632,4304.672,0.0,0,1788343997208,6,0.0
1788343998,4304.365,4304.405,0.0,0,1788343998281,6,0.0
1788343998,4304.562,4304.602,0.0,0,1788343998322,6,0.0
1788343998,4304.601,4304.641,0.0,0,1788343998412,6,0.0
1788343999,4304.672,4304.712,0.0,0,1788343999348,6,0.0
1788343999,4304.733,4304.783,0.0,0,1788343999446,6,0.0
1788343999,4304.786,4304.836,0.0,0,1788343999537,6,0.0
1788344000,4304.468,4304.508,0.0,0,1788344000336,6,0.0
1788344000,4304.294,4304.344,0.0,0,1788344000351,6,0.0
1788344000,4304.23,4304.28,0.0,0,1788344000451,6,0.0
1788344001,4304.53,4304.58,0.0,0,1788344001685,6,0.0
1788344002,4304.644,4304.684,0.0,0,1788344002684,6,0.0
1788344002,4304.699,4304.739,0.0,0,1788344002810,6,0.0
1788344003,4304.761,4304.811,0.0,0,1788344003196,6,0.0
1788344003,4304.815,4304.865,0.0,0,1788344003337,6,0.0
1788344004,4304.488,4304.538,0.0,0,1788344004043,6,0.0
1788344004,4304.44,4304.48,0.0,0,1788344004998,6,0.0
1788344005,4304.295,4304.335,0.0,0,1788344005013,6,0.0
1788344005,4304.357,4304.407,0.0,0,1788344005872,6,0.0
1788344005,4304.464,4304.514,0.0,0,1788344005881,6,0.0
1788344005,4304.517,4304.567,0.0,0,1788344005936,6,0.0
1788344006,4304.631,4304.681,0.0,0,1788344006369,6,0.0
1788344006,4304.781,4304.831,0.0,0,1788344006809,6,0.0
1788344008,4304.518,4304.568,0.0,0,1788344008201,6,0.0
1788344008,4304.572,4304.622,0.0,0,1788344008975,6,0.0
1788344009,4304.817,4304.867,0.0,0,1788344009990,6,0.0
1788344010,4304.763,4304.813,0.0,0,1788344010059,6,0.0
1788344010,4304.579,4304.619,0.0,0,1788344010694,6,0.0
1788344010,4304.622,4304.672,0.0,0,1788344010719,6,0.0
1788344011,4304.549,4304.589,0.0,0,1788344011145,6,0.0
1788344011,4304.558,4304.608,0.0,0,1788344011906,6,0.0
1788344012,4304.476,4304.526,0.0,0,1788344012332,6,0.0
1788344012,4304.567,4304.617,0.0,0,1788344012354,6,0.0
1788344012,4304.62,4304.67,0.0,0,1788344012381,6,0.0
1788344012,4304.687,4304.737,0.0,0,1788344012419,6,0.0
1788344012,4304.746,4304.796,0.0,0,1788344012620,6,0.0
1788344012,4304.803,4304.853,0.0,0,1788344012650,6,0.0
1788344012,4304.858,4304.908,0.0,0,1788344012680,6,0.0
1788344012,4304.918,4304.968,0.0,0,1788344012740,6,0.0
1788344012,4304.978,4305.028,0.0,0,1788344012760,6,0.0
1788344013,4305.02,4305.07,0.0,0,1788344013763,6,0.0
1788344014,4305.015,4305.065,0.0,0,1788344014836,6,0.0
1788344014,4305.07,4305.12,0.0,0,1788344014849,6,0.0
1788344014,4305.13,4305.18,0.0,0,1788344014859,6,0.0
1788344014,4305.186,4305.236,0.0,0,1788344014877,6,0.0
1788344014,4305.256,4305.306,0.0,0,1788344014939,6,0.0
1788344014,4305.308,4305.358,0.0,0,1788344014943,6,0.0
1788344014,4305.367,4305.417,0.0,0,1788344014985,6,0.0
1788344015,4305.288,4305.338,0.0,0,1788344015005,6,0.0
1788344015,4305.507,4305.557,0.0,0,1788344015623,6,0.0
1788344015,4305.434,4305.484,0.0,0,1788344015634,6,0.0
1788344015,4305.381,4305.431,0.0,0,1788344015684,6,0.0
1788344016,4305.161,4305.211,0.0,0,1788344016680,6,0.0
1788344017,4305.215,4305.265,0.0,0,1788344017076,6,0.0
1788344018,4305.221,4305.271,0.0,0,1788344018388,6,0.0
1788344019,4305.276,4305.326,0.0,0,1788344019285,6,0.0
1788344019,4305.329,4305.379,0.0,0,1788344019286,6,0.0
1788344019,4305.382,4305.432,0.0,0,1788344019289,6,0.0
1788344019,4305.466,4305.516,0.0,0,1788344019298,6,0.0
1788344020,4305.503,4305.553,0.0,0,1788344020809,6,0.0
1788344021,4305.51,4305.56,0.0,0,1788344021946,6,0.0
1788344023,4305.501,4305.551,0.0,0,1788344023040,6,0.0
1788344023,4305.442,4305.492,0.0,0,1788344023307,6,0.0
1788344023,4305.389,4305.439,0.0,0,1788344023315,6,0.0
1788344023,4305.326,4305.376,0.0,0,1788344023321,6,0.0
1788344023,4305.199,4305.249,0.0,0,1788344023340,6,0.0
1788344023,4305.122,4305.172,0.0,0,1788344023441,6,0.0
1788344023,4305.068,4305.118,0.0,0,1788344023551,6,0.0
1788344023,4305.004,4305.054,0.0,0,1788344023561,6,0.0
1788344023,4305.069,4305.119,0.0,0,1788344023742,6,0.0
1788344023,4305.128,4305.178,0.0,0,1788344023745,6,0.0
1788344023,4305.248,4305.298,0.0,0,1788344023756,6,0.0
1788344023,4305.305,4305.355,0.0,0,1788344023762,6,0.0
1788344023,4305.371,4305.421,0.0,0,1788344023765,6,0.0
1788344023,4305.458,4305.508,0.0,0,1788344023786,6,0.0
1788344023,4305.516,4305.566,0.0,0,1788344023827,6,0.0
1788344023,4305.576,4305.626,0.0,0,1788344023905,6,0.0
1788344023,4305.628,4305.678,0.0,0,1788344023948,6,0.0
1788344024,4305.801,4305.851,0.0,0,1788344024096,6,0.0
1788344025,4305.589,4305.639,0.0,0,1788344025271,6,0.0
1788344025,4305.646,4305.696,0.0,0,1788344025448,6,0.0
1788344025,4305.711,4305.761,0.0,0,1788344025713,6,0.0
1788344025,4305.776,4305.826,0.0,0,1788344025771,6,0.0
1788344025,4305.833,4305.883,0.0,0,1788344025793,6,0.0
1788344025,4305.889,4305.939,0.0,0,1788344025860,6,0.0
1788344025,4305.948,4305.998,0.0,0,1788344025974,6,0.0
1788344026,4306.004,4306.054,0.0,0,1788344026005,6,0.0
1788344026,4306.339,4306.389,0.0,0,1788344026258,6,0.0
1788344026,4306.281,4306.331,0.0,0,1788344026292,6,0.0
1788344026,4305.953,4306.003,0.0,0,1788344026327,6,0.0
1788344027,4306.028,4306.078,0.0,0,1788344027091,6,0.0
1788344027,4306.083,4306.133,0.0,0,1788344027158,6,0.0
1788344027,4306.164,4306.214,0.0,0,1788344027452,6,0.0
1788344027,4306.109,4306.159,0.0,0,1788344027499,6,0.0
1788344027,4306.056,4306.106,0.0,0,1788344027513,6,0.0
1788344028,4305.999,4306.049,0.0,0,1788344028141,6,0.0
1788344028,4305.947,4305.997,0.0,0,1788344028768,6,0.0
1788344029,4306.01,4306.06,0.0,0,1788344029093,6,0.0
1788344029,4306.066,4306.116,0.0,0,1788344029174,6,0.0
1788344029,4306.121,4306.171,0.0,0,1788344029563,6,0.0
1788344030,4306.123,4306.173,0.0,0,1788344030569,6,0.0
1788344030,4306.181,4306.231,0.0,0,1788344030868,6,0.0
1788344030,4306.233,4306.283,0.0,0,1788344030903,6,0.0
1788344030,4306.292,4306.342,0.0,0,1788344030918,6,0.0
1788344031,4306.239,4306.289,0.0,0,1788344031320,6,0.0
1788344031,4306.18,4306.23,0.0,0,1788344031754,6,0.0
1788344032,4306.232,4306.282,0.0,0,1788344032203,6,0.0
1788344032,4306.285,4306.335,0.0,0,1788344032211,6,0.0
1788344032,4306.34,4306.39,0.0,0,1788344032822,6,0.0
1788344033,4306.395,4306.445,0.0,0,1788344033053,6,0.0
1788344033,4306.457,4306.507,0.0,0,1788344033057,6,0.0
1788344033,4306.521,4306.571,0.0,0,1788344033061,6,0.0
1788344033,4306.606,4306.656,0.0,0,1788344033072,6,0.0
1788344033,4306.66,4306.71,0.0,0,1788344033089,6,0.0
1788344033,4306.729,4306.779,0.0,0,1788344033093,6,0.0
1788344033,4306.79,4306.84,0.0,0,1788344033102,6,0.0
1788344033,4306.897,4306.947,0.0,0,1788344033113,6,0.0
1788344033,4306.974,4307.024,0.0,0,1788344033119,6,0.0
1788344033,4307.035,4307.085,0.0,0,1788344033121,6,0.0
1788344033,4307.092,4307.142,0.0,0,1788344033130,6,0.0
1788344033,4307.153,4307.203,0.0,0,1788344033133,6,0.0
1788344033,4307.243,4307.293,0.0,0,1788344033153,6,0.0
1788344033,4307.174,4307.224,0.0,0,1788344033430,6,0.0
1788344033,4307.114,4307.164,0.0,0,1788344033438,6,0.0
1788344034,4307.445,4307.495,0.0,0,1788344034127,6,0.0
1788344034,4307.227,4307.277,0.0,0,1788344034944,6,0.0
1788344034,4307.28,4307.33,0.0,0,1788344034979,6,0.0
1788344035,4307.335,4307.385,0.0,0,1788344035455,6,0.0
1788344035,4307.28,4307.33,0.0,0,1788344035510,6,0.0
1788344036,4307.274,4307.324,0.0,0,1788344036642,6,0.0
1788344036,4307.221,4307.271,0.0,0,1788344036866,6,0.0
1788344037,4307.303,4307.353,0.0,0,1788344037065,6,0.0
1788344037,4307.237,4307.287,0.0,0,1788344037416,6,0.0
1788344038,4307.245,4307.295,0.0,0,1788344038651,6,0.0
1788344039,4307.508,4307.558,0.0,0,1788344039970,6,0.0
1788344040,4307.288,4307.338,0.0,0,1788344040832,6,0.0
1788344041,4307.295,4307.345,0.0,0,1788344041834,6,0.0
1788344042,4307.301,4307.351,0.0,0,1788344042880,6,0.0
1788344044,4307.294,4307.344,0.0,0,1788344044031,6,0.0
1788344045,4307.3,4307.35,0.0,0,1788344045032,6,0.0
1788344045,4307.367,4307.417,0.0,0,1788344045606,6,0.0
1788344045,4307.444,4307.494,0.0,0,1788344045623,6,0.0
1788344045,4307.505,4307.555,0.0,0,1788344045664,6,0.0
1788344045,4307.567,4307.617,0.0,0,1788344045687,6,0.0
1788344045,4307.624,4307.674,0.0,0,1788344045774,6,0.0
1788344045,4307.571,4307.621,0.0,0,1788344045868,6,0.0
1788344045,4307.778,4307.828,0.0,0,1788344045929,6,0.0
1788344046,4307.571,4307.621,0.0,0,1788344046838,6,0.0
1788344046,4307.631,4307.681,0.0,0,1788344046856,6,0.0
1788344046,4307.696,4307.746,0.0,0,1788344046881,6,0.0
1788344046,4307.749,4307.799,0.0,0,1788344046895,6,0.0
1788344046,4307.803,4307.853,0.0,0,1788344046916,6,0.0
1788344046,4307.864,4307.914,0.0,0,1788344046957,6,0.0
1788344047,4307.916,4307.966,0.0,0,1788344047034,6,0.0
1788344047,4308.136,4308.186,0.0,0,1788344047523,6,0.0
1788344047,4307.926,4307.976,0.0,0,1788344047832,6,0.0
1788344047,4308.262,4308.312,0.0,0,1788344047974,6,0.0
1788344047,4308.316,4308.366,0.0,0,1788344047999,6,0.0
1788344048,4308.222,4308.272,0.0,0,1788344048219,6,0.0
1788344048,4308.15,4308.2,0.0,0,1788344048510,6,0.0
1788344048,4308.096,4308.146,0.0,0,1788344048630,6,0.0
1788344048,4308.045,4308.095,0.0,0,1788344048711,6,0.0
1788344048,4308.373,4308.423,0.0,0,1788344048969,6,0.0
1788344049,4308.113,4308.153,0.0,0,1788344049982,6,0.0
1788344050,4308.054,4308.094,0.0,0,1788344050074,6,0.0
1788344050,4308.0,4308.04,0.0,0,1788344050175,6,0.0
1788344050,4307.925,4307.975,0.0,0,1788344050456,6,0.0
1788344050,4307.827,4307.867,0.0,0,1788344050777,6,0.0
1788344051,4307.703,4307.743,0.0,0,1788344051071,6,0.0
1788344051,4307.644,4307.684,0.0,0,1788344051093,6,0.0
1788344051,4307.587,4307.627,0.0,0,1788344051651,6,0.0
1788344051,4307.526,4307.566,0.0,0,1788344051655,6,0.0
1788344051,4307.467,4307.507,0.0,0,1788344051659,6,0.0
1788344051,4307.415,4307.455,0.0,0,1788344051661,6,0.0
1788344051,4307.35,4307.39,0.0,0,1788344051666,6,0.0
1788344051,4307.239,4307.289,0.0,0,1788344051672,6,0.0
1788344051,4307.172,4307.222,0.0,0,1788344051674,6,0.0
1788344051,4307.067,4307.117,0.0,0,1788344051679,6,0.0
1788344051,4306.966,4307.016,0.0,0,1788344051699,6,0.0
1788344051,4306.913,4306.963,0.0,0,1788344051733,6,0.0
1788344051,4306.859,4306.909,0.0,0,1788344051793,6,0.0
1788344052,4306.922,4306.972,0.0,0,1788344052440,6,0.0
1788344053,4306.963,4307.013,0.0,0,1788344053449,6,0.0
1788344053,4307.023,4307.073,0.0,0,1788344053770,6,0.0
1788344054,4306.966,4307.016,0.0,0,1788344054238,6,0.0
1788344054,4306.901,4306.951,0.0,0,1788344054268,6,0.0
1788344054,4306.841,4306.891,0.0,0,1788344054280,6,0.0
1788344055,4306.893,4306.943,0.0,0,1788344055082,6,0.0
1788344055,4306.825,4306.875,0.0,0,1788344055309,6,0.0
1788344055,4306.763,4306.813,0.0,0,1788344055312,6,0.0
1788344055,4306.691,4306.741,0.0,0,1788344055341,6,0.0
1788344055,4306.761,4306.811,0.0,0,1788344055482,6,0.0
1788344055,4306.813,4306.863,0.0,0,1788344055772,6,0.0
1788344055,4306.866,4306.916,0.0,0,1788344055840,6,0.0
1788344055,4306.924,4306.974,0.0,0,1788344055852,6,0.0
1788344056,4307.046,4307.096,0.0,0,1788344056606,6,0.0
1788344056,4307.129,4307.179,0.0,0,1788344056634,6,0.0
1788344057,4307.185,4307.235,0.0,0,1788344057119,6,0.0
1788344057,4307.244,4307.294,0.0,0,1788344057660,6,0.0
1788344057,4307.309,4307.359,0.0,0,1788344057680,6,0.0
1788344057,4307.255,4307.305,0.0,0,1788344057740,6,0.0
1788344057,4307.202,4307.252,0.0,0,1788344057744,6,0.0
1788344057,4307.143,4307.193,0.0,0,1788344057746,6,0.0
1788344057,4307.019,4307.069,0.0,0,1788344057764,6,0.0
1788344057,4306.965,4307.015,0.0,0,1788344057790,6,0.0
1788344057,4306.902,4306.952,0.0,0,1788344057796,6,0.0
1788344057,4306.848,4306.898,0.0,0,1788344057827,6,0.0
1788344058,4306.796,4306.846,0.0,0,1788344058115,6,0.0
1788344058,4306.743,4306.793,0.0,0,1788344058805,6,0.0
1788344059,4306.688,4306.738,0.0,0,1788344059650,6,0.0
1788344061,4306.694,4306.744,0.0,0,1788344061360,6,0.0
1788344061,4306.638,4306.688,0.0,0,1788344061376,6,0.0
1788344061,4306.697,4306.747,0.0,0,1788344061380,6,0.0
1788344061,4306.601,4306.651,0.0,0,1788344061386,6,0.0
1788344062,4306.607,4306.657,0.0,0,1788344062511,6,0.0
1788344063,4306.62,4306.67,0.0,0,1788344063517,6,0.0
1788344063,4306.675,4306.725,0.0,0,1788344063971,6,0.0
1788344065,4306.696,4306.746,0.0,0,1788344065090,6,0.0
1788344067,4306.944,4306.994,0.0,0,1788344067099,6,0.0
1788344067,4307.073,4307.123,0.0,0,1788344067115,6,0.0
1788344067,4307.107,4307.157,0.0,0,1788344067216,6,0.0
1788344067,4307.166,4307.216,0.0,0,1788344067552,6,0.0
1788344067,4307.133,4307.183,0.0,0,1788344067794,6,0.0
1788344068,4307.016,4307.066,0.0,0,1788344068936,6,0.0
1788344069,4306.926,4306.976,0.0,0,1788344069150,6,0.0
1788344069,4306.989,4307.039,0.0,0,1788344069773,6,0.0
1788344070,4306.936,4306.986,0.0,0,1788344070646,6,0.0
1788344070,4306.818,4306.868,0.0,0,1788344070657,6,0.0
1788344070,4306.756,4306.806,0.0,0,1788344070662,6,0.0
1788344071,4306.821,4306.871,0.0,0,1788344071164,6,0.0
1788344071,4306.94,4306.99,0.0,0,1788344071189,6,0.0
1788344071,4306.823,4306.873,0.0,0,1788344071428,6,0.0
1788344072,4306.783,4306.833,0.0,0,1788344072473,6,0.0
1788344073,4306.793,4306.843,0.0,0,1788344073798,6,0.0
1788344073,4306.727,4306.777,0.0,0,1788344073806,6,0.0
1788344073,4306.662,4306.712,0.0,0,1788344073814,6,0.0
1788344073,4306.601,4306.651,0.0,0,1788344073815,6,0.0
1788344075,4306.827,4306.877,0.0,0,1788344075341,6,0.0
1788344075,4306.584,4306.634,0.0,0,1788344075671,6,0.0
1788344075,4306.526,4306.576,0.0,0,1788344075685,6,0.0
1788344076,4306.582,4306.632,0.0,0,1788344076213,6,0.0
1788344076,4306.637,4306.687,0.0,0,1788344076402,6,0.0
1788344077,4306.966,4307.016,0.0,0,1788344077211,6,0.0
1788344077,4307.094,4307.144,0.0,0,1788344077267,6,0.0
1788344077,4307.152,4307.202,0.0,0,1788344077675,6,0.0
1788344078,4306.827,4306.877,0.0,0,1788344078640,6,0.0
1788344078,4306.884,4306.934,0.0,0,1788344078985,6,0.0
1788344079,4306.942,4306.992,0.0,0,1788344079303,6,0.0
1788344079,4307.006,4307.056,0.0,0,1788344079346,6,0.0
1788344079,4307.058,4307.108,0.0,0,1788344079846,6,0.0
1788344080,4306.971,4307.021,0.0,0,1788344080827,6,0.0
1788344081,4307.037,4307.087,0.0,0,1788344081131,6,0.0
1788344081,4307.089,4307.139,0.0,0,1788344081159,6,0.0
1788344081,4307.033,4307.083,0.0,0,1788344081362,6,0.0
1788344082,4307.032,4307.082,0.0,0,1788344082993,6,0.0
1788344083,4307.091,4307.141,0.0,0,1788344083769,6,0.0
1788344084,4307.034,4307.084,0.0,0,1788344084363,6,0.0
1788344084,4307.092,4307.142,0.0,0,1788344084814,6,0.0
1788344086,4307.095,4307.145,0.0,0,1788344086036,6,0.0
1788344086,4307.149,4307.199,0.0,0,1788344086217,6,0.0
1788344087,4307.206,4307.256,0.0,0,1788344087199,6,0.0
1788344088,4307.198,4307.248,0.0,0,1788344088412,6,0.0
1788344088,4307.131,4307.181,0.0,0,1788344088824,6,0.0
1788344088,4307.075,4307.125,0.0,0,1788344088834,6,0.0
1788344090,4307.098,4307.148,0.0,0,1788344090268,6,0.0
1788344090,4306.975,4307.025,0.0,0,1788344090280,6,0.0
1788344090,4306.917,4306.967,0.0,0,1788344090289,6,0.0
1788344090,4306.968,4307.018,0.0,0,1788344090946,6,0.0
1788344090,4307.102,4307.152,0.0,0,1788344090983,6,0.0
1788344091,4307.093,4307.143,0.0,0,1788344091997,6,0.0
1788344092,4307.161,4307.211,0.0,0,1788344092175,6,0.0
1788344092,4307.215,4307.265,0.0,0,1788344092404,6,0.0
1788344092,4307.276,4307.326,0.0,0,1788344092444,6,0.0
1788344093,4307.333,4307.383,0.0,0,1788344093027,6,0.0
1788344093,4307.386,4307.436,0.0,0,1788344093036,6,0.0
1788344093,4307.437,4307.487,0.0,0,1788344093055,6,0.0
1788344093,4307.494,4307.544,0.0,0,1788344093190,6,0.0
1788344094,4307.554,4307.604,0.0,0,1788344094038,6,0.0
1788344094,4307.495,4307.545,0.0,0,1788344094099,6,0.0
1788344094,4307.547,4307.597,0.0,0,1788344094190,6,0.0
1788344094,4307.492,4307.542,0.0,0,1788344094791,6,0.0
1788344094,4307.547,4307.597,0.0,0,1788344094902,6,0.0
1788344096,4307.522,4307.572,0.0,0,1788344096203,6,0.0
1788344096,4307.444,4307.494,0.0,0,1788344096223,6,0.0
1788344096,4307.286,4307.336,0.0,0,1788344096239,6,0.0
1788344096,4307.228,4307.278,0.0,0,1788344096242,6,0.0
1788344096,4307.151,4307.201,0.0,0,1788344096244,6,0.0
1788344096,4307.1,4307.15,0.0,0,1788344096254,6,0.0
1788344096,4307.029,4307.079,0.0,0,1788344096264,6,0.0
1788344096,4306.932,4306.982,0.0,0,1788344096284,6,0.0
1788344096,4306.879,4306.929,0.0,0,1788344096399,6,0.0
1788344096,4306.821,4306.871,0.0,0,1788344096989,6,0.0
1788344097,4306.76,4306.81,0.0,0,1788344097313,6,0.0
1788344097,4306.826,4306.876,0.0,0,1788344097352,6,0.0
1788344098,4306.813,4306.863,0.0,0,1788344098391,6,0.0
1788344098,4306.869,4306.919,0.0,0,1788344098970,6,0.0
1788344099,4306.807,4306.857,0.0,0,1788344099068,6,0.0
1788344099,4306.697,4306.747,0.0,0,1788344099082,6,0.0
1788344099,4306.751,4306.801,0.0,0,1788344099092,6,0.0
1788344099,4306.814,4306.864,0.0,0,1788344099112,6,0.0
1788344099,4306.867,4306.917,0.0,0,1788344099124,6,0.0
1788344099,4306.814,4306.864,0.0,0,1788344099218,6,0.0
1788344099,4306.751,4306.801,0.0,0,1788344099224,6,0.0
1788344099,4306.692,4306.742,0.0,0,1788344099245,6,0.0
1788344099,4306.763,4306.813,0.0,0,1788344099374,6,0.0
1788344099,4306.989,4307.039,0.0,0,1788344099549,6,0.0
1788344099,4307.044,4307.094,0.0,0,1788344099856,6,0.0
1788344099,4306.987,4307.037,0.0,0,1788344099961,6,0.0
1788344099,4306.933,4306.983,0.0,0,1788344099978,6,0.0
1788344100,4306.865,4306.915,0.0,0,1788344100040,6,0.0
1788344100,4306.809,4306.859,0.0,0,1788344100076,6,0.0
1788344100,4306.474,4306.524,0.0,0,1788344100270,6,0.0
1788344100,4306.42,4306.47,0.0,0,1788344100273,6,0.0
1788344100,4306.327,4306.377,0.0,0,1788344100280,6,0.0
1788344100,4306.388,4306.438,0.0,0,1788344100321,6,0.0
1788344100,4306.328,4306.378,0.0,0,1788344100828,6,0.0
1788344100,4306.254,4306.304,0.0,0,1788344100837,6,0.0
1788344100,4306.144,4306.194,0.0,0,1788344100858,6,0.0
1788344100,4306.072,4306.122,0.0,0,1788344100888,6,0.0
1788344100,4306.131,4306.181,0.0,0,1788344100922,6,0.0
1788344100,4306.229,4306.279,0.0,0,1788344100939,6,0.0
1788344100,4306.425,4306.475,0.0,0,1788344100959,6,0.0
1788344101,4306.257,4306.307,0.0,0,1788344101906,6,0.0
1788344101,4306.155,4306.205,0.0,0,1788344101933,6,0.0
1788344102,4306.208,4306.258,0.0,0,1788344102218,6,0.0
1788344103,4306.421,4306.471,0.0,0,1788344103199,6,0.0
1788344103,4306.372,4306.422,0.0,0,1788344103827,6,0.0
1788344103,4306.321,4306.371,0.0,0,1788344103890,6,0.0
1788344105,4306.02,4306.07,0.0,0,1788344105693,6,0.0
1788344105,4305.968,4306.018,0.0,0,1788344105738,6,0.0
1788344106,4306.023,4306.073,0.0,0,1788344106235,6,0.0
1788344106,4306.082,4306.132,0.0,0,1788344106248,6,0.0
1788344107,4306.112,4306.162,0.0,0,1788344107439,6,0.0
1788344107,4306.169,4306.219,0.0,0,1788344107454,6,0.0
1788344107,4306.299,4306.349,0.0,0,1788344107475,6,0.0
1788344107,4306.394,4306.444,0.0,0,1788344107480,6,0.0
1788344107,4306.451,4306.501,0.0,0,1788344107486,6,0.0
1788344107,4306.504,4306.554,0.0,0,1788344107492,6,0.0
1788344107,4306.577,4306.627,0.0,0,1788344107501,6,0.0
1788344108,4306.607,4306.657,0.0,0,1788344108567,6,0.0
1788344108,4306.661,4306.711,0.0,0,1788344108701,6,0.0
1788344109,4306.715,4306.765,0.0,0,1788344109672,6,0.0
1788344109,4306.77,4306.82,0.0,0,1788344109709,6,0.0
1788344110,4306.822,4306.872,0.0,0,1788344110374,6,0.0
1788344110,4306.897,4306.947,0.0,0,1788344110394,6,0.0
1788344111,4307.032,4307.082,0.0,0,1788344111045,6,0.0
1788344111,4306.939,4306.989,0.0,0,1788344111419,6,0.0
1788344112,4307.092,4307.142,0.0,0,1788344112478,6,0.0
1788344112,4306.887,4306.937,0.0,0,1788344112836,6,0.0
1788344112,4306.834,4306.884,0.0,0,1788344112844,6,0.0
1788344112,4306.779,4306.829,0.0,0,1788344112854,6,0.0
1788344112,4306.832,4306.882,0.0,0,1788344112869,6,0.0
1788344112,4306.897,4306.947,0.0,0,1788344112874,6,0.0
1788344112,4306.965,4307.015,0.0,0,1788344112878,6,0.0
1788344112,4307.026,4307.076,0.0,0,1788344112888,6,0.0
1788344112,4307.091,4307.141,0.0,0,1788344112894,6,0.0
1788344112,4307.152,4307.202,0.0,0,1788344112935,6,0.0
1788344113,4307.479,4307.529,0.0,0,1788344113896,6,0.0
1788344115,4307.225,4307.275,0.0,0,1788344115147,6,0.0
1788344116,4307.235,4307.285,0.0,0,1788344116380,6,0.0
1788344116,4307.267,4307.317,0.0,0,1788344116932,6,0.0
1788344117,4307.498,4307.548,0.0,0,1788344117536,6,0.0
1788344117,4307.553,4307.603,0.0,0,1788344117595,6,0.0
1788344117,4307.612,4307.662,0.0,0,1788344117653,6,0.0
1788344117,4307.412,4307.462,0.0,0,1788344117676,6,0.0
1788344118,4307.63,4307.68,0.0,0,1788344118600,6,0.0
1788344119,4307.594,4307.644,0.0,0,1788344119882,6,0.0
1788344120,4307.245,4307.295,0.0,0,1788344120773,6,0.0
1788344120,4307.162,4307.212,0.0,0,1788344120790,6,0.0
1788344121,4307.213,4307.263,0.0,0,1788344121058,6,0.0
1788344121,4307.287,4307.337,0.0,0,1788344121079,6,0.0
1788344121,4307.388,4307.438,0.0,0,1788344121100,6,0.0
1788344121,4307.337,4307.387,0.0,0,1788344121192,6,0.0
1788344121,4307.283,4307.333,0.0,0,1788344121295,6,0.0
1788344122,4307.311,4307.361,0.0,0,1788344122424,6,0.0
1788344122,4307.242,4307.292,0.0,0,1788344122428,6,0.0
1788344122,4307.122,4307.172,0.0,0,1788344122437,6,0.0
1788344122,4307.065,4307.115,0.0,0,1788344122442,6,0.0
1788344122,4306.952,4307.002,0.0,0,1788344122464,6,0.0
1788344122,4307.106,4307.156,0.0,0,1788344122487,6,0.0
1788344123,4307.078,4307.128,0.0,0,1788344123088,6,0.0
1788344123,4307.198,4307.248,0.0,0,1788344123169,6,0.0
1788344124,4307.526,4307.576,0.0,0,1788344124198,6,0.0
1788344124,4307.372,4307.422,0.0,0,1788344124315,6,0.0
1788344125,4307.373,4307.423,0.0,0,1788344125036,6,0.0
1788344126,4307.229,4307.279,0.0,0,1788344126254,6,0.0
1788344126,4307.108,4307.158,0.0,0,1788344126297,6,0.0
1788344127,4307.106,4307.156,0.0,0,1788344127392,6,0.0
1788344128,4307.364,4307.414,0.0,0,1788344128600,6,0.0
1788344129,4307.212,4307.262,0.0,0,1788344129125,6,0.0
1788344129,4307.264,4307.314,0.0,0,1788344129156,6,0.0
1788344129,4307.213,4307.263,0.0,0,1788344129398,6,0.0
1788344130,4307.222,4307.272,0.0,0,1788344130470,6,0.0
1788344131,4307.084,4307.134,0.0,0,1788344131062,6,0.0
1788344131,4307.031,4307.081,0.0,0,1788344131063,6,0.0
1788344131,4306.97,4307.02,0.0,0,1788344131069,6,0.0
1788344131,4306.913,4306.963,0.0,0,1788344131186,6,0.0
1788344131,4306.858,4306.908,0.0,0,1788344131535,6,0.0
1788344132,4306.8,4306.85,0.0,0,1788344132148,6,0.0
1788344133,4306.962,4307.012,0.0,0,1788344133150,6,0.0
1788344133,4306.741,4306.791,0.0,0,1788344133513,6,0.0
1788344133,4306.687,4306.737,0.0,0,1788344133526,6,0.0
1788344133,4306.628,4306.678,0.0,0,1788344133541,6,0.0
1788344133,4306.807,4306.857,0.0,0,1788344133709,6,0.0
1788344133,4306.678,4306.728,0.0,0,1788344133836,6,0.0
1788344134,4306.732,4306.782,0.0,0,1788344134429,6,0.0
1788344134,4306.68,4306.73,0.0,0,1788344134499,6,0.0
1788344135,4306.74,4306.79,0.0,0,1788344135199,6,0.0
1788344135,4306.806,4306.856,0.0,0,1788344135219,6,0.0
1788344135,4306.923,4306.973,0.0,0,1788344135420,6,0.0
1788344135,4306.768,4306.818,0.0,0,1788344135466,6,0.0
1788344136,4306.898,4306.948,0.0,0,1788344136328,6,0.0
1788344137,4306.96,4307.01,0.0,0,1788344137032,6,0.0
1788344137,4307.17,4307.21,0.0,0,1788344137434,6,0.0
1788344138,4306.947,4306.987,0.0,0,1788344138613,6,0.0
1788344138,4306.833,4306.873,0.0,0,1788344138695,6,0.0
1788344138,4306.76,4306.81,0.0,0,1788344138705,6,0.0
1788344138,4306.708,4306.758,0.0,0,1788344138845,6,0.0
1788344139,4306.674,4306.714,0.0,0,1788344139555,6,0.0
1788344140,4306.617,4306.657,0.0,0,1788344140121,6,0.0
1788344140,4306.809,4306.849,0.0,0,1788344140781,6,0.0
1788344141,4306.6,4306.64,0.0,0,1788344141414,6,0.0
1788344142,4306.663,4306.703,0.0,0,1788344142282,6,0.0
1788344142,4306.61,4306.65,0.0,0,1788344142765,6,0.0
1788344143,4306.555,4306.595,0.0,0,1788344143090,6,0.0
1788344143,4306.499,4306.539,0.0,0,1788344143279,6,0.0
1788344143,4306.407,4306.447,0.0,0,1788344143306,6,0.0
1788344143,4306.573,4306.613,0.0,0,1788344143868,6,0.0
1788344144,4306.446,4306.486,0.0,0,1788344144869,6,0.0
1788344144,4306.378,4306.418,0.0,0,1788344144891,6,0.0
1788344145,4306.325,4306.365,0.0,0,1788344145052,6,0.0
1788344145,4306.378,4306.418,0.0,0,1788344145304,6,0.0
1788344146,4306.438,4306.478,0.0,0,1788344146248,6,0.0
1788344147,4306.491,4306.531,0.0,0,1788344147050,6,0.0
1788344147,4306.436,4306.476,0.0,0,1788344147572,6,0.0
1788344147,4306.384,4306.424,0.0,0,1788344147715,6,0.0
1788344148,4306.33,4306.37,0.0,0,1788344148171,6,0.0
1788344148,4306.278,4306.318,0.0,0,1788344148205,6,0.0
1788344148,4306.333,4306.373,0.0,0,1788344148330,6,0.0
1788344148,4306.386,4306.426,0.0,0,1788344148544,6,0.0
1788344150,4306.394,4306.434,0.0,0,1788344150611,6,0.0
1788344151,4306.513,4306.553,0.0,0,1788344151142,6,0.0
1788344152,4306.573,4306.613,0.0,0,1788344152127,6,0.0
1788344152,4306.625,4306.665,0.0,0,1788344152138,6,0.0
1788344153,4306.587,4306.627,0.0,0,1788344153149,6,0.0
1788344154,4306.668,4306.708,0.0,0,1788344154050,6,0.0
1788344154,4306.722,4306.772,0.0,0,1788344154070,6,0.0
1788344154,4306.676,4306.716,0.0,0,1788344154168,6,0.0
1788344154,4306.599,4306.649,0.0,0,1788344154175,6,0.0
1788344154,4306.481,4306.531,0.0,0,1788344154191,6,0.0
1788344154,4306.602,4306.652,0.0,0,1788344154311,6,0.0
1788344154,4306.475,4306.525,0.0,0,1788344154489,6,0.0
1788344155,4306.601,4306.651,0.0,0,1788344155155,6,0.0
1788344155,4306.688,4306.738,0.0,0,1788344155168,6,0.0
1788344155,4306.741,4306.791,0.0,0,1788344155439,6,0.0
1788344155,4306.794,4306.844,0.0,0,1788344155502,6,0.0
1788344155,4306.847,4306.897,0.0,0,1788344155995,6,0.0
1788344156,4306.902,4306.952,0.0,0,1788344156022,6,0.0
1788344156,4306.956,4307.006,0.0,0,1788344156103,6,0.0
1788344156,4307.009,4307.059,0.0,0,1788344156140,6,0.0
1788344157,4307.016,4307.066,0.0,0,1788344157256,6,0.0
1788344157,4306.958,4307.008,0.0,0,1788344157301,6,0.0
1788344158,4307.021,4307.071,0.0,0,1788344158190,6,0.0
1788344158,4306.968,4307.018,0.0,0,1788344158238,6,0.0
1788344158,4306.915,4306.965,0.0,0,1788344158266,6,0.0
1788344158,4307.131,4307.181,0.0,0,1788344158447,6,0.0
1788344159,4306.843,4306.893,0.0,0,1788344159577,6,0.0
