time,open,high,low,close,tick_volume,spread,real_volume
2026-04-17 00:00:00+00:00,4791.528,4791.669,4785.961,4790.072,2003,57,0
2026-04-17 00:15:00+00:00,4790.05,4793.176,4787.532,4793.089,1654,57,0
2026-04-17 00:30:00+00:00,4793.149,4798.883,4792.483,4798.812,1776,57,0
2026-04-17 00:45:00+00:00,4798.753,4801.267,4793.915,4795.023,1552,57,0
2026-04-17 01:00:00+00:00,4795.085,4795.668,4769.211,4778.961,5105,57,0
2026-04-17 01:15:00+00:00,4778.899,4784.995,4767.562,4768.945,3924,57,0
2026-04-17 01:30:00+00:00,4769.008,4777.798,4767.744,4777.73,3545,57,0
2026-04-17 01:45:00+00:00,4777.714,4791.275,4775.32,4789.384,2690,57,0
2026-04-17 02:00:00+00:00,4789.38,4794.661,4788.321,4791.381,2192,57,0
2026-04-17 02:15:00+00:00,4791.603,4792.182,4788.355,4789.244,1425,57,0
2026-04-17 02:30:00+00:00,4789.309,4794.685,4788.577,4791.549,1889,57,0
2026-04-17 02:45:00+00:00,4791.806,4793.474,4784.527,4784.783,1687,57,0
2026-04-17 03:00:00+00:00,4784.839,4797.547,4784.839,4796.172,2527,57,0
2026-04-17 03:15:00+00:00,4795.926,4798.253,4793.008,4794.301,2004,57,0
2026-04-17 03:30:00+00:00,4794.123,4795.232,4792.172,4794.485,1228,57,0
2026-04-17 03:45:00+00:00,4794.415,4796.825,4792.879,4793.515,1083,57,0
2026-04-17 04:00:00+00:00,4793.425,4796.124,4792.665,4795.282,1241,57,0
2026-04-17 04:15:00+00:00,4795.305,4796.38,4793.716,4795.912,1077,57,0
2026-04-17 04:30:00+00:00,4796.107,4801.618,4795.319,4800.932,1136,57,0
2026-04-17 04:45:00+00:00,4801.08,4804.648,4798.599,4802.92,1246,57,0
2026-04-17 05:00:00+00:00,4802.932,4806.431,4800.074,4804.955,1827,57,0
2026-04-17 05:15:00+00:00,4804.896,4805.193,4801.734,4803.453,1306,57,0
2026-04-17 05:30:00+00:00,4803.584,4805.35,4795.763,4796.584,2737,57,0
2026-04-17 05:45:00+00:00,4796.609,4800.529,4793.824,4794.397,2534,57,0
2026-04-17 06:00:00+00:00,4794.469,4795.395,4786.903,4787.898,2924,57,0
2026-04-17 06:15:00+00:00,4787.914,4789.989,4783.173,4784.042,2293,57,0
2026-04-17 06:30:00+00:00,4783.996,4786.947,4779.208,4785.73,2438,57,0
2026-04-17 06:45:00+00:00,4785.676,4787.31,4783.907,4785.098,1671,57,0
2026-04-17 07:00:00+00:00,4785.239,4790.955,4784.332,4787.394,1945,57,0
2026-04-17 07:15:00+00:00,4787.458,4792.915,4784.814,4791.596,1793,57,0
2026-04-17 07:30:00+00:00,4791.6,4794.915,4782.516,4786.244,2031,57,0
2026-04-17 07:45:00+00:00,4785.904,4786.294,4778.798,4784.572,2124,57,0
2026-04-17 08:00:00+00:00,4784.557,4790.938,4780.974,4783.745,2260,57,0
2026-04-17 08:15:00+00:00,4783.596,4787.246,4782.712,4784.633,1620,57,0
2026-04-17 08:30:00+00:00,4784.546,4796.791,4784.306,4796.791,1867,57,0
2026-04-17 08:45:00+00:00,4796.698,4796.868,4790.991,4795.855,1799,57,0
2026-04-17 09:00:00+00:00,4795.797,4801.067,4792.863,4793.245,1858,57,0
2026-04-17 09:15:00+00:00,4793.303,4798.33,4792.2,4796.098,1638,57,0
2026-04-17 09:30:00+00:00,4795.793,4799.172,4794.193,4794.76,1740,57,0
2026-04-17 09:45:00+00:00,4794.525,4795.215,4790.136,4790.573,1606,57,0
2026-04-17 10:00:00+00:00,4790.631,4792.186,4787.33,4791.395,1624,57,0
2026-04-17 10:15:00+00:00,4791.518,4794.001,4788.689,4789.76,1421,57,0
2026-04-17 10:30:00+00:00,4789.769,4790.007,4782.447,4785.138,1623,57,0
2026-04-17 10:45:00+00:00,4785.158,4788.187,4782.208,4787.314,1794,57,0
2026-04-17 11:00:00+00:00,4787.375,4789.671,4783.497,4786.297,1595,57,0
2026-04-17 11:15:00+00:00,4786.341,4793.235,4784.6,4792.797,1505,57,0
2026-04-17 11:30:00+00:00,4793.008,4798.627,4789.851,4798.539,1570,57,0
2026-04-17 11:45:00+00:00,4798.596,4811.853,4798.596,4799.311,3322,57,0
2026-04-17 12:00:00+00:00,4799.377,4805.603,4797.697,4803.805,2241,57,0
2026-04-17 12:15:00+00:00,4803.808,4819.624,4803.067,4817.007,4165,57,0
2026-04-17 12:30:00+00:00,4816.851,4825.056,4815.477,4823.243,4170,57,0
2026-04-17 12:45:00+00:00,4823.308,4847.82,4821.766,4846.592,11909,57,0
2026-04-17 13:00:00+00:00,4846.427,4889.592,4834.836,4883.151,12108,97,0
2026-04-17 13:15:00+00:00,4883.251,4883.858,4850.41,4851.693,11129,71,0
2026-04-17 13:30:00+00:00,4851.757,4873.556,4848.233,4864.456,11150,97,0
2026-04-17 13:45:00+00:00,4864.703,4882.247,4851.991,4880.13,10184,57,0
2026-04-17 14:00:00+00:00,4880.19,4885.605,4860.744,4866.998,7338,57,0
2026-04-17 14:15:00+00:00,4867.138,4880.57,4865.754,4871.783,5443,57,0
2026-04-17 14:30:00+00:00,4871.725,4883.25,4869.549,4877.512,5213,57,0
2026-04-17 14:45:00+00:00,4877.57,4881.202,4869.64,4873.339,4780,57,0
2026-04-17 15:00:00+00:00,4873.406,4880.457,4862.491,4868.021,6418,57,0
2026-04-17 15:15:00+00:00,4867.989,4874.562,4863.137,4866.215,5129,57,0
2026-04-17 15:30:00+00:00,4866.277,4874.081,4854.759,4859.128,4662,57,0
2026-04-17 15:45:00+00:00,4859.04,4871.929,4858.03,4867.624,3931,57,0
2026-04-17 16:00:00+00:00,4867.555,4873.501,4863.812,4871.413,3087,57,0
2026-04-17 16:15:00+00:00,4871.472,4873.612,4867.48,4867.925,2435,57,0
2026-04-17 16:30:00+00:00,4867.987,4872.963,4867.709,4868.572,2314,57,0
2026-04-17 16:45:00+00:00,4868.645,4869.213,4864.938,4866.917,2002,57,0
2026-04-17 17:00:00+00:00,4867.175,4869.684,4857.958,4862.64,3884,57,0
2026-04-17 17:15:00+00:00,4862.705,4864.949,4853.794,4858.519,4738,57,0
2026-04-17 17:30:00+00:00,4858.441,4863.019,4854.405,4855.184,2993,57,0
2026-04-17 17:45:00+00:00,4855.099,4863.196,4855.006,4862.69,1915,57,0
2026-04-17 18:00:00+00:00,4862.526,4866.468,4860.54,4861.308,2158,57,0
2026-04-17 18:15:00+00:00,4861.275,4868.133,4859.015,4860.869,2300,57,0
2026-04-17 18:30:00+00:00,4861.004,4866.726,4860.513,4862.132,2097,57,0
2026-04-17 18:45:00+00:00,4862.299,4863.201,4856.097,4858.435,2312,57,0
2026-04-17 19:00:00+00:00,4858.494,4859.073,4853.814,4856.532,2014,57,0
2026-04-17 19:15:00+00:00,4856.535,4858.232,4854.455,4856.982,1722,57,0
2026-04-17 19:30:00+00:00,4856.767,4861.338,4855.935,4860.094,2369,57,0
2026-04-17 19:45:00+00:00,4860.033,4860.18,4852.763,4854.607,2729,57,0
2026-04-17 20:00:00+00:00,4854.759,4855.325,4844.732,4846.239,2456,57,0
2026-04-17 20:15:00+00:00,4845.866,4852.039,4844.811,4845.936,1991,71,0
2026-04-17 20:30:00+00:00,4846.151,4847.169,4834.051,4835.969,2589,57,0
2026-04-17 20:45:00+00:00,4836.029,4837.501,4830.722,4832.819,2634,97,0
2026-04-19 22:00:00+00:00,4774.659,4794.888,4770.879,4790.724,5008,97,0
2026-04-19 22:15:00+00:00,4790.578,4795.453,4784.315,4785.567,2754,97,0
2026-04-19 22:30:00+00:00,4785.366,4790.775,4779.392,4780.939,2058,97,0
2026-04-19 22:45:00+00:00,4780.862,4786.876,4778.113,4779.452,1613,97,0
2026-04-19 23:00:00+00:00,4779.472,4779.472,4772.166,4772.644,2501,97,0
2026-04-19 23:15:00+00:00,4772.711,4775.906,4768.293,4769.325,1802,97,0
2026-04-19 23:30:00+00:00,4769.4,4773.278,4745.744,4751.976,3482,97,0
2026-04-19 23:45:00+00:00,4752.072,4755.426,4736.897,4755.225,4313,97,0
2026-04-20 00:00:00+00:00,4755.359,4755.426,4745.23,4752.385,5976,57,0
2026-04-20 00:15:00+00:00,4752.312,4765.763,4751.953,4765.308,4184,57,0
2026-04-20 00:30:00+00:00,4765.253,4768.22,4761.144,4764.274,2516,57,0
2026-04-20 00:45:00+00:00,4764.352,4774.406,4759.607,4772.366,3035,57,0
2026-04-20 01:00:00+00:00,4772.469,4794.55,4771.259,4793.664,7534,57,0
2026-04-20 01:15:00+00:00,4793.951,4803.618,4788.678,4802.709,4103,57,0
2026-04-20 01:30:00+00:00,4802.806,4812.386,4801.313,4806.792,4314,57,0
2026-04-20 01:45:00+00:00,4806.667,4814.547,4805.98,4808.038,3082,57,0
2026-04-20 02:00:00+00:00,4807.942,4809.073,4800.64,4801.219,2955,57,0
2026-04-20 02:15:00+00:00,4801.186,4803.966,4798.292,4800.51,1944,57,0
2026-04-20 02:30:00+00:00,4800.571,4802.008,4794.599,4796.307,2734,57,0
2026-04-20 02:45:00+00:00,4796.506,4797.584,4793.173,4797.415,2255,57,0
2026-04-20 03:00:00+00:00,4797.147,4798.412,4790.554,4791.466,2589,57,0
2026-04-20 03:15:00+00:00,4791.516,4795.985,4788.941,4795.14,1900,57,0
2026-04-20 03:30:00+00:00,4795.302,4796.779,4789.926,4793.597,1688,57,0
2026-04-20 03:45:00+00:00,4793.36,4794.746,4789.0,4791.089,1502,57,0
2026-04-20 04:00:00+00:00,4791.152,4795.746,4790.83,4793.056,1506,57,0
2026-04-20 04:15:00+00:00,4793.056,4795.896,4791.6,4794.669,1352,57,0
2026-04-20 04:30:00+00:00,4794.686,4794.741,4787.183,4787.382,1703,57,0
2026-04-20 04:45:00+00:00,4787.538,4793.448,4787.538,4788.886,1683,57,0
2026-04-20 05:00:00+00:00,4788.775,4793.082,4784.505,4786.503,2127,57,0
2026-04-20 05:15:00+00:00,4786.359,4789.402,4785.329,4787.977,1756,57,0
2026-04-20 05:30:00+00:00,4787.814,4795.9,4779.628,4781.066,4167,57,0
2026-04-20 05:45:00+00:00,4781.077,4793.303,4781.023,4790.91,3472,57,0
2026-04-20 06:00:00+00:00,4790.703,4794.087,4785.674,4790.752,3504,57,0
2026-04-20 06:15:00+00:00,4790.507,4790.833,4783.827,4786.217,2636,57,0
2026-04-20 06:30:00+00:00,4786.182,4792.012,4785.506,4790.11,2460,57,0
2026-04-20 06:45:00+00:00,4790.047,4795.565,4785.413,4795.477,3035,57,0
2026-04-20 07:00:00+00:00,4795.528,4801.818,4793.849,4797.295,3280,57,0
2026-04-20 07:15:00+00:00,4797.292,4805.62,4794.143,4797.913,2814,57,0
2026-04-20 07:30:00+00:00,4797.635,4798.672,4789.997,4797.655,3307,57,0
2026-04-20 07:45:00+00:00,4797.625,4797.625,4786.986,4789.902,2508,57,0
2026-04-20 08:00:00+00:00,4789.721,4791.813,4786.12,4789.394,2745,57,0
2026-04-20 08:15:00+00:00,4789.3,4792.506,4786.471,4791.932,2226,57,0
2026-04-20 08:30:00+00:00,4792.015,4792.489,4788.885,4792.306,1681,57,0
2026-04-20 08:45:00+00:00,4792.311,4796.235,4792.265,4796.044,1819,57,0
2026-04-20 09:00:00+00:00,4796.105,4797.938,4793.479,4795.67,1956,57,0
2026-04-20 09:15:00+00:00,4795.962,4795.962,4791.864,4792.507,1686,57,0
2026-04-20 09:30:00+00:00,4792.348,4794.39,4783.44,4791.875,2509,57,0
2026-04-20 09:45:00+00:00,4791.887,4796.999,4789.338,4791.535,2022,57,0
2026-04-20 10:00:00+00:00,4791.866,4799.754,4790.041,4795.92,2184,57,0
2026-04-20 10:15:00+00:00,4796.023,4800.951,4795.199,4798.162,1629,57,0
2026-04-20 10:30:00+00:00,4798.285,4800.317,4795.107,4795.226,1249,57,0
2026-04-20 10:45:00+00:00,4795.236,4797.067,4794.502,4795.769,1414,57,0
2026-04-20 11:00:00+00:00,4795.856,4796.408,4786.932,4789.784,2298,57,0
2026-04-20 11:15:00+00:00,4789.731,4791.114,4786.733,4788.711,1774,57,0
2026-04-20 11:30:00+00:00,4788.724,4795.091,4787.883,4795.091,2147,57,0
2026-04-20 11:45:00+00:00,4795.035,4810.904,4794.718,4810.406,2882,57,0
2026-04-20 12:00:00+00:00,4810.349,4813.289,4803.213,4811.088,3643,57,0
2026-04-20 12:15:00+00:00,4811.436,4822.115,4804.242,4805.693,4104,57,0
2026-04-20 12:30:00+00:00,4805.824,4809.462,4799.082,4806.032,2751,57,0
2026-04-20 12:45:00+00:00,4806.28,4808.538,4801.28,4803.58,2541,57,0
2026-04-20 13:00:00+00:00,4803.639,4817.067,4799.782,4815.63,5541,57,0
2026-04-20 13:15:00+00:00,4815.451,4825.977,4811.93,4824.244,3677,57,0
2026-04-20 13:30:00+00:00,4824.32,4826.525,4815.949,4822.4,6295,57,0
2026-04-20 13:45:00+00:00,4822.342,4824.333,4817.121,4818.03,4413,57,0
2026-04-20 14:00:00+00:00,4818.094,4818.726,4807.116,4816.091,5907,57,0
2026-04-20 14:15:00+00:00,4816.034,4826.857,4814.524,4823.506,4297,57,0
2026-04-20 14:30:00+00:00,4823.571,4827.755,4810.612,4814.367,4850,57,0
2026-04-20 14:45:00+00:00,4814.349,4815.142,4792.686,4805.174,8160,57,0
2026-04-20 15:00:00+00:00,4805.255,4807.506,4792.717,4798.222,6048,57,0
2026-04-20 15:15:00+00:00,4798.143,4809.496,4794.018,4808.102,5649,57,0
2026-04-20 15:30:00+00:00,4808.356,4809.268,4799.614,4800.484,3761,57,0
2026-04-20 15:45:00+00:00,4800.325,4801.769,4795.465,4799.71,2884,57,0
2026-04-20 16:00:00+00:00,4799.852,4801.591,4794.303,4798.567,2525,57,0
2026-04-20 16:15:00+00:00,4798.743,4802.018,4792.858,4801.387,2580,57,0
2026-04-20 16:30:00+00:00,4801.43,4804.878,4798.877,4802.074,2384,57,0
2026-04-20 16:45:00+00:00,4802.117,4806.293,4801.739,4805.431,1914,57,0
2026-04-20 17:00:00+00:00,4805.491,4810.691,4803.944,4808.852,2275,57,0
2026-04-20 17:15:00+00:00,4808.795,4811.475,4806.329,4809.905,1820,57,0
2026-04-20 17:30:00+00:00,4809.968,4812.381,4805.082,4809.568,2569,57,0
2026-04-20 17:45:00+00:00,4809.339,4809.818,4805.915,4806.925,1348,57,0
2026-04-20 18:00:00+00:00,4806.898,4815.984,4806.898,4815.429,2089,57,0
2026-04-20 18:15:00+00:00,4815.539,4815.539,4811.849,4813.44,1850,57,0
2026-04-20 18:30:00+00:00,4813.383,4815.723,4811.225,4814.436,1663,57,0
2026-04-20 18:45:00+00:00,4814.477,4816.566,4813.244,4813.956,1271,57,0
2026-04-20 19:00:00+00:00,4814.158,4821.49,4814.02,4820.39,1410,57,0
2026-04-20 19:15:00+00:00,4820.384,4820.72,4816.185,4817.294,1182,57,0
2026-04-20 19:30:00+00:00,4817.351,4817.49,4810.487,4811.767,1797,57,0
2026-04-20 19:45:00+00:00,4811.797,4814.29,4811.159,4814.29,1543,57,0
2026-04-20 20:00:00+00:00,4814.207,4817.019,4812.829,4813.793,990,57,0
2026-04-20 20:15:00+00:00,4813.851,4817.035,4812.333,4816.044,810,57,0
2026-04-20 20:30:00+00:00,4816.051,4817.297,4813.145,4816.594,1155,57,0
2026-04-20 20:45:00+00:00,4816.759,4822.115,4816.209,4820.897,909,57,0
2026-04-20 22:00:00+00:00,4827.632,4832.536,4820.989,4828.974,2519,57,0
2026-04-20 22:15:00+00:00,4828.907,4833.186,4828.836,4829.025,1381,57,0
2026-04-20 22:30:00+00:00,4829.088,4831.134,4825.365,4830.703,1480,57,0
2026-04-20 22:45:00+00:00,4830.68,4831.756,4825.499,4827.856,1359,57,0
2026-04-20 23:00:00+00:00,4827.609,4831.887,4823.999,4825.875,1497,57,0
2026-04-20 23:15:00+00:00,4825.68,4826.895,4823.861,4825.88,944,57,0
2026-04-20 23:30:00+00:00,4825.823,4825.823,4822.958,4824.007,1011,57,0
2026-04-20 23:45:00+00:00,4824.36,4824.695,4820.046,4821.727,962,57,0
2026-04-21 00:00:00+00:00,4821.788,4830.673,4820.34,4828.575,2432,71,0
2026-04-21 00:15:00+00:00,4828.486,4829.381,4819.594,4820.053,2619,97,0
2026-04-21 00:30:00+00:00,4820.13,4824.637,4816.83,4822.587,2081,71,0
2026-04-21 00:45:00+00:00,4822.89,4826.231,4821.556,4824.055,2323,57,0
2026-04-21 01:00:00+00:00,4823.882,4824.532,4813.319,4815.043,3866,57,0
2026-04-21 01:15:00+00:00,4814.991,4818.815,4814.6,4818.461,2089,57,0
2026-04-21 01:30:00+00:00,4818.53,4819.027,4809.316,4813.398,2419,57,0
2026-04-21 01:45:00+00:00,4813.456,4814.204,4805.748,4810.12,2216,57,0
2026-04-21 02:00:00+00:00,4810.395,4810.554,4805.974,4807.222,2045,57,0
2026-04-21 02:15:00+00:00,4807.222,4808.627,4803.545,4807.844,1419,57,0
2026-04-21 02:30:00+00:00,4807.841,4807.967,4802.473,4806.604,2196,57,0
2026-04-21 02:45:00+00:00,4806.46,4808.227,4802.477,4807.027,1750,57,0
2026-04-21 03:00:00+00:00,4807.127,4807.844,4800.39,4801.031,2140,57,0
2026-04-21 03:15:00+00:00,4800.961,4802.592,4793.728,4798.69,2276,57,0
2026-04-21 03:30:00+00:00,4798.603,4799.821,4792.628,4794.873,1702,57,0
2026-04-21 03:45:00+00:00,4795.175,4797.836,4794.011,4797.318,1296,57,0
2026-04-21 04:00:00+00:00,4797.158,4797.982,4793.824,4794.424,1313,57,0
2026-04-21 04:15:00+00:00,4794.329,4796.603,4791.239,4792.445,1896,57,0
2026-04-21 04:30:00+00:00,4792.386,4794.247,4789.469,4791.873,1323,57,0
2026-04-21 04:45:00+00:00,4791.987,4793.436,4788.865,4789.271,1383,57,0
2026-04-21 05:00:00+00:00,4789.49,4793.122,4785.903,4789.765,2182,57,0
2026-04-21 05:15:00+00:00,4789.762,4791.202,4786.089,4787.662,1729,57,0
2026-04-21 05:30:00+00:00,4787.548,4796.85,4786.523,4796.226,2986,57,0
2026-04-21 05:45:00+00:00,4796.216,4796.513,4783.117,4784.316,2875,57,0
2026-04-21 06:00:00+00:00,4784.318,4790.678,4775.6,4784.916,3425,57,0
2026-04-21 06:15:00+00:00,4785.133,4786.088,4775.217,4779.08,2929,57,0
2026-04-21 06:30:00+00:00,4779.196,4782.496,4776.204,4780.463,2306,57,0
2026-04-21 06:45:00+00:00,4780.429,4783.549,4774.559,4778.596,2641,57,0
2026-04-21 07:00:00+00:00,4778.503,4785.681,4772.809,4782.821,3011,57,0
2026-04-21 07:15:00+00:00,4783.025,4787.529,4780.394,4783.568,2213,57,0
2026-04-21 07:30:00+00:00,4783.55,4787.224,4780.834,4786.596,1709,57,0
2026-04-21 07:45:00+00:00,4786.534,4792.738,4784.638,4786.267,2025,57,0
2026-04-21 08:00:00+00:00,4786.208,4787.676,4774.677,4776.17,3121,57,0
2026-04-21 08:15:00+00:00,4776.153,4789.188,4775.476,4787.26,2182,57,0
2026-04-21 08:30:00+00:00,4787.355,4792.946,4785.031,4791.604,2116,57,0
2026-04-21 08:45:00+00:00,4791.665,4792.717,4786.166,4786.355,1485,57,0
2026-04-21 09:00:00+00:00,4786.289,4787.079,4781.528,4784.466,1777,57,0
2026-04-21 09:15:00+00:00,4784.431,4788.038,4781.212,4782.536,1664,57,0
2026-04-21 09:30:00+00:00,4782.471,4787.719,4782.165,4787.174,1869,57,0
2026-04-21 09:45:00+00:00,4787.221,4789.829,4783.48,4783.912,1984,57,0
2026-04-21 10:00:00+00:00,4783.971,4786.028,4782.136,4783.092,1694,57,0
2026-04-21 10:15:00+00:00,4783.11,4784.823,4780.996,4782.882,1513,57,0
2026-04-21 10:30:00+00:00,4782.945,4788.114,4782.68,4786.376,1309,57,0
2026-04-21 10:45:00+00:00,4786.402,4790.484,4786.063,4789.619,1347,57,0
2026-04-21 11:00:00+00:00,4789.708,4790.14,4775.508,4781.746,3332,57,0
2026-04-21 11:15:00+00:00,4781.687,4784.548,4779.169,4783.423,2051,57,0
2026-04-21 11:30:00+00:00,4783.358,4794.991,4783.125,4793.142,2120,57,0
2026-04-21 11:45:00+00:00,4793.055,4798.133,4791.787,4794.815,2102,57,0
2026-04-21 12:00:00+00:00,4794.874,4797.093,4790.986,4791.398,2435,57,0
2026-04-21 12:15:00+00:00,4791.341,4791.978,4779.208,4781.163,3381,57,0
2026-04-21 12:30:00+00:00,4781.271,4790.564,4766.949,4778.993,4947,57,0
2026-04-21 12:45:00+00:00,4779.101,4782.99,4776.075,4778.714,3497,57,0
2026-04-21 13:00:00+00:00,4778.648,4783.835,4764.607,4765.226,5904,57,0
2026-04-21 13:15:00+00:00,4765.498,4775.338,4760.516,4774.848,4683,57,0
2026-04-21 13:30:00+00:00,4774.791,4792.53,4770.22,4789.038,7466,57,0
2026-04-21 13:45:00+00:00,4788.95,4794.26,4777.461,4779.283,4780,57,0
2026-04-21 14:00:00+00:00,4779.224,4782.768,4773.114,4778.685,3918,57,0
2026-04-21 14:15:00+00:00,4778.747,4780.663,4769.947,4774.234,3997,57,0
2026-04-21 14:30:00+00:00,4774.165,4775.228,4743.554,4745.01,9214,57,0
2026-04-21 14:45:00+00:00,4745.131,4745.909,4723.538,4738.99,15853,57,0
2026-04-21 15:00:00+00:00,4739.019,4750.92,4727.921,4748.029,12044,57,0
2026-04-21 15:15:00+00:00,4748.242,4757.573,4741.891,4742.641,8159,57,0
2026-04-21 15:30:00+00:00,4742.601,4747.667,4736.622,4745.67,6160,57,0
2026-04-21 15:45:00+00:00,4745.613,4750.416,4738.832,4741.637,4772,57,0
2026-04-21 16:00:00+00:00,4741.57,4746.884,4726.625,4730.418,5534,57,0
2026-04-21 16:15:00+00:00,4730.343,4734.242,4719.709,4720.971,4337,57,0
2026-04-21 16:30:00+00:00,4720.912,4727.539,4719.607,4721.151,4512,57,0
2026-04-21 16:45:00+00:00,4721.163,4722.938,4708.074,4711.25,5116,57,0
2026-04-21 17:00:00+00:00,4711.308,4718.502,4701.232,4706.368,8184,57,0
2026-04-21 17:15:00+00:00,4706.383,4708.626,4697.367,4700.139,5896,57,0
2026-04-21 17:30:00+00:00,4700.105,4722.367,4697.003,4717.88,7967,57,0
2026-04-21 17:45:00+00:00,4718.012,4718.714,4706.057,4710.971,4307,57,0
2026-04-21 18:00:00+00:00,4710.849,4714.766,4703.814,4704.753,3473,57,0
2026-04-21 18:15:00+00:00,4704.738,4705.11,4692.328,4696.326,5027,57,0
2026-04-21 18:30:00+00:00,4696.406,4703.693,4696.406,4702.983,2793,57,0
2026-04-21 18:45:00+00:00,4702.895,4713.86,4698.928,4709.156,5435,57,0
2026-04-21 19:00:00+00:00,4709.214,4712.916,4704.281,4707.294,4399,57,0
2026-04-21 19:15:00+00:00,4707.448,4715.178,4705.079,4714.02,4929,57,0
2026-04-21 19:30:00+00:00,4713.98,4714.877,4668.302,4671.764,9117,57,0
2026-04-21 19:45:00+00:00,4671.865,4685.794,4671.052,4679.522,10988,57,0
2026-04-21 20:00:00+00:00,4679.343,4702.268,4668.834,4696.988,10029,57,0
2026-04-21 20:15:00+00:00,4696.912,4711.357,4694.711,4705.784,6083,57,0
2026-04-21 20:30:00+00:00,4705.574,4713.705,4705.491,4711.267,2307,57,0
2026-04-21 20:45:00+00:00,4711.206,4719.463,4709.278,4718.89,2195,57,0
2026-04-21 22:00:00+00:00,4720.061,4729.518,4718.315,4721.922,2642,57,0
2026-04-21 22:15:00+00:00,4721.986,4721.986,4716.811,4718.947,1156,57,0
2026-04-21 22:30:00+00:00,4719.015,4719.831,4716.187,4717.164,1184,57,0
2026-04-21 22:45:00+00:00,4717.106,4720.172,4715.543,4719.421,1141,57,0
2026-04-21 23:00:00+00:00,4719.466,4729.865,4718.282,4727.673,1635,57,0
2026-04-21 23:15:00+00:00,4727.461,4733.086,4726.228,4730.234,1434,57,0
2026-04-21 23:30:00+00:00,4730.225,4733.945,4728.838,4731.725,1374,57,0
2026-04-21 23:45:00+00:00,4731.794,4740.502,4731.5,4737.982,1681,57,0
2026-04-22 00:00:00+00:00,4738.195,4747.529,4738.195,4743.041,2614,57,0
2026-04-22 00:15:00+00:00,4743.136,4745.884,4740.433,4742.592,2213,57,0
2026-04-22 00:30:00+00:00,4742.385,4747.272,4741.629,4742.362,1972,57,0
2026-04-22 00:45:00+00:00,4742.16,4746.85,4738.584,4739.985,2102,57,0
2026-04-22 01:00:00+00:00,4739.737,4745.44,4736.154,4738.404,4367,57,0
2026-04-22 01:15:00+00:00,4738.467,4749.078,4737.78,4746.315,2443,57,0
2026-04-22 01:30:00+00:00,4746.546,4754.017,4746.289,4749.488,2900,57,0
2026-04-22 01:45:00+00:00,4749.592,4754.658,4747.99,4752.416,2323,57,0
2026-04-22 02:00:00+00:00,4752.196,4756.146,4750.217,4755.619,2031,57,0
2026-04-22 02:15:00+00:00,4755.83,4758.082,4753.594,4755.868,1391,57,0
2026-04-22 02:30:00+00:00,4755.548,4758.985,4751.592,4751.795,1874,57,0
2026-04-22 02:45:00+00:00,4751.612,4757.37,4751.218,4755.713,1714,57,0
2026-04-22 03:00:00+00:00,4755.648,4761.235,4753.262,4757.692,1939,57,0
2026-04-22 03:15:00+00:00,4757.493,4763.538,4756.715,4763.073,1658,57,0
2026-04-22 03:30:00+00:00,4763.062,4765.12,4757.093,4759.197,1552,57,0
2026-04-22 03:45:00+00:00,4759.491,4760.903,4757.317,4758.36,1264,57,0
2026-04-22 04:00:00+00:00,4758.408,4759.703,4756.502,4757.537,1136,57,0
2026-04-22 04:15:00+00:00,4757.668,4757.885,4754.336,4755.843,1730,57,0
2026-04-22 04:30:00+00:00,4756.115,4757.421,4752.79,4756.479,1227,57,0
2026-04-22 04:45:00+00:00,4756.421,4759.655,4752.487,4754.7,1592,57,0
2026-04-22 05:00:00+00:00,4754.56,4757.156,4752.352,4757.156,1388,57,0
2026-04-22 05:15:00+00:00,4756.909,4771.701,4756.217,4766.156,3970,57,0
2026-04-22 05:30:00+00:00,4766.392,4769.392,4763.865,4767.273,2313,57,0
2026-04-22 05:45:00+00:00,4767.209,4772.294,4764.445,4767.652,2383,57,0
2026-04-22 06:00:00+00:00,4767.563,4767.881,4758.824,4762.644,2040,57,0
2026-04-22 06:15:00+00:00,4762.587,4767.432,4760.612,4767.07,1508,57,0
2026-04-22 06:30:00+00:00,4767.155,4767.859,4763.65,4763.857,1525,57,0
2026-04-22 06:45:00+00:00,4763.621,4767.955,4763.519,4767.568,1487,57,0
2026-04-22 07:00:00+00:00,4767.508,4772.474,4765.332,4765.861,1993,57,0
2026-04-22 07:15:00+00:00,4765.796,4768.076,4762.656,4766.294,1955,57,0
2026-04-22 07:30:00+00:00,4765.956,4766.769,4761.994,4763.731,1763,57,0
2026-04-22 07:45:00+00:00,4763.972,4764.333,4759.758,4760.752,1839,57,0
2026-04-22 08:00:00+00:00,4760.759,4762.309,4757.875,4758.114,1987,57,0
2026-04-22 08:15:00+00:00,4757.958,4759.913,4754.09,4754.327,2051,57,0
2026-04-22 08:30:00+00:00,4754.385,4757.16,4751.919,4755.931,1898,57,0
2026-04-22 08:45:00+00:00,4755.905,4758.408,4753.802,4757.224,1518,57,0
2026-04-22 09:00:00+00:00,4757.157,4761.756,4756.66,4760.889,2152,57,0
2026-04-22 09:15:00+00:00,4760.55,4762.033,4756.278,4756.478,1500,57,0
2026-04-22 09:30:00+00:00,4756.296,4762.512,4755.303,4758.582,1648,57,0
2026-04-22 09:45:00+00:00,4758.492,4759.24,4752.359,4755.176,1774,57,0
2026-04-22 10:00:00+00:00,4755.305,4757.533,4745.702,4748.707,2466,57,0
2026-04-22 10:15:00+00:00,4748.648,4756.25,4748.324,4754.637,1673,57,0
2026-04-22 10:30:00+00:00,4754.685,4759.565,4753.687,4756.361,1639,57,0
2026-04-22 10:45:00+00:00,4756.401,4760.203,4755.197,4759.25,1439,57,0
2026-04-22 11:00:00+00:00,4759.137,4760.378,4756.424,4757.299,1752,57,0
2026-04-22 11:15:00+00:00,4757.243,4760.897,4756.402,4757.492,1690,57,0
2026-04-22 11:30:00+00:00,4757.27,4759.866,4748.44,4748.848,2188,57,0
2026-04-22 11:45:00+00:00,4748.907,4753.328,4747.82,4750.555,2142,57,0
2026-04-22 12:00:00+00:00,4750.492,4757.672,4749.759,4752.444,2255,57,0
2026-04-22 12:15:00+00:00,4752.267,4760.415,4747.132,4753.34,2751,57,0
2026-04-22 12:30:00+00:00,4753.282,4754.393,4745.659,4746.731,3438,57,0
2026-04-22 12:45:00+00:00,4746.844,4748.573,4742.878,4744.437,2648,57,0
2026-04-22 13:00:00+00:00,4744.383,4750.76,4739.236,4742.245,4611,57,0
2026-04-22 13:15:00+00:00,4742.361,4750.044,4736.365,4749.861,4703,57,0
2026-04-22 13:30:00+00:00,4749.924,4756.61,4742.062,4755.279,6496,57,0
2026-04-22 13:45:00+00:00,4755.343,4760.832,4750.998,4752.825,4506,57,0
2026-04-22 14:00:00+00:00,4752.886,4757.446,4742.47,4745.483,4265,57,0
2026-04-22 14:15:00+00:00,4745.427,4750.607,4743.497,4744.116,3983,57,0
2026-04-22 14:30:00+00:00,4744.178,4744.78,4730.219,4733.288,5717,57,0
2026-04-22 14:45:00+00:00,4733.106,4739.516,4732.624,4735.871,3472,57,0
2026-04-22 15:00:00+00:00,4735.929,4740.362,4734.314,4737.64,3861,57,0
2026-04-22 15:15:00+00:00,4737.621,4737.831,4729.913,4735.129,3504,57,0
2026-04-22 15:30:00+00:00,4735.175,4735.677,4726.062,4727.271,3179,57,0
2026-04-22 15:45:00+00:00,4727.189,4731.329,4725.038,4727.848,2517,57,0
2026-04-22 16:00:00+00:00,4727.933,4735.155,4725.881,4730.465,2610,57,0
2026-04-22 16:15:00+00:00,4730.482,4730.599,4724.091,4727.138,2230,57,0
2026-04-22 16:30:00+00:00,4726.959,4732.077,4723.788,4728.278,2556,57,0
2026-04-22 16:45:00+00:00,4728.341,4730.919,4726.401,4728.589,2160,57,0
2026-04-22 17:00:00+00:00,4728.664,4739.497,4728.555,4735.49,3048,57,0
2026-04-22 17:15:00+00:00,4735.433,4737.74,4733.099,4735.105,1944,57,0
2026-04-22 17:30:00+00:00,4735.179,4738.239,4734.446,4736.169,1639,57,0
2026-04-22 17:45:00+00:00,4736.294,4738.411,4733.703,4737.355,2033,57,0
2026-04-22 18:00:00+00:00,4737.411,4738.742,4735.244,4735.807,1367,57,0
2026-04-22 18:15:00+00:00,4735.748,4736.135,4730.073,4730.485,1798,57,0
2026-04-22 18:30:00+00:00,4730.405,4739.546,4730.33,4739.471,1575,57,0
2026-04-22 18:45:00+00:00,4739.336,4749.503,4738.663,4741.77,2299,57,0
2026-04-22 19:00:00+00:00,4741.848,4743.622,4736.937,4738.8,2529,57,0
2026-04-22 19:15:00+00:00,4738.611,4745.38,4738.194,4744.312,1568,57,0
2026-04-22 19:30:00+00:00,4744.554,4744.732,4738.608,4739.542,1544,57,0
2026-04-22 19:45:00+00:00,4739.471,4742.039,4737.01,4740.201,2125,57,0
2026-04-22 20:00:00+00:00,4740.235,4740.527,4734.736,4736.268,1467,57,0
2026-04-22 20:15:00+00:00,4736.209,4737.819,4734.505,4736.811,1138,57,0
2026-04-22 20:30:00+00:00,4736.805,4739.623,4736.123,4737.462,1092,57,0
2026-04-22 20:45:00+00:00,4737.611,4739.956,4737.139,4739.583,771,57,0
2026-04-22 22:00:00+00:00,4744.964,4746.023,4736.222,4736.667,1274,97,0
2026-04-22 22:15:00+00:00,4736.639,4738.474,4732.737,4733.105,993,57,0
2026-04-22 22:30:00+00:00,4733.162,4735.033,4729.912,4729.912,1041,57,0
2026-04-22 22:45:00+00:00,4730.1,4732.088,4725.908,4726.165,1082,57,0
2026-04-22 23:00:00+00:00,4726.229,4728.422,4723.472,4725.994,1265,57,0
2026-04-22 23:15:00+00:00,4726.195,4729.924,4725.656,4728.13,1006,57,0
2026-04-22 23:30:00+00:00,4728.172,4728.261,4723.822,4724.445,922,57,0
2026-04-22 23:45:00+00:00,4724.527,4729.364,4724.47,4728.057,1276,57,0
2026-04-23 00:00:00+00:00,4728.124,4728.362,4698.765,4699.642,5102,57,0
2026-04-23 00:15:00+00:00,4699.559,4742.561,4694.147,4741.446,11911,57,0
2026-04-23 00:30:00+00:00,4741.431,4752.046,4741.037,4744.858,5779,57,0
2026-04-23 00:45:00+00:00,4744.936,4753.905,4743.608,4747.97,3904,57,0
2026-04-23 01:00:00+00:00,4747.889,4750.05,4736.058,4737.15,4459,57,0
2026-04-23 01:15:00+00:00,4736.983,4738.681,4727.181,4728.378,3348,57,0
2026-04-23 01:30:00+00:00,4728.457,4735.697,4725.917,4733.929,3662,57,0
2026-04-23 01:45:00+00:00,4734.029,4736.888,4722.569,4723.471,3946,57,0
2026-04-23 02:00:00+00:00,4723.367,4724.892,4706.792,4707.512,4781,57,0
2026-04-23 02:15:00+00:00,4707.575,4718.027,4705.075,4713.902,3928,57,0
2026-04-23 02:30:00+00:00,4713.943,4715.69,4700.337,4701.459,4944,57,0
2026-04-23 02:45:00+00:00,4701.401,4707.522,4698.158,4698.855,5016,57,0
2026-04-23 03:00:00+00:00,4698.964,4708.715,4698.227,4702.285,4642,57,0
2026-04-23 03:15:00+00:00,4702.223,4705.989,4698.098,4703.47,3666,57,0
2026-04-23 03:30:00+00:00,4703.362,4707.115,4701.16,4704.931,2715,57,0
2026-04-23 03:45:00+00:00,4704.837,4707.48,4702.613,4704.003,2002,57,0
2026-04-23 04:00:00+00:00,4703.961,4706.471,4701.04,4706.233,1659,57,0
2026-04-23 04:15:00+00:00,4706.239,4707.167,4702.927,4705.472,1598,57,0
2026-04-23 04:30:00+00:00,4705.487,4707.035,4701.586,4701.982,1585,57,0
2026-04-23 04:45:00+00:00,4701.926,4704.63,4698.683,4704.604,1597,57,0
2026-04-23 05:00:00+00:00,4704.319,4710.422,4703.413,4708.033,1836,57,0
2026-04-23 05:15:00+00:00,4708.077,4709.299,4705.46,4706.166,1925,57,0
2026-04-23 05:30:00+00:00,4706.208,4707.23,4692.279,4701.735,4330,57,0
2026-04-23 05:45:00+00:00,4701.674,4715.231,4701.503,4713.554,3328,57,0
2026-04-23 06:00:00+00:00,4713.449,4718.42,4710.903,4712.076,2838,57,0
2026-04-23 06:15:00+00:00,4711.767,4714.359,4708.759,4712.402,2126,57,0
2026-04-23 06:30:00+00:00,4712.41,4717.305,4709.494,4715.061,2206,57,0
2026-04-23 06:45:00+00:00,4715.148,4721.275,4712.064,4712.822,3132,57,0
2026-04-23 07:00:00+00:00,4713.042,4716.401,4707.642,4712.262,3494,57,0
2026-04-23 07:15:00+00:00,4712.277,4713.906,4703.248,4706.234,3053,57,0
2026-04-23 07:30:00+00:00,4706.052,4713.932,4703.417,4713.622,2105,57,0
2026-04-23 07:45:00+00:00,4713.587,4720.544,4713.449,4719.049,2196,57,0
2026-04-23 08:00:00+00:00,4719.129,4724.903,4717.733,4718.35,2212,57,0
2026-04-23 08:15:00+00:00,4718.459,4722.01,4715.212,4715.556,1931,57,0
2026-04-23 08:30:00+00:00,4715.502,4716.2,4703.59,4704.106,2654,57,0
2026-04-23 08:45:00+00:00,4704.038,4707.417,4701.521,4703.557,2185,57,0
2026-04-23 09:00:00+00:00,4703.43,4703.875,4694.806,4697.166,3062,57,0
2026-04-23 09:15:00+00:00,4697.143,4702.985,4695.671,4700.866,2406,57,0
2026-04-23 09:30:00+00:00,4700.806,4703.073,4698.923,4700.826,2173,57,0
2026-04-23 09:45:00+00:00,4700.769,4702.262,4694.926,4697.495,2243,57,0
2026-04-23 10:00:00+00:00,4697.43,4701.869,4685.334,4688.965,2849,57,0
2026-04-23 10:15:00+00:00,4688.897,4692.718,4684.26,4686.84,2829,57,0
2026-04-23 10:30:00+00:00,4686.862,4696.953,4684.353,4690.899,2865,57,0
2026-04-23 10:45:00+00:00,4690.836,4697.255,4689.647,4696.473,2057,57,0
2026-04-23 11:00:00+00:00,4696.541,4700.1,4695.701,4697.86,2443,57,0
2026-04-23 11:15:00+00:00,4698.003,4703.322,4696.528,4699.454,1856,57,0
2026-04-23 11:30:00+00:00,4699.535,4706.053,4696.651,4705.289,2611,57,0
2026-04-23 11:45:00+00:00,4705.313,4720.934,4704.669,4720.598,3237,57,0
2026-04-23 12:00:00+00:00,4720.532,4739.024,4719.632,4729.097,6069,57,0
2026-04-23 12:15:00+00:00,4729.037,4735.085,4726.108,4733.122,3367,57,0
2026-04-23 12:30:00+00:00,4732.965,4742.568,4732.965,4739.545,3312,57,0
2026-04-23 12:45:00+00:00,4739.335,4743.241,4731.556,4740.022,5711,57,0
2026-04-23 13:00:00+00:00,4740.079,4740.682,4723.913,4725.96,4648,57,0
2026-04-23 13:15:00+00:00,4725.901,4730.822,4725.603,4727.56,3031,57,0
2026-04-23 13:30:00+00:00,4727.327,4735.567,4724.638,4734.492,5336,57,0
2026-04-23 13:45:00+00:00,4734.392,4741.299,4724.284,4724.619,4480,57,0
2026-04-23 14:00:00+00:00,4724.573,4728.92,4717.035,4724.376,7270,57,0
2026-04-23 14:15:00+00:00,4724.375,4736.108,4723.534,4731.656,4488,57,0
2026-04-23 14:30:00+00:00,4731.587,4734.755,4726.073,4730.997,4191,57,0
2026-04-23 14:45:00+00:00,4731.096,4736.803,4727.985,4733.805,3685,57,0
2026-04-23 15:00:00+00:00,4733.865,4734.961,4726.731,4730.916,3409,57,0
2026-04-23 15:15:00+00:00,4730.887,4741.122,4729.875,4733.746,3375,57,0
2026-04-23 15:30:00+00:00,4733.656,4734.824,4728.13,4728.13,3197,57,0
2026-04-23 15:45:00+00:00,4728.065,4728.693,4716.464,4720.551,5052,57,0
2026-04-23 16:00:00+00:00,4720.62,4722.501,4715.665,4719.492,3441,57,0
2026-04-23 16:15:00+00:00,4719.37,4725.018,4718.972,4723.149,2281,57,0
2026-04-23 16:30:00+00:00,4723.167,4734.761,4722.601,4733.898,2258,57,0
2026-04-23 16:45:00+00:00,4733.815,4737.058,4730.63,4732.838,2612,57,0
2026-04-23 17:00:00+00:00,4732.869,4734.486,4705.907,4716.064,9695,57,0
2026-04-23 17:15:00+00:00,4715.958,4718.014,4704.42,4706.499,9157,57,0
2026-04-23 17:30:00+00:00,4706.601,4714.209,4673.193,4677.745,11104,57,0
2026-04-23 17:45:00+00:00,4677.803,4711.045,4664.172,4709.226,16671,57,0
2026-04-23 18:00:00+00:00,4709.284,4722.247,4707.793,4713.812,9576,57,0
2026-04-23 18:15:00+00:00,4714.036,4716.833,4710.903,4716.76,5265,57,0
2026-04-23 18:30:00+00:00,4716.697,4720.517,4707.241,4711.264,4078,57,0
2026-04-23 18:45:00+00:00,4711.496,4711.992,4699.388,4701.311,3864,57,0
2026-04-23 19:00:00+00:00,4701.195,4704.578,4692.717,4696.482,4635,57,0
2026-04-23 19:15:00+00:00,4696.423,4702.647,4695.597,4700.22,2931,57,0
2026-04-23 19:30:00+00:00,4700.067,4701.291,4689.408,4692.525,4031,57,0
2026-04-23 19:45:00+00:00,4692.582,4700.043,4692.034,4696.19,3948,57,0
2026-04-23 20:00:00+00:00,4695.985,4698.323,4690.527,4690.691,2487,57,0
2026-04-23 20:15:00+00:00,4690.601,4692.686,4686.495,4689.603,1832,57,0
2026-04-23 20:30:00+00:00,4689.432,4691.696,4688.245,4691.345,1185,57,0
2026-04-23 20:45:00+00:00,4691.392,4693.387,4688.654,4693.066,1257,57,0
2026-04-23 22:00:00+00:00,4699.847,4700.069,4694.789,4697.421,1383,97,0
2026-04-23 22:15:00+00:00,4697.41,4697.41,4692.185,4693.057,1063,97,0
2026-04-23 22:30:00+00:00,4692.99,4696.76,4690.818,4693.633,1233,57,0
2026-04-23 22:45:00+00:00,4693.559,4694.61,4690.184,4693.195,1029,57,0
2026-04-23 23:00:00+00:00,4693.208,4695.528,4689.501,4689.574,1189,57,0
2026-04-23 23:15:00+00:00,4689.884,4694.484,4686.704,4694.381,1374,57,0
2026-04-23 23:30:00+00:00,4694.713,4700.661,4693.652,4697.557,1477,57,0
2026-04-23 23:45:00+00:00,4697.565,4699.481,4692.282,4695.342,1540,57,0
2026-04-24 00:00:00+00:00,4695.269,4700.351,4690.958,4698.016,3709,57,0
2026-04-24 00:15:00+00:00,4698.206,4705.723,4696.528,4705.431,2852,57,0
2026-04-24 00:30:00+00:00,4705.615,4707.943,4701.375,4701.517,2779,57,0
2026-04-24 00:45:00+00:00,4701.712,4706.049,4697.326,4704.605,3013,57,0
2026-04-24 01:00:00+00:00,4704.514,4710.084,4695.733,4709.319,4777,57,0
2026-04-24 01:15:00+00:00,4709.432,4711.203,4698.214,4698.543,3187,57,0
2026-04-24 01:30:00+00:00,4698.426,4702.28,4690.486,4691.029,4267,57,0
2026-04-24 01:45:00+00:00,4690.89,4700.79,4690.263,4699.488,2601,57,0
2026-04-24 02:00:00+00:00,4699.343,4700.595,4690.404,4693.042,3142,57,0
2026-04-24 02:15:00+00:00,4693.16,4696.104,4681.92,4683.841,3032,57,0
2026-04-24 02:30:00+00:00,4683.899,4691.027,4680.115,4683.485,3135,57,0
2026-04-24 02:45:00+00:00,4683.264,4684.116,4673.147,4676.905,3285,57,0
2026-04-24 03:00:00+00:00,4676.963,4678.437,4668.698,4670.579,3148,57,0
2026-04-24 03:15:00+00:00,4670.606,4678.111,4670.204,4674.627,2419,57,0
2026-04-24 03:30:00+00:00,4674.717,4678.274,4672.933,4675.295,2227,57,0
2026-04-24 03:45:00+00:00,4675.357,4676.929,4671.565,4672.275,1650,57,0
2026-04-24 04:00:00+00:00,4672.263,4674.733,4667.348,4670.123,2070,57,0
2026-04-24 04:15:00+00:00,4670.198,4670.911,4658.901,4659.57,2786,57,0
2026-04-24 04:30:00+00:00,4659.632,4668.441,4657.692,4668.02,2250,57,0
2026-04-24 04:45:00+00:00,4668.11,4676.988,4668.033,4674.37,1979,57,0
2026-04-24 05:00:00+00:00,4674.437,4677.008,4669.736,4673.918,1839,57,0
2026-04-24 05:15:00+00:00,4673.669,4678.595,4672.085,4676.724,1923,57,0
2026-04-24 05:30:00+00:00,4676.592,4687.534,4676.515,4682.725,2884,57,0
2026-04-24 05:45:00+00:00,4682.899,4686.775,4680.356,4686.312,2394,57,0
2026-04-24 06:00:00+00:00,4686.369,4688.257,4681.119,4681.844,2214,57,0
2026-04-24 06:15:00+00:00,4681.973,4682.289,4670.305,4671.482,2083,57,0
2026-04-24 06:30:00+00:00,4671.715,4676.138,4669.93,4673.926,2257,57,0
2026-04-24 06:45:00+00:00,4673.653,4676.582,4666.808,4672.165,2466,57,0
2026-04-24 07:00:00+00:00,4672.017,4681.448,4671.053,4680.52,1924,57,0
2026-04-24 07:15:00+00:00,4680.461,4684.831,4678.265,4684.322,1919,57,0
2026-04-24 07:30:00+00:00,4684.251,4686.236,4682.261,4685.486,1663,57,0
2026-04-24 07:45:00+00:00,4685.434,4695.35,4685.174,4694.506,2058,57,0
2026-04-24 08:00:00+00:00,4694.455,4694.455,4686.443,4687.552,2168,57,0
2026-04-24 08:15:00+00:00,4687.609,4697.442,4686.953,4688.087,2446,57,0
2026-04-24 08:30:00+00:00,4688.015,4690.304,4685.297,4688.269,1906,57,0
2026-04-24 08:45:00+00:00,4688.106,4692.974,4687.692,4691.026,1721,57,0
2026-04-24 09:00:00+00:00,4691.066,4695.499,4689.749,4695.223,2132,57,0
2026-04-24 09:15:00+00:00,4695.258,4696.741,4682.33,4683.522,2780,57,0
2026-04-24 09:30:00+00:00,4683.311,4688.526,4679.347,4685.969,2211,57,0
2026-04-24 09:45:00+00:00,4686.265,4686.853,4679.329,4682.149,1930,57,0
2026-04-24 10:00:00+00:00,4682.04,4684.789,4680.891,4682.286,1843,57,0
2026-04-24 10:15:00+00:00,4682.178,4686.432,4680.23,4682.403,1889,57,0
2026-04-24 10:30:00+00:00,4682.407,4682.559,4674.66,4679.132,2114,57,0
2026-04-24 10:45:00+00:00,4678.92,4680.658,4676.686,4678.011,1458,57,0
2026-04-24 11:00:00+00:00,4677.955,4703.27,4677.915,4697.122,7911,57,0
2026-04-24 11:15:00+00:00,4697.325,4717.251,4692.636,4715.369,7608,57,0
2026-04-24 11:30:00+00:00,4715.275,4717.5,4705.291,4705.61,3917,57,0
2026-04-24 11:45:00+00:00,4705.55,4708.21,4702.911,4706.868,2381,57,0
2026-04-24 12:00:00+00:00,4707.213,4710.463,4703.479,4708.655,3244,57,0
2026-04-24 12:15:00+00:00,4708.743,4711.771,4701.654,4710.226,3977,57,0
2026-04-24 12:30:00+00:00,4710.167,4711.526,4698.75,4698.75,2828,57,0
2026-04-24 12:45:00+00:00,4699.08,4700.957,4690.316,4700.791,3342,57,0
2026-04-24 13:00:00+00:00,4700.799,4705.585,4696.155,4703.242,3909,57,0
2026-04-24 13:15:00+00:00,4703.097,4705.247,4693.495,4697.041,3426,57,0
2026-04-24 13:30:00+00:00,4696.967,4709.846,4689.585,4708.152,6202,57,0
2026-04-24 13:45:00+00:00,4708.225,4717.582,4704.936,4712.067,5221,57,0
2026-04-24 14:00:00+00:00,4711.711,4740.383,4706.94,4731.389,8937,57,0
2026-04-24 14:15:00+00:00,4731.309,4734.159,4721.712,4725.756,6098,57,0
2026-04-24 14:30:00+00:00,4725.812,4733.086,4723.725,4730.262,4401,57,0
2026-04-24 14:45:00+00:00,4730.463,4731.385,4724.256,4726.492,3410,57,0
2026-04-24 15:00:00+00:00,4726.555,4727.324,4718.953,4722.02,3321,57,0
2026-04-24 15:15:00+00:00,4721.809,4726.507,4718.636,4721.835,3091,57,0
2026-04-24 15:30:00+00:00,4721.901,4729.851,4714.605,4727.359,5042,57,0
2026-04-24 15:45:00+00:00,4727.473,4733.379,4723.965,4727.164,7853,57,0
2026-04-24 16:00:00+00:00,4727.11,4729.799,4720.224,4720.32,3696,57,0
2026-04-24 16:15:00+00:00,4720.631,4725.853,4719.148,4723.366,2648,57,0
2026-04-24 16:30:00+00:00,4723.429,4727.335,4719.164,4722.478,2902,57,0
2026-04-24 16:45:00+00:00,4722.586,4727.621,4720.692,4726.624,2287,57,0
2026-04-24 17:00:00+00:00,4726.68,4730.029,4725.887,4727.649,2801,57,0
2026-04-24 17:15:00+00:00,4727.744,4729.509,4722.546,4722.991,2491,57,0
2026-04-24 17:30:00+00:00,4722.931,4725.459,4719.018,4722.692,2724,57,0
2026-04-24 17:45:00+00:00,4722.634,4728.144,4720.574,4723.51,2146,57,0
2026-04-24 18:00:00+00:00,4723.564,4724.914,4720.124,4723.69,1701,57,0
2026-04-24 18:15:00+00:00,4723.878,4724.275,4717.02,4717.27,1878,57,0
2026-04-24 18:30:00+00:00,4717.048,4720.663,4716.919,4719.046,1473,57,0
2026-04-24 18:45:00+00:00,4718.894,4723.308,4717.693,4722.633,1654,57,0
2026-04-24 19:00:00+00:00,4722.691,4726.125,4721.041,4722.367,1704,57,0
2026-04-24 19:15:00+00:00,4722.433,4723.437,4717.5,4718.969,1592,57,0
2026-04-24 19:30:00+00:00,4718.94,4720.706,4715.999,4716.873,1617,57,0
2026-04-24 19:45:00+00:00,4716.81,4718.455,4713.725,4716.664,2055,57,0
2026-04-24 20:00:00+00:00,4716.552,4717.565,4705.486,4706.94,1732,57,0
2026-04-24 20:15:00+00:00,4706.87,4709.626,4705.386,4708.292,1288,57,0
2026-04-24 20:30:00+00:00,4708.143,4708.847,4705.396,4707.461,1151,57,0
2026-04-24 20:45:00+00:00,4707.417,4709.29,4706.585,4708.529,1342,57,0
2026-04-26 22:00:00+00:00,4696.208,4699.968,4680.257,4685.27,2630,97,0
2026-04-26 22:15:00+00:00,4685.392,4688.801,4683.3,4687.066,1518,57,0
2026-04-26 22:30:00+00:00,4686.88,4687.035,4682.441,4684.585,1291,57,0
2026-04-26 22:45:00+00:00,4684.763,4685.961,4681.82,4684.829,1081,57,0
2026-04-26 23:00:00+00:00,4684.733,4684.903,4677.715,4683.709,1482,57,0
2026-04-26 23:15:00+00:00,4683.497,4684.6,4677.494,4677.554,1124,57,0
2026-04-26 23:30:00+00:00,4677.548,4680.188,4674.961,4676.881,1394,57,0
2026-04-26 23:45:00+00:00,4677.087,4682.307,4676.822,4680.173,1320,57,0
2026-04-27 00:00:00+00:00,4680.236,4681.373,4672.138,4679.735,2836,57,0
2026-04-27 00:15:00+00:00,4680.003,4682.261,4677.862,4680.714,2194,57,0
2026-04-27 00:30:00+00:00,4680.757,4681.674,4676.757,4680.624,1651,57,0
2026-04-27 00:45:00+00:00,4680.505,4698.136,4680.505,4697.735,2442,57,0
2026-04-27 01:00:00+00:00,4697.986,4709.746,4692.153,4693.079,6384,57,0
2026-04-27 01:15:00+00:00,4693.009,4698.694,4690.826,4698.007,3823,57,0
2026-04-27 01:30:00+00:00,4698.17,4700.992,4695.916,4697.982,3182,57,0
2026-04-27 01:45:00+00:00,4697.864,4706.594,4697.638,4702.622,2547,57,0
2026-04-27 02:00:00+00:00,4702.692,4706.849,4696.26,4699.57,2802,57,0
2026-04-27 02:15:00+00:00,4699.735,4708.194,4698.947,4705.645,2099,57,0
2026-04-27 02:30:00+00:00,4705.558,4714.722,4704.411,4713.435,2928,57,0
2026-04-27 02:45:00+00:00,4713.559,4723.6,4712.226,4718.327,2678,57,0
2026-04-27 03:00:00+00:00,4718.353,4722.404,4716.507,4717.951,2554,57,0
2026-04-27 03:15:00+00:00,4717.842,4718.635,4714.639,4715.857,1728,57,0
2026-04-27 03:30:00+00:00,4715.918,4729.55,4715.53,4728.296,2151,57,0
2026-04-27 03:45:00+00:00,4728.237,4728.664,4722.492,4724.365,1747,57,0
2026-04-27 04:00:00+00:00,4724.027,4728.185,4723.706,4727.616,1406,57,0
2026-04-27 04:15:00+00:00,4727.443,4727.919,4725.11,4726.907,1230,57,0
2026-04-27 04:30:00+00:00,4727.169,4730.168,4725.364,4726.483,1542,57,0
2026-04-27 04:45:00+00:00,4726.379,4726.821,4722.824,4724.953,1349,57,0
2026-04-27 05:00:00+00:00,4724.915,4725.452,4718.365,4718.599,1560,57,0
2026-04-27 05:15:00+00:00,4718.581,4720.009,4716.286,4718.031,1529,57,0
2026-04-27 05:30:00+00:00,4718.276,4718.505,4709.198,4711.516,2730,57,0
2026-04-27 05:45:00+00:00,4711.68,4713.873,4708.697,4710.244,2005,57,0
2026-04-27 06:00:00+00:00,4710.049,4715.753,4709.404,4714.324,2616,57,0
2026-04-27 06:15:00+00:00,4714.659,4715.635,4711.409,4714.405,1864,57,0
2026-04-27 06:30:00+00:00,4714.348,4714.553,4709.238,4710.962,2141,57,0
2026-04-27 06:45:00+00:00,4710.9,4715.515,4710.011,4713.006,1698,57,0
2026-04-27 07:00:00+00:00,4712.84,4718.19,4710.918,4717.089,2289,57,0
2026-04-27 07:15:00+00:00,4717.064,4718.234,4712.415,4716.042,1966,57,0
2026-04-27 07:30:00+00:00,4716.204,4717.421,4713.677,4715.031,1979,57,0
2026-04-27 07:45:00+00:00,4715.058,4717.027,4710.195,4713.524,1786,57,0
2026-04-27 08:00:00+00:00,4713.587,4714.451,4710.105,4711.146,2272,57,0
2026-04-27 08:15:00+00:00,4711.246,4714.233,4709.67,4710.588,1775,57,0
2026-04-27 08:30:00+00:00,4710.649,4711.787,4705.478,4711.787,1757,57,0
2026-04-27 08:45:00+00:00,4711.769,4714.8,4705.71,4706.726,1721,57,0
2026-04-27 09:00:00+00:00,4707.011,4708.329,4702.583,4705.371,1759,57,0
2026-04-27 09:15:00+00:00,4705.458,4706.768,4701.394,4702.485,1537,57,0
2026-04-27 09:30:00+00:00,4702.347,4705.572,4699.223,4704.554,1754,57,0
2026-04-27 09:45:00+00:00,4704.698,4704.77,4699.72,4703.567,1423,57,0
2026-04-27 10:00:00+00:00,4703.628,4706.889,4701.605,4702.15,1270,57,0
2026-04-27 10:15:00+00:00,4702.145,4705.865,4699.556,4704.981,1220,57,0
2026-04-27 10:30:00+00:00,4705.038,4710.801,4704.586,4708.952,1418,57,0
2026-04-27 10:45:00+00:00,4709.009,4711.074,4707.152,4708.981,1421,57,0
2026-04-27 11:00:00+00:00,4709.037,4709.087,4704.13,4704.261,1538,57,0
2026-04-27 11:15:00+00:00,4704.266,4707.131,4700.201,4705.418,1812,57,0
2026-04-27 11:30:00+00:00,4705.359,4708.619,4700.103,4702.792,1737,57,0
2026-04-27 11:45:00+00:00,4702.944,4705.281,4701.052,4704.753,1370,57,0
2026-04-27 12:00:00+00:00,4705.057,4709.339,4702.572,4708.902,2134,57,0
2026-04-27 12:15:00+00:00,4708.924,4712.612,4701.805,4706.958,2867,57,0
2026-04-27 12:30:00+00:00,4706.936,4707.853,4697.152,4698.82,2762,57,0
2026-04-27 12:45:00+00:00,4698.954,4704.446,4696.955,4699.386,2664,57,0
2026-04-27 13:00:00+00:00,4699.446,4700.624,4693.223,4696.114,4214,57,0
2026-04-27 13:15:00+00:00,4696.078,4703.568,4695.747,4700.015,2406,57,0
2026-04-27 13:30:00+00:00,4699.938,4702.733,4689.091,4693.347,5110,57,0
2026-04-27 13:45:00+00:00,4693.514,4697.41,4689.421,4696.272,4363,57,0
2026-04-27 14:00:00+00:00,4696.058,4696.38,4687.777,4692.666,4869,57,0
2026-04-27 14:15:00+00:00,4692.446,4696.845,4686.229,4689.215,4005,57,0
2026-04-27 14:30:00+00:00,4689.145,4696.839,4683.619,4693.528,4870,57,0
2026-04-27 14:45:00+00:00,4693.613,4694.057,4676.466,4678.069,3778,57,0
2026-04-27 15:00:00+00:00,4678.301,4679.548,4667.117,4674.558,5411,57,0
2026-04-27 15:15:00+00:00,4674.427,4681.19,4671.872,4681.138,3948,57,0
2026-04-27 15:30:00+00:00,4681.254,4682.497,4677.023,4677.632,2798,57,0
2026-04-27 15:45:00+00:00,4677.69,4678.123,4668.02,4670.249,2893,57,0
2026-04-27 16:00:00+00:00,4670.12,4674.997,4667.372,4674.451,2665,57,0
2026-04-27 16:15:00+00:00,4674.39,4677.694,4673.756,4676.25,2135,57,0
2026-04-27 16:30:00+00:00,4676.32,4679.4,4674.541,4675.076,1851,57,0
2026-04-27 16:45:00+00:00,4674.987,4678.079,4674.734,4676.59,1687,57,0
2026-04-27 17:00:00+00:00,4676.646,4678.486,4671.678,4673.61,2256,57,0
2026-04-27 17:15:00+00:00,4673.673,4680.023,4668.166,4679.786,2948,57,0
2026-04-27 17:30:00+00:00,4679.862,4686.34,4679.339,4683.033,2365,57,0
2026-04-27 17:45:00+00:00,4683.072,4684.523,4680.948,4682.299,1784,57,0
2026-04-27 18:00:00+00:00,4682.357,4682.781,4678.897,4681.564,1603,57,0
2026-04-27 18:15:00+00:00,4681.505,4685.557,4680.697,4683.986,1544,57,0
2026-04-27 18:30:00+00:00,4684.097,4685.178,4682.459,4682.977,1325,57,0
2026-04-27 18:45:00+00:00,4682.921,4684.845,4680.708,4680.934,1461,57,0
2026-04-27 19:00:00+00:00,4680.8,4681.373,4678.711,4680.328,1354,57,0
2026-04-27 19:15:00+00:00,4680.436,4682.831,4679.876,4682.153,1239,57,0
2026-04-27 19:30:00+00:00,4682.234,4682.376,4676.647,4679.91,1499,57,0
2026-04-27 19:45:00+00:00,4679.996,4681.599,4678.399,4680.852,1832,57,0
2026-04-27 20:00:00+00:00,4680.9,4681.36,4677.411,4679.343,997,57,0
2026-04-27 20:15:00+00:00,4679.056,4680.75,4678.533,4679.806,797,57,0
2026-04-27 20:30:00+00:00,4679.954,4680.671,4678.852,4680.088,731,57,0
2026-04-27 20:45:00+00:00,4680.101,4680.624,4678.587,4680.151,685,57,0
2026-04-27 22:00:00+00:00,4684.363,4691.292,4682.284,4689.549,1523,57,0
2026-04-27 22:15:00+00:00,4689.269,4689.907,4686.923,4688.995,937,57,0
2026-04-27 22:30:00+00:00,4688.995,4689.886,4686.686,4687.452,894,57,0
2026-04-27 22:45:00+00:00,4687.294,4688.362,4686.358,4688.045,753,57,0
2026-04-27 23:00:00+00:00,4687.949,4690.182,4687.26,4689.898,854,57,0
2026-04-27 23:15:00+00:00,4689.731,4691.904,4689.484,4690.741,879,57,0
2026-04-27 23:30:00+00:00,4690.535,4694.548,4690.47,4694.248,1001,57,0
2026-04-27 23:45:00+00:00,4694.276,4695.194,4692.104,4692.153,904,57,0
2026-04-28 00:00:00+00:00,4692.215,4701.529,4691.934,4698.087,1807,57,0
2026-04-28 00:15:00+00:00,4698.028,4699.449,4692.307,4694.948,1797,57,0
2026-04-28 00:30:00+00:00,4695.009,4695.283,4691.688,4693.755,1731,57,0
2026-04-28 00:45:00+00:00,4693.749,4694.744,4690.513,4690.513,1409,57,0
2026-04-28 01:00:00+00:00,4690.664,4691.165,4684.627,4687.971,3230,57,0
2026-04-28 01:15:00+00:00,4687.794,4690.626,4685.67,4687.635,2048,57,0
2026-04-28 01:30:00+00:00,4687.708,4691.517,4683.871,4687.46,2331,57,0
2026-04-28 01:45:00+00:00,4687.462,4687.89,4669.428,4670.893,3237,57,0
2026-04-28 02:00:00+00:00,4670.951,4678.084,4666.549,4677.187,2846,57,0
2026-04-28 02:15:00+00:00,4677.192,4679.684,4674.717,4675.712,1789,57,0
2026-04-28 02:30:00+00:00,4675.729,4675.794,4670.623,4671.218,2465,57,0
2026-04-28 02:45:00+00:00,4671.159,4671.486,4666.577,4669.174,2195,57,0
2026-04-28 03:00:00+00:00,4669.272,4674.343,4668.583,4672.815,2066,57,0
2026-04-28 03:15:00+00:00,4672.84,4675.96,4671.352,4675.02,1742,57,0
2026-04-28 03:30:00+00:00,4675.082,4675.324,4671.689,4671.921,1457,57,0
2026-04-28 03:45:00+00:00,4672.2,4672.696,4669.469,4671.061,1201,57,0
2026-04-28 04:00:00+00:00,4671.004,4671.433,4666.91,4669.687,1430,57,0
2026-04-28 04:15:00+00:00,4669.89,4669.89,4666.651,4667.682,1145,57,0
2026-04-28 04:30:00+00:00,4667.575,4669.885,4666.81,4669.789,1222,57,0
2026-04-28 04:45:00+00:00,4669.722,4669.944,4667.253,4667.717,1111,57,0
2026-04-28 05:00:00+00:00,4667.52,4668.147,4648.616,4652.464,3486,57,0
2026-04-28 05:15:00+00:00,4652.683,4659.614,4651.332,4658.264,1876,57,0
2026-04-28 05:30:00+00:00,4658.427,4658.752,4624.353,4625.011,7887,57,0
2026-04-28 05:45:00+00:00,4625.066,4634.3,4623.966,4632.395,4196,57,0
2026-04-28 06:00:00+00:00,4632.051,4643.034,4625.837,4640.487,3981,57,0
2026-04-28 06:15:00+00:00,4640.599,4641.185,4623.334,4631.517,3122,57,0
2026-04-28 06:30:00+00:00,4631.419,4634.783,4625.439,4629.828,3207,57,0
2026-04-28 06:45:00+00:00,4629.891,4631.606,4623.352,4629.07,3020,57,0
2026-04-28 07:00:00+00:00,4629.109,4639.427,4627.453,4634.331,3220,57,0
2026-04-28 07:15:00+00:00,4634.341,4635.071,4627.296,4629.764,2745,57,0
2026-04-28 07:30:00+00:00,4629.895,4635.253,4626.076,4629.288,2992,57,0
2026-04-28 07:45:00+00:00,4629.543,4633.714,4620.541,4633.233,3189,57,0
2026-04-28 08:00:00+00:00,4633.05,4633.728,4614.718,4620.37,5153,57,0
2026-04-28 08:15:00+00:00,4620.277,4627.032,4619.233,4627.032,2938,57,0
2026-04-28 08:30:00+00:00,4627.147,4635.347,4626.637,4628.485,3075,57,0
2026-04-28 08:45:00+00:00,4628.396,4630.874,4625.204,4629.632,2095,57,0
2026-04-28 09:00:00+00:00,4629.78,4630.184,4621.784,4625.613,2417,57,0
2026-04-28 09:15:00+00:00,4625.527,4625.833,4612.959,4618.386,2984,57,0
2026-04-28 09:30:00+00:00,4618.237,4619.076,4608.242,4613.656,3365,57,0
2026-04-28 09:45:00+00:00,4613.614,4615.365,4604.733,4605.035,2806,57,0
2026-04-28 10:00:00+00:00,4604.909,4613.825,4604.614,4612.579,2246,57,0
2026-04-28 10:15:00+00:00,4612.599,4616.403,4610.745,4611.759,2036,57,0
2026-04-28 10:30:00+00:00,4611.42,4616.135,4611.106,4613.194,1826,57,0
2026-04-28 10:45:00+00:00,4613.464,4615.458,4603.322,4603.322,2399,57,0
2026-04-28 11:00:00+00:00,4603.256,4608.672,4597.772,4598.812,3805,57,0
2026-04-28 11:15:00+00:00,4598.76,4604.266,4594.02,4599.526,3494,57,0
2026-04-28 11:30:00+00:00,4599.514,4599.975,4567.923,4572.307,6147,57,0
2026-04-28 11:45:00+00:00,4572.251,4574.214,4555.411,4562.513,7249,57,0
2026-04-28 12:00:00+00:00,4562.625,4581.774,4554.925,4581.716,5719,57,0
2026-04-28 12:15:00+00:00,4581.668,4597.99,4573.791,4580.418,7281,57,0
2026-04-28 12:30:00+00:00,4580.427,4588.69,4570.856,4587.147,4856,57,0
2026-04-28 12:45:00+00:00,4586.909,4600.25,4584.251,4593.922,5280,57,0
2026-04-28 13:00:00+00:00,4593.581,4594.693,4571.254,4576.472,6060,57,0
2026-04-28 13:15:00+00:00,4576.372,4584.328,4572.187,4581.516,5845,57,0
2026-04-28 13:30:00+00:00,4581.463,4591.597,4570.786,4582.004,9631,57,0
2026-04-28 13:45:00+00:00,4581.952,4592.73,4574.918,4580.571,6576,57,0
2026-04-28 14:00:00+00:00,4580.263,4580.866,4565.118,4568.494,6772,57,0
2026-04-28 14:15:00+00:00,4568.286,4577.854,4564.064,4571.559,6976,57,0
2026-04-28 14:30:00+00:00,4571.584,4578.216,4557.255,4564.237,6749,57,0
2026-04-28 14:45:00+00:00,4564.294,4574.78,4557.331,4574.361,7887,57,0
2026-04-28 15:00:00+00:00,4574.417,4581.878,4570.372,4572.817,6161,57,0
2026-04-28 15:15:00+00:00,4572.878,4577.526,4567.078,4577.018,4799,57,0
2026-04-28 15:30:00+00:00,4577.065,4581.503,4571.117,4577.707,5082,57,0
2026-04-28 15:45:00+00:00,4577.651,4586.563,4576.559,4586.326,4100,57,0
2026-04-28 16:00:00+00:00,4586.263,4587.023,4582.391,4585.387,3547,57,0
2026-04-28 16:15:00+00:00,4585.271,4585.605,4578.078,4582.893,3190,57,0
2026-04-28 16:30:00+00:00,4582.975,4587.03,4580.67,4584.839,2641,57,0
2026-04-28 16:45:00+00:00,4584.894,4595.061,4583.866,4592.262,3678,57,0
2026-04-28 17:00:00+00:00,4592.47,4594.89,4588.704,4593.627,2730,57,0
2026-04-28 17:15:00+00:00,4593.582,4597.425,4587.141,4593.874,3310,57,0
2026-04-28 17:30:00+00:00,4593.934,4601.663,4593.884,4599.164,2771,57,0
2026-04-28 17:45:00+00:00,4599.253,4600.565,4594.214,4594.908,2141,57,0
2026-04-28 18:00:00+00:00,4594.895,4598.647,4592.28,4596.06,1884,57,0
2026-04-28 18:15:00+00:00,4596.073,4600.789,4596.073,4599.119,2490,57,0
2026-04-28 18:30:00+00:00,4599.198,4599.414,4593.523,4597.682,1727,57,0
2026-04-28 18:45:00+00:00,4597.672,4598.861,4593.299,4594.467,1608,57,0
2026-04-28 19:00:00+00:00,4594.559,4598.76,4593.866,4595.867,1752,57,0
2026-04-28 19:15:00+00:00,4595.864,4597.275,4593.91,4596.24,1684,57,0
2026-04-28 19:30:00+00:00,4596.185,4600.075,4594.876,4598.71,1663,57,0
2026-04-28 19:45:00+00:00,4598.473,4599.466,4593.536,4595.849,2161,57,0
2026-04-28 20:00:00+00:00,4595.759,4598.696,4594.961,4597.623,1319,57,0
2026-04-28 20:15:00+00:00,4597.639,4598.254,4591.174,4593.054,1213,57,0
2026-04-28 20:30:00+00:00,4592.865,4595.455,4592.539,4593.526,916,57,0
2026-04-28 20:45:00+00:00,4593.482,4596.691,4593.087,4596.609,765,57,0
2026-04-28 22:00:00+00:00,4598.516,4599.604,4594.535,4596.379,1032,57,0
2026-04-28 22:15:00+00:00,4596.374,4597.368,4595.192,4595.755,671,57,0
2026-04-28 22:30:00+00:00,4596.091,4597.249,4593.241,4593.636,653,57,0
2026-04-28 22:45:00+00:00,4593.858,4595.343,4592.656,4594.043,770,57,0
2026-04-28 23:00:00+00:00,4594.031,4594.538,4589.337,4590.876,923,57,0
2026-04-28 23:15:00+00:00,4591.097,4592.953,4590.301,4592.157,828,57,0
2026-04-28 23:30:00+00:00,4592.081,4593.636,4587.928,4589.87,1066,57,0
2026-04-28 23:45:00+00:00,4589.8,4596.261,4589.011,4595.881,1206,57,0
2026-04-29 00:00:00+00:00,4595.944,4610.32,4594.964,4607.621,3614,57,0
2026-04-29 00:15:00+00:00,4607.682,4607.865,4598.774,4600.278,2261,57,0
2026-04-29 00:30:00+00:00,4600.111,4604.962,4599.574,4603.627,1653,57,0
2026-04-29 00:45:00+00:00,4603.612,4604.122,4596.269,4600.16,2107,57,0
2026-04-29 01:00:00+00:00,4600.109,4600.54,4576.034,4582.584,7433,57,0
2026-04-29 01:15:00+00:00,4582.526,4586.54,4579.37,4580.507,3400,57,0
2026-04-29 01:30:00+00:00,4580.39,4591.483,4578.8,4590.296,4182,57,0
2026-04-29 01:45:00+00:00,4590.353,4591.572,4580.553,4584.702,3213,57,0
2026-04-29 02:00:00+00:00,4584.747,4602.712,4584.747,4601.14,3437,57,0
2026-04-29 02:15:00+00:00,4600.932,4604.21,4598.302,4599.433,2415,57,0
2026-04-29 02:30:00+00:00,4599.354,4601.926,4595.852,4596.814,2323,57,0
2026-04-29 02:45:00+00:00,4597.11,4601.297,4592.247,4593.671,2570,57,0
2026-04-29 03:00:00+00:00,4593.713,4603.112,4592.824,4601.878,2388,57,0
2026-04-29 03:15:00+00:00,4601.801,4603.437,4597.256,4598.784,1920,57,0
2026-04-29 03:30:00+00:00,4598.727,4598.838,4592.448,4594.005,1253,57,0
2026-04-29 03:45:00+00:00,4593.874,4596.504,4592.195,4595.442,1440,57,0
2026-04-29 04:00:00+00:00,4595.507,4603.575,4595.242,4600.738,1381,57,0
2026-04-29 04:15:00+00:00,4601.051,4602.13,4597.428,4601.886,1401,57,0
2026-04-29 04:30:00+00:00,4601.761,4605.756,4601.599,4602.178,1524,57,0
2026-04-29 04:45:00+00:00,4602.08,4605.823,4602.08,4604.752,1196,57,0
2026-04-29 05:00:00+00:00,4604.865,4607.913,4600.459,4601.271,1708,57,0
2026-04-29 05:15:00+00:00,4601.18,4602.769,4598.764,4600.906,1362,57,0
2026-04-29 05:30:00+00:00,4600.898,4601.612,4594.144,4598.969,2295,57,0
2026-04-29 05:45:00+00:00,4599.031,4603.369,4590.725,4591.234,2409,57,0
2026-04-29 06:00:00+00:00,4591.131,4598.688,4587.045,4588.625,3321,57,0
2026-04-29 06:15:00+00:00,4588.762,4589.455,4581.495,4585.191,2605,57,0
2026-04-29 06:30:00+00:00,4585.154,4587.501,4580.734,4585.091,2322,57,0
2026-04-29 06:45:00+00:00,4585.052,4586.906,4581.357,4584.473,2108,57,0
2026-04-29 07:00:00+00:00,4584.391,4588.766,4576.802,4578.843,2862,57,0
2026-04-29 07:15:00+00:00,4578.8,4581.457,4569.635,4575.227,2990,57,0
2026-04-29 07:30:00+00:00,4575.271,4578.779,4569.002,4570.327,3204,57,0
2026-04-29 07:45:00+00:00,4570.675,4572.465,4567.243,4568.069,2874,57,0
2026-04-29 08:00:00+00:00,4568.161,4573.442,4564.451,4565.509,3966,57,0
2026-04-29 08:15:00+00:00,4565.451,4571.443,4565.451,4566.357,2738,57,0
2026-04-29 08:30:00+00:00,4566.178,4568.885,4557.351,4568.238,3310,57,0
2026-04-29 08:45:00+00:00,4568.182,4576.66,4568.182,4573.371,2402,57,0
2026-04-29 09:00:00+00:00,4573.431,4575.702,4570.688,4573.723,1971,57,0
2026-04-29 09:15:00+00:00,4573.793,4580.85,4565.832,4565.962,2485,57,0
2026-04-29 09:30:00+00:00,4565.901,4569.659,4558.894,4559.199,3217,57,0
2026-04-29 09:45:00+00:00,4559.254,4562.235,4551.59,4555.647,3782,57,0
2026-04-29 10:00:00+00:00,4555.688,4568.194,4554.93,4568.194,2245,57,0
2026-04-29 10:15:00+00:00,4567.83,4573.424,4567.83,4571.651,2277,57,0
2026-04-29 10:30:00+00:00,4571.712,4576.641,4566.284,4566.676,2138,57,0
2026-04-29 10:45:00+00:00,4566.567,4570.797,4564.187,4569.88,2068,57,0
2026-04-29 11:00:00+00:00,4569.916,4572.045,4565.493,4567.948,2745,57,0
2026-04-29 11:15:00+00:00,4568.009,4570.339,4564.281,4564.9,2148,57,0
2026-04-29 11:30:00+00:00,4564.816,4571.977,4563.663,4567.147,2255,57,0
2026-04-29 11:45:00+00:00,4566.951,4566.951,4559.411,4561.688,2250,57,0
2026-04-29 12:00:00+00:00,4561.565,4568.387,4560.707,4564.757,2193,57,0
2026-04-29 12:15:00+00:00,4564.839,4568.985,4559.474,4559.549,2837,57,0
2026-04-29 12:30:00+00:00,4559.517,4559.691,4551.087,4557.609,3438,57,0
2026-04-29 12:45:00+00:00,4557.834,4560.1,4541.578,4545.074,3870,57,0
2026-04-29 13:00:00+00:00,4545.129,4553.478,4545.129,4549.766,4546,57,0
2026-04-29 13:15:00+00:00,4549.754,4551.654,4534.521,4537.658,5229,57,0
2026-04-29 13:30:00+00:00,4537.719,4539.661,4513.49,4514.944,8055,57,0
2026-04-29 13:45:00+00:00,4514.949,4530.025,4510.165,4521.971,6212,57,0
2026-04-29 14:00:00+00:00,4522.025,4528.304,4517.816,4526.044,6646,57,0
2026-04-29 14:15:00+00:00,4525.926,4537.892,4524.385,4533.431,5624,57,0
2026-04-29 14:30:00+00:00,4533.485,4542.877,4530.992,4538.966,4288,57,0
2026-04-29 14:45:00+00:00,4539.024,4540.666,4532.077,4539.241,3945,57,0
2026-04-29 15:00:00+00:00,4539.184,4547.007,4536.346,4537.965,4784,57,0
2026-04-29 15:15:00+00:00,4537.992,4546.637,4536.415,4543.538,4283,57,0
2026-04-29 15:30:00+00:00,4543.472,4556.436,4540.288,4553.257,5034,57,0
2026-04-29 15:45:00+00:00,4553.312,4558.782,4542.132,4547.912,7160,57,0
2026-04-29 16:00:00+00:00,4547.97,4565.144,4546.954,4558.989,4302,57,0
2026-04-29 16:15:00+00:00,4559.05,4564.382,4557.243,4560.43,3297,57,0
2026-04-29 16:30:00+00:00,4560.373,4560.373,4545.81,4550.253,4223,57,0
2026-04-29 16:45:00+00:00,4550.59,4551.588,4543.33,4545.4,2811,57,0
2026-04-29 17:00:00+00:00,4545.673,4552.359,4542.75,4550.548,2923,57,0
2026-04-29 17:15:00+00:00,4550.597,4554.533,4546.052,4547.397,4009,57,0
2026-04-29 17:30:00+00:00,4547.445,4548.655,4542.783,4544.958,2873,57,0
2026-04-29 17:45:00+00:00,4544.903,4547.53,4541.564,4547.481,3050,57,0
2026-04-29 18:00:00+00:00,4547.371,4552.786,4525.418,4525.758,7466,57,0
2026-04-29 18:15:00+00:00,4525.679,4539.797,4525.109,4532.803,5937,57,0
2026-04-29 18:30:00+00:00,4532.869,4540.783,4520.523,4520.647,10907,57,0
2026-04-29 18:45:00+00:00,4520.703,4541.206,4518.032,4537.95,7289,57,0
2026-04-29 19:00:00+00:00,4538.028,4548.883,4533.212,4547.645,5520,57,0
2026-04-29 19:15:00+00:00,4547.575,4550.631,4541.267,4543.057,4085,57,0
2026-04-29 19:30:00+00:00,4542.997,4544.965,4537.776,4539.658,3433,57,0
2026-04-29 19:45:00+00:00,4539.572,4549.994,4539.347,4547.08,3184,57,0
2026-04-29 20:00:00+00:00,4546.983,4553.513,4542.749,4546.849,5694,57,0
2026-04-29 20:15:00+00:00,4546.772,4548.178,4541.511,4543.449,3579,57,0
2026-04-29 20:30:00+00:00,4543.339,4546.886,4542.464,4544.046,2026,57,0
2026-04-29 20:45:00+00:00,4543.972,4544.922,4541.427,4543.785,1689,57,0
2026-04-29 22:00:00+00:00,4542.962,4548.718,4539.403,4546.163,1268,57,0
2026-04-29 22:15:00+00:00,4546.259,4550.935,4546.259,4549.328,1331,57,0
2026-04-29 22:30:00+00:00,4549.284,4552.175,4547.366,4548.294,1160,57,0
2026-04-29 22:45:00+00:00,4548.467,4552.786,4547.883,4552.267,1134,57,0
2026-04-29 23:00:00+00:00,4552.147,4554.195,4550.463,4553.308,1097,57,0
2026-04-29 23:15:00+00:00,4553.252,4555.323,4549.524,4551.585,1149,57,0
2026-04-29 23:30:00+00:00,4551.695,4555.046,4551.352,4554.385,1015,57,0
2026-04-29 23:45:00+00:00,4554.386,4562.205,4554.241,4561.786,1455,57,0
2026-04-30 00:00:00+00:00,4561.74,4568.675,4557.973,4558.398,4235,57,0
2026-04-30 00:15:00+00:00,4558.222,4564.507,4556.397,4563.442,3909,57,0
2026-04-30 00:30:00+00:00,4563.511,4567.08,4562.194,4566.861,2255,57,0
2026-04-30 00:45:00+00:00,4566.916,4574.226,4566.547,4569.782,2559,57,0
2026-04-30 01:00:00+00:00,4569.724,4571.261,4564.596,4568.679,3812,57,0
2026-04-30 01:15:00+00:00,4568.712,4580.962,4565.844,4579.695,2965,57,0
2026-04-30 01:30:00+00:00,4579.752,4581.452,4571.033,4576.395,3936,57,0
2026-04-30 01:45:00+00:00,4576.277,4582.48,4574.131,4579.288,2914,57,0
2026-04-30 02:00:00+00:00,4579.296,4582.006,4574.87,4579.661,2370,57,0
2026-04-30 02:15:00+00:00,4579.676,4580.921,4571.822,4573.256,2046,57,0
2026-04-30 02:30:00+00:00,4573.194,4574.191,4560.183,4562.426,5133,57,0
2026-04-30 02:45:00+00:00,4562.427,4565.252,4559.726,4564.805,2589,57,0
2026-04-30 03:00:00+00:00,4564.703,4569.146,4562.663,4565.065,2427,57,0
2026-04-30 03:15:00+00:00,4565.182,4567.031,4562.736,4563.157,1814,57,0
2026-04-30 03:30:00+00:00,4563.501,4563.959,4557.717,4561.628,2205,57,0
2026-04-30 03:45:00+00:00,4561.537,4561.704,4555.888,4556.212,1801,57,0
2026-04-30 04:00:00+00:00,4556.12,4556.674,4550.964,4555.386,2313,57,0
2026-04-30 04:15:00+00:00,4555.381,4557.178,4545.767,4547.396,2243,57,0
2026-04-30 04:30:00+00:00,4547.341,4547.871,4540.973,4544.551,2680,57,0
2026-04-30 04:45:00+00:00,4544.659,4549.421,4542.009,4542.291,2165,57,0
2026-04-30 05:00:00+00:00,4542.225,4553.631,4542.121,4553.188,2730,57,0
2026-04-30 05:15:00+00:00,4553.243,4559.096,4551.806,4555.608,2038,57,0
2026-04-30 05:30:00+00:00,4555.668,4566.79,4554.022,4564.095,2839,57,0
2026-04-30 05:45:00+00:00,4563.867,4569.844,4562.39,4562.825,2245,57,0
2026-04-30 06:00:00+00:00,4562.882,4567.727,4560.371,4566.263,4196,57,0
2026-04-30 06:15:00+00:00,4566.361,4571.112,4563.607,4569.501,2783,57,0
2026-04-30 06:30:00+00:00,4569.445,4578.513,4569.44,4575.012,3149,57,0
2026-04-30 06:45:00+00:00,4575.081,4591.687,4574.578,4589.387,2613,57,0
2026-04-30 07:00:00+00:00,4589.567,4595.885,4586.4,4591.778,3350,57,0
2026-04-30 07:15:00+00:00,4591.636,4593.85,4584.903,4591.428,2408,57,0
2026-04-30 07:30:00+00:00,4591.362,4598.112,4587.99,4596.728,2244,57,0
2026-04-30 07:45:00+00:00,4596.635,4605.487,4593.415,4598.331,2389,57,0
2026-04-30 08:00:00+00:00,4598.39,4629.851,4597.318,4618.735,7160,57,0
2026-04-30 08:15:00+00:00,4618.673,4620.79,4612.147,4617.495,3778,57,0
2026-04-30 08:30:00+00:00,4617.586,4620.98,4613.652,4615.254,3626,57,0
2026-04-30 08:45:00+00:00,4615.319,4619.287,4614.118,4616.433,2650,57,0
2026-04-30 09:00:00+00:00,4616.595,4620.172,4614.365,4618.677,3125,57,0
2026-04-30 09:15:00+00:00,4618.759,4626.685,4615.484,4625.543,3433,57,0
2026-04-30 09:30:00+00:00,4625.483,4631.8,4618.445,4619.528,5152,57,0
2026-04-30 09:45:00+00:00,4619.584,4627.101,4618.121,4625.081,2505,57,0
2026-04-30 10:00:00+00:00,4625.149,4629.494,4623.599,4626.705,2679,57,0
2026-04-30 10:15:00+00:00,4626.765,4644.347,4626.084,4643.836,3447,57,0
2026-04-30 10:30:00+00:00,4643.892,4647.126,4634.229,4636.907,5282,57,0
2026-04-30 10:45:00+00:00,4636.965,4640.044,4634.0,4639.745,3258,57,0
2026-04-30 11:00:00+00:00,4639.751,4645.961,4636.033,4636.248,4053,57,0
2026-04-30 11:15:00+00:00,4636.309,4643.749,4630.646,4637.537,4926,57,0
2026-04-30 11:30:00+00:00,4637.628,4637.641,4626.822,4629.677,4491,57,0
2026-04-30 11:45:00+00:00,4629.546,4635.416,4628.077,4630.056,2858,57,0
2026-04-30 12:00:00+00:00,4630.12,4637.628,4629.454,4635.616,2547,57,0
2026-04-30 12:15:00+00:00,4635.845,4637.46,4628.52,4629.884,3738,57,0
2026-04-30 12:30:00+00:00,4629.622,4636.207,4625.095,4625.844,4089,57,0
2026-04-30 12:45:00+00:00,4625.625,4639.977,4624.735,4639.617,3760,57,0
2026-04-30 13:00:00+00:00,4639.693,4644.341,4634.622,4640.901,5064,57,0
2026-04-30 13:15:00+00:00,4640.963,4646.24,4632.891,4633.761,4316,57,0
2026-04-30 13:30:00+00:00,4633.629,4634.653,4620.426,4625.383,7435,57,0
2026-04-30 13:45:00+00:00,4625.449,4625.523,4610.512,4610.625,7333,57,0
2026-04-30 14:00:00+00:00,4610.982,4625.763,4609.218,4620.401,9608,57,0
2026-04-30 14:15:00+00:00,4620.254,4626.133,4616.341,4622.923,9796,57,0
2026-04-30 14:30:00+00:00,4622.808,4622.808,4610.736,4617.938,9535,57,0
2026-04-30 14:45:00+00:00,4618.012,4623.961,4617.229,4619.864,5678,57,0
2026-04-30 15:00:00+00:00,4619.779,4624.102,4614.986,4619.899,5366,57,0
2026-04-30 15:15:00+00:00,4619.842,4624.61,4615.719,4623.218,4427,57,0
2026-04-30 15:30:00+00:00,4622.989,4625.577,4613.355,4615.467,3907,57,0
2026-04-30 15:45:00+00:00,4615.425,4617.231,4611.325,4615.482,2777,57,0
2026-04-30 16:00:00+00:00,4615.492,4617.55,4609.894,4611.86,2560,57,0
2026-04-30 16:15:00+00:00,4611.917,4612.03,4605.702,4607.954,2766,57,0
2026-04-30 16:30:00+00:00,4608.214,4613.856,4607.106,4609.334,2465,57,0
2026-04-30 16:45:00+00:00,4608.994,4617.771,4605.299,4607.701,3520,57,0
2026-04-30 17:00:00+00:00,4607.446,4619.996,4607.446,4615.804,3369,57,0
2026-04-30 17:15:00+00:00,4616.005,4620.898,4613.052,4617.682,2878,57,0
2026-04-30 17:30:00+00:00,4617.59,4621.895,4615.007,4617.967,3224,57,0
2026-04-30 17:45:00+00:00,4618.075,4620.017,4615.215,4616.742,1760,57,0
2026-04-30 18:00:00+00:00,4616.895,4624.7,4616.874,4620.525,2486,57,0
2026-04-30 18:15:00+00:00,4620.731,4625.3,4620.059,4620.732,1985,57,0
2026-04-30 18:30:00+00:00,4620.88,4623.446,4619.1,4620.812,1910,57,0
2026-04-30 18:45:00+00:00,4620.812,4625.025,4620.165,4622.586,1719,57,0
2026-04-30 19:00:00+00:00,4622.475,4627.607,4622.117,4624.267,2168,57,0
2026-04-30 19:15:00+00:00,4624.245,4625.396,4616.869,4617.966,1870,57,0
2026-04-30 19:30:00+00:00,4618.031,4623.123,4615.194,4622.475,1701,57,0
2026-04-30 19:45:00+00:00,4622.538,4623.418,4614.519,4617.13,2537,57,0
2026-04-30 20:00:00+00:00,4617.189,4620.334,4615.915,4616.452,2336,57,0
2026-04-30 20:15:00+00:00,4616.468,4619.505,4615.79,4616.651,1138,57,0
2026-04-30 20:30:00+00:00,4616.744,4618.551,4615.64,4617.56,1180,57,0
2026-04-30 20:45:00+00:00,4617.429,4622.161,4616.971,4620.778,890,57,0
2026-04-30 22:00:00+00:00,4627.957,4632.845,4625.402,4631.487,951,57,0
2026-04-30 22:15:00+00:00,4631.312,4631.505,4628.922,4631.096,987,57,0
2026-04-30 22:30:00+00:00,4631.274,4632.166,4627.145,4632.166,1211,57,0
2026-04-30 22:45:00+00:00,4632.155,4632.167,4628.641,4630.537,1199,57,0
2026-04-30 23:00:00+00:00,4630.604,4631.631,4628.225,4630.002,1051,57,0
2026-04-30 23:15:00+00:00,4630.102,4632.204,4629.35,4630.961,883,57,0
2026-04-30 23:30:00+00:00,4630.914,4634.124,4630.578,4631.485,1007,57,0
2026-04-30 23:45:00+00:00,4631.408,4633.097,4626.459,4626.459,1319,57,0
2026-05-01 00:00:00+00:00,4626.603,4631.012,4620.668,4622.491,2916,57,0
2026-05-01 00:15:00+00:00,4622.441,4628.552,4621.073,4623.967,2387,57,0
2026-05-01 00:30:00+00:00,4624.023,4625.025,4618.648,4620.918,2148,57,0
2026-05-01 00:45:00+00:00,4620.671,4625.025,4619.63,4619.791,1913,57,0
2026-05-01 01:00:00+00:00,4619.9,4621.008,4615.58,4618.303,2374,57,0
2026-05-01 01:15:00+00:00,4618.245,4618.89,4613.846,4616.13,1665,57,0
2026-05-01 01:30:00+00:00,4616.232,4621.987,4616.012,4620.211,1778,57,0
2026-05-01 01:45:00+00:00,4620.148,4622.142,4618.634,4621.094,1519,57,0
2026-05-01 02:00:00+00:00,4621.01,4634.704,4619.932,4631.132,1931,57,0
2026-05-01 02:15:00+00:00,4631.088,4636.042,4628.601,4629.648,1898,57,0
2026-05-01 02:30:00+00:00,4629.484,4631.09,4623.934,4624.49,1729,57,0
2026-05-01 02:45:00+00:00,4624.425,4624.682,4616.48,4619.269,2136,57,0
2026-05-01 03:00:00+00:00,4619.212,4621.247,4617.699,4620.739,1554,57,0
2026-05-01 03:15:00+00:00,4620.569,4626.822,4620.532,4626.297,1316,57,0
2026-05-01 03:30:00+00:00,4626.374,4631.94,4625.56,4626.406,2070,57,0
2026-05-01 03:45:00+00:00,4626.191,4628.139,4625.685,4626.876,1472,57,0
2026-05-01 04:00:00+00:00,4626.943,4628.989,4619.825,4621.955,2165,57,0
2026-05-01 04:15:00+00:00,4621.953,4623.547,4617.44,4617.851,1438,57,0
2026-05-01 04:30:00+00:00,4617.857,4618.385,4612.223,4613.673,2084,57,0
2026-05-01 04:45:00+00:00,4613.638,4614.672,4609.199,4609.342,1428,57,0
2026-05-01 05:00:00+00:00,4609.194,4614.732,4607.517,4614.197,1706,57,0
2026-05-01 05:15:00+00:00,4614.451,4616.191,4611.566,4614.629,1281,57,0
2026-05-01 05:30:00+00:00,4614.579,4615.513,4609.429,4610.067,1829,57,0
2026-05-01 05:45:00+00:00,4609.992,4613.588,4603.086,4605.121,1868,57,0
2026-05-01 06:00:00+00:00,4605.124,4607.914,4601.103,4601.719,2576,57,0
2026-05-01 06:15:00+00:00,4601.658,4602.099,4593.45,4593.45,2093,57,0
2026-05-01 06:30:00+00:00,4593.774,4597.697,4590.849,4593.417,1956,57,0
2026-05-01 06:45:00+00:00,4593.441,4596.042,4591.202,4594.659,2610,57,0
2026-05-01 07:00:00+00:00,4594.602,4596.651,4589.648,4596.158,2474,57,0
2026-05-01 07:15:00+00:00,4596.112,4598.096,4585.228,4592.272,2409,57,0
2026-05-01 07:30:00+00:00,4592.567,4592.644,4583.807,4585.576,2127,57,0
2026-05-01 07:45:00+00:00,4585.273,4586.2,4576.056,4578.121,2374,57,0
2026-05-01 08:00:00+00:00,4578.457,4582.703,4573.227,4574.149,2485,57,0
2026-05-01 08:15:00+00:00,4574.084,4577.096,4566.421,4567.501,2318,57,0
2026-05-01 08:30:00+00:00,4567.468,4572.194,4566.04,4571.131,2165,57,0
2026-05-01 08:45:00+00:00,4570.921,4572.832,4565.116,4569.164,1868,57,0
2026-05-01 09:00:00+00:00,4569.203,4569.203,4564.285,4565.694,1916,57,0
2026-05-01 09:15:00+00:00,4565.764,4571.383,4564.641,4569.305,1862,57,0
2026-05-01 09:30:00+00:00,4569.396,4572.938,4567.742,4570.554,1628,57,0
2026-05-01 09:45:00+00:00,4570.508,4570.875,4559.877,4562.776,2182,57,0
2026-05-01 10:00:00+00:00,4562.628,4568.026,4561.43,4566.573,1529,57,0
2026-05-01 10:15:00+00:00,4566.657,4572.796,4566.587,4572.067,1328,57,0
2026-05-01 10:30:00+00:00,4572.064,4576.116,4567.501,4570.583,1646,57,0
2026-05-01 10:45:00+00:00,4570.527,4572.252,4566.136,4566.833,1467,57,0
2026-05-01 11:00:00+00:00,4566.89,4569.097,4562.666,4565.744,1968,57,0
2026-05-01 11:15:00+00:00,4565.805,4576.62,4564.604,4572.028,1970,57,0
2026-05-01 11:30:00+00:00,4571.686,4577.885,4570.407,4575.613,1820,57,0
2026-05-01 11:45:00+00:00,4575.563,4579.703,4572.761,4578.878,1830,57,0
2026-05-01 12:00:00+00:00,4578.799,4590.554,4574.936,4584.766,3361,57,0
2026-05-01 12:15:00+00:00,4584.819,4607.956,4582.807,4603.088,5227,57,0
2026-05-01 12:30:00+00:00,4603.151,4603.446,4589.115,4592.001,3460,57,0
2026-05-01 12:45:00+00:00,4591.816,4595.341,4589.553,4591.183,2774,57,0
2026-05-01 13:00:00+00:00,4591.026,4597.261,4589.704,4591.526,2786,57,0
2026-05-01 13:15:00+00:00,4591.47,4593.347,4586.613,4589.309,2559,57,0
2026-05-01 13:30:00+00:00,4589.262,4609.13,4586.626,4607.874,6128,57,0
2026-05-01 13:45:00+00:00,4608.011,4629.06,4598.825,4625.584,6785,57,0
2026-05-01 14:00:00+00:00,4625.194,4660.081,4625.194,4656.144,8235,57,0
2026-05-01 14:15:00+00:00,4656.29,4660.368,4643.829,4644.781,7360,57,0
2026-05-01 14:30:00+00:00,4644.852,4646.52,4630.411,4633.419,6938,57,0
2026-05-01 14:45:00+00:00,4633.478,4635.433,4627.333,4632.123,5140,57,0
2026-05-01 15:00:00+00:00,4632.201,4636.81,4619.14,4636.748,5738,57,0
2026-05-01 15:15:00+00:00,4636.69,4640.673,4634.047,4636.409,3775,57,0
2026-05-01 15:30:00+00:00,4636.465,4644.831,4635.308,4643.799,3763,57,0
2026-05-01 15:45:00+00:00,4643.588,4648.264,4632.943,4643.432,4917,57,0
2026-05-01 16:00:00+00:00,4643.082,4645.624,4638.053,4642.718,2902,57,0
2026-05-01 16:15:00+00:00,4642.656,4650.079,4637.794,4638.094,5107,57,0
2026-05-01 16:30:00+00:00,4638.157,4641.563,4634.024,4638.852,3547,57,0
2026-05-01 16:45:00+00:00,4638.783,4643.084,4636.675,4639.145,2451,57,0
2026-05-01 17:00:00+00:00,4639.082,4642.769,4637.676,4639.889,2290,57,0
2026-05-01 17:15:00+00:00,4639.973,4640.241,4631.099,4631.957,2621,57,0
2026-05-01 17:30:00+00:00,4631.896,4632.422,4626.755,4628.329,2273,57,0
2026-05-01 17:45:00+00:00,4628.385,4635.076,4627.297,4629.726,2455,57,0
2026-05-01 18:00:00+00:00,4629.804,4630.712,4615.762,4616.011,2485,57,0
2026-05-01 18:15:00+00:00,4615.937,4623.68,4613.877,4623.226,2446,57,0
2026-05-01 18:30:00+00:00,4623.518,4624.659,4616.375,4622.209,2721,57,0
2026-05-01 18:45:00+00:00,4622.175,4626.061,4620.07,4624.493,1785,57,0
2026-05-01 19:00:00+00:00,4624.295,4626.671,4620.676,4626.333,1746,57,0
2026-05-01 19:15:00+00:00,4626.526,4627.885,4624.364,4624.403,1463,57,0
2026-05-01 19:30:00+00:00,4624.546,4624.819,4611.451,4611.966,2391,57,0
2026-05-01 19:45:00+00:00,4611.98,4615.489,4608.931,4610.695,2513,57,0
2026-05-01 20:00:00+00:00,4610.767,4612.914,4607.144,4611.38,1766,57,0
2026-05-01 20:15:00+00:00,4611.168,4616.192,4609.77,4613.558,1463,57,0
2026-05-01 20:30:00+00:00,4613.615,4615.233,4610.219,4613.917,1398,57,0
2026-05-01 20:45:00+00:00,4613.736,4617.206,4612.416,4613.705,1289,57,0
2026-05-03 22:00:00+00:00,4626.147,4627.426,4619.38,4623.067,1434,60,0
2026-05-03 22:15:00+00:00,4623.19,4623.19,4612.597,4620.724,1818,60,0
2026-05-03 22:30:00+00:00,4620.841,4629.515,4619.841,4628.328,1184,60,0
2026-05-03 22:45:00+00:00,4628.328,4629.087,4618.268,4619.079,1458,60,0
2026-05-03 23:00:00+00:00,4619.066,4620.847,4611.223,4614.988,1764,60,0
2026-05-03 23:15:00+00:00,4615.08,4617.567,4613.253,4617.015,1198,60,0
2026-05-03 23:30:00+00:00,4617.295,4618.608,4612.811,4613.591,1369,60,0
2026-05-03 23:45:00+00:00,4613.599,4617.188,4611.523,4613.822,1518,60,0
2026-05-04 00:00:00+00:00,4614.047,4616.469,4604.589,4612.082,3863,60,0
2026-05-04 00:15:00+00:00,4612.413,4614.76,4601.811,4606.087,3491,60,0
2026-05-04 00:30:00+00:00,4605.947,4610.178,4604.97,4605.943,2163,60,0
2026-05-04 00:45:00+00:00,4606.071,4613.685,4604.94,4613.26,2214,60,0
2026-05-04 01:00:00+00:00,4613.139,4614.229,4595.796,4600.523,3839,60,0
2026-05-04 01:15:00+00:00,4600.581,4604.682,4594.403,4594.82,2783,60,0
2026-05-04 01:30:00+00:00,4594.756,4601.756,4592.611,4601.586,2121,60,0
2026-05-04 01:45:00+00:00,4601.511,4613.688,4600.893,4613.006,1907,60,0
2026-05-04 02:00:00+00:00,4612.949,4618.72,4603.691,4608.556,2766,60,0
2026-05-04 02:15:00+00:00,4608.264,4608.264,4591.565,4593.321,2996,60,0
2026-05-04 02:30:00+00:00,4593.254,4604.271,4591.196,4603.876,2244,60,0
2026-05-04 02:45:00+00:00,4604.208,4611.078,4601.205,4605.904,2334,60,0
2026-05-04 03:00:00+00:00,4606.031,4611.912,4604.358,4609.933,2120,60,0
2026-05-04 03:15:00+00:00,4609.954,4611.186,4608.159,4609.563,1673,60,0
2026-05-04 03:30:00+00:00,4609.506,4611.415,4598.532,4604.877,2206,60,0
2026-05-04 03:45:00+00:00,4605.126,4617.337,4605.074,4615.172,4244,60,0
2026-05-04 04:00:00+00:00,4615.136,4615.61,4607.888,4611.415,2328,60,0
2026-05-04 04:15:00+00:00,4611.424,4613.331,4607.16,4608.222,1771,60,0
2026-05-04 04:30:00+00:00,4608.218,4613.057,4607.22,4609.463,1831,60,0
2026-05-04 04:45:00+00:00,4609.424,4610.605,4605.389,4606.19,1430,60,0
2026-05-04 05:00:00+00:00,4606.227,4607.024,4601.924,4603.815,2188,60,0
2026-05-04 05:15:00+00:00,4603.864,4613.187,4595.624,4596.661,4120,60,0
2026-05-04 05:30:00+00:00,4596.733,4599.17,4592.45,4598.86,3100,60,0
2026-05-04 05:45:00+00:00,4598.842,4601.989,4594.331,4599.126,2651,60,0
2026-05-04 06:00:00+00:00,4599.042,4600.76,4587.916,4597.408,3850,60,0
2026-05-04 06:15:00+00:00,4597.59,4597.931,4588.929,4593.785,2530,60,0
2026-05-04 06:30:00+00:00,4593.797,4595.575,4584.43,4585.679,3132,60,0
2026-05-04 06:45:00+00:00,4585.474,4592.503,4583.558,4588.802,2415,60,0
2026-05-04 07:00:00+00:00,4588.759,4593.446,4585.601,4592.148,2907,60,0
2026-05-04 07:15:00+00:00,4591.986,4592.739,4583.338,4586.152,2211,60,0
2026-05-04 07:30:00+00:00,4586.207,4588.206,4582.778,4587.903,2479,60,0
2026-05-04 07:45:00+00:00,4587.987,4590.775,4578.024,4579.173,2171,60,0
2026-05-04 08:00:00+00:00,4579.191,4581.221,4574.384,4579.984,3088,60,0
2026-05-04 08:15:00+00:00,4580.083,4581.379,4574.127,4575.181,2615,60,0
2026-05-04 08:30:00+00:00,4575.18,4581.362,4573.805,4578.186,2044,60,0
2026-05-04 08:45:00+00:00,4578.239,4579.761,4575.778,4577.161,1959,60,0
2026-05-04 09:00:00+00:00,4577.036,4584.262,4576.367,4583.909,1941,60,0
2026-05-04 09:15:00+00:00,4583.853,4584.609,4580.284,4581.26,1627,60,0
2026-05-04 09:30:00+00:00,4581.367,4584.628,4580.514,4581.478,1403,60,0
2026-05-04 09:45:00+00:00,4581.498,4582.423,4572.208,4575.603,1797,60,0
2026-05-04 10:00:00+00:00,4575.592,4576.026,4537.596,4542.199,11752,60,0
2026-05-04 10:15:00+00:00,4541.92,4545.234,4525.932,4544.894,7865,60,0
2026-05-04 10:30:00+00:00,4544.953,4564.111,4542.997,4558.566,7411,60,0
2026-05-04 10:45:00+00:00,4558.749,4566.883,4558.337,4562.542,3087,60,0
2026-05-04 11:00:00+00:00,4562.732,4571.003,4561.368,4565.506,5797,60,0
2026-05-04 11:15:00+00:00,4565.479,4569.893,4561.985,4562.4,3518,60,0
2026-05-04 11:30:00+00:00,4562.344,4562.87,4551.551,4553.722,5120,60,0
2026-05-04 11:45:00+00:00,4553.661,4563.197,4553.016,4560.545,4242,60,0
2026-05-04 12:00:00+00:00,4560.456,4566.009,4559.194,4563.7,3980,60,0
2026-05-04 12:15:00+00:00,4563.878,4579.505,4563.269,4568.779,5935,60,0
2026-05-04 12:30:00+00:00,4568.423,4571.887,4561.067,4569.969,4097,60,0
2026-05-04 12:45:00+00:00,4570.072,4576.002,4566.429,4568.463,3591,60,0
2026-05-04 13:00:00+00:00,4568.302,4575.9,4557.359,4566.108,8451,60,0
2026-05-04 13:15:00+00:00,4566.243,4567.783,4560.936,4560.936,4163,60,0
2026-05-04 13:30:00+00:00,4560.994,4570.888,4555.758,4565.616,8646,60,0
2026-05-04 13:45:00+00:00,4565.559,4566.932,4557.497,4564.281,6825,60,0
2026-05-04 14:00:00+00:00,4564.205,4565.362,4553.509,4560.42,7290,60,0
2026-05-04 14:15:00+00:00,4560.251,4582.397,4559.398,4571.393,7042,60,0
2026-05-04 14:30:00+00:00,4571.464,4583.472,4570.246,4574.699,5648,60,0
2026-05-04 14:45:00+00:00,4574.776,4577.158,4559.639,4561.641,6346,60,0
2026-05-04 15:00:00+00:00,4561.698,4566.226,4548.321,4548.714,7270,60,0
2026-05-04 15:15:00+00:00,4548.572,4555.4,4514.21,4538.054,16581,60,0
2026-05-04 15:30:00+00:00,4538.0,4543.039,4527.541,4535.187,11021,60,0
2026-05-04 15:45:00+00:00,4535.004,4535.189,4512.307,4521.511,10394,60,0
2026-05-04 16:00:00+00:00,4521.556,4525.667,4500.741,4509.863,10894,60,0
2026-05-04 16:15:00+00:00,4509.71,4527.17,4508.654,4514.784,8885,60,0
2026-05-04 16:30:00+00:00,4514.906,4519.097,4511.479,4512.752,5343,60,0
2026-05-04 16:45:00+00:00,4512.61,4516.064,4507.381,4510.689,4600,60,0
2026-05-04 17:00:00+00:00,4510.733,4526.348,4510.733,4522.65,4859,60,0
2026-05-04 17:15:00+00:00,4522.594,4531.694,4521.6,4524.289,4874,60,0
2026-05-04 17:30:00+00:00,4524.349,4527.738,4521.546,4526.182,3005,60,0
2026-05-04 17:45:00+00:00,4526.343,4526.621,4521.614,4522.335,2285,60,0
2026-05-04 18:00:00+00:00,4522.391,4525.583,4518.774,4520.016,2551,60,0
2026-05-04 18:15:00+00:00,4520.267,4520.519,4509.773,4512.108,2482,60,0
2026-05-04 18:30:00+00:00,4512.049,4515.21,4510.631,4511.788,2155,60,0
2026-05-04 18:45:00+00:00,4512.145,4516.596,4510.918,4516.352,2387,60,0
2026-05-04 19:00:00+00:00,4516.156,4523.358,4511.423,4519.148,3621,60,0
2026-05-04 19:15:00+00:00,4518.872,4525.874,4517.563,4522.462,2766,60,0
2026-05-04 19:30:00+00:00,4522.315,4527.239,4520.668,4521.095,2197,60,0
2026-05-04 19:45:00+00:00,4521.021,4523.427,4515.263,4517.788,2680,60,0
2026-05-04 20:00:00+00:00,4517.897,4518.366,4511.688,4514.695,1483,60,0
2026-05-04 20:15:00+00:00,4514.603,4515.771,4511.877,4515.239,1075,60,0
2026-05-04 20:30:00+00:00,4515.194,4518.984,4514.762,4518.674,1132,60,0
2026-05-04 20:45:00+00:00,4518.951,4523.478,4518.812,4523.478,956,60,0
2026-05-04 22:00:00+00:00,4522.748,4524.411,4518.005,4521.367,856,100,0
2026-05-04 22:15:00+00:00,4521.391,4522.691,4519.514,4519.822,784,60,0
2026-05-04 22:30:00+00:00,4520.103,4522.231,4518.85,4519.411,884,60,0
2026-05-04 22:45:00+00:00,4519.358,4519.563,4515.623,4517.448,903,60,0
2026-05-04 23:00:00+00:00,4517.379,4521.211,4516.398,4520.515,982,60,0
2026-05-04 23:15:00+00:00,4520.474,4521.774,4519.266,4521.014,788,60,0
2026-05-04 23:30:00+00:00,4521.029,4521.306,4518.286,4518.495,786,60,0
2026-05-04 23:45:00+00:00,4518.473,4520.687,4517.366,4519.079,1025,60,0
2026-05-05 00:00:00+00:00,4519.091,4528.676,4517.733,4527.831,2465,60,0
2026-05-05 00:15:00+00:00,4527.792,4527.792,4513.531,4516.966,2886,60,0
2026-05-05 00:30:00+00:00,4516.995,4524.55,4516.0,4523.805,1843,60,0
2026-05-05 00:45:00+00:00,4523.865,4530.495,4523.865,4529.692,1939,60,0
2026-05-05 01:00:00+00:00,4529.826,4539.478,4525.279,4538.733,2642,60,0
2026-05-05 01:15:00+00:00,4538.794,4540.04,4535.415,4537.803,1914,60,0
2026-05-05 01:30:00+00:00,4537.722,4542.25,4534.085,4536.845,2889,60,0
2026-05-05 01:45:00+00:00,4536.862,4541.204,4536.224,4540.943,1872,60,0
2026-05-05 02:00:00+00:00,4540.897,4542.692,4537.57,4538.497,1735,60,0
2026-05-05 02:15:00+00:00,4538.436,4541.853,4534.842,4541.441,1447,60,0
2026-05-05 02:30:00+00:00,4541.533,4546.027,4540.1,4544.333,1546,60,0
2026-05-05 02:45:00+00:00,4544.388,4546.943,4538.989,4539.221,1953,60,0
2026-05-05 03:00:00+00:00,4539.049,4542.311,4537.711,4541.967,1366,60,0
2026-05-05 03:15:00+00:00,4542.026,4542.766,4537.308,4537.869,1233,60,0
2026-05-05 03:30:00+00:00,4538.153,4539.283,4535.691,4536.278,1337,60,0
2026-05-05 03:45:00+00:00,4536.2,4537.292,4532.52,4534.731,1408,60,0
2026-05-05 04:00:00+00:00,4534.694,4535.833,4532.501,4532.986,1217,60,0
2026-05-05 04:15:00+00:00,4533.056,4533.944,4529.519,4529.741,1429,60,0
2026-05-05 04:30:00+00:00,4529.805,4533.992,4528.054,4531.897,1536,60,0
2026-05-05 04:45:00+00:00,4531.897,4536.827,4531.265,4533.657,1491,60,0
2026-05-05 05:00:00+00:00,4533.595,4545.564,4531.36,4540.535,2363,60,0
2026-05-05 05:15:00+00:00,4540.453,4540.702,4535.89,4539.892,1691,60,0
2026-05-05 05:30:00+00:00,4539.95,4551.894,4539.76,4546.26,3144,60,0
2026-05-05 05:45:00+00:00,4546.303,4548.944,4543.59,4545.633,1915,60,0
2026-05-05 06:00:00+00:00,4545.835,4552.312,4541.636,4543.603,3283,60,0
2026-05-05 06:15:00+00:00,4543.566,4544.799,4533.782,4536.885,2042,60,0
2026-05-05 06:30:00+00:00,4536.999,4549.663,4536.262,4546.459,2518,60,0
2026-05-05 06:45:00+00:00,4546.591,4551.146,4545.459,4548.273,1796,60,0
2026-05-05 07:00:00+00:00,4548.331,4555.33,4547.631,4553.994,2279,60,0
2026-05-05 07:15:00+00:00,4553.932,4555.692,4548.564,4549.074,1829,60,0
2026-05-05 07:30:00+00:00,4549.155,4558.45,4548.97,4551.432,2603,60,0
2026-05-05 07:45:00+00:00,4551.43,4552.039,4543.403,4545.466,2144,60,0
2026-05-05 08:00:00+00:00,4545.731,4553.603,4545.504,4551.042,2273,60,0
2026-05-05 08:15:00+00:00,4551.054,4554.627,4549.112,4551.367,2142,60,0
2026-05-05 08:30:00+00:00,4551.281,4553.322,4547.958,4549.795,2111,60,0
2026-05-05 08:45:00+00:00,4550.083,4559.696,4548.311,4558.403,2293,60,0
2026-05-05 09:00:00+00:00,4558.452,4560.643,4553.586,4557.724,2486,60,0
2026-05-05 09:15:00+00:00,4557.851,4558.059,4552.421,4552.491,1887,60,0
2026-05-05 09:30:00+00:00,4552.616,4558.506,4551.224,4555.423,2326,60,0
2026-05-05 09:45:00+00:00,4555.402,4557.342,4552.803,4556.175,1496,60,0
2026-05-05 10:00:00+00:00,4556.233,4556.92,4550.881,4552.985,1622,60,0
2026-05-05 10:15:00+00:00,4553.289,4555.013,4546.839,4548.084,1659,60,0
2026-05-05 10:30:00+00:00,4548.145,4554.215,4544.493,4545.432,2202,60,0
2026-05-05 10:45:00+00:00,4545.371,4545.99,4540.313,4543.699,1740,60,0
2026-05-05 11:00:00+00:00,4543.628,4553.318,4539.807,4552.638,2306,60,0
2026-05-05 11:15:00+00:00,4552.839,4557.788,4549.955,4556.011,2388,60,0
2026-05-05 11:30:00+00:00,4556.023,4564.781,4555.057,4563.327,2214,60,0
2026-05-05 11:45:00+00:00,4563.361,4565.08,4559.19,4562.663,1935,60,0
2026-05-05 12:00:00+00:00,4562.905,4567.254,4554.35,4564.835,4002,60,0
2026-05-05 12:15:00+00:00,4564.913,4574.259,4561.27,4573.771,3267,60,0
2026-05-05 12:30:00+00:00,4573.756,4574.745,4566.763,4567.34,2271,60,0
2026-05-05 12:45:00+00:00,4567.067,4568.709,4561.933,4564.488,2077,60,0
2026-05-05 13:00:00+00:00,4564.452,4581.181,4564.398,4578.7,3619,60,0
2026-05-05 13:15:00+00:00,4578.712,4585.097,4576.386,4577.029,3484,60,0
2026-05-05 13:30:00+00:00,4577.086,4582.055,4571.886,4574.229,4218,60,0
2026-05-05 13:45:00+00:00,4574.164,4583.167,4572.855,4579.62,2859,60,0
2026-05-05 14:00:00+00:00,4579.715,4584.314,4570.828,4573.718,4261,60,0
2026-05-05 14:15:00+00:00,4573.766,4586.835,4565.939,4584.041,5451,60,0
2026-05-05 14:30:00+00:00,4584.115,4585.867,4577.755,4582.9,3382,60,0
2026-05-05 14:45:00+00:00,4582.844,4583.121,4575.638,4582.433,3037,60,0
2026-05-05 15:00:00+00:00,4582.524,4583.963,4577.88,4581.007,2661,60,0
2026-05-05 15:15:00+00:00,4580.814,4581.655,4575.576,4579.415,2289,60,0
2026-05-05 15:30:00+00:00,4579.386,4581.287,4572.578,4573.187,2727,60,0
2026-05-05 15:45:00+00:00,4573.174,4575.874,4568.374,4568.75,2332,60,0
2026-05-05 16:00:00+00:00,4568.695,4569.197,4562.286,4566.182,2199,60,0
2026-05-05 16:15:00+00:00,4566.226,4566.441,4556.033,4559.674,2324,60,0
2026-05-05 16:30:00+00:00,4559.787,4560.199,4553.865,4556.867,2579,60,0
2026-05-05 16:45:00+00:00,4556.857,4562.914,4555.7,4561.1,1983,60,0
2026-05-05 17:00:00+00:00,4561.115,4562.722,4553.212,4556.101,2169,60,0
2026-05-05 17:15:00+00:00,4556.187,4561.404,4556.002,4558.807,2030,60,0
2026-05-05 17:30:00+00:00,4558.63,4562.926,4556.229,4560.662,1956,60,0
2026-05-05 17:45:00+00:00,4560.661,4562.174,4558.266,4559.769,1285,60,0
2026-05-05 18:00:00+00:00,4559.891,4564.953,4558.637,4564.284,1320,60,0
2026-05-05 18:15:00+00:00,4564.289,4565.463,4561.179,4562.153,1220,60,0
2026-05-05 18:30:00+00:00,4562.29,4562.73,4557.603,4561.535,1309,60,0
2026-05-05 18:45:00+00:00,4561.782,4565.819,4559.831,4561.156,1410,60,0
2026-05-05 19:00:00+00:00,4561.043,4561.602,4556.899,4557.345,1393,60,0
2026-05-05 19:15:00+00:00,4557.259,4558.931,4555.101,4556.423,1177,60,0
2026-05-05 19:30:00+00:00,4556.268,4558.242,4555.686,4555.892,1125,60,0
2026-05-05 19:45:00+00:00,4555.792,4559.038,4551.697,4554.922,1707,60,0
2026-05-05 20:00:00+00:00,4555.0,4557.329,4553.957,4557.04,1034,60,0
2026-05-05 20:15:00+00:00,4556.816,4559.826,4555.414,4559.213,1051,60,0
2026-05-05 20:30:00+00:00,4559.267,4559.982,4555.042,4555.493,860,60,0
2026-05-05 20:45:00+00:00,4555.534,4557.168,4554.753,4556.433,776,60,0
2026-05-05 22:00:00+00:00,4555.049,4555.231,4549.275,4550.727,1215,60,0
2026-05-05 22:15:00+00:00,4550.725,4551.087,4546.59,4546.902,1079,60,0
2026-05-05 22:30:00+00:00,4546.603,4551.122,4546.319,4548.671,1017,60,0
2026-05-05 22:45:00+00:00,4548.74,4577.281,4547.091,4573.308,3246,60,0
2026-05-05 23:00:00+00:00,4573.369,4590.671,4569.698,4588.749,3044,60,0
2026-05-05 23:15:00+00:00,4588.855,4589.626,4582.252,4582.382,2197,60,0
2026-05-05 23:30:00+00:00,4582.342,4588.589,4579.512,4585.364,1689,60,0
2026-05-05 23:45:00+00:00,4585.321,4595.913,4584.635,4593.918,1916,60,0
2026-05-06 00:00:00+00:00,4593.86,4598.457,4589.462,4591.721,3620,60,0
2026-05-06 00:15:00+00:00,4591.798,4604.279,4588.326,4602.38,3307,60,0
2026-05-06 00:30:00+00:00,4602.273,4611.313,4601.997,4610.217,2703,60,0
2026-05-06 00:45:00+00:00,4610.149,4620.152,4609.515,4618.753,2707,60,0
2026-05-06 01:00:00+00:00,4618.691,4622.696,4609.501,4611.715,5033,60,0
2026-05-06 01:15:00+00:00,4611.67,4625.707,4609.862,4625.156,3342,60,0
2026-05-06 01:30:00+00:00,4625.039,4626.192,4620.303,4623.913,3329,60,0
2026-05-06 01:45:00+00:00,4623.832,4628.693,4623.475,4625.988,2806,60,0
2026-05-06 02:00:00+00:00,4625.921,4634.314,4625.294,4633.529,2509,60,0
2026-05-06 02:15:00+00:00,4633.35,4636.477,4629.84,4630.211,1908,60,0
2026-05-06 02:30:00+00:00,4630.198,4635.059,4626.876,4634.689,2313,60,0
2026-05-06 02:45:00+00:00,4634.593,4642.092,4633.835,4640.787,2364,60,0
2026-05-06 03:00:00+00:00,4640.573,4650.539,4638.489,4647.814,2463,60,0
2026-05-06 03:15:00+00:00,4647.766,4651.275,4644.54,4645.793,2235,60,0
2026-05-06 03:30:00+00:00,4645.861,4652.254,4642.615,4647.725,2305,60,0
2026-05-06 03:45:00+00:00,4647.764,4648.676,4643.17,4644.009,1556,60,0
2026-05-06 04:00:00+00:00,4643.898,4647.908,4643.497,4647.701,1449,60,0
2026-05-06 04:15:00+00:00,4647.763,4653.763,4645.668,4652.636,2006,60,0
2026-05-06 04:30:00+00:00,4652.695,4652.765,4646.011,4647.994,2411,60,0
2026-05-06 04:45:00+00:00,4648.062,4652.574,4647.174,4648.919,2048,60,0
2026-05-06 05:00:00+00:00,4649.242,4656.501,4648.82,4655.161,1954,60,0
2026-05-06 05:15:00+00:00,4655.097,4655.473,4649.779,4650.543,1751,60,0
2026-05-06 05:30:00+00:00,4650.46,4652.217,4644.608,4650.003,2576,60,0
2026-05-06 05:45:00+00:00,4649.944,4664.001,4649.272,4662.827,2695,60,0
2026-05-06 06:00:00+00:00,4662.891,4665.99,4657.05,4660.406,3223,60,0
2026-05-06 06:15:00+00:00,4660.48,4666.85,4658.14,4666.147,2101,60,0
2026-05-06 06:30:00+00:00,4666.129,4668.971,4660.139,4664.233,2451,60,0
2026-05-06 06:45:00+00:00,4664.125,4669.733,4662.935,4669.233,1822,60,0
2026-05-06 07:00:00+00:00,4669.304,4670.257,4658.836,4658.896,2213,60,0
2026-05-06 07:15:00+00:00,4658.814,4669.848,4657.623,4667.443,2285,60,0
2026-05-06 07:30:00+00:00,4667.445,4670.634,4663.207,4670.55,2011,60,0
2026-05-06 07:45:00+00:00,4670.602,4681.915,4670.266,4681.342,3070,60,0
2026-05-06 08:00:00+00:00,4681.535,4682.47,4675.503,4679.593,2662,60,0
2026-05-06 08:15:00+00:00,4679.535,4680.774,4676.825,4677.009,1775,60,0
2026-05-06 08:30:00+00:00,4677.119,4678.917,4671.505,4677.419,2054,60,0
2026-05-06 08:45:00+00:00,4677.415,4702.788,4677.383,4700.139,7822,60,0
2026-05-06 09:00:00+00:00,4700.249,4708.592,4688.817,4695.67,5823,60,0
2026-05-06 09:15:00+00:00,4695.634,4705.133,4691.284,4700.087,4092,60,0
2026-05-06 09:30:00+00:00,4700.019,4706.092,4695.827,4696.169,3454,60,0
2026-05-06 09:45:00+00:00,4696.178,4703.221,4694.484,4701.717,2546,60,0
2026-05-06 10:00:00+00:00,4701.873,4705.876,4695.792,4698.123,3014,60,0
2026-05-06 10:15:00+00:00,4698.11,4704.743,4695.378,4704.335,2336,60,0
2026-05-06 10:30:00+00:00,4704.404,4716.163,4704.404,4714.334,3632,60,0
2026-05-06 10:45:00+00:00,4714.194,4723.156,4707.504,4717.888,5059,60,0
2026-05-06 11:00:00+00:00,4717.857,4721.225,4709.438,4712.207,4066,60,0
2026-05-06 11:15:00+00:00,4712.287,4713.698,4705.786,4705.786,3079,60,0
2026-05-06 11:30:00+00:00,4705.657,4715.371,4698.316,4699.823,3750,60,0
2026-05-06 11:45:00+00:00,4699.882,4702.691,4690.847,4692.242,3829,60,0
2026-05-06 12:00:00+00:00,4692.179,4693.249,4670.84,4673.365,5858,60,0
2026-05-06 12:15:00+00:00,4673.139,4689.022,4660.196,4683.459,6261,60,0
2026-05-06 12:30:00+00:00,4683.513,4685.54,4677.986,4682.619,4093,60,0
2026-05-06 12:45:00+00:00,4682.73,4684.805,4676.811,4683.387,3170,60,0
2026-05-06 13:00:00+00:00,4683.417,4692.583,4668.799,4683.54,7233,60,0
2026-05-06 13:15:00+00:00,4683.525,4691.06,4679.424,4685.335,3738,60,0
2026-05-06 13:30:00+00:00,4685.157,4699.255,4680.237,4695.53,7048,60,0
2026-05-06 13:45:00+00:00,4695.59,4707.926,4692.665,4702.49,5534,60,0
2026-05-06 14:00:00+00:00,4702.286,4712.568,4697.471,4710.967,5744,60,0
2026-05-06 14:15:00+00:00,4710.982,4717.523,4705.034,4705.951,4762,60,0
2026-05-06 14:30:00+00:00,4706.126,4714.629,4704.71,4713.261,4116,60,0
2026-05-06 14:45:00+00:00,4713.326,4714.192,4700.768,4702.96,4210,60,0
2026-05-06 15:00:00+00:00,4702.903,4705.962,4693.405,4696.653,3462,60,0
2026-05-06 15:15:00+00:00,4696.759,4703.295,4694.438,4695.482,2761,60,0
2026-05-06 15:30:00+00:00,4695.669,4697.904,4689.35,4692.782,3104,60,0
2026-05-06 15:45:00+00:00,4692.899,4695.002,4687.666,4687.968,2740,60,0
2026-05-06 16:00:00+00:00,4687.907,4688.726,4681.325,4683.935,3064,60,0
2026-05-06 16:15:00+00:00,4683.876,4688.644,4682.823,4688.415,2248,60,0
2026-05-06 16:30:00+00:00,4688.275,4691.983,4685.396,4688.84,2150,60,0
2026-05-06 16:45:00+00:00,4688.909,4690.054,4679.502,4683.181,3215,60,0
2026-05-06 17:00:00+00:00,4682.958,4688.083,4679.782,4685.473,2665,60,0
2026-05-06 17:15:00+00:00,4685.446,4686.247,4680.077,4683.26,2351,60,0
2026-05-06 17:30:00+00:00,4683.195,4683.672,4678.838,4680.78,2029,60,0
2026-05-06 17:45:00+00:00,4680.852,4684.694,4680.321,4683.973,1725,60,0
2026-05-06 18:00:00+00:00,4684.108,4687.463,4681.969,4686.723,1655,60,0
2026-05-06 18:15:00+00:00,4686.768,4690.703,4686.407,4687.98,1602,60,0
2026-05-06 18:30:00+00:00,4688.051,4690.349,4685.274,4686.081,1547,60,0
2026-05-06 18:45:00+00:00,4686.076,4688.232,4684.82,4686.24,1549,60,0
2026-05-06 19:00:00+00:00,4686.309,4695.938,4686.087,4695.222,1615,60,0
2026-05-06 19:15:00+00:00,4695.08,4700.308,4695.011,4698.498,1641,60,0
2026-05-06 19:30:00+00:00,4698.34,4699.153,4693.864,4695.291,1604,60,0
2026-05-06 19:45:00+00:00,4695.382,4698.571,4692.366,4692.456,1950,60,0
2026-05-06 20:00:00+00:00,4692.37,4699.695,4692.37,4698.824,1437,60,0
2026-05-06 20:15:00+00:00,4699.15,4699.524,4691.94,4692.922,1210,60,0
2026-05-06 20:30:00+00:00,4692.94,4693.363,4688.882,4688.882,1172,60,0
2026-05-06 20:45:00+00:00,4688.736,4692.064,4685.123,4690.908,1131,60,0
2026-05-06 22:00:00+00:00,4692.841,4698.295,4689.391,4697.219,1115,60,0
2026-05-06 22:15:00+00:00,4697.216,4699.861,4693.658,4695.458,1163,60,0
2026-05-06 22:30:00+00:00,4695.525,4699.563,4694.521,4698.75,1045,60,0
2026-05-06 22:45:00+00:00,4698.66,4698.701,4694.367,4695.149,1115,60,0
2026-05-06 23:00:00+00:00,4695.087,4698.747,4694.013,4694.713,1018,60,0
2026-05-06 23:15:00+00:00,4694.668,4697.713,4690.141,4693.394,1239,60,0
2026-05-06 23:30:00+00:00,4693.494,4694.6,4691.697,4693.784,844,60,0
2026-05-06 23:45:00+00:00,4693.831,4699.593,4693.788,4699.087,1399,60,0
2026-05-07 00:00:00+00:00,4698.923,4701.108,4689.912,4700.028,3406,60,0
2026-05-07 00:15:00+00:00,4700.043,4701.35,4692.274,4692.643,2753,60,0
2026-05-07 00:30:00+00:00,4692.624,4693.474,4685.961,4688.405,3288,60,0
2026-05-07 00:45:00+00:00,4688.569,4691.824,4685.578,4688.607,2380,60,0
2026-05-07 01:00:00+00:00,4688.667,4711.145,4685.356,4709.7,4451,60,0
2026-05-07 01:15:00+00:00,4709.76,4716.577,4703.605,4704.39,3544,60,0
2026-05-07 01:30:00+00:00,4704.333,4718.127,4702.217,4712.749,3600,60,0
2026-05-07 01:45:00+00:00,4712.684,4721.545,4712.455,4715.028,2814,60,0
2026-05-07 02:00:00+00:00,4714.991,4718.636,4703.593,4704.305,3103,60,0
2026-05-07 02:15:00+00:00,4704.302,4707.838,4701.784,4702.705,2772,60,0
2026-05-07 02:30:00+00:00,4702.616,4705.331,4699.81,4704.1,2600,60,0
2026-05-07 02:45:00+00:00,4704.121,4709.983,4704.121,4707.167,1824,60,0
2026-05-07 03:00:00+00:00,4707.336,4710.05,4704.155,4705.809,1928,60,0
2026-05-07 03:15:00+00:00,4705.977,4708.796,4704.476,4704.649,1753,60,0
2026-05-07 03:30:00+00:00,4704.539,4705.073,4702.198,4703.848,1450,60,0
2026-05-07 03:45:00+00:00,4703.907,4704.991,4698.947,4699.331,1444,60,0
2026-05-07 04:00:00+00:00,4699.224,4701.147,4696.596,4696.937,2879,60,0
2026-05-07 04:15:00+00:00,4696.767,4698.399,4695.034,4697.069,1651,60,0
2026-05-07 04:30:00+00:00,4697.003,4699.175,4692.318,4697.963,1326,60,0
2026-05-07 04:45:00+00:00,4698.262,4699.117,4694.102,4696.338,1520,60,0
2026-05-07 05:00:00+00:00,4696.605,4701.311,4696.329,4700.379,1470,60,0
2026-05-07 05:15:00+00:00,4700.681,4700.925,4694.922,4696.149,1619,60,0
2026-05-07 05:30:00+00:00,4696.028,4705.921,4695.008,4703.699,2385,60,0
2026-05-07 05:45:00+00:00,4703.64,4706.59,4700.838,4701.297,1997,60,0
2026-05-07 06:00:00+00:00,4701.354,4710.468,4701.223,4707.954,1933,60,0
2026-05-07 06:15:00+00:00,4708.178,4717.97,4707.27,4717.34,2624,60,0
2026-05-07 06:30:00+00:00,4717.27,4750.362,4716.05,4745.961,6134,60,0
2026-05-07 06:45:00+00:00,4745.933,4747.195,4735.961,4739.37,2821,60,0
2026-05-07 07:00:00+00:00,4739.3,4750.483,4731.547,4749.11,5341,60,0
2026-05-07 07:15:00+00:00,4749.162,4750.737,4737.845,4739.647,4150,60,0
2026-05-07 07:30:00+00:00,4739.707,4744.201,4738.469,4743.222,2580,60,0
2026-05-07 07:45:00+00:00,4742.954,4744.546,4737.17,4743.28,2594,60,0
2026-05-07 08:00:00+00:00,4743.34,4753.567,4742.36,4742.773,3910,60,0
2026-05-07 08:15:00+00:00,4742.764,4743.151,4733.691,4739.912,3289,60,0
2026-05-07 08:30:00+00:00,4740.2,4741.724,4733.802,4735.416,2145,60,0
2026-05-07 08:45:00+00:00,4735.341,4737.111,4730.967,4731.316,2376,60,0
2026-05-07 09:00:00+00:00,4731.428,4736.36,4721.704,4734.223,2421,60,0
2026-05-07 09:15:00+00:00,4734.284,4738.763,4731.498,4735.757,2293,60,0
2026-05-07 09:30:00+00:00,4735.663,4739.44,4733.097,4737.896,2388,60,0
2026-05-07 09:45:00+00:00,4738.112,4739.041,4725.83,4729.066,2544,60,0
2026-05-07 10:00:00+00:00,4728.958,4735.055,4726.635,4734.652,2397,60,0
2026-05-07 10:15:00+00:00,4734.714,4736.253,4728.707,4732.344,1897,60,0
2026-05-07 10:30:00+00:00,4732.438,4739.692,4727.993,4738.895,2205,60,0
2026-05-07 10:45:00+00:00,4738.963,4739.819,4735.379,4735.858,1657,60,0
2026-05-07 11:00:00+00:00,4735.931,4737.073,4728.376,4730.438,2074,60,0
2026-05-07 11:15:00+00:00,4730.37,4736.634,4727.2,4732.629,2274,60,0
2026-05-07 11:30:00+00:00,4732.634,4738.104,4731.812,4736.797,2310,60,0
2026-05-07 11:45:00+00:00,4736.905,4743.757,4734.089,4742.774,2492,60,0
2026-05-07 12:00:00+00:00,4742.904,4746.277,4739.583,4744.213,2778,60,0
2026-05-07 12:15:00+00:00,4744.137,4747.194,4733.314,4738.2,3539,60,0
2026-05-07 12:30:00+00:00,4738.123,4751.922,4737.304,4751.395,3293,60,0
2026-05-07 12:45:00+00:00,4751.543,4752.871,4744.794,4750.008,2913,60,0
2026-05-07 13:00:00+00:00,4750.088,4750.379,4731.152,4733.342,5003,60,0
2026-05-07 13:15:00+00:00,4733.282,4746.417,4731.417,4744.998,3187,60,0
2026-05-07 13:30:00+00:00,4745.053,4758.203,4743.345,4748.622,5691,60,0
2026-05-07 13:45:00+00:00,4748.578,4749.563,4737.369,4746.259,5678,60,0
2026-05-07 14:00:00+00:00,4746.297,4754.115,4742.514,4752.1,3830,60,0
2026-05-07 14:15:00+00:00,4752.032,4759.504,4741.0,4756.743,4786,60,0
2026-05-07 14:30:00+00:00,4756.561,4758.945,4747.717,4751.86,4167,60,0
2026-05-07 14:45:00+00:00,4752.121,4763.499,4751.082,4762.587,3462,60,0
2026-05-07 15:00:00+00:00,4762.649,4764.847,4754.528,4754.989,3222,60,0
2026-05-07 15:15:00+00:00,4755.049,4756.432,4736.305,4740.235,6201,60,0
2026-05-07 15:30:00+00:00,4740.186,4747.114,4738.859,4738.859,3830,60,0
2026-05-07 15:45:00+00:00,4739.093,4739.963,4726.226,4729.423,4778,60,0
2026-05-07 16:00:00+00:00,4729.514,4729.954,4713.299,4715.441,6545,60,0
2026-05-07 16:15:00+00:00,4715.358,4723.136,4704.428,4720.335,6378,60,0
2026-05-07 16:30:00+00:00,4720.242,4721.041,4710.355,4711.441,4006,60,0
2026-05-07 16:45:00+00:00,4711.375,4718.284,4710.415,4714.915,3506,60,0
2026-05-07 17:00:00+00:00,4714.962,4719.586,4711.71,4714.72,3680,60,0
2026-05-07 17:15:00+00:00,4714.795,4719.595,4687.491,4699.016,9164,60,0
2026-05-07 17:30:00+00:00,4699.073,4706.103,4693.266,4699.712,7829,60,0
2026-05-07 17:45:00+00:00,4699.683,4712.295,4697.815,4711.57,5405,60,0
2026-05-07 18:00:00+00:00,4711.424,4712.401,4705.058,4708.225,3777,60,0
2026-05-07 18:15:00+00:00,4708.284,4713.182,4705.636,4712.842,3091,60,0
2026-05-07 18:30:00+00:00,4712.777,4716.261,4703.398,4706.346,4349,60,0
2026-05-07 18:45:00+00:00,4706.156,4711.574,4695.636,4709.661,6242,60,0
2026-05-07 19:00:00+00:00,4709.741,4713.132,4705.058,4710.229,3388,60,0
2026-05-07 19:15:00+00:00,4710.037,4710.835,4697.76,4705.087,4766,60,0
2026-05-07 19:30:00+00:00,4705.1,4712.197,4703.643,4709.721,2379,60,0
2026-05-07 19:45:00+00:00,4710.002,4710.867,4702.765,4703.208,4105,60,0
2026-05-07 20:00:00+00:00,4703.27,4719.237,4703.068,4711.755,3293,60,0
2026-05-07 20:15:00+00:00,4711.795,4714.223,4709.319,4713.179,1732,60,0
2026-05-07 20:30:00+00:00,4713.241,4715.795,4696.675,4703.757,3796,60,0
2026-05-07 20:45:00+00:00,4703.696,4704.027,4686.444,4688.584,3040,60,0
2026-05-07 22:00:00+00:00,4689.19,4697.908,4686.223,4691.33,2105,100,0
2026-05-07 22:15:00+00:00,4691.217,4699.299,4689.292,4693.87,2219,60,0
2026-05-07 22:30:00+00:00,4693.912,4695.111,4686.097,4687.236,1884,60,0
2026-05-07 22:45:00+00:00,4687.17,4688.724,4681.823,4686.085,1524,60,0
2026-05-07 23:00:00+00:00,4685.949,4693.82,4684.511,4691.755,1451,60,0
2026-05-07 23:15:00+00:00,4691.884,4698.527,4691.884,4696.738,1190,60,0
2026-05-07 23:30:00+00:00,4696.842,4699.167,4695.158,4697.642,1120,60,0
2026-05-07 23:45:00+00:00,4697.7,4705.626,4697.7,4704.181,1423,60,0
2026-05-08 00:00:00+00:00,4704.118,4709.566,4701.469,4702.701,2977,60,0
2026-05-08 00:15:00+00:00,4703.013,4705.785,4693.994,4697.418,3168,60,0
2026-05-08 00:30:00+00:00,4697.478,4708.167,4696.3,4705.007,2615,60,0
2026-05-08 00:45:00+00:00,4704.988,4705.831,4697.159,4701.291,2543,60,0
2026-05-08 01:00:00+00:00,4701.219,4719.325,4700.615,4713.949,4680,60,0
2026-05-08 01:15:00+00:00,4713.831,4719.01,4711.437,4712.508,3068,60,0
2026-05-08 01:30:00+00:00,4712.582,4715.352,4705.273,4710.927,3473,60,0
2026-05-08 01:45:00+00:00,4711.0,4725.605,4711.0,4722.775,2826,60,0
2026-05-08 02:00:00+00:00,4722.832,4732.852,4721.545,4724.295,2936,60,0
2026-05-08 02:15:00+00:00,4724.227,4724.565,4718.427,4721.735,2197,60,0
2026-05-08 02:30:00+00:00,4721.532,4723.546,4707.148,4710.534,4041,60,0
2026-05-08 02:45:00+00:00,4710.592,4717.431,4708.469,4713.487,3363,60,0
2026-05-08 03:00:00+00:00,4713.43,4720.194,4711.01,4719.936,2454,60,0
2026-05-08 03:15:00+00:00,4719.936,4722.794,4717.302,4720.275,2277,60,0
2026-05-08 03:30:00+00:00,4720.214,4731.057,4720.096,4724.966,2388,60,0
2026-05-08 03:45:00+00:00,4725.02,4725.584,4718.234,4719.814,1771,60,0
2026-05-08 04:00:00+00:00,4719.872,4723.169,4714.858,4715.113,1920,60,0
2026-05-08 04:15:00+00:00,4715.129,4718.457,4713.319,4717.595,1665,60,0
2026-05-08 04:30:00+00:00,4717.622,4718.529,4708.835,4712.003,2100,60,0
2026-05-08 04:45:00+00:00,4712.087,4716.722,4709.915,4711.201,1709,60,0
2026-05-08 05:00:00+00:00,4711.286,4716.33,4709.682,4712.189,1843,60,0
2026-05-08 05:15:00+00:00,4712.498,4720.127,4710.726,4719.364,1654,60,0
2026-05-08 05:30:00+00:00,4719.449,4727.214,4719.449,4724.557,3139,60,0
2026-05-08 05:45:00+00:00,4724.496,4731.437,4723.344,4727.758,2544,60,0
2026-05-08 06:00:00+00:00,4727.478,4730.518,4712.805,4723.106,3998,60,0
2026-05-08 06:15:00+00:00,4722.893,4734.684,4721.537,4733.561,3213,60,0
2026-05-08 06:30:00+00:00,4733.668,4734.505,4725.574,4729.219,2742,60,0
2026-05-08 06:45:00+00:00,4729.279,4729.662,4721.202,4725.64,2748,60,0
2026-05-08 07:00:00+00:00,4725.575,4726.636,4715.347,4715.498,3349,60,0
2026-05-08 07:15:00+00:00,4715.12,4718.408,4697.173,4706.561,5673,60,0
2026-05-08 07:30:00+00:00,4706.63,4711.932,4701.418,4708.374,3214,60,0
2026-05-08 07:45:00+00:00,4708.26,4713.536,4707.024,4708.15,2815,60,0
2026-05-08 08:00:00+00:00,4708.152,4713.069,4706.737,4711.6,2777,60,0
2026-05-08 08:15:00+00:00,4711.632,4722.731,4711.344,4716.885,2633,60,0
2026-05-08 08:30:00+00:00,4716.969,4723.434,4716.554,4717.144,2267,60,0
2026-05-08 08:45:00+00:00,4717.078,4720.215,4714.974,4715.916,2045,60,0
2026-05-08 09:00:00+00:00,4715.829,4720.378,4713.451,4718.586,2153,60,0
2026-05-08 09:15:00+00:00,4718.645,4722.846,4717.755,4718.13,1895,60,0
2026-05-08 09:30:00+00:00,4717.869,4718.795,4709.594,4713.514,2741,60,0
2026-05-08 09:45:00+00:00,4713.456,4714.078,4707.513,4711.829,2265,60,0
2026-05-08 10:00:00+00:00,4711.864,4718.87,4711.231,4718.805,1871,60,0
2026-05-08 10:15:00+00:00,4718.824,4724.246,4717.496,4720.444,1693,60,0
2026-05-08 10:30:00+00:00,4720.653,4728.142,4720.147,4724.621,1990,60,0
2026-05-08 10:45:00+00:00,4724.678,4724.678,4715.202,4719.668,2431,60,0
2026-05-08 11:00:00+00:00,4719.739,4727.305,4718.684,4721.967,2465,60,0
2026-05-08 11:15:00+00:00,4721.909,4725.755,4720.225,4724.078,1783,60,0
2026-05-08 11:30:00+00:00,4724.158,4725.986,4721.068,4721.275,1936,60,0
2026-05-08 11:45:00+00:00,4721.122,4721.523,4713.812,4717.879,2027,60,0
2026-05-08 12:00:00+00:00,4717.712,4719.646,4703.872,4704.75,3274,60,0
2026-05-08 12:15:00+00:00,4704.673,4710.948,4702.624,4710.298,3102,60,0
2026-05-08 12:30:00+00:00,4710.499,4731.017,4702.77,4724.152,5955,60,0
2026-05-08 12:45:00+00:00,4724.243,4732.154,4719.189,4724.307,5062,60,0
2026-05-08 13:00:00+00:00,4724.244,4729.133,4716.482,4720.325,5353,60,0
2026-05-08 13:15:00+00:00,4720.253,4728.076,4719.348,4727.419,3381,60,0
2026-05-08 13:30:00+00:00,4727.338,4744.374,4726.844,4738.221,6918,60,0
2026-05-08 13:45:00+00:00,4738.491,4747.862,4735.18,4747.848,4765,60,0
2026-05-08 14:00:00+00:00,4748.089,4749.645,4718.889,4731.875,6421,60,0
2026-05-08 14:15:00+00:00,4731.514,4733.991,4717.176,4717.528,5201,60,0
2026-05-08 14:30:00+00:00,4717.592,4725.695,4714.27,4722.898,5269,60,0
2026-05-08 14:45:00+00:00,4722.769,4724.67,4713.365,4715.773,4211,60,0
2026-05-08 15:00:00+00:00,4715.935,4721.081,4706.037,4707.921,4524,60,0
2026-05-08 15:15:00+00:00,4707.864,4713.671,4704.352,4713.204,4897,60,0
2026-05-08 15:30:00+00:00,4713.269,4715.074,4704.195,4706.132,4619,60,0
2026-05-08 15:45:00+00:00,4706.068,4711.122,4701.87,4707.261,3203,60,0
2026-05-08 16:00:00+00:00,4707.067,4712.616,4705.627,4711.441,2654,60,0
2026-05-08 16:15:00+00:00,4711.693,4717.625,4711.438,4717.625,2184,60,0
2026-05-08 16:30:00+00:00,4717.777,4720.199,4713.318,4713.651,2083,60,0
2026-05-08 16:45:00+00:00,4713.715,4716.208,4711.162,4712.331,2124,60,0
2026-05-08 17:00:00+00:00,4712.268,4716.252,4712.245,4715.321,2049,60,0
2026-05-08 17:15:00+00:00,4715.236,4722.152,4715.107,4720.703,2033,60,0
2026-05-08 17:30:00+00:00,4720.601,4721.982,4719.591,4720.666,1603,60,0
2026-05-08 17:45:00+00:00,4720.793,4722.906,4719.306,4720.762,1417,60,0
2026-05-08 18:00:00+00:00,4720.899,4728.786,4720.568,4727.485,2530,60,0
2026-05-08 18:15:00+00:00,4727.573,4729.143,4723.933,4725.896,1599,60,0
2026-05-08 18:30:00+00:00,4725.77,4726.698,4724.122,4724.873,1477,60,0
2026-05-08 18:45:00+00:00,4724.917,4724.917,4719.977,4722.143,1561,60,0
2026-05-08 19:00:00+00:00,4722.041,4725.772,4721.101,4723.725,1468,60,0
2026-05-08 19:15:00+00:00,4723.754,4725.16,4723.302,4723.914,1140,60,0
2026-05-08 19:30:00+00:00,4723.976,4727.008,4721.834,4725.579,1589,60,0
2026-05-08 19:45:00+00:00,4725.608,4726.192,4722.928,4723.906,1601,60,0
2026-05-08 20:00:00+00:00,4723.975,4724.424,4717.275,4718.974,1247,60,0
2026-05-08 20:15:00+00:00,4719.078,4719.208,4715.275,4717.375,1214,60,0
2026-05-08 20:30:00+00:00,4717.263,4719.174,4715.784,4716.323,998,60,0
2026-05-08 20:45:00+00:00,4716.261,4716.836,4714.5,4715.22,1026,60,0
2026-05-10 22:00:00+00:00,4692.018,4694.807,4679.139,4687.544,2157,100,0
2026-05-10 22:15:00+00:00,4687.474,4696.391,4682.053,4694.385,2053,60,0
2026-05-10 22:30:00+00:00,4694.581,4694.581,4687.146,4691.458,1763,60,0
2026-05-10 22:45:00+00:00,4691.292,4694.785,4689.943,4692.104,1426,60,0
2026-05-10 23:00:00+00:00,4692.038,4697.12,4688.921,4690.375,1605,60,0
2026-05-10 23:15:00+00:00,4690.441,4697.335,4689.085,4694.894,1261,60,0
2026-05-10 23:30:00+00:00,4694.894,4698.472,4694.675,4697.675,1266,60,0
2026-05-10 23:45:00+00:00,4697.708,4698.659,4690.061,4691.792,1461,60,0
2026-05-11 00:00:00+00:00,4691.59,4691.777,4680.14,4682.877,3821,60,0
2026-05-11 00:15:00+00:00,4682.804,4686.832,4675.88,4683.82,3239,60,0
2026-05-11 00:30:00+00:00,4683.823,4693.367,4683.823,4689.268,2767,60,0
2026-05-11 00:45:00+00:00,4689.299,4692.873,4670.147,4683.633,5677,60,0
2026-05-11 01:00:00+00:00,4683.572,4699.818,4674.705,4692.021,9556,60,0
2026-05-11 01:15:00+00:00,4692.086,4705.438,4689.72,4698.91,4990,60,0
2026-05-11 01:30:00+00:00,4699.078,4701.864,4690.951,4694.293,4090,60,0
2026-05-11 01:45:00+00:00,4694.355,4696.145,4679.965,4685.906,4197,60,0
2026-05-11 02:00:00+00:00,4685.851,4692.909,4678.383,4686.24,4374,60,0
2026-05-11 02:15:00+00:00,4686.15,4688.853,4682.746,4688.563,2317,60,0
2026-05-11 02:30:00+00:00,4688.716,4700.258,4687.785,4688.653,3295,60,0
2026-05-11 02:45:00+00:00,4688.37,4693.644,4676.707,4681.643,4042,60,0
2026-05-11 03:00:00+00:00,4681.572,4689.826,4674.933,4687.026,2766,60,0
2026-05-11 03:15:00+00:00,4687.085,4690.555,4683.944,4689.595,2217,60,0
2026-05-11 03:30:00+00:00,4689.567,4690.478,4682.396,4687.758,2222,60,0
2026-05-11 03:45:00+00:00,4687.713,4687.767,4677.048,4678.928,2043,60,0
2026-05-11 04:00:00+00:00,4678.734,4679.791,4673.541,4677.503,2254,60,0
2026-05-11 04:15:00+00:00,4677.69,4678.92,4670.334,4672.01,2135,60,0
2026-05-11 04:30:00+00:00,4672.01,4674.55,4668.581,4673.303,2123,60,0
2026-05-11 04:45:00+00:00,4673.242,4676.144,4671.997,4672.266,1398,60,0
2026-05-11 05:00:00+00:00,4672.237,4676.179,4670.832,4673.644,1897,60,0
2026-05-11 05:15:00+00:00,4673.634,4675.296,4670.891,4670.891,1676,60,0
2026-05-11 05:30:00+00:00,4670.83,4680.661,4662.144,4663.886,4065,60,0
2026-05-11 05:45:00+00:00,4663.916,4664.271,4648.348,4652.392,5028,60,0
2026-05-11 06:00:00+00:00,4652.565,4667.106,4649.329,4665.432,3988,60,0
2026-05-11 06:15:00+00:00,4665.539,4670.864,4664.259,4667.37,3306,60,0
2026-05-11 06:30:00+00:00,4667.38,4675.847,4667.232,4674.291,2812,60,0
2026-05-11 06:45:00+00:00,4674.243,4680.552,4671.514,4678.31,2753,60,0
2026-05-11 07:00:00+00:00,4678.384,4680.318,4674.659,4676.242,2803,60,0
2026-05-11 07:15:00+00:00,4675.97,4678.205,4672.302,4675.763,2137,60,0
2026-05-11 07:30:00+00:00,4675.858,4678.188,4671.794,4672.191,2306,60,0
2026-05-11 07:45:00+00:00,4672.07,4673.147,4664.544,4667.746,2202,60,0
2026-05-11 08:00:00+00:00,4667.882,4673.76,4664.175,4672.076,2928,60,0
2026-05-11 08:15:00+00:00,4671.927,4678.73,4671.806,4671.844,2424,60,0
2026-05-11 08:30:00+00:00,4671.784,4675.425,4669.248,4670.382,2119,60,0
2026-05-11 08:45:00+00:00,4670.534,4671.602,4666.663,4667.618,1905,60,0
2026-05-11 09:00:00+00:00,4667.783,4669.976,4665.219,4667.71,1860,60,0
2026-05-11 09:15:00+00:00,4667.734,4667.751,4657.114,4657.743,2305,60,0
2026-05-11 09:30:00+00:00,4657.767,4663.586,4650.654,4662.849,2936,60,0
2026-05-11 09:45:00+00:00,4662.81,4665.077,4656.15,4656.89,2056,60,0
2026-05-11 10:00:00+00:00,4656.811,4662.966,4656.274,4662.515,2010,60,0
2026-05-11 10:15:00+00:00,4662.491,4665.938,4660.405,4663.263,1709,60,0
2026-05-11 10:30:00+00:00,4663.62,4666.711,4660.304,4663.299,2057,60,0
2026-05-11 10:45:00+00:00,4663.385,4667.369,4661.378,4664.118,1834,60,0
2026-05-11 11:00:00+00:00,4663.981,4672.466,4663.981,4669.346,2141,60,0
2026-05-11 11:15:00+00:00,4669.605,4672.195,4667.594,4671.979,1652,60,0
2026-05-11 11:30:00+00:00,4671.815,4677.364,4670.327,4674.616,2220,60,0
2026-05-11 11:45:00+00:00,4674.662,4675.059,4670.5,4674.444,1927,60,0
2026-05-11 12:00:00+00:00,4674.613,4675.91,4667.537,4668.648,2390,60,0
2026-05-11 12:15:00+00:00,4668.582,4695.405,4667.467,4690.544,5822,60,0
2026-05-11 12:30:00+00:00,4690.765,4698.445,4689.194,4692.297,4348,60,0
2026-05-11 12:45:00+00:00,4692.375,4701.259,4686.24,4700.138,4361,60,0
2026-05-11 13:00:00+00:00,4699.903,4721.916,4698.651,4721.137,6081,60,0
2026-05-11 13:15:00+00:00,4721.0,4735.733,4720.527,4728.554,6036,60,0
2026-05-11 13:30:00+00:00,4728.489,4745.608,4728.212,4743.683,7337,60,0
2026-05-11 13:45:00+00:00,4743.622,4748.705,4735.022,4736.43,5020,60,0
2026-05-11 14:00:00+00:00,4736.422,4738.759,4718.646,4730.835,4722,60,0
2026-05-11 14:15:00+00:00,4730.774,4734.005,4724.59,4725.271,4149,60,0
2026-05-11 14:30:00+00:00,4725.335,4733.655,4715.336,4732.392,5814,60,0
2026-05-11 14:45:00+00:00,4732.332,4734.163,4723.852,4725.767,3306,60,0
2026-05-11 15:00:00+00:00,4725.702,4731.71,4722.837,4728.387,3056,60,0
2026-05-11 15:15:00+00:00,4728.511,4738.311,4727.431,4732.817,2686,60,0
2026-05-11 15:30:00+00:00,4732.757,4734.875,4726.51,4727.445,2686,60,0
2026-05-11 15:45:00+00:00,4727.516,4732.65,4724.77,4731.996,2917,60,0
2026-05-11 16:00:00+00:00,4732.36,4733.666,4727.212,4727.818,2097,60,0
2026-05-11 16:15:00+00:00,4728.002,4728.156,4722.385,4724.139,2125,60,0
2026-05-11 16:30:00+00:00,4724.081,4726.207,4707.979,4711.494,3977,60,0
2026-05-11 16:45:00+00:00,4711.43,4716.953,4709.037,4716.402,3117,60,0
2026-05-11 17:00:00+00:00,4716.671,4720.007,4715.894,4718.236,2104,60,0
2026-05-11 17:15:00+00:00,4718.251,4721.844,4717.148,4718.35,2225,60,0
2026-05-11 17:30:00+00:00,4718.291,4724.627,4717.808,4723.841,1641,60,0
2026-05-11 17:45:00+00:00,4724.056,4724.676,4721.735,4723.57,1317,60,0
2026-05-11 18:00:00+00:00,4723.631,4727.012,4721.95,4723.684,1668,60,0
2026-05-11 18:15:00+00:00,4723.396,4727.69,4720.831,4727.136,1828,60,0
2026-05-11 18:30:00+00:00,4727.436,4729.565,4725.938,4727.08,1332,60,0
2026-05-11 18:45:00+00:00,4727.011,4729.245,4724.936,4725.158,1449,60,0
2026-05-11 19:00:00+00:00,4725.225,4728.525,4723.742,4725.056,1685,60,0
2026-05-11 19:15:00+00:00,4725.117,4725.769,4723.201,4724.226,1364,60,0
2026-05-11 19:30:00+00:00,4724.283,4728.725,4722.389,4727.189,1485,60,0
2026-05-11 19:45:00+00:00,4726.961,4736.537,4726.961,4733.449,1832,60,0
2026-05-11 20:00:00+00:00,4733.508,4737.968,4729.878,4735.259,1627,60,0
2026-05-11 20:15:00+00:00,4735.228,4735.627,4733.451,4735.247,900,60,0
2026-05-11 20:30:00+00:00,4735.306,4738.708,4734.879,4737.762,746,60,0
2026-05-11 20:45:00+00:00,4737.701,4737.886,4732.465,4735.292,961,60,0
2026-05-11 22:00:00+00:00,4739.645,4744.085,4738.383,4739.048,1135,100,0
2026-05-11 22:15:00+00:00,4739.384,4741.966,4737.631,4739.717,968,60,0
2026-05-11 22:30:00+00:00,4739.656,4745.361,4738.911,4744.738,1083,60,0
2026-05-11 22:45:00+00:00,4744.73,4755.087,4744.153,4751.082,1790,60,0
2026-05-11 23:00:00+00:00,4750.866,4754.594,4746.006,4751.087,1564,60,0
2026-05-11 23:15:00+00:00,4751.047,4754.845,4750.822,4753.129,1204,60,0
2026-05-11 23:30:00+00:00,4752.76,4759.62,4751.455,4755.888,1738,60,0
2026-05-11 23:45:00+00:00,4755.888,4770.144,4755.425,4767.708,2222,60,0
2026-05-12 00:00:00+00:00,4767.626,4770.051,4758.776,4767.281,4029,60,0
2026-05-12 00:15:00+00:00,4767.343,4773.703,4753.272,4762.518,4386,60,0
2026-05-12 00:30:00+00:00,4762.453,4763.986,4757.453,4757.789,2696,60,0
2026-05-12 00:45:00+00:00,4757.885,4762.131,4748.43,4749.467,3410,60,0
2026-05-12 01:00:00+00:00,4749.532,4755.54,4742.221,4746.416,6951,60,0
2026-05-12 01:15:00+00:00,4746.537,4751.853,4733.8,4735.444,5197,60,0
2026-05-12 01:30:00+00:00,4735.377,4739.021,4720.168,4729.353,5643,60,0
2026-05-12 01:45:00+00:00,4729.285,4731.446,4723.707,4727.327,4122,60,0
2026-05-12 02:00:00+00:00,4727.26,4733.812,4725.38,4731.411,3658,60,0
2026-05-12 02:15:00+00:00,4731.764,4731.764,4724.706,4727.233,2592,60,0
2026-05-12 02:30:00+00:00,4726.882,4732.039,4722.087,4731.614,3958,60,0
2026-05-12 02:45:00+00:00,4731.594,4733.513,4727.128,4729.963,3199,60,0
2026-05-12 03:00:00+00:00,4730.2,4733.143,4727.062,4731.045,2845,60,0
2026-05-12 03:15:00+00:00,4731.281,4731.415,4722.912,4724.105,2369,60,0
2026-05-12 03:30:00+00:00,4723.87,4728.2,4723.87,4724.195,1652,60,0
2026-05-12 03:45:00+00:00,4724.264,4724.644,4718.055,4720.414,2096,60,0
2026-05-12 04:00:00+00:00,4720.098,4723.508,4719.787,4721.887,1715,60,0
2026-05-12 04:15:00+00:00,4721.945,4730.512,4721.607,4722.319,2291,60,0
2026-05-12 04:30:00+00:00,4722.717,4726.653,4721.024,4724.818,1474,60,0
2026-05-12 04:45:00+00:00,4724.899,4725.279,4711.202,4714.345,2660,60,0
2026-05-12 05:00:00+00:00,4713.985,4718.703,4708.873,4712.67,2969,60,0
2026-05-12 05:15:00+00:00,4712.739,4717.004,4712.509,4715.234,2084,60,0
2026-05-12 05:30:00+00:00,4715.585,4722.072,4713.008,4715.207,3801,60,0
2026-05-12 05:45:00+00:00,4715.273,4720.108,4710.032,4714.529,3638,60,0
2026-05-12 06:00:00+00:00,4714.153,4714.616,4702.915,4705.327,4010,60,0
2026-05-12 06:15:00+00:00,4705.241,4707.154,4695.139,4696.24,3621,60,0
2026-05-12 06:30:00+00:00,4696.302,4704.649,4695.306,4702.564,3166,60,0
2026-05-12 06:45:00+00:00,4702.627,4704.439,4694.36,4696.86,3746,60,0
2026-05-12 07:00:00+00:00,4696.924,4698.383,4686.622,4695.977,4124,60,0
2026-05-12 07:15:00+00:00,4695.824,4699.847,4693.73,4698.036,2473,60,0
2026-05-12 07:30:00+00:00,4697.996,4702.397,4695.625,4700.391,2220,60,0
2026-05-12 07:45:00+00:00,4700.319,4704.019,4697.731,4700.044,2511,60,0
2026-05-12 08:00:00+00:00,4699.981,4706.704,4699.18,4699.672,2535,60,0
2026-05-12 08:15:00+00:00,4699.736,4704.125,4696.956,4702.857,2114,60,0
2026-05-12 08:30:00+00:00,4702.798,4704.612,4698.305,4700.283,1998,60,0
2026-05-12 08:45:00+00:00,4700.206,4706.713,4698.961,4703.662,2323,60,0
2026-05-12 09:00:00+00:00,4703.604,4703.604,4697.857,4698.06,1923,60,0
2026-05-12 09:15:00+00:00,4697.901,4702.416,4697.479,4699.637,1855,60,0
2026-05-12 09:30:00+00:00,4699.858,4705.319,4694.336,4695.492,3187,60,0
2026-05-12 09:45:00+00:00,4695.561,4701.783,4694.47,4699.391,1992,60,0
2026-05-12 10:00:00+00:00,4699.487,4708.646,4698.785,4705.202,2145,60,0
2026-05-12 10:15:00+00:00,4705.17,4705.506,4698.809,4700.382,2097,60,0
2026-05-12 10:30:00+00:00,4700.447,4700.47,4685.225,4690.894,3459,60,0
2026-05-12 10:45:00+00:00,4690.978,4694.409,4689.834,4694.313,2195,60,0
2026-05-12 11:00:00+00:00,4694.668,4698.242,4687.066,4691.902,3762,60,0
2026-05-12 11:15:00+00:00,4691.846,4700.385,4691.687,4700.022,2218,60,0
2026-05-12 11:30:00+00:00,4700.079,4706.292,4697.812,4704.491,2134,60,0
2026-05-12 11:45:00+00:00,4704.546,4709.488,4702.623,4706.851,2237,60,0
2026-05-12 12:00:00+00:00,4706.92,4708.346,4698.526,4705.606,2660,60,0
2026-05-12 12:15:00+00:00,4705.547,4708.517,4695.201,4697.35,3425,60,0
2026-05-12 12:30:00+00:00,4697.358,4708.761,4689.534,4703.035,5629,60,0
2026-05-12 12:45:00+00:00,4703.108,4711.765,4700.507,4705.635,4288,60,0
2026-05-12 13:00:00+00:00,4705.871,4709.109,4687.334,4689.151,5480,60,0
2026-05-12 13:15:00+00:00,4689.21,4695.323,4679.473,4690.98,4970,60,0
2026-05-12 13:30:00+00:00,4690.683,4701.89,4683.737,4699.04,7052,60,0
2026-05-12 13:45:00+00:00,4698.979,4701.338,4676.947,4679.466,6511,60,0
2026-05-12 14:00:00+00:00,4679.53,4695.202,4675.902,4692.809,6237,60,0
2026-05-12 14:15:00+00:00,4693.109,4694.259,4682.167,4683.489,4404,60,0
2026-05-12 14:30:00+00:00,4683.426,4688.157,4671.537,4686.055,5728,60,0
2026-05-12 14:45:00+00:00,4685.991,4685.991,4669.262,4673.105,5565,60,0
2026-05-12 15:00:00+00:00,4673.039,4676.06,4664.311,4664.637,5508,60,0
2026-05-12 15:15:00+00:00,4664.523,4666.348,4638.121,4655.921,9197,60,0
2026-05-12 15:30:00+00:00,4655.979,4668.076,4654.032,4665.537,5041,60,0
2026-05-12 15:45:00+00:00,4665.594,4670.32,4664.354,4666.289,3347,60,0
2026-05-12 16:00:00+00:00,4666.053,4673.298,4664.201,4672.076,2718,60,0
2026-05-12 16:15:00+00:00,4671.785,4675.244,4666.347,4668.207,2669,60,0
2026-05-12 16:30:00+00:00,4668.541,4671.657,4665.063,4669.678,2662,60,0
2026-05-12 16:45:00+00:00,4669.907,4674.377,4666.829,4671.053,2471,60,0
2026-05-12 17:00:00+00:00,4671.111,4679.924,4671.111,4677.4,2575,60,0
2026-05-12 17:15:00+00:00,4677.187,4682.493,4677.028,4679.582,2622,60,0
2026-05-12 17:30:00+00:00,4679.522,4680.789,4676.129,4679.659,2151,60,0
2026-05-12 17:45:00+00:00,4679.92,4680.732,4677.718,4679.046,1752,60,0
2026-05-12 18:00:00+00:00,4679.103,4683.695,4676.206,4681.27,2822,60,0
2026-05-12 18:15:00+00:00,4681.328,4687.85,4680.058,4685.486,2116,60,0
2026-05-12 18:30:00+00:00,4685.311,4697.76,4684.99,4695.325,2421,60,0
2026-05-12 18:45:00+00:00,4695.256,4698.357,4690.899,4695.929,2328,60,0
2026-05-12 19:00:00+00:00,4696.215,4702.864,4696.215,4700.164,1789,60,0
2026-05-12 19:15:00+00:00,4700.224,4704.702,4699.004,4703.439,1742,60,0
2026-05-12 19:30:00+00:00,4703.497,4710.612,4703.497,4709.407,1855,60,0
2026-05-12 19:45:00+00:00,4709.348,4715.993,4709.138,4715.897,1892,60,0
2026-05-12 20:00:00+00:00,4715.84,4719.612,4712.214,4713.418,1692,60,0
2026-05-12 20:15:00+00:00,4713.476,4716.395,4712.408,4713.229,1039,60,0
2026-05-12 20:30:00+00:00,4713.168,4715.633,4712.462,4715.084,988,60,0
2026-05-12 20:45:00+00:00,4714.805,4716.048,4713.479,4715.278,967,60,0
2026-05-12 22:00:00+00:00,4717.115,4721.297,4711.696,4714.766,1658,118,0
2026-05-12 22:15:00+00:00,4714.606,4719.541,4712.41,4716.984,1123,100,0
2026-05-12 22:30:00+00:00,4716.909,4720.237,4715.6,4716.696,1073,74,0
2026-05-12 22:45:00+00:00,4716.694,4722.373,4716.405,4717.173,1075,60,0
2026-05-12 23:00:00+00:00,4717.111,4723.217,4715.752,4717.925,1464,60,0
2026-05-12 23:15:00+00:00,4717.931,4723.89,4717.378,4720.533,1489,60,0
2026-05-12 23:30:00+00:00,4720.594,4722.04,4716.548,4721.276,1633,60,0
2026-05-12 23:45:00+00:00,4721.229,4723.665,4715.336,4716.811,1859,60,0
2026-05-13 00:00:00+00:00,4717.201,4727.184,4714.996,4720.549,3633,60,0
2026-05-13 00:15:00+00:00,4720.582,4726.416,4720.315,4722.581,2940,60,0
2026-05-13 00:30:00+00:00,4722.501,4725.168,4716.982,4720.576,2542,60,0
2026-05-13 00:45:00+00:00,4720.52,4720.666,4713.643,4714.53,2661,60,0
2026-05-13 01:00:00+00:00,4714.59,4717.142,4707.386,4709.897,5529,60,0
2026-05-13 01:15:00+00:00,4709.89,4710.892,4702.926,4704.395,3428,60,0
2026-05-13 01:30:00+00:00,4704.332,4710.589,4701.803,4709.08,3186,60,0
2026-05-13 01:45:00+00:00,4708.809,4710.87,4701.146,4702.702,2324,60,0
2026-05-13 02:00:00+00:00,4702.547,4707.533,4699.203,4701.742,2647,60,0
2026-05-13 02:15:00+00:00,4701.379,4704.156,4698.121,4700.197,1897,60,0
2026-05-13 02:30:00+00:00,4700.542,4700.622,4693.995,4694.401,2610,60,0
2026-05-13 02:45:00+00:00,4694.688,4697.342,4687.535,4692.062,3237,60,0
2026-05-13 03:00:00+00:00,4692.01,4694.646,4689.036,4692.239,2420,60,0
2026-05-13 03:15:00+00:00,4692.184,4700.852,4691.125,4700.553,1783,60,0
2026-05-13 03:30:00+00:00,4700.55,4705.99,4700.185,4704.124,1762,60,0
2026-05-13 03:45:00+00:00,4703.828,4705.031,4694.42,4696.208,1855,60,0
2026-05-13 04:00:00+00:00,4696.162,4699.174,4695.493,4698.271,1625,60,0
2026-05-13 04:15:00+00:00,4698.259,4703.343,4697.945,4701.281,1452,60,0
2026-05-13 04:30:00+00:00,4701.553,4703.539,4697.269,4698.563,1556,60,0
2026-05-13 04:45:00+00:00,4698.89,4701.96,4698.236,4699.462,1617,60,0
2026-05-13 05:00:00+00:00,4699.696,4707.44,4698.316,4705.267,2050,60,0
2026-05-13 05:15:00+00:00,4705.5,4705.645,4697.98,4698.295,1861,60,0
2026-05-13 05:30:00+00:00,4698.235,4702.791,4693.573,4697.089,3536,60,0
2026-05-13 05:45:00+00:00,4696.969,4705.528,4696.383,4703.954,2403,60,0
2026-05-13 06:00:00+00:00,4703.987,4712.979,4703.423,4710.95,2663,60,0
2026-05-13 06:15:00+00:00,4710.987,4715.271,4706.882,4708.957,2552,60,0
2026-05-13 06:30:00+00:00,4708.719,4713.793,4707.923,4711.625,2250,60,0
2026-05-13 06:45:00+00:00,4711.648,4712.195,4699.166,4701.912,2727,60,0
2026-05-13 07:00:00+00:00,4701.803,4705.4,4696.625,4702.1,3181,60,0
2026-05-13 07:15:00+00:00,4702.362,4709.012,4702.12,4707.496,2204,60,0
2026-05-13 07:30:00+00:00,4707.564,4707.959,4703.04,4703.887,1658,60,0
2026-05-13 07:45:00+00:00,4703.65,4704.776,4701.386,4703.062,1965,60,0
2026-05-13 08:00:00+00:00,4703.002,4704.444,4698.607,4700.396,2060,60,0
2026-05-13 08:15:00+00:00,4700.4,4701.081,4694.723,4696.981,2160,60,0
2026-05-13 08:30:00+00:00,4697.019,4699.849,4694.406,4695.863,1733,60,0
2026-05-13 08:45:00+00:00,4695.923,4702.767,4694.704,4700.811,2159,60,0
2026-05-13 09:00:00+00:00,4700.709,4701.983,4693.458,4694.715,1900,60,0
2026-05-13 09:15:00+00:00,4694.725,4695.384,4685.971,4689.129,2467,60,0
2026-05-13 09:30:00+00:00,4689.048,4694.67,4686.198,4694.038,2505,60,0
2026-05-13 09:45:00+00:00,4693.973,4701.101,4693.124,4700.811,1688,60,0
2026-05-13 10:00:00+00:00,4700.875,4710.715,4698.675,4702.526,2782,60,0
2026-05-13 10:15:00+00:00,4702.62,4705.992,4698.855,4699.819,2038,60,0
2026-05-13 10:30:00+00:00,4699.468,4700.076,4694.021,4695.67,1975,60,0
2026-05-13 10:45:00+00:00,4695.9,4696.893,4693.808,4694.025,1748,60,0
2026-05-13 11:00:00+00:00,4694.376,4699.359,4691.44,4698.997,2127,60,0
2026-05-13 11:15:00+00:00,4698.938,4700.761,4696.026,4698.581,2090,60,0
2026-05-13 11:30:00+00:00,4698.717,4705.339,4698.159,4703.256,2269,60,0
2026-05-13 11:45:00+00:00,4703.26,4705.344,4697.527,4697.617,1952,60,0
2026-05-13 12:00:00+00:00,4697.555,4701.587,4693.641,4693.867,2347,60,0
2026-05-13 12:15:00+00:00,4693.92,4694.442,4683.438,4684.955,4160,60,0
2026-05-13 12:30:00+00:00,4685.02,4687.313,4675.921,4682.839,6267,60,0
2026-05-13 12:45:00+00:00,4682.899,4685.436,4677.545,4683.964,3729,60,0
2026-05-13 13:00:00+00:00,4683.903,4691.3,4683.456,4690.092,3780,60,0
2026-05-13 13:15:00+00:00,4689.771,4694.752,4686.631,4688.619,2700,60,0
2026-05-13 13:30:00+00:00,4688.538,4691.086,4673.074,4678.939,6600,60,0
2026-05-13 13:45:00+00:00,4678.878,4683.209,4669.478,4679.612,4953,60,0
2026-05-13 14:00:00+00:00,4679.551,4683.378,4672.849,4681.174,4742,60,0
2026-05-13 14:15:00+00:00,4681.114,4685.555,4673.61,4684.208,3456,60,0
2026-05-13 14:30:00+00:00,4684.318,4690.984,4683.066,4683.991,3612,60,0
2026-05-13 14:45:00+00:00,4684.053,4685.054,4677.296,4680.008,3553,60,0
2026-05-13 15:00:00+00:00,4680.066,4690.967,4678.9,4687.729,3207,60,0
2026-05-13 15:15:00+00:00,4687.738,4691.875,4685.223,4691.191,2627,60,0
2026-05-13 15:30:00+00:00,4691.428,4700.32,4686.878,4699.312,3189,60,0
2026-05-13 15:45:00+00:00,4699.315,4699.731,4694.518,4695.417,2170,60,0
2026-05-13 16:00:00+00:00,4695.585,4703.138,4695.065,4701.983,2119,60,0
2026-05-13 16:15:00+00:00,4701.996,4710.116,4698.583,4707.119,3341,60,0
2026-05-13 16:30:00+00:00,4707.06,4707.897,4699.891,4700.108,2503,60,0
2026-05-13 16:45:00+00:00,4700.295,4701.805,4695.042,4695.849,2101,60,0
2026-05-13 17:00:00+00:00,4695.905,4701.194,4695.832,4699.552,1826,60,0
2026-05-13 17:15:00+00:00,4699.421,4701.465,4696.53,4698.282,1980,60,0
2026-05-13 17:30:00+00:00,4698.342,4698.656,4690.069,4691.098,2493,60,0
2026-05-13 17:45:00+00:00,4691.461,4694.341,4684.786,4685.757,1966,60,0
2026-05-13 18:00:00+00:00,4685.825,4692.606,4684.62,4692.338,1761,60,0
2026-05-13 18:15:00+00:00,4692.404,4694.004,4688.746,4691.897,1670,60,0
2026-05-13 18:30:00+00:00,4691.831,4692.888,4685.635,4686.327,1664,60,0
2026-05-13 18:45:00+00:00,4686.325,4687.77,4677.517,4684.874,2627,60,0
2026-05-13 19:00:00+00:00,4684.931,4689.058,4683.28,4689.038,1453,60,0
2026-05-13 19:15:00+00:00,4688.977,4690.667,4686.758,4687.397,1405,60,0
2026-05-13 19:30:00+00:00,4687.458,4689.059,4684.682,4688.427,1395,60,0
2026-05-13 19:45:00+00:00,4688.664,4689.537,4684.015,4688.179,1865,60,0
2026-05-13 20:00:00+00:00,4688.276,4691.196,4686.017,4691.17,1132,60,0
2026-05-13 20:15:00+00:00,4690.872,4693.679,4690.256,4691.249,871,60,0
2026-05-13 20:30:00+00:00,4691.241,4692.945,4689.318,4690.67,948,60,0
2026-05-13 20:45:00+00:00,4690.975,4691.299,4688.006,4688.938,827,60,0
2026-05-13 22:00:00+00:00,4691.816,4694.147,4689.102,4691.213,996,60,0
2026-05-13 22:15:00+00:00,4691.181,4697.304,4690.977,4697.017,976,60,0
2026-05-13 22:30:00+00:00,4697.035,4700.645,4695.743,4699.043,909,60,0
2026-05-13 22:45:00+00:00,4699.043,4700.782,4696.95,4700.332,889,60,0
2026-05-13 23:00:00+00:00,4700.268,4702.398,4699.15,4701.499,855,60,0
2026-05-13 23:15:00+00:00,4701.261,4701.64,4696.881,4697.566,804,60,0
2026-05-13 23:30:00+00:00,4697.43,4697.756,4694.521,4694.715,1091,60,0
2026-05-13 23:45:00+00:00,4695.001,4697.087,4693.236,4696.806,1141,60,0
2026-05-14 00:00:00+00:00,4696.44,4699.685,4689.641,4697.521,2648,60,0
2026-05-14 00:15:00+00:00,4697.544,4705.614,4697.475,4701.272,2527,60,0
2026-05-14 00:30:00+00:00,4700.972,4703.57,4692.855,4700.077,2385,60,0
2026-05-14 00:45:00+00:00,4700.083,4706.983,4699.605,4705.249,2200,60,0
2026-05-14 01:00:00+00:00,4705.17,4707.046,4684.201,4688.822,7626,60,0
2026-05-14 01:15:00+00:00,4688.884,4695.524,4687.488,4692.992,4322,60,0
2026-05-14 01:30:00+00:00,4692.935,4694.777,4683.633,4688.79,4367,60,0
2026-05-14 01:45:00+00:00,4688.848,4695.133,4683.59,4688.958,3780,60,0
2026-05-14 02:00:00+00:00,4688.729,4694.139,4686.475,4688.551,2912,60,0
2026-05-14 02:15:00+00:00,4688.459,4694.166,4687.057,4693.441,2195,60,0
2026-05-14 02:30:00+00:00,4693.506,4699.573,4689.346,4691.768,3279,60,0
2026-05-14 02:45:00+00:00,4692.005,4693.419,4679.939,4686.572,3920,60,0
2026-05-14 03:00:00+00:00,4686.659,4690.405,4681.463,4683.105,3216,60,0
2026-05-14 03:15:00+00:00,4682.822,4693.293,4681.659,4691.329,3008,60,0
2026-05-14 03:30:00+00:00,4691.244,4691.52,4675.895,4676.537,2759,60,0
2026-05-14 03:45:00+00:00,4676.604,4677.973,4674.198,4674.921,2346,60,0
2026-05-14 04:00:00+00:00,4675.007,4682.45,4667.932,4682.14,2905,60,0
2026-05-14 04:15:00+00:00,4682.139,4707.574,4681.811,4702.549,3349,60,0
2026-05-14 04:30:00+00:00,4702.169,4712.951,4701.556,4704.845,3110,60,0
2026-05-14 04:45:00+00:00,4705.158,4707.069,4702.462,4702.645,2066,60,0
2026-05-14 05:00:00+00:00,4702.716,4704.302,4699.793,4700.047,2328,60,0
2026-05-14 05:15:00+00:00,4700.194,4700.425,4693.426,4693.887,1970,60,0
2026-05-14 05:30:00+00:00,4693.829,4701.488,4693.517,4697.511,3678,60,0
2026-05-14 05:45:00+00:00,4697.579,4703.369,4689.294,4690.037,3254,60,0
2026-05-14 06:00:00+00:00,4690.005,4694.591,4686.158,4687.77,3004,60,0
2026-05-14 06:15:00+00:00,4687.75,4693.261,4686.651,4691.368,2317,60,0
2026-05-14 06:30:00+00:00,4691.502,4699.87,4690.538,4698.694,2258,60,0
2026-05-14 06:45:00+00:00,4698.859,4702.569,4694.87,4700.17,2767,60,0
2026-05-14 07:00:00+00:00,4700.083,4702.113,4694.619,4695.528,2778,60,0
2026-05-14 07:15:00+00:00,4695.584,4707.059,4694.937,4705.422,2777,60,0
2026-05-14 07:30:00+00:00,4705.503,4719.02,4703.092,4709.445,3761,60,0
2026-05-14 07:45:00+00:00,4709.422,4709.807,4690.693,4693.334,3877,60,0
2026-05-14 08:00:00+00:00,4693.397,4701.096,4691.949,4699.136,3029,60,0
2026-05-14 08:15:00+00:00,4698.922,4705.068,4697.84,4702.959,2597,60,0
2026-05-14 08:30:00+00:00,4703.316,4706.537,4695.581,4697.244,2589,60,0
2026-05-14 08:45:00+00:00,4697.3,4697.845,4692.952,4693.51,2116,60,0
2026-05-14 09:00:00+00:00,4693.581,4698.192,4690.126,4694.729,2548,60,0
2026-05-14 09:15:00+00:00,4694.659,4696.773,4690.697,4690.829,1824,60,0
2026-05-14 09:30:00+00:00,4690.984,4697.349,4688.554,4695.669,2811,60,0
2026-05-14 09:45:00+00:00,4695.755,4702.514,4695.635,4699.64,2331,60,0
2026-05-14 10:00:00+00:00,4699.492,4705.441,4695.972,4697.181,2588,60,0
2026-05-14 10:15:00+00:00,4697.242,4698.547,4693.838,4697.726,2300,60,0
2026-05-14 10:30:00+00:00,4697.477,4698.21,4692.186,4693.817,1866,60,0
2026-05-14 10:45:00+00:00,4693.873,4697.645,4691.17,4696.909,2315,60,0
2026-05-14 11:00:00+00:00,4696.848,4699.004,4692.892,4697.307,2134,60,0
2026-05-14 11:15:00+00:00,4697.602,4697.676,4689.346,4692.118,1989,60,0
2026-05-14 11:30:00+00:00,4692.169,4697.227,4690.867,4695.472,1807,60,0
2026-05-14 11:45:00+00:00,4695.534,4704.91,4694.184,4694.184,2996,60,0
2026-05-14 12:00:00+00:00,4694.12,4703.753,4692.466,4703.743,3234,60,0
2026-05-14 12:15:00+00:00,4703.801,4707.764,4698.988,4703.185,2946,60,0
2026-05-14 12:30:00+00:00,4703.177,4710.129,4698.018,4698.223,3693,60,0
2026-05-14 12:45:00+00:00,4698.165,4706.218,4695.98,4705.015,2736,60,0
2026-05-14 13:00:00+00:00,4704.753,4707.901,4696.255,4703.906,4268,60,0
2026-05-14 13:15:00+00:00,4703.963,4704.284,4688.008,4688.414,4975,60,0
2026-05-14 13:30:00+00:00,4688.319,4689.714,4666.726,4676.874,8880,60,0
2026-05-14 13:45:00+00:00,4676.791,4691.226,4676.001,4679.827,7406,60,0
2026-05-14 14:00:00+00:00,4679.766,4690.431,4677.69,4687.516,6438,60,0
2026-05-14 14:15:00+00:00,4687.588,4701.07,4686.747,4691.397,4643,60,0
2026-05-14 14:30:00+00:00,4691.454,4692.542,4686.122,4686.867,3229,60,0
2026-05-14 14:45:00+00:00,4686.818,4690.651,4679.164,4679.755,3888,60,0
2026-05-14 15:00:00+00:00,4679.699,4687.042,4676.997,4685.103,3888,60,0
2026-05-14 15:15:00+00:00,4685.174,4689.406,4684.064,4686.071,2484,60,0
2026-05-14 15:30:00+00:00,4686.136,4689.195,4681.26,4682.814,2418,60,0
2026-05-14 15:45:00+00:00,4682.751,4686.678,4680.984,4685.746,2233,60,0
2026-05-14 16:00:00+00:00,4685.67,4687.029,4674.037,4678.556,2917,60,0
2026-05-14 16:15:00+00:00,4678.778,4681.197,4675.308,4677.481,2004,60,0
2026-05-14 16:30:00+00:00,4677.537,4678.564,4670.285,4675.4,2611,60,0
2026-05-14 16:45:00+00:00,4675.571,4679.142,4672.587,4678.753,1892,60,0
2026-05-14 17:00:00+00:00,4678.81,4682.572,4678.428,4678.576,2167,60,0
2026-05-14 17:15:00+00:00,4678.914,4683.208,4676.913,4677.471,2361,60,0
2026-05-14 17:30:00+00:00,4677.534,4681.598,4676.385,4681.346,1897,60,0
2026-05-14 17:45:00+00:00,4681.32,4681.94,4678.039,4678.445,1368,60,0
2026-05-14 18:00:00+00:00,4678.502,4678.668,4668.737,4674.592,2939,60,0
2026-05-14 18:15:00+00:00,4674.654,4676.389,4672.986,4673.705,1567,60,0
2026-05-14 18:30:00+00:00,4673.761,4675.052,4668.554,4668.825,1502,60,0
2026-05-14 18:45:00+00:00,4668.894,4671.908,4667.116,4671.536,1564,60,0
2026-05-14 19:00:00+00:00,4671.594,4672.002,4666.66,4667.68,1433,60,0
2026-05-14 19:15:00+00:00,4667.709,4669.435,4663.033,4663.234,1481,60,0
2026-05-14 19:30:00+00:00,4663.296,4665.522,4655.661,4656.748,2457,60,0
2026-05-14 19:45:00+00:00,4656.479,4659.067,4653.112,4654.407,2525,60,0
2026-05-14 20:00:00+00:00,4654.229,4657.479,4649.134,4649.967,1762,60,0
2026-05-14 20:15:00+00:00,4649.908,4651.143,4646.765,4648.113,1126,60,0
2026-05-14 20:30:00+00:00,4648.174,4652.874,4644.424,4650.774,1372,60,0
2026-05-14 20:45:00+00:00,4650.898,4652.658,4649.307,4651.463,1105,60,0
2026-05-14 22:00:00+00:00,4651.93,4658.295,4647.045,4655.768,1675,60,0
2026-05-14 22:15:00+00:00,4655.761,4659.521,4655.367,4659.088,1111,60,0
2026-05-14 22:30:00+00:00,4659.127,4662.59,4658.598,4661.746,1129,60,0
2026-05-14 22:45:00+00:00,4661.778,4662.952,4660.06,4662.321,855,60,0
2026-05-14 23:00:00+00:00,4662.619,4663.458,4659.063,4659.401,1045,60,0
2026-05-14 23:15:00+00:00,4659.367,4664.479,4655.642,4663.959,1437,60,0
2026-05-14 23:30:00+00:00,4664.166,4665.521,4646.721,4657.237,2388,60,0
2026-05-14 23:45:00+00:00,4657.301,4657.723,4648.353,4652.391,2194,60,0
2026-05-15 00:00:00+00:00,4652.242,4653.761,4642.162,4650.529,4606,60,0
2026-05-15 00:15:00+00:00,4650.601,4658.312,4629.663,4629.829,6342,60,0
2026-05-15 00:30:00+00:00,4629.895,4630.75,4613.393,4618.679,5957,60,0
2026-05-15 00:45:00+00:00,4618.746,4630.566,4617.351,4630.27,5204,60,0
2026-05-15 01:00:00+00:00,4630.208,4631.564,4607.735,4614.756,11063,60,0
2026-05-15 01:15:00+00:00,4614.817,4626.011,4608.423,4609.113,8127,60,0
2026-05-15 01:30:00+00:00,4609.197,4623.052,4607.702,4622.812,6177,60,0
2026-05-15 01:45:00+00:00,4623.059,4624.471,4607.208,4614.196,6150,60,0
2026-05-15 02:00:00+00:00,4614.285,4619.211,4609.779,4613.072,5290,60,0
2026-05-15 02:15:00+00:00,4613.287,4616.731,4609.267,4612.495,3554,60,0
2026-05-15 02:30:00+00:00,4612.435,4618.09,4609.794,4617.746,3925,60,0
2026-05-15 02:45:00+00:00,4617.821,4623.463,4611.812,4618.253,3654,60,0
2026-05-15 03:00:00+00:00,4618.135,4622.208,4614.614,4617.47,2775,60,0
2026-05-15 03:15:00+00:00,4617.139,4618.38,4609.881,4613.039,2820,60,0
2026-05-15 03:30:00+00:00,4612.688,4617.139,4607.507,4613.276,2469,60,0
2026-05-15 03:45:00+00:00,4613.633,4617.226,4610.7,4615.642,2061,60,0
2026-05-15 04:00:00+00:00,4615.701,4621.671,4613.213,4619.956,2025,60,0
2026-05-15 04:15:00+00:00,4619.964,4620.777,4607.417,4610.751,2357,60,0
2026-05-15 04:30:00+00:00,4611.08,4615.04,4604.373,4605.64,2231,60,0
2026-05-15 04:45:00+00:00,4606.003,4612.526,4604.931,4606.325,2663,60,0
2026-05-15 05:00:00+00:00,4606.388,4606.691,4588.411,4592.271,4789,60,0
2026-05-15 05:15:00+00:00,4592.038,4595.233,4580.772,4588.821,4720,60,0
2026-05-15 05:30:00+00:00,4588.877,4590.106,4563.801,4568.703,10419,60,0
2026-05-15 05:45:00+00:00,4568.639,4573.193,4556.744,4559.018,7521,60,0
2026-05-15 06:00:00+00:00,4558.935,4573.209,4556.286,4570.881,7808,60,0
2026-05-15 06:15:00+00:00,4570.966,4578.426,4570.233,4575.101,5570,60,0
2026-05-15 06:30:00+00:00,4575.01,4580.715,4566.877,4567.827,4485,60,0
2026-05-15 06:45:00+00:00,4567.894,4574.403,4564.323,4570.146,5009,60,0
2026-05-15 07:00:00+00:00,4569.794,4586.274,4566.105,4585.737,6324,60,0
2026-05-15 07:15:00+00:00,4585.812,4588.678,4579.202,4581.688,4166,60,0
2026-05-15 07:30:00+00:00,4581.964,4582.601,4574.752,4577.563,3182,60,0
2026-05-15 07:45:00+00:00,4577.706,4578.775,4568.278,4571.011,2975,60,0
2026-05-15 08:00:00+00:00,4570.725,4572.153,4557.202,4565.451,4559,60,0
2026-05-15 08:15:00+00:00,4565.517,4565.688,4552.781,4558.21,5065,60,0
2026-05-15 08:30:00+00:00,4558.133,4562.726,4549.966,4562.443,5649,60,0
2026-05-15 08:45:00+00:00,4562.363,4563.802,4552.794,4554.624,3282,60,0
2026-05-15 09:00:00+00:00,4554.28,4563.725,4545.876,4547.468,4992,60,0
2026-05-15 09:15:00+00:00,4547.409,4554.779,4539.286,4553.352,4805,60,0
2026-05-15 09:30:00+00:00,4553.329,4555.716,4542.65,4543.747,3953,60,0
2026-05-15 09:45:00+00:00,4543.691,4546.972,4532.005,4545.983,5524,60,0
2026-05-15 10:00:00+00:00,4545.909,4563.037,4544.068,4561.014,4518,60,0
2026-05-15 10:15:00+00:00,4561.07,4563.49,4551.934,4551.952,3694,60,0
2026-05-15 10:30:00+00:00,4551.95,4556.765,4549.702,4555.497,3431,60,0
2026-05-15 10:45:00+00:00,4555.08,4572.615,4554.133,4566.216,7257,60,0
2026-05-15 11:00:00+00:00,4566.152,4570.326,4560.896,4566.567,4802,60,0
2026-05-15 11:15:00+00:00,4566.626,4568.617,4559.101,4562.229,3050,60,0
2026-05-15 11:30:00+00:00,4562.159,4562.691,4550.946,4551.693,3048,60,0
2026-05-15 11:45:00+00:00,4551.667,4558.985,4549.836,4552.206,3402,60,0
2026-05-15 12:00:00+00:00,4552.175,4555.418,4545.148,4545.862,4216,60,0
2026-05-15 12:15:00+00:00,4545.63,4558.991,4544.884,4555.238,4723,60,0
2026-05-15 12:30:00+00:00,4555.016,4555.168,4543.718,4545.847,3983,60,0
2026-05-15 12:45:00+00:00,4545.762,4555.806,4543.689,4546.177,3764,60,0
2026-05-15 13:00:00+00:00,4546.086,4549.695,4536.072,4546.576,8062,60,0
2026-05-15 13:15:00+00:00,4546.67,4557.762,4540.796,4549.145,4327,60,0
2026-05-15 13:30:00+00:00,4549.035,4551.402,4520.04,4520.252,11616,60,0
2026-05-15 13:45:00+00:00,4520.185,4542.071,4511.34,4533.667,9726,60,0
2026-05-15 14:00:00+00:00,4533.609,4550.704,4525.548,4543.487,8990,60,0
2026-05-15 14:15:00+00:00,4543.547,4563.07,4540.467,4555.489,9313,60,0
2026-05-15 14:30:00+00:00,4555.421,4560.464,4550.644,4556.764,7050,60,0
2026-05-15 14:45:00+00:00,4557.113,4566.687,4546.063,4562.892,6460,60,0
2026-05-15 15:00:00+00:00,4562.96,4563.771,4550.787,4552.352,5982,60,0
2026-05-15 15:15:00+00:00,4552.292,4554.183,4542.855,4547.288,4833,60,0
2026-05-15 15:30:00+00:00,4547.224,4550.523,4540.026,4541.619,4836,60,0
2026-05-15 15:45:00+00:00,4541.269,4543.479,4533.752,4539.774,4223,60,0
2026-05-15 16:00:00+00:00,4540.057,4542.611,4529.374,4532.906,3781,60,0
2026-05-15 16:15:00+00:00,4532.555,4542.526,4531.372,4541.158,3024,60,0
2026-05-15 16:30:00+00:00,4541.219,4547.88,4539.996,4547.032,2958,60,0
2026-05-15 16:45:00+00:00,4547.017,4548.162,4541.951,4544.383,2421,60,0
2026-05-15 17:00:00+00:00,4544.328,4558.227,4543.237,4557.003,3657,60,0
2026-05-15 17:15:00+00:00,4557.061,4564.692,4554.531,4557.716,3360,60,0
2026-05-15 17:30:00+00:00,4557.953,4563.806,4557.71,4561.026,2483,60,0
2026-05-15 17:45:00+00:00,4560.788,4562.717,4557.273,4559.702,1807,60,0
2026-05-15 18:00:00+00:00,4559.766,4562.145,4556.046,4561.946,1887,60,0
2026-05-15 18:15:00+00:00,4561.888,4563.203,4552.886,4558.077,2627,60,0
2026-05-15 18:30:00+00:00,4558.14,4559.068,4552.295,4557.56,2042,60,0
2026-05-15 18:45:00+00:00,4557.507,4562.799,4556.6,4559.499,1577,60,0
2026-05-15 19:00:00+00:00,4559.261,4560.382,4549.69,4550.65,1999,60,0
2026-05-15 19:15:00+00:00,4550.377,4552.882,4548.497,4550.371,1712,60,0
2026-05-15 19:30:00+00:00,4550.427,4555.401,4549.808,4553.684,1891,60,0
2026-05-15 19:45:00+00:00,4553.395,4554.526,4544.945,4546.059,2178,60,0
2026-05-15 20:00:00+00:00,4545.995,4546.564,4536.197,4538.5,2071,60,0
2026-05-15 20:15:00+00:00,4538.555,4539.461,4533.076,4539.337,1930,60,0
2026-05-15 20:30:00+00:00,4539.057,4544.16,4539.057,4540.242,1927,60,0
2026-05-15 20:45:00+00:00,4540.3,4541.619,4536.359,4539.713,1523,60,0
2026-05-17 22:00:00+00:00,4538.508,4554.87,4538.205,4548.752,2027,74,0
2026-05-17 22:15:00+00:00,4548.751,4550.348,4538.385,4541.586,2051,100,0
2026-05-17 22:30:00+00:00,4541.14,4553.803,4541.043,4550.375,2539,60,0
2026-05-17 22:45:00+00:00,4550.233,4554.408,4543.885,4546.4,1890,60,0
2026-05-17 23:00:00+00:00,4546.405,4548.293,4539.772,4541.539,2181,60,0
2026-05-17 23:15:00+00:00,4541.48,4544.499,4538.001,4538.213,2180,60,0
2026-05-17 23:30:00+00:00,4538.268,4541.442,4532.547,4539.356,3024,60,0
2026-05-17 23:45:00+00:00,4539.463,4544.324,4532.086,4537.014,3472,60,0
2026-05-18 00:00:00+00:00,4537.082,4542.749,4523.181,4526.547,9052,60,0
2026-05-18 00:15:00+00:00,4526.441,4533.461,4514.441,4515.97,6661,60,0
2026-05-18 00:30:00+00:00,4515.891,4518.995,4480.382,4481.824,12034,60,0
2026-05-18 00:45:00+00:00,4481.761,4516.674,4480.459,4515.223,8730,60,0
2026-05-18 01:00:00+00:00,4515.155,4515.972,4489.579,4495.948,15022,60,0
2026-05-18 01:15:00+00:00,4495.877,4510.139,4492.872,4503.992,10680,60,0
2026-05-18 01:30:00+00:00,4504.08,4514.0,4499.847,4512.433,8909,60,0
2026-05-18 01:45:00+00:00,4512.375,4535.763,4510.896,4525.644,7689,60,0
2026-05-18 02:00:00+00:00,4525.584,4538.773,4522.23,4536.598,6357,60,0
2026-05-18 02:15:00+00:00,4536.668,4540.74,4531.781,4533.47,4252,60,0
2026-05-18 02:30:00+00:00,4533.652,4541.359,4529.476,4536.212,4511,60,0
2026-05-18 02:45:00+00:00,4536.463,4543.117,4530.436,4533.638,3946,60,0
2026-05-18 03:00:00+00:00,4533.697,4535.882,4526.685,4529.862,3731,60,0
2026-05-18 03:15:00+00:00,4529.919,4538.557,4528.311,4535.998,3828,60,0
2026-05-18 03:30:00+00:00,4535.83,4548.154,4525.399,4545.64,5232,60,0
2026-05-18 03:45:00+00:00,4545.631,4547.949,4539.446,4541.152,4511,60,0
2026-05-18 04:00:00+00:00,4541.306,4550.094,4540.903,4544.231,3705,60,0
2026-05-18 04:15:00+00:00,4544.291,4547.404,4530.273,4532.945,4053,60,0
2026-05-18 04:30:00+00:00,4532.886,4544.521,4532.139,4541.643,3436,60,0
2026-05-18 04:45:00+00:00,4541.959,4545.877,4535.441,4540.529,3566,60,0
2026-05-18 05:00:00+00:00,4540.603,4542.897,4533.097,4538.168,4077,60,0
2026-05-18 05:15:00+00:00,4538.101,4550.755,4534.791,4549.019,4631,60,0
2026-05-18 05:30:00+00:00,4549.074,4552.243,4538.381,4539.789,5568,60,0
2026-05-18 05:45:00+00:00,4539.724,4543.125,4530.11,4531.178,4245,60,0
2026-05-18 06:00:00+00:00,4531.123,4540.373,4529.661,4537.616,4961,60,0
2026-05-18 06:15:00+00:00,4537.266,4548.297,4534.457,4537.793,4410,60,0
2026-05-18 06:30:00+00:00,4537.724,4547.217,4534.543,4540.928,4476,60,0
2026-05-18 06:45:00+00:00,4540.69,4547.819,4538.75,4546.659,3607,60,0
2026-05-18 07:00:00+00:00,4546.728,4549.623,4541.917,4543.842,3577,60,0
2026-05-18 07:15:00+00:00,4543.776,4551.561,4538.391,4550.539,3968,60,0
2026-05-18 07:30:00+00:00,4550.48,4560.107,4547.842,4549.225,4994,60,0
2026-05-18 07:45:00+00:00,4549.171,4551.867,4540.184,4546.187,3720,60,0
2026-05-18 08:00:00+00:00,4546.132,4548.958,4542.461,4546.765,2872,60,0
2026-05-18 08:15:00+00:00,4546.71,4551.592,4542.974,4548.193,2730,60,0
2026-05-18 08:30:00+00:00,4548.112,4553.347,4545.913,4548.257,2887,60,0
2026-05-18 08:45:00+00:00,4548.265,4557.06,4548.265,4550.112,2567,60,0
2026-05-18 09:00:00+00:00,4550.099,4552.076,4541.182,4546.547,2754,60,0
2026-05-18 09:15:00+00:00,4546.195,4549.024,4544.683,4545.198,2110,60,0
2026-05-18 09:30:00+00:00,4545.131,4546.313,4540.53,4543.217,3067,60,0
2026-05-18 09:45:00+00:00,4543.161,4544.664,4540.198,4543.237,1979,60,0
2026-05-18 10:00:00+00:00,4543.176,4545.146,4535.75,4539.165,2989,60,0
2026-05-18 10:15:00+00:00,4539.107,4542.498,4538.215,4539.551,2178,60,0
2026-05-18 10:30:00+00:00,4539.611,4544.071,4532.064,4543.649,2697,60,0
2026-05-18 10:45:00+00:00,4543.703,4547.89,4536.828,4540.167,2327,60,0
2026-05-18 11:00:00+00:00,4540.243,4541.713,4529.886,4539.48,3517,60,0
2026-05-18 11:15:00+00:00,4539.424,4540.257,4531.851,4535.805,2894,60,0
2026-05-18 11:30:00+00:00,4535.748,4567.314,4535.474,4562.288,10559,60,0
2026-05-18 11:45:00+00:00,4562.346,4564.786,4549.595,4550.808,6097,60,0
2026-05-18 12:00:00+00:00,4550.874,4556.724,4547.069,4553.635,4037,60,0
2026-05-18 12:15:00+00:00,4553.579,4555.388,4545.217,4550.83,4358,60,0
2026-05-18 12:30:00+00:00,4550.815,4570.056,4550.111,4569.863,6972,60,0
2026-05-18 12:45:00+00:00,4569.513,4575.036,4562.69,4571.208,6178,60,0
2026-05-18 13:00:00+00:00,4571.289,4577.017,4561.814,4567.613,7156,60,0
2026-05-18 13:15:00+00:00,4567.555,4576.692,4563.976,4572.091,3796,60,0
2026-05-18 13:30:00+00:00,4572.176,4580.143,4564.843,4566.54,8451,60,0
2026-05-18 13:45:00+00:00,4566.601,4584.501,4563.802,4575.86,7815,60,0
2026-05-18 14:00:00+00:00,4575.788,4575.788,4559.552,4564.468,7822,60,0
2026-05-18 14:15:00+00:00,4564.23,4568.958,4554.961,4561.79,6224,60,0
2026-05-18 14:30:00+00:00,4561.404,4563.224,4538.452,4547.634,9039,60,0
2026-05-18 14:45:00+00:00,4547.844,4548.726,4537.854,4546.425,6322,60,0
2026-05-18 15:00:00+00:00,4546.516,4548.111,4531.751,4540.475,9141,60,0
2026-05-18 15:15:00+00:00,4540.416,4542.988,4534.366,4534.807,5213,60,0
2026-05-18 15:30:00+00:00,4534.584,4544.603,4534.031,4538.484,4218,60,0
2026-05-18 15:45:00+00:00,4538.541,4546.811,4538.046,4543.725,3404,60,0
2026-05-18 16:00:00+00:00,4543.855,4549.157,4540.24,4548.499,3181,60,0
2026-05-18 16:15:00+00:00,4548.471,4550.702,4534.017,4537.283,4194,60,0
2026-05-18 16:30:00+00:00,4537.227,4544.963,4534.2,4543.306,3810,60,0
2026-05-18 16:45:00+00:00,4543.236,4554.702,4542.84,4550.342,2992,60,0
2026-05-18 17:00:00+00:00,4550.284,4558.371,4547.917,4553.442,2991,60,0
2026-05-18 17:15:00+00:00,4553.447,4555.676,4551.744,4553.946,2199,60,0
2026-05-18 17:30:00+00:00,4553.782,4554.188,4547.495,4548.335,2168,60,0
2026-05-18 17:45:00+00:00,4548.386,4549.812,4545.567,4546.953,1781,60,0
2026-05-18 18:00:00+00:00,4547.204,4547.977,4543.772,4545.434,2013,60,0
2026-05-18 18:15:00+00:00,4545.448,4545.543,4536.672,4542.211,2638,60,0
2026-05-18 18:30:00+00:00,4542.154,4543.91,4539.075,4541.522,2038,60,0
2026-05-18 18:45:00+00:00,4541.583,4543.212,4534.308,4535.697,2162,60,0
2026-05-18 19:00:00+00:00,4535.763,4565.207,4535.264,4554.709,12170,60,0
2026-05-18 19:15:00+00:00,4554.771,4555.888,4546.54,4551.61,3746,60,0
2026-05-18 19:30:00+00:00,4551.671,4561.618,4550.157,4558.368,3134,60,0
2026-05-18 19:45:00+00:00,4558.309,4562.961,4557.624,4558.546,2958,60,0
2026-05-18 20:00:00+00:00,4558.603,4563.104,4557.828,4562.109,1485,60,0
2026-05-18 20:15:00+00:00,4562.054,4566.751,4562.042,4563.43,1457,60,0
2026-05-18 20:30:00+00:00,4563.489,4565.077,4561.806,4564.459,1306,60,0
2026-05-18 20:45:00+00:00,4564.735,4566.886,4562.623,4566.417,1034,60,0
2026-05-18 22:00:00+00:00,4570.538,4573.499,4567.449,4573.245,1084,60,0
2026-05-18 22:15:00+00:00,4573.254,4574.585,4571.122,4572.703,1152,60,0
2026-05-18 22:30:00+00:00,4573.058,4578.264,4571.594,4576.49,1154,60,0
2026-05-18 22:45:00+00:00,4576.497,4577.012,4572.625,4573.799,867,60,0
2026-05-18 23:00:00+00:00,4574.033,4586.851,4573.731,4585.571,1605,60,0
2026-05-18 23:15:00+00:00,4585.619,4589.037,4583.583,4585.584,1323,60,0
2026-05-18 23:30:00+00:00,4585.64,4587.881,4582.844,4585.346,1321,60,0
2026-05-18 23:45:00+00:00,4585.351,4586.653,4579.2,4581.685,1292,60,0
2026-05-19 00:00:00+00:00,4582.043,4589.425,4576.661,4579.07,5172,60,0
2026-05-19 00:15:00+00:00,4579.13,4585.988,4568.766,4573.813,4300,60,0
2026-05-19 00:30:00+00:00,4573.897,4576.335,4568.391,4571.036,3422,60,0
2026-05-19 00:45:00+00:00,4570.967,4572.722,4561.195,4563.226,3069,60,0
2026-05-19 01:00:00+00:00,4563.141,4569.333,4557.561,4566.025,6646,60,0
2026-05-19 01:15:00+00:00,4566.113,4568.559,4554.004,4559.106,4610,60,0
2026-05-19 01:30:00+00:00,4559.001,4572.563,4555.239,4570.678,3822,60,0
2026-05-19 01:45:00+00:00,4570.795,4571.912,4561.58,4563.68,3795,60,0
2026-05-19 02:00:00+00:00,4563.595,4563.718,4552.977,4554.747,4747,60,0
2026-05-19 02:15:00+00:00,4554.679,4562.147,4551.525,4559.89,3277,60,0
2026-05-19 02:30:00+00:00,4559.826,4560.06,4551.073,4556.474,3763,60,0
2026-05-19 02:45:00+00:00,4556.568,4558.102,4545.893,4547.349,3147,60,0
2026-05-19 03:00:00+00:00,4547.268,4552.607,4543.671,4551.748,3462,60,0
2026-05-19 03:15:00+00:00,4551.811,4553.134,4546.86,4549.119,2059,60,0
2026-05-19 03:30:00+00:00,4549.336,4555.01,4546.963,4547.976,2535,60,0
2026-05-19 03:45:00+00:00,4547.909,4549.666,4544.013,4545.16,2354,60,0
2026-05-19 04:00:00+00:00,4545.104,4545.885,4538.802,4540.458,2712,60,0
2026-05-19 04:15:00+00:00,4540.513,4542.998,4538.234,4540.534,2439,60,0
2026-05-19 04:30:00+00:00,4540.183,4542.294,4538.167,4539.988,1986,60,0
2026-05-19 04:45:00+00:00,4539.921,4543.934,4539.684,4542.372,2031,60,0
2026-05-19 05:00:00+00:00,4542.592,4546.693,4540.174,4545.044,2257,60,0
2026-05-19 05:15:00+00:00,4544.788,4545.439,4530.856,4538.473,3414,60,0
2026-05-19 05:30:00+00:00,4538.485,4544.351,4532.894,4538.7,4933,60,0
2026-05-19 05:45:00+00:00,4538.643,4543.378,4533.18,4541.031,4524,60,0
2026-05-19 06:00:00+00:00,4541.109,4546.018,4533.799,4542.252,3781,60,0
2026-05-19 06:15:00+00:00,4542.246,4553.821,4540.915,4547.836,4059,60,0
2026-05-19 06:30:00+00:00,4547.898,4553.025,4545.304,4552.131,3691,60,0
2026-05-19 06:45:00+00:00,4552.451,4552.663,4543.165,4548.005,2628,60,0
2026-05-19 07:00:00+00:00,4548.06,4555.321,4544.225,4548.824,3784,60,0
2026-05-19 07:15:00+00:00,4548.816,4550.159,4543.197,4548.191,2654,60,0
2026-05-19 07:30:00+00:00,4548.134,4549.322,4541.481,4542.383,3067,60,0
2026-05-19 07:45:00+00:00,4542.145,4559.175,4541.906,4557.065,3847,60,0
2026-05-19 08:00:00+00:00,4557.138,4559.114,4542.527,4546.367,3386,60,0
2026-05-19 08:15:00+00:00,4546.429,4548.054,4536.329,4538.547,3223,60,0
2026-05-19 08:30:00+00:00,4538.485,4545.102,4537.052,4543.219,2270,60,0
2026-05-19 08:45:00+00:00,4543.143,4548.792,4538.268,4542.975,2443,60,0
2026-05-19 09:00:00+00:00,4542.915,4542.915,4536.824,4539.509,2428,60,0
2026-05-19 09:15:00+00:00,4539.493,4546.896,4536.005,4540.91,3134,60,0
2026-05-19 09:30:00+00:00,4540.966,4543.063,4536.771,4539.715,3381,60,0
2026-05-19 09:45:00+00:00,4539.712,4544.82,4538.449,4542.014,2471,60,0
2026-05-19 10:00:00+00:00,4541.953,4542.298,4535.96,4541.677,2473,60,0
2026-05-19 10:15:00+00:00,4541.477,4541.936,4538.286,4540.075,1743,60,0
2026-05-19 10:30:00+00:00,4540.035,4543.018,4525.578,4529.068,4399,60,0
2026-05-19 10:45:00+00:00,4529.301,4544.594,4527.6,4544.594,4317,60,0
2026-05-19 11:00:00+00:00,4544.53,4548.021,4535.87,4536.921,3831,60,0
2026-05-19 11:15:00+00:00,4536.865,4542.197,4535.815,4539.474,2492,60,0
2026-05-19 11:30:00+00:00,4539.118,4543.3,4536.82,4541.832,2605,60,0
2026-05-19 11:45:00+00:00,4541.777,4542.583,4529.828,4530.902,3026,60,0
2026-05-19 12:00:00+00:00,4530.957,4546.558,4527.37,4542.162,3922,60,0
2026-05-19 12:15:00+00:00,4542.217,4544.386,4536.864,4543.426,3150,60,0
2026-05-19 12:30:00+00:00,4543.039,4547.133,4536.975,4537.608,3418,60,0
2026-05-19 12:45:00+00:00,4537.552,4541.791,4535.781,4537.297,2850,60,0
2026-05-19 13:00:00+00:00,4537.351,4537.572,4514.767,4524.491,7338,60,0
2026-05-19 13:15:00+00:00,4524.586,4526.399,4491.013,4492.349,9259,60,0
2026-05-19 13:30:00+00:00,4492.416,4495.813,4464.49,4476.372,18927,60,0
2026-05-19 13:45:00+00:00,4476.437,4511.384,4474.053,4503.592,12654,60,0
2026-05-19 14:00:00+00:00,4503.738,4514.448,4492.247,4492.95,11409,60,0
2026-05-19 14:15:00+00:00,4493.008,4500.817,4484.465,4490.069,9919,60,0
2026-05-19 14:30:00+00:00,4490.292,4498.614,4487.556,4494.816,9295,60,0
2026-05-19 14:45:00+00:00,4494.761,4496.602,4486.177,4494.033,6922,60,0
2026-05-19 15:00:00+00:00,4493.978,4500.106,4489.706,4498.944,6040,60,0
2026-05-19 15:15:00+00:00,4499.085,4505.215,4494.04,4499.097,4987,60,0
2026-05-19 15:30:00+00:00,4498.749,4507.519,4497.996,4502.047,5129,60,0
2026-05-19 15:45:00+00:00,4502.408,4509.217,4500.422,4508.346,3521,60,0
2026-05-19 16:00:00+00:00,4508.703,4510.188,4496.145,4500.855,3159,60,0
2026-05-19 16:15:00+00:00,4500.852,4512.143,4498.773,4508.65,2646,60,0
2026-05-19 16:30:00+00:00,4508.557,4512.658,4505.635,4506.093,2778,60,0
2026-05-19 16:45:00+00:00,4506.169,4509.396,4504.656,4507.668,1881,60,0
2026-05-19 17:00:00+00:00,4507.866,4510.859,4505.859,4510.19,2178,60,0
2026-05-19 17:15:00+00:00,4510.236,4511.191,4503.628,4507.153,2266,60,0
2026-05-19 17:30:00+00:00,4507.209,4508.267,4502.604,4504.393,2473,60,0
2026-05-19 17:45:00+00:00,4504.726,4505.035,4499.11,4500.994,1975,60,0
2026-05-19 18:00:00+00:00,4500.833,4503.894,4499.749,4501.236,1661,60,0
2026-05-19 18:15:00+00:00,4501.169,4502.101,4495.439,4496.277,2346,60,0
2026-05-19 18:30:00+00:00,4496.236,4500.903,4493.256,4499.178,2292,60,0
2026-05-19 18:45:00+00:00,4499.006,4499.999,4490.207,4493.78,2271,60,0
2026-05-19 19:00:00+00:00,4493.691,4497.833,4493.122,4496.875,1900,60,0
2026-05-19 19:15:00+00:00,4496.942,4497.229,4485.462,4487.212,2170,60,0
2026-05-19 19:30:00+00:00,4487.266,4489.981,4485.848,4488.51,1947,60,0
2026-05-19 19:45:00+00:00,4488.179,4488.931,4481.188,4483.66,2236,60,0
2026-05-19 20:00:00+00:00,4483.58,4487.115,4480.915,4485.792,1719,60,0
2026-05-19 20:15:00+00:00,4485.728,4488.203,4483.264,4486.403,1166,60,0
2026-05-19 20:30:00+00:00,4486.373,4486.444,4482.035,4483.606,988,60,0
2026-05-19 20:45:00+00:00,4483.685,4484.53,4481.79,4482.119,989,60,0
2026-05-19 22:00:00+00:00,4482.035,4486.074,4481.099,4483.042,950,60,0
2026-05-19 22:15:00+00:00,4483.165,4483.165,4478.105,4479.25,994,60,0
2026-05-19 22:30:00+00:00,4479.25,4485.658,4477.457,4482.252,1523,60,0
2026-05-19 22:45:00+00:00,4482.263,4484.725,4479.462,4484.277,1472,60,0
2026-05-19 23:00:00+00:00,4484.201,4486.768,4480.156,4486.074,1395,60,0
2026-05-19 23:15:00+00:00,4486.016,4488.802,4483.528,4486.373,1420,60,0
2026-05-19 23:30:00+00:00,4486.154,4496.455,4485.599,4492.472,1920,60,0
2026-05-19 23:45:00+00:00,4492.465,4494.955,4488.441,4489.569,1757,60,0
2026-05-20 00:00:00+00:00,4489.513,4490.603,4479.596,4488.781,5369,60,0
2026-05-20 00:15:00+00:00,4488.797,4502.285,4481.287,4501.859,6802,60,0
2026-05-20 00:30:00+00:00,4502.002,4507.555,4499.809,4505.15,5713,60,0
2026-05-20 00:45:00+00:00,4505.214,4509.138,4498.088,4500.907,4065,60,0
2026-05-20 01:00:00+00:00,4500.969,4506.376,4487.909,4492.74,7352,60,0
2026-05-20 01:15:00+00:00,4492.822,4496.688,4472.684,4473.792,5519,60,0
2026-05-20 01:30:00+00:00,4473.849,4477.026,4456.205,4466.794,9312,60,0
2026-05-20 01:45:00+00:00,4467.046,4488.807,4463.045,4481.316,8372,60,0
2026-05-20 02:00:00+00:00,4481.413,4487.159,4476.365,4481.212,4980,60,0
2026-05-20 02:15:00+00:00,4481.551,4486.981,4476.509,4481.389,4330,60,0
2026-05-20 02:30:00+00:00,4481.61,4483.633,4460.806,4460.896,7136,60,0
2026-05-20 02:45:00+00:00,4460.96,4466.201,4458.562,4465.277,5121,60,0
2026-05-20 03:00:00+00:00,4465.21,4467.567,4453.516,4457.9,5789,60,0
2026-05-20 03:15:00+00:00,4457.909,4464.305,4457.281,4461.191,3359,60,0
2026-05-20 03:30:00+00:00,4461.121,4466.064,4457.515,4460.546,4148,60,0
2026-05-20 03:45:00+00:00,4460.784,4465.293,4458.25,4463.659,2622,60,0
2026-05-20 04:00:00+00:00,4463.604,4470.184,4463.33,4469.203,3118,60,0
2026-05-20 04:15:00+00:00,4469.228,4470.894,4462.293,4465.477,2689,60,0
2026-05-20 04:30:00+00:00,4465.423,4466.075,4460.493,4463.32,2696,60,0
2026-05-20 04:45:00+00:00,4463.376,4463.429,4456.598,4462.19,2753,60,0
2026-05-20 05:00:00+00:00,4462.052,4473.288,4461.739,4469.344,3142,60,0
2026-05-20 05:15:00+00:00,4469.344,4475.408,4467.196,4468.505,3127,60,0
2026-05-20 05:30:00+00:00,4468.518,4479.019,4467.954,4472.453,4713,60,0
2026-05-20 05:45:00+00:00,4472.442,4475.289,4463.192,4472.649,3597,60,0
2026-05-20 06:00:00+00:00,4472.542,4477.538,4467.508,4471.951,3865,60,0
2026-05-20 06:15:00+00:00,4472.029,4478.529,4468.059,4472.136,5245,60,0
2026-05-20 06:30:00+00:00,4472.202,4472.673,4461.379,4467.22,4085,60,0
2026-05-20 06:45:00+00:00,4466.983,4478.358,4465.422,4474.18,4162,60,0
2026-05-20 07:00:00+00:00,4474.119,4485.239,4472.164,4481.135,4290,60,0
2026-05-20 07:15:00+00:00,4481.374,4484.167,4476.442,4482.576,3173,60,0
2026-05-20 07:30:00+00:00,4482.634,4486.07,4476.066,4481.59,3546,60,0
2026-05-20 07:45:00+00:00,4481.644,4481.976,4475.346,4478.756,2725,60,0
2026-05-20 08:00:00+00:00,4478.512,4484.314,4476.838,4482.3,3703,60,0
2026-05-20 08:15:00+00:00,4482.276,4486.704,4478.335,4486.09,3787,60,0
2026-05-20 08:30:00+00:00,4486.146,4489.696,4476.951,4479.265,3868,60,0
2026-05-20 08:45:00+00:00,4479.197,4490.338,4479.197,4484.254,3437,60,0
2026-05-20 09:00:00+00:00,4484.247,4486.351,4479.711,4480.403,2476,60,0
2026-05-20 09:15:00+00:00,4480.344,4483.836,4472.63,4474.201,2520,60,0
2026-05-20 09:30:00+00:00,4474.29,4484.702,4473.065,4483.361,2884,60,0
2026-05-20 09:45:00+00:00,4483.122,4491.337,4481.814,4485.066,2180,60,0
2026-05-20 10:00:00+00:00,4484.971,4492.396,4484.624,4487.885,2240,60,0
2026-05-20 10:15:00+00:00,4487.944,4492.854,4487.168,4489.177,2055,60,0
2026-05-20 10:30:00+00:00,4489.238,4497.3,4488.595,4494.461,2153,60,0
2026-05-20 10:45:00+00:00,4494.351,4495.811,4489.937,4494.655,2300,60,0
2026-05-20 11:00:00+00:00,4494.527,4496.944,4492.948,4493.221,2188,60,0
2026-05-20 11:15:00+00:00,4493.19,4501.303,4491.03,4499.996,2063,60,0
2026-05-20 11:30:00+00:00,4499.941,4500.399,4493.75,4495.19,2407,60,0
2026-05-20 11:45:00+00:00,4495.469,4499.52,4490.855,4499.013,2578,60,0
2026-05-20 12:00:00+00:00,4498.948,4501.308,4495.952,4496.71,2365,60,0
2026-05-20 12:15:00+00:00,4496.644,4499.764,4493.301,4499.647,3118,60,0
2026-05-20 12:30:00+00:00,4499.887,4504.852,4499.207,4503.068,3197,60,0
2026-05-20 12:45:00+00:00,4503.1,4505.564,4493.994,4496.141,2732,60,0
2026-05-20 13:00:00+00:00,4496.321,4506.33,4493.832,4505.144,5159,60,0
2026-05-20 13:15:00+00:00,4505.09,4505.346,4489.308,4489.534,4137,60,0
2026-05-20 13:30:00+00:00,4489.592,4493.037,4483.0,4489.819,7308,60,0
2026-05-20 13:45:00+00:00,4489.725,4492.102,4482.025,4483.305,5521,60,0
2026-05-20 14:00:00+00:00,4483.362,4485.332,4467.131,4477.041,7408,60,0
2026-05-20 14:15:00+00:00,4476.977,4511.033,4476.443,4506.682,21017,60,0
2026-05-20 14:30:00+00:00,4506.884,4528.98,4506.884,4520.493,10819,60,0
2026-05-20 14:45:00+00:00,4520.85,4537.39,4516.811,4531.114,7652,60,0
2026-05-20 15:00:00+00:00,4531.466,4535.813,4523.374,4524.739,5353,60,0
2026-05-20 15:15:00+00:00,4524.813,4553.1,4524.458,4529.653,15788,60,0
2026-05-20 15:30:00+00:00,4529.595,4539.455,4527.514,4536.846,5311,60,0
2026-05-20 15:45:00+00:00,4536.914,4538.031,4527.192,4529.294,4804,60,0
2026-05-20 16:00:00+00:00,4529.354,4535.228,4528.572,4533.887,2649,60,0
2026-05-20 16:15:00+00:00,4533.941,4533.941,4524.094,4526.276,3606,60,0
2026-05-20 16:30:00+00:00,4526.342,4533.937,4524.282,4533.743,3150,60,0
2026-05-20 16:45:00+00:00,4533.677,4535.755,4530.148,4534.537,2821,60,0
2026-05-20 17:00:00+00:00,4534.47,4538.48,4531.296,4534.517,2889,60,0
2026-05-20 17:15:00+00:00,4534.46,4536.932,4530.864,4532.314,2703,60,0
2026-05-20 17:30:00+00:00,4532.412,4536.674,4529.8,4533.31,2827,60,0
2026-05-20 17:45:00+00:00,4533.372,4535.4,4530.265,4531.331,1453,60,0
2026-05-20 18:00:00+00:00,4531.592,4534.229,4529.461,4533.107,1759,60,0
2026-05-20 18:15:00+00:00,4533.053,4536.577,4531.915,4534.85,2271,60,0
2026-05-20 18:30:00+00:00,4534.912,4543.541,4534.912,4537.311,2054,60,0
2026-05-20 18:45:00+00:00,4537.164,4545.237,4536.864,4542.556,1767,60,0
2026-05-20 19:00:00+00:00,4542.612,4545.413,4541.589,4544.004,1474,60,0
2026-05-20 19:15:00+00:00,4543.718,4546.151,4543.353,4545.244,1368,60,0
2026-05-20 19:30:00+00:00,4545.308,4550.55,4545.198,4546.337,1911,60,0
2026-05-20 19:45:00+00:00,4546.402,4548.672,4545.331,4545.968,2273,60,0
2026-05-20 20:00:00+00:00,4545.913,4550.599,4545.348,4546.919,1460,60,0
2026-05-20 20:15:00+00:00,4546.973,4548.268,4543.04,4545.913,2284,60,0
2026-05-20 20:30:00+00:00,4545.999,4546.309,4542.749,4543.717,1455,60,0
2026-05-20 20:45:00+00:00,4543.707,4544.886,4542.137,4544.029,1109,60,0
2026-05-20 22:00:00+00:00,4547.829,4547.898,4538.862,4540.112,1864,60,0
2026-05-20 22:15:00+00:00,4540.406,4540.736,4535.286,4539.258,1373,60,0
2026-05-20 22:30:00+00:00,4539.238,4543.419,4538.775,4542.223,1148,60,0
2026-05-20 22:45:00+00:00,4542.14,4544.847,4537.384,4540.345,1661,60,0
2026-05-20 23:00:00+00:00,4540.312,4543.397,4538.116,4539.926,1204,60,0
2026-05-20 23:15:00+00:00,4539.981,4540.801,4534.852,4538.369,1287,60,0
2026-05-20 23:30:00+00:00,4538.438,4545.517,4537.885,4542.827,1308,60,0
2026-05-20 23:45:00+00:00,4542.831,4547.072,4541.855,4546.438,1395,60,0
2026-05-21 00:00:00+00:00,4546.489,4549.072,4540.136,4544.775,3946,60,0
2026-05-21 00:15:00+00:00,4545.06,4553.577,4537.18,4543.538,4703,60,0
2026-05-21 00:30:00+00:00,4543.621,4545.26,4539.654,4543.653,2480,60,0
2026-05-21 00:45:00+00:00,4543.658,4548.862,4542.236,4545.461,2311,60,0
2026-05-21 01:00:00+00:00,4545.522,4560.263,4539.872,4559.889,6757,60,0
2026-05-21 01:15:00+00:00,4559.874,4567.855,4557.349,4566.948,4203,60,0
2026-05-21 01:30:00+00:00,4567.169,4571.063,4561.793,4567.953,4247,60,0
2026-05-21 01:45:00+00:00,4567.898,4568.461,4559.182,4561.258,3491,60,0
2026-05-21 02:00:00+00:00,4561.318,4564.872,4550.687,4551.983,3628,60,0
2026-05-21 02:15:00+00:00,4551.927,4553.325,4539.828,4540.441,3362,60,0
2026-05-21 02:30:00+00:00,4540.384,4542.583,4533.885,4536.526,4451,60,0
2026-05-21 02:45:00+00:00,4536.507,4537.458,4531.365,4533.232,3145,60,0
2026-05-21 03:00:00+00:00,4533.31,4539.163,4531.659,4538.2,2630,60,0
2026-05-21 03:15:00+00:00,4538.238,4540.159,4532.966,4535.951,2139,60,0
2026-05-21 03:30:00+00:00,4535.824,4537.357,4531.746,4533.889,1909,60,0
2026-05-21 03:45:00+00:00,4534.142,4534.586,4527.169,4528.182,2309,60,0
2026-05-21 04:00:00+00:00,4528.42,4536.579,4527.225,4536.113,1994,60,0
2026-05-21 04:15:00+00:00,4536.058,4540.065,4534.442,4539.862,1628,60,0
2026-05-21 04:30:00+00:00,4539.913,4540.496,4533.94,4537.106,1758,60,0
2026-05-21 04:45:00+00:00,4537.426,4539.356,4535.39,4538.356,1366,60,0
2026-05-21 05:00:00+00:00,4538.52,4540.571,4529.8,4530.565,2254,60,0
2026-05-21 05:15:00+00:00,4530.634,4531.184,4521.467,4523.205,2751,60,0
2026-05-21 05:30:00+00:00,4523.269,4527.318,4518.267,4525.906,4372,60,0
2026-05-21 05:45:00+00:00,4525.837,4530.051,4518.444,4528.119,3412,60,0
2026-05-21 06:00:00+00:00,4528.098,4535.406,4526.734,4531.471,3229,60,0
2026-05-21 06:15:00+00:00,4531.414,4539.806,4528.685,4533.014,3973,60,0
2026-05-21 06:30:00+00:00,4533.25,4535.109,4523.137,4524.885,3577,60,0
2026-05-21 06:45:00+00:00,4524.854,4526.552,4518.927,4521.475,3577,60,0
2026-05-21 07:00:00+00:00,4521.406,4524.395,4518.144,4520.657,3607,60,0
2026-05-21 07:15:00+00:00,4520.773,4523.532,4511.705,4512.9,2883,60,0
2026-05-21 07:30:00+00:00,4512.991,4517.296,4512.067,4516.248,2422,60,0
2026-05-21 07:45:00+00:00,4516.315,4523.333,4514.44,4519.859,2357,60,0
2026-05-21 08:00:00+00:00,4519.978,4535.918,4518.219,4534.009,3990,60,0
2026-05-21 08:15:00+00:00,4534.069,4536.924,4529.329,4535.651,4370,60,0
2026-05-21 08:30:00+00:00,4535.628,4535.722,4526.448,4529.362,2929,60,0
2026-05-21 08:45:00+00:00,4529.43,4534.585,4528.303,4532.397,3031,60,0
2026-05-21 09:00:00+00:00,4532.342,4540.564,4531.774,4537.711,3162,60,0
2026-05-21 09:15:00+00:00,4537.654,4542.508,4535.709,4537.145,2882,60,0
2026-05-21 09:30:00+00:00,4537.088,4543.133,4529.571,4530.047,2878,60,0
2026-05-21 09:45:00+00:00,4530.127,4533.299,4528.2,4530.873,2208,60,0
2026-05-21 10:00:00+00:00,4530.52,4535.302,4529.947,4532.803,2557,60,0
2026-05-21 10:15:00+00:00,4532.671,4534.823,4510.469,4518.039,6947,60,0
2026-05-21 10:30:00+00:00,4518.096,4518.488,4504.851,4517.039,9353,60,0
2026-05-21 10:45:00+00:00,4516.984,4518.084,4510.881,4511.836,5602,60,0
2026-05-21 11:00:00+00:00,4511.915,4520.253,4510.652,4516.235,4259,60,0
2026-05-21 11:15:00+00:00,4516.18,4521.468,4512.634,4513.961,3496,60,0
2026-05-21 11:30:00+00:00,4514.044,4516.08,4508.018,4512.445,2822,60,0
2026-05-21 11:45:00+00:00,4512.421,4517.29,4510.807,4514.035,2407,60,0
2026-05-21 12:00:00+00:00,4514.115,4519.255,4513.571,4514.58,2886,60,0
2026-05-21 12:15:00+00:00,4514.637,4514.901,4503.938,4506.999,3751,60,0
2026-05-21 12:30:00+00:00,4507.077,4517.832,4505.674,4515.103,6349,60,0
2026-05-21 12:45:00+00:00,4514.885,4518.196,4502.041,4504.029,4281,60,0
2026-05-21 13:00:00+00:00,4503.967,4512.833,4499.176,4502.447,7146,60,0
2026-05-21 13:15:00+00:00,4502.389,4505.514,4495.512,4500.753,5721,60,0
2026-05-21 13:30:00+00:00,4500.833,4502.666,4488.452,4498.2,8437,60,0
2026-05-21 13:45:00+00:00,4497.982,4521.292,4495.158,4513.452,9633,60,0
2026-05-21 14:00:00+00:00,4513.206,4515.332,4502.673,4508.001,5989,60,0
2026-05-21 14:15:00+00:00,4508.058,4509.409,4498.275,4507.401,8382,60,0
2026-05-21 14:30:00+00:00,4507.461,4511.088,4502.524,4504.657,5057,60,0
2026-05-21 14:45:00+00:00,4504.603,4510.567,4501.833,4508.648,5752,60,0
2026-05-21 15:00:00+00:00,4508.707,4515.509,4496.68,4510.167,8786,60,0
2026-05-21 15:15:00+00:00,4510.111,4511.665,4502.409,4503.754,4715,60,0
2026-05-21 15:30:00+00:00,4503.605,4509.834,4502.593,4507.182,3216,60,0
2026-05-21 15:45:00+00:00,4507.121,4512.873,4506.521,4511.797,2563,60,0
2026-05-21 16:00:00+00:00,4512.148,4520.66,4512.148,4517.231,4810,60,0
2026-05-21 16:15:00+00:00,4517.582,4518.856,4514.755,4516.637,2865,60,0
2026-05-21 16:30:00+00:00,4516.581,4519.474,4515.58,4518.046,2242,60,0
2026-05-21 16:45:00+00:00,4518.1,4520.524,4516.305,4519.404,2029,60,0
2026-05-21 17:00:00+00:00,4519.472,4531.9,4514.177,4526.349,7079,60,0
2026-05-21 17:15:00+00:00,4526.181,4546.507,4526.14,4541.47,11428,60,0
2026-05-21 17:30:00+00:00,4541.572,4549.17,4538.973,4548.059,4886,60,0
2026-05-21 17:45:00+00:00,4548.251,4559.436,4544.723,4551.653,4722,60,0
2026-05-21 18:00:00+00:00,4551.589,4556.186,4543.272,4546.132,6089,60,0
2026-05-21 18:15:00+00:00,4546.069,4550.876,4544.418,4548.692,3610,60,0
2026-05-21 18:30:00+00:00,4548.791,4549.549,4542.76,4545.209,2655,60,0
2026-05-21 18:45:00+00:00,4545.152,4546.211,4527.427,4531.822,8705,60,0
2026-05-21 19:00:00+00:00,4531.881,4537.867,4529.765,4537.746,4277,60,0
2026-05-21 19:15:00+00:00,4537.692,4542.181,4537.648,4538.765,2200,60,0
2026-05-21 19:30:00+00:00,4539.004,4543.475,4538.591,4539.569,1917,60,0
2026-05-21 19:45:00+00:00,4539.576,4543.905,4534.931,4543.022,3535,60,0
2026-05-21 20:00:00+00:00,4542.966,4545.016,4541.163,4542.679,1726,60,0
2026-05-21 20:15:00+00:00,4542.792,4542.959,4540.231,4541.284,999,60,0
2026-05-21 20:30:00+00:00,4541.342,4542.318,4540.373,4540.937,860,60,0
2026-05-21 20:45:00+00:00,4541.054,4542.956,4539.798,4542.822,851,60,0
2026-05-21 22:00:00+00:00,4543.353,4546.125,4539.918,4542.337,1228,60,0
2026-05-21 22:15:00+00:00,4542.27,4543.59,4540.082,4541.038,868,60,0
2026-05-21 22:30:00+00:00,4541.038,4543.713,4539.771,4542.619,856,60,0
2026-05-21 22:45:00+00:00,4542.617,4543.397,4540.882,4543.283,823,60,0
2026-05-21 23:00:00+00:00,4543.235,4545.317,4542.66,4544.001,938,60,0
2026-05-21 23:15:00+00:00,4544.001,4544.562,4537.738,4540.39,1013,60,0
2026-05-21 23:30:00+00:00,4540.699,4540.699,4532.896,4532.992,1242,60,0
2026-05-21 23:45:00+00:00,4532.755,4536.514,4532.528,4535.416,1388,60,0
2026-05-22 00:00:00+00:00,4535.608,4537.226,4531.099,4531.539,2633,60,0
2026-05-22 00:15:00+00:00,4531.485,4537.519,4530.148,4536.19,2408,60,0
2026-05-22 00:30:00+00:00,4536.542,4541.143,4535.826,4538.253,2580,60,0
2026-05-22 00:45:00+00:00,4538.312,4539.109,4525.759,4527.019,2784,60,0
2026-05-22 01:00:00+00:00,4526.683,4536.274,4523.643,4529.624,5725,60,0
2026-05-22 01:15:00+00:00,4529.768,4533.625,4526.289,4528.95,3324,60,0
2026-05-22 01:30:00+00:00,4529.107,4529.997,4520.941,4524.997,4077,60,0
2026-05-22 01:45:00+00:00,4525.004,4531.885,4524.753,4526.267,3206,60,0
2026-05-22 02:00:00+00:00,4526.205,4529.367,4521.472,4527.831,2932,60,0
2026-05-22 02:15:00+00:00,4527.56,4529.02,4522.531,4524.833,1989,60,0
2026-05-22 02:30:00+00:00,4524.473,4524.766,4518.448,4522.808,2806,60,0
2026-05-22 02:45:00+00:00,4522.907,4526.968,4519.408,4523.0,2201,60,0
2026-05-22 03:00:00+00:00,4522.945,4525.426,4520.716,4521.266,2216,60,0
2026-05-22 03:15:00+00:00,4521.326,4522.849,4519.231,4521.826,2060,60,0
2026-05-22 03:30:00+00:00,4521.971,4527.609,4521.645,4526.783,2013,60,0
2026-05-22 03:45:00+00:00,4526.773,4529.88,4526.399,4529.421,1418,60,0
2026-05-22 04:00:00+00:00,4529.478,4530.293,4527.725,4529.184,1464,60,0
2026-05-22 04:15:00+00:00,4529.542,4533.214,4527.693,4532.142,1558,60,0
2026-05-22 04:30:00+00:00,4532.155,4532.693,4525.757,4528.984,1787,60,0
2026-05-22 04:45:00+00:00,4529.043,4530.317,4527.069,4527.462,1202,60,0
2026-05-22 05:00:00+00:00,4527.4,4529.835,4523.698,4525.616,1764,60,0
2026-05-22 05:15:00+00:00,4525.68,4529.047,4523.377,4526.329,1800,60,0
2026-05-22 05:30:00+00:00,4526.39,4534.294,4524.971,4534.059,2938,60,0
2026-05-22 05:45:00+00:00,4534.121,4534.36,4507.315,4511.395,4528,60,0
2026-05-22 06:00:00+00:00,4511.476,4524.623,4510.286,4521.67,4241,60,0
2026-05-22 06:15:00+00:00,4521.444,4526.095,4516.672,4525.233,3566,60,0
2026-05-22 06:30:00+00:00,4525.178,4527.525,4521.616,4526.609,2952,60,0
2026-05-22 06:45:00+00:00,4526.682,4528.98,4523.864,4526.814,2533,60,0
2026-05-22 07:00:00+00:00,4526.707,4527.366,4521.361,4522.66,2963,60,0
2026-05-22 07:15:00+00:00,4522.732,4527.467,4522.319,4525.734,1983,60,0
2026-05-22 07:30:00+00:00,4525.943,4526.011,4516.156,4520.159,2540,60,0
2026-05-22 07:45:00+00:00,4519.815,4523.18,4517.826,4521.877,2006,60,0
2026-05-22 08:00:00+00:00,4521.996,4530.086,4521.482,4524.951,2295,60,0
2026-05-22 08:15:00+00:00,4525.006,4531.214,4524.032,4526.942,3232,60,0
2026-05-22 08:30:00+00:00,4526.884,4527.337,4517.207,4522.287,3483,60,0
2026-05-22 08:45:00+00:00,4522.31,4525.141,4521.552,4521.87,2009,60,0
2026-05-22 09:00:00+00:00,4522.1,4525.483,4517.312,4517.466,2296,60,0
2026-05-22 09:15:00+00:00,4517.398,4520.718,4515.26,4517.909,2548,60,0
2026-05-22 09:30:00+00:00,4517.726,4526.121,4514.827,4525.049,2503,60,0
2026-05-22 09:45:00+00:00,4525.108,4536.2,4524.629,4532.444,2300,60,0
2026-05-22 10:00:00+00:00,4532.5,4536.968,4529.633,4534.128,2329,60,0
2026-05-22 10:15:00+00:00,4534.191,4534.463,4524.715,4525.042,2054,60,0
2026-05-22 10:30:00+00:00,4524.974,4525.665,4512.338,4512.747,3546,60,0
2026-05-22 10:45:00+00:00,4512.689,4515.296,4510.176,4514.759,2447,60,0
2026-05-22 11:00:00+00:00,4514.671,4517.498,4513.779,4516.135,2062,60,0
2026-05-22 11:15:00+00:00,4516.077,4516.077,4511.832,4512.335,1684,60,0
2026-05-22 11:30:00+00:00,4512.197,4523.127,4511.493,4521.612,2164,60,0
2026-05-22 11:45:00+00:00,4521.687,4525.21,4519.98,4520.836,2555,60,0
2026-05-22 12:00:00+00:00,4520.757,4530.268,4518.871,4529.194,4691,60,0
2026-05-22 12:15:00+00:00,4529.137,4536.013,4520.91,4521.968,5636,60,0
2026-05-22 12:30:00+00:00,4521.897,4523.699,4515.137,4518.954,3287,60,0
2026-05-22 12:45:00+00:00,4518.715,4528.56,4517.433,4528.395,2625,60,0
2026-05-22 13:00:00+00:00,4528.157,4534.461,4520.81,4528.111,6401,60,0
2026-05-22 13:15:00+00:00,4528.471,4530.063,4521.471,4522.261,3554,60,0
2026-05-22 13:30:00+00:00,4522.184,4527.293,4511.103,4517.884,7019,60,0
2026-05-22 13:45:00+00:00,4517.619,4519.065,4510.324,4513.773,5230,60,0
2026-05-22 14:00:00+00:00,4513.904,4513.904,4492.212,4497.995,7266,60,0
2026-05-22 14:15:00+00:00,4497.929,4500.921,4491.596,4498.953,8966,60,0
2026-05-22 14:30:00+00:00,4499.008,4506.025,4497.345,4504.315,4656,60,0
2026-05-22 14:45:00+00:00,4504.262,4507.235,4500.32,4500.829,3445,60,0
2026-05-22 15:00:00+00:00,4500.711,4512.044,4500.223,4511.412,3725,60,0
2026-05-22 15:15:00+00:00,4511.183,4519.259,4511.021,4519.256,3220,60,0
2026-05-22 15:30:00+00:00,4519.317,4522.459,4517.24,4518.398,2853,60,0
2026-05-22 15:45:00+00:00,4518.09,4522.126,4514.825,4520.217,2554,60,0
2026-05-22 16:00:00+00:00,4520.038,4520.597,4516.908,4519.627,2476,60,0
2026-05-22 16:15:00+00:00,4519.27,4524.304,4516.868,4523.56,2243,60,0
2026-05-22 16:30:00+00:00,4523.763,4526.986,4513.182,4515.103,2405,60,0
2026-05-22 16:45:00+00:00,4515.072,4517.843,4512.31,4514.856,2095,60,0
2026-05-22 17:00:00+00:00,4514.918,4521.171,4514.797,4519.543,1843,60,0
2026-05-22 17:15:00+00:00,4519.26,4525.972,4513.206,4525.268,4408,60,0
2026-05-22 17:30:00+00:00,4525.33,4527.945,4519.682,4522.091,4005,60,0
2026-05-22 17:45:00+00:00,4522.373,4522.982,4518.73,4519.454,1821,60,0
2026-05-22 18:00:00+00:00,4519.351,4519.631,4511.714,4514.076,2204,60,0
2026-05-22 18:15:00+00:00,4514.015,4518.055,4512.508,4515.555,1522,60,0
2026-05-22 18:30:00+00:00,4515.171,4520.337,4513.864,4515.385,1675,60,0
2026-05-22 18:45:00+00:00,4515.389,4516.128,4512.778,4515.323,1782,60,0
2026-05-22 19:00:00+00:00,4515.399,4515.932,4506.882,4507.478,3537,60,0
2026-05-22 19:15:00+00:00,4507.423,4509.328,4506.221,4507.023,1667,60,0
2026-05-22 19:30:00+00:00,4507.073,4510.808,4504.372,4509.551,1788,60,0
2026-05-22 19:45:00+00:00,4509.48,4510.114,4506.816,4508.453,1742,60,0
2026-05-22 20:00:00+00:00,4508.565,4509.207,4504.85,4507.959,1279,60,0
2026-05-22 20:15:00+00:00,4507.868,4510.398,4506.846,4510.092,961,60,0
2026-05-22 20:30:00+00:00,4510.16,4510.399,4504.443,4504.979,1684,60,0
2026-05-22 20:45:00+00:00,4504.676,4508.422,4504.453,4508.069,1317,60,0
2026-05-24 22:00:00+00:00,4545.554,4557.636,4543.496,4555.287,3725,60,0
2026-05-24 22:15:00+00:00,4555.376,4556.54,4548.832,4552.235,2430,60,0
2026-05-24 22:30:00+00:00,4552.169,4560.915,4551.928,4558.199,1834,60,0
2026-05-24 22:45:00+00:00,4558.28,4565.561,4557.962,4564.955,1469,60,0
2026-05-24 23:00:00+00:00,4565.193,4576.568,4565.172,4574.376,1690,60,0
2026-05-24 23:15:00+00:00,4574.415,4578.317,4573.607,4575.133,1412,60,0
2026-05-24 23:30:00+00:00,4575.178,4580.123,4574.966,4577.137,1452,60,0
2026-05-24 23:45:00+00:00,4577.167,4578.463,4566.032,4567.195,1833,60,0
2026-05-25 00:00:00+00:00,4567.243,4575.75,4566.056,4572.837,3407,60,0
2026-05-25 00:15:00+00:00,4572.676,4575.703,4569.928,4572.6,2479,60,0
2026-05-25 00:30:00+00:00,4572.525,4575.603,4570.848,4571.418,2078,60,0
2026-05-25 00:45:00+00:00,4571.383,4579.891,4566.037,4569.366,3317,60,0
2026-05-25 01:00:00+00:00,4569.295,4576.443,4560.432,4565.587,6677,60,0
2026-05-25 01:15:00+00:00,4565.531,4575.581,4562.335,4573.398,3712,60,0
2026-05-25 01:30:00+00:00,4573.679,4574.976,4563.211,4563.632,2812,60,0
2026-05-25 01:45:00+00:00,4563.57,4567.278,4560.169,4563.034,2967,60,0
2026-05-25 02:00:00+00:00,4562.685,4568.442,4561.292,4562.302,2754,60,0
2026-05-25 02:15:00+00:00,4562.365,4563.575,4558.919,4562.789,1931,60,0
2026-05-25 02:30:00+00:00,4562.844,4569.568,4561.611,4569.561,2880,60,0
2026-05-25 02:45:00+00:00,4569.617,4570.412,4559.646,4561.267,2487,60,0
2026-05-25 03:00:00+00:00,4561.617,4564.383,4560.469,4563.08,2361,60,0
2026-05-25 03:15:00+00:00,4563.119,4564.535,4560.273,4560.931,1994,60,0
2026-05-25 03:30:00+00:00,4560.997,4564.259,4558.087,4558.761,2011,60,0
2026-05-25 03:45:00+00:00,4558.443,4561.538,4556.652,4559.691,1617,60,0
2026-05-25 04:00:00+00:00,4559.909,4562.774,4559.386,4561.198,1377,60,0
2026-05-25 04:15:00+00:00,4561.132,4566.161,4560.098,4565.049,1388,60,0
2026-05-25 04:30:00+00:00,4565.05,4565.501,4559.516,4562.226,2002,60,0
2026-05-25 04:45:00+00:00,4562.408,4565.872,4562.165,4564.805,1232,60,0
2026-05-25 05:00:00+00:00,4564.75,4566.287,4563.08,4563.806,1406,60,0
2026-05-25 05:15:00+00:00,4563.805,4563.891,4554.197,4554.429,1660,60,0
2026-05-25 05:30:00+00:00,4554.516,4560.974,4552.744,4556.848,2609,60,0
2026-05-25 05:45:00+00:00,4557.118,4557.923,4551.96,4553.68,2089,60,0
2026-05-25 06:00:00+00:00,4553.613,4555.916,4550.496,4554.188,2468,60,0
2026-05-25 06:15:00+00:00,4553.788,4557.485,4552.155,4554.369,1846,60,0
2026-05-25 06:30:00+00:00,4554.427,4557.49,4553.716,4556.196,1738,60,0
2026-05-25 06:45:00+00:00,4556.211,4563.477,4555.965,4562.409,2209,60,0
2026-05-25 07:00:00+00:00,4562.465,4564.854,4560.745,4560.745,2197,60,0
2026-05-25 07:15:00+00:00,4560.984,4561.528,4552.466,4554.644,3477,60,0
2026-05-25 07:30:00+00:00,4554.702,4562.01,4554.12,4559.908,2532,60,0
2026-05-25 07:45:00+00:00,4560.045,4565.383,4558.628,4564.697,1665,60,0
2026-05-25 08:00:00+00:00,4564.755,4565.168,4559.554,4561.111,1657,60,0
2026-05-25 08:15:00+00:00,4561.268,4561.408,4553.905,4555.125,1831,60,0
2026-05-25 08:30:00+00:00,4555.184,4557.968,4553.364,4554.81,1472,60,0
2026-05-25 08:45:00+00:00,4554.845,4556.768,4553.405,4556.348,1331,60,0
2026-05-25 09:00:00+00:00,4556.042,4558.703,4554.969,4555.416,1145,60,0
2026-05-25 09:15:00+00:00,4555.671,4559.213,4555.414,4558.792,1056,60,0
2026-05-25 09:30:00+00:00,4558.806,4566.249,4558.352,4565.637,2114,60,0
2026-05-25 09:45:00+00:00,4565.692,4569.18,4564.519,4567.557,1466,60,0
2026-05-25 10:00:00+00:00,4567.62,4572.667,4567.522,4571.816,1503,60,0
2026-05-25 10:15:00+00:00,4571.886,4573.745,4569.986,4570.814,1523,60,0
2026-05-25 10:30:00+00:00,4570.815,4573.145,4568.521,4570.273,1698,60,0
2026-05-25 10:45:00+00:00,4570.199,4572.241,4568.756,4568.875,1107,60,0
2026-05-25 11:00:00+00:00,4568.935,4572.767,4567.614,4572.04,1103,60,0
2026-05-25 11:15:00+00:00,4572.081,4575.349,4569.61,4571.914,1615,60,0
2026-05-25 11:30:00+00:00,4571.856,4576.371,4571.621,4574.761,1633,60,0
2026-05-25 11:45:00+00:00,4574.458,4577.181,4569.203,4569.644,1580,60,0
2026-05-25 12:00:00+00:00,4569.587,4569.691,4556.051,4556.241,3226,60,0
2026-05-25 12:15:00+00:00,4556.475,4560.885,4552.903,4560.51,2681,60,0
2026-05-25 12:30:00+00:00,4560.565,4570.181,4559.87,4566.574,2261,60,0
2026-05-25 12:45:00+00:00,4566.613,4568.878,4563.947,4567.909,1873,60,0
2026-05-25 13:00:00+00:00,4567.964,4571.447,4561.738,4564.268,2884,60,0
2026-05-25 13:15:00+00:00,4564.484,4564.751,4560.581,4561.78,1885,60,0
2026-05-25 13:30:00+00:00,4561.962,4565.54,4561.514,4565.278,1626,60,0
2026-05-25 13:45:00+00:00,4565.029,4565.41,4560.116,4563.422,1688,60,0
2026-05-25 14:00:00+00:00,4563.058,4570.02,4562.378,4567.582,1992,60,0
2026-05-25 14:15:00+00:00,4567.545,4570.748,4567.19,4567.962,1423,60,0
2026-05-25 14:30:00+00:00,4568.064,4568.737,4564.969,4567.256,1527,60,0
2026-05-25 14:45:00+00:00,4567.246,4569.137,4565.287,4567.092,1809,60,0
2026-05-25 15:00:00+00:00,4566.811,4573.527,4565.578,4570.234,2968,60,0
2026-05-25 15:15:00+00:00,4570.312,4574.744,4567.797,4573.182,2388,60,0
2026-05-25 15:30:00+00:00,4573.242,4573.543,4566.827,4569.316,1409,60,0
2026-05-25 15:45:00+00:00,4568.949,4573.031,4568.799,4571.074,1093,60,0
2026-05-25 16:00:00+00:00,4571.118,4571.293,4568.863,4570.551,1122,60,0
2026-05-25 16:15:00+00:00,4570.845,4570.854,4567.996,4568.406,928,60,0
2026-05-25 16:30:00+00:00,4568.379,4572.502,4567.942,4572.019,1132,60,0
2026-05-25 16:45:00+00:00,4571.985,4574.63,4570.741,4573.451,1416,60,0
2026-05-25 17:00:00+00:00,4573.68,4578.248,4573.236,4574.251,1784,60,0
2026-05-25 17:15:00+00:00,4573.999,4574.61,4570.423,4571.571,1121,60,0
2026-05-25 17:30:00+00:00,4571.574,4571.633,4566.527,4566.976,1022,60,0
2026-05-25 17:45:00+00:00,4566.981,4566.981,4563.206,4565.319,1293,60,0
2026-05-25 18:00:00+00:00,4565.322,4571.363,4564.468,4569.087,1292,60,0
2026-05-25 18:15:00+00:00,4569.031,4570.846,4567.38,4570.689,954,60,0
2026-05-25 22:00:00+00:00,4571.558,4574.191,4570.83,4573.444,1103,60,0
2026-05-25 22:15:00+00:00,4573.404,4575.79,4572.931,4573.024,989,60,0
2026-05-25 22:30:00+00:00,4573.398,4575.149,4569.622,4574.024,1185,60,0
2026-05-25 22:45:00+00:00,4573.977,4576.579,4573.449,4574.857,970,60,0
2026-05-25 23:00:00+00:00,4575.151,4579.294,4573.771,4578.946,1254,60,0
2026-05-25 23:15:00+00:00,4578.949,4580.453,4567.398,4568.459,1416,60,0
2026-05-25 23:30:00+00:00,4568.393,4568.72,4555.108,4556.457,2531,60,0
2026-05-25 23:45:00+00:00,4556.82,4563.039,4556.639,4559.811,1785,60,0
2026-05-26 00:00:00+00:00,4559.581,4560.065,4548.248,4552.496,4586,60,0
2026-05-26 00:15:00+00:00,4552.204,4553.445,4541.032,4549.288,3762,60,0
2026-05-26 00:30:00+00:00,4549.233,4553.052,4543.644,4548.283,2642,60,0
2026-05-26 00:45:00+00:00,4548.228,4551.81,4539.601,4549.52,3343,60,0
2026-05-26 01:00:00+00:00,4549.596,4550.301,4542.186,4548.578,5580,60,0
2026-05-26 01:15:00+00:00,4548.521,4548.995,4541.76,4543.912,2916,60,0
2026-05-26 01:30:00+00:00,4543.969,4544.422,4527.803,4532.232,5141,60,0
2026-05-26 01:45:00+00:00,4532.218,4537.298,4531.382,4536.927,2942,60,0
2026-05-26 02:00:00+00:00,4536.871,4539.674,4535.39,4538.705,1900,60,0
2026-05-26 02:15:00+00:00,4538.467,4539.122,4536.462,4536.711,1549,60,0
2026-05-26 02:30:00+00:00,4536.988,4538.647,4533.575,4534.155,2169,60,0
2026-05-26 02:45:00+00:00,4534.211,4534.872,4529.868,4532.528,2025,60,0
2026-05-26 03:00:00+00:00,4532.471,4538.225,4532.032,4536.891,1797,60,0
2026-05-26 03:15:00+00:00,4536.857,4543.879,4536.676,4542.136,1688,60,0
2026-05-26 03:30:00+00:00,4542.117,4545.512,4540.969,4541.664,1437,60,0
2026-05-26 03:45:00+00:00,4541.633,4543.815,4540.843,4542.554,1150,60,0
2026-05-26 04:00:00+00:00,4542.215,4543.225,4536.289,4537.494,1416,60,0
2026-05-26 04:15:00+00:00,4537.472,4539.558,4532.735,4532.735,1380,60,0
2026-05-26 04:30:00+00:00,4532.806,4533.418,4525.318,4526.463,1985,60,0
2026-05-26 04:45:00+00:00,4526.405,4529.194,4523.469,4525.707,1887,60,0
2026-05-26 05:00:00+00:00,4525.347,4531.38,4523.013,4529.602,2229,60,0
2026-05-26 05:15:00+00:00,4529.538,4531.378,4528.778,4531.23,1394,60,0
2026-05-26 05:30:00+00:00,4531.166,4535.299,4528.045,4529.779,2736,60,0
2026-05-26 05:45:00+00:00,4530.018,4530.082,4523.814,4527.542,2364,60,0
2026-05-26 06:00:00+00:00,4527.44,4532.872,4527.073,4531.585,2226,60,0
2026-05-26 06:15:00+00:00,4531.614,4536.409,4528.508,4530.613,2596,60,0
2026-05-26 06:30:00+00:00,4530.618,4533.968,4528.725,4533.603,2283,60,0
2026-05-26 06:45:00+00:00,4533.675,4534.067,4528.445,4531.217,2245,60,0
2026-05-26 07:00:00+00:00,4531.277,4534.058,4526.06,4528.773,3601,60,0
2026-05-26 07:15:00+00:00,4528.718,4531.236,4522.159,4529.545,2604,60,0
2026-05-26 07:30:00+00:00,4529.869,4529.931,4521.638,4526.636,3200,60,0
2026-05-26 07:45:00+00:00,4526.875,4539.147,4525.196,4538.14,2669,60,0
2026-05-26 08:00:00+00:00,4538.225,4538.881,4527.023,4527.788,2684,60,0
2026-05-26 08:15:00+00:00,4527.805,4530.119,4520.452,4522.508,2393,60,0
2026-05-26 08:30:00+00:00,4522.453,4526.352,4519.987,4525.404,2432,60,0
2026-05-26 08:45:00+00:00,4525.386,4527.384,4520.413,4523.64,2122,60,0
2026-05-26 09:00:00+00:00,4523.83,4525.024,4519.298,4520.681,1848,60,0
2026-05-26 09:15:00+00:00,4520.685,4526.554,4518.274,4525.034,2614,60,0
2026-05-26 09:30:00+00:00,4524.863,4525.432,4512.143,4513.378,3202,60,0
2026-05-26 09:45:00+00:00,4513.316,4523.395,4513.316,4522.657,2437,60,0
2026-05-26 10:00:00+00:00,4522.726,4532.136,4519.426,4529.312,2919,60,0
2026-05-26 10:15:00+00:00,4529.369,4535.522,4527.483,4533.363,2632,60,0
2026-05-26 10:30:00+00:00,4533.417,4539.019,4531.617,4533.076,2886,60,0
2026-05-26 10:45:00+00:00,4533.037,4540.757,4533.037,4534.681,2640,60,0
2026-05-26 11:00:00+00:00,4534.782,4536.458,4531.831,4531.877,1817,60,0
2026-05-26 11:15:00+00:00,4531.959,4532.895,4523.019,4523.83,2456,60,0
2026-05-26 11:30:00+00:00,4523.771,4523.976,4504.467,4510.369,7744,60,0
2026-05-26 11:45:00+00:00,4510.311,4515.71,4503.716,4507.212,3993,60,0
2026-05-26 12:00:00+00:00,4507.053,4512.131,4504.389,4510.68,4685,60,0
2026-05-26 12:15:00+00:00,4510.383,4516.081,4503.63,4506.368,3704,60,0
2026-05-26 12:30:00+00:00,4506.433,4512.09,4500.695,4511.84,3705,60,0
2026-05-26 12:45:00+00:00,4511.786,4523.821,4510.419,4520.32,4430,60,0
2026-05-26 13:00:00+00:00,4520.26,4526.619,4516.382,4518.652,3815,60,0
2026-05-26 13:15:00+00:00,4518.713,4527.655,4518.108,4522.563,3139,60,0
2026-05-26 13:30:00+00:00,4522.621,4531.472,4521.174,4527.225,5588,60,0
2026-05-26 13:45:00+00:00,4527.171,4529.251,4512.313,4514.324,6605,60,0
2026-05-26 14:00:00+00:00,4514.305,4520.143,4507.831,4511.083,4357,60,0
2026-05-26 14:15:00+00:00,4510.844,4518.074,4508.617,4517.649,3470,60,0
2026-05-26 14:30:00+00:00,4517.571,4525.119,4516.818,4521.325,3445,60,0
2026-05-26 14:45:00+00:00,4521.261,4522.108,4512.706,4515.276,2951,60,0
2026-05-26 15:00:00+00:00,4515.332,4515.676,4508.118,4509.678,4144,60,0
2026-05-26 15:15:00+00:00,4509.623,4510.718,4504.779,4506.173,3547,60,0
2026-05-26 15:30:00+00:00,4506.228,4509.109,4502.297,4508.387,3796,60,0
2026-05-26 15:45:00+00:00,4508.156,4510.832,4506.001,4506.704,3133,60,0
2026-05-26 16:00:00+00:00,4506.776,4508.666,4500.539,4501.683,2597,60,0
2026-05-26 16:15:00+00:00,4501.625,4509.045,4499.77,4507.862,2275,60,0
2026-05-26 16:30:00+00:00,4507.885,4511.535,4506.209,4506.717,2251,60,0
2026-05-26 16:45:00+00:00,4506.685,4507.991,4503.169,4505.131,1801,60,0
2026-05-26 17:00:00+00:00,4505.092,4507.687,4503.305,4503.866,1503,60,0
2026-05-26 17:15:00+00:00,4503.804,4507.664,4500.424,4501.713,1945,60,0
2026-05-26 17:30:00+00:00,4501.656,4501.836,4496.985,4498.791,2456,60,0
2026-05-26 17:45:00+00:00,4498.769,4501.373,4489.876,4491.326,2375,60,0
2026-05-26 18:00:00+00:00,4491.27,4493.526,4482.414,4487.564,3220,60,0
2026-05-26 18:15:00+00:00,4487.498,4496.165,4486.426,4495.185,1843,60,0
2026-05-26 18:30:00+00:00,4495.13,4498.35,4494.164,4496.041,1550,60,0
2026-05-26 18:45:00+00:00,4495.983,4499.77,4495.983,4499.172,1336,60,0
2026-05-26 19:00:00+00:00,4499.546,4501.382,4497.609,4499.417,1443,60,0
2026-05-26 19:15:00+00:00,4499.364,4504.69,4499.269,4502.032,1671,60,0
2026-05-26 19:30:00+00:00,4502.091,4506.094,4500.94,4504.773,1380,60,0
2026-05-26 19:45:00+00:00,4504.772,4509.909,4504.135,4508.995,1818,60,0
2026-05-26 20:00:00+00:00,4509.118,4510.774,4506.281,4507.809,1229,60,0
2026-05-26 20:15:00+00:00,4507.883,4510.158,4506.273,4506.724,868,60,0
2026-05-26 20:30:00+00:00,4506.782,4510.021,4505.902,4508.722,740,60,0
2026-05-26 20:45:00+00:00,4508.726,4510.451,4504.291,4507.245,1120,60,0
2026-05-26 22:00:00+00:00,4508.435,4511.057,4500.734,4505.031,3982,118,0
2026-05-26 22:15:00+00:00,4504.593,4510.151,4502.232,4504.638,1573,60,0
2026-05-26 22:30:00+00:00,4504.642,4505.767,4497.993,4500.901,1513,60,0
2026-05-26 22:45:00+00:00,4500.659,4512.583,4499.429,4511.206,1199,60,0
2026-05-26 23:00:00+00:00,4511.007,4513.697,4507.845,4509.082,1444,60,0
2026-05-26 23:15:00+00:00,4509.099,4512.118,4504.457,4512.118,1545,60,0
2026-05-26 23:30:00+00:00,4512.054,4527.107,4511.058,4526.8,1962,60,0
2026-05-26 23:45:00+00:00,4526.863,4527.987,4518.808,4519.851,1897,60,0
2026-05-27 00:00:00+00:00,4519.791,4525.817,4517.335,4522.29,2835,60,0
2026-05-27 00:15:00+00:00,4522.209,4522.637,4513.98,4517.838,2523,60,0
2026-05-27 00:30:00+00:00,4518.205,4520.735,4517.038,4518.57,2146,60,0
2026-05-27 00:45:00+00:00,4518.627,4522.374,4514.666,4515.347,2167,60,0
2026-05-27 01:00:00+00:00,4515.292,4521.124,4512.835,4519.352,4502,60,0
2026-05-27 01:15:00+00:00,4519.723,4521.262,4514.625,4516.047,2602,60,0
2026-05-27 01:30:00+00:00,4515.981,4517.131,4509.398,4510.231,2513,60,0
2026-05-27 01:45:00+00:00,4510.298,4510.785,4506.827,4508.165,2144,60,0
2026-05-27 02:00:00+00:00,4507.93,4509.847,4502.162,4504.353,2720,60,0
2026-05-27 02:15:00+00:00,4504.299,4505.619,4499.056,4505.431,2147,60,0
2026-05-27 02:30:00+00:00,4505.449,4506.064,4498.747,4500.15,2020,60,0
2026-05-27 02:45:00+00:00,4500.095,4507.101,4498.038,4505.676,1669,60,0
2026-05-27 03:00:00+00:00,4505.641,4510.534,4505.003,4509.138,1724,60,0
2026-05-27 03:15:00+00:00,4509.206,4512.074,4505.549,4507.057,1824,60,0
2026-05-27 03:30:00+00:00,4507.382,4507.495,4501.717,4504.233,1423,60,0
2026-05-27 03:45:00+00:00,4504.32,4505.691,4496.744,4497.294,1553,60,0
2026-05-27 04:00:00+00:00,4497.252,4503.203,4495.795,4502.909,1464,60,0
2026-05-27 04:15:00+00:00,4502.923,4503.454,4499.517,4499.819,1484,60,0
2026-05-27 04:30:00+00:00,4499.763,4508.591,4498.052,4508.391,1732,60,0
2026-05-27 04:45:00+00:00,4508.468,4517.287,4508.405,4510.345,2366,60,0
2026-05-27 05:00:00+00:00,4510.421,4513.953,4508.428,4509.152,2139,60,0
2026-05-27 05:15:00+00:00,4509.208,4509.208,4504.353,4507.303,2283,60,0
2026-05-27 05:30:00+00:00,4507.11,4508.715,4491.67,4493.745,5693,60,0
2026-05-27 05:45:00+00:00,4493.685,4502.394,4491.881,4497.623,4178,60,0
2026-05-27 06:00:00+00:00,4497.49,4499.373,4493.814,4494.132,3488,60,0
2026-05-27 06:15:00+00:00,4494.402,4495.912,4483.693,4486.518,4463,60,0
2026-05-27 06:30:00+00:00,4486.455,4488.004,4479.89,4487.634,3787,60,0
2026-05-27 06:45:00+00:00,4487.568,4490.204,4483.74,4485.452,2467,60,0
2026-05-27 07:00:00+00:00,4485.51,4488.752,4480.076,4480.554,3168,60,0
2026-05-27 07:15:00+00:00,4480.61,4489.137,4480.349,4486.081,2319,60,0
2026-05-27 07:30:00+00:00,4486.404,4488.782,4481.394,4482.958,2180,60,0
2026-05-27 07:45:00+00:00,4483.019,4484.149,4475.825,4482.001,2815,60,0
2026-05-27 08:00:00+00:00,4481.936,4489.087,4481.083,4486.125,2692,60,0
2026-05-27 08:15:00+00:00,4486.188,4493.028,4485.931,4488.989,2144,60,0
2026-05-27 08:30:00+00:00,4489.283,4496.681,4486.218,4496.193,2138,60,0
2026-05-27 08:45:00+00:00,4496.138,4498.721,4492.947,4498.057,2026,60,0
2026-05-27 09:00:00+00:00,4497.701,4497.701,4488.88,4491.992,2213,60,0
2026-05-27 09:15:00+00:00,4491.86,4495.295,4489.589,4490.073,1766,60,0
2026-05-27 09:30:00+00:00,4490.201,4492.396,4487.129,4488.886,1853,60,0
2026-05-27 09:45:00+00:00,4488.855,4493.293,4488.288,4490.347,1255,60,0
2026-05-27 10:00:00+00:00,4490.16,4490.885,4484.297,4485.677,1678,60,0
2026-05-27 10:15:00+00:00,4485.636,4486.59,4476.64,4477.162,2048,60,0
2026-05-27 10:30:00+00:00,4477.102,4477.415,4462.021,4465.821,5372,60,0
2026-05-27 10:45:00+00:00,4465.766,4467.162,4442.642,4446.077,9600,60,0
2026-05-27 11:00:00+00:00,4446.152,4453.256,4443.343,4451.184,4323,60,0
2026-05-27 11:15:00+00:00,4451.272,4452.408,4439.397,4441.131,4577,60,0
2026-05-27 11:30:00+00:00,4441.071,4444.258,4432.352,4443.365,4676,60,0
2026-05-27 11:45:00+00:00,4443.169,4444.873,4424.885,4428.787,4371,60,0
2026-05-27 12:00:00+00:00,4428.428,4437.602,4428.327,4430.369,4137,60,0
2026-05-27 12:15:00+00:00,4430.311,4466.629,4427.49,4454.891,13019,60,0
2026-05-27 12:30:00+00:00,4454.53,4460.151,4444.623,4447.186,6308,60,0
2026-05-27 12:45:00+00:00,4447.253,4448.348,4437.764,4438.792,4029,60,0
2026-05-27 13:00:00+00:00,4438.771,4439.27,4411.122,4416.708,10737,60,0
2026-05-27 13:15:00+00:00,4416.653,4421.282,4401.395,4405.161,9730,60,0
2026-05-27 13:30:00+00:00,4405.098,4425.695,4404.526,4419.163,11107,60,0
2026-05-27 13:45:00+00:00,4419.237,4434.055,4418.289,4427.284,7791,60,0
2026-05-27 14:00:00+00:00,4427.343,4455.609,4426.171,4448.185,8602,60,0
2026-05-27 14:15:00+00:00,4447.859,4455.385,4440.103,4445.344,7262,60,0
2026-05-27 14:30:00+00:00,4445.26,4449.538,4435.563,4443.333,6763,60,0
2026-05-27 14:45:00+00:00,4443.275,4446.434,4433.23,4434.159,4142,60,0
2026-05-27 15:00:00+00:00,4434.13,4438.443,4428.1,4432.314,4101,60,0
2026-05-27 15:15:00+00:00,4432.253,4435.831,4429.79,4435.831,2640,60,0
2026-05-27 15:30:00+00:00,4435.884,4441.456,4433.13,4434.323,3561,60,0
2026-05-27 15:45:00+00:00,4434.38,4438.827,4431.17,4436.416,3202,60,0
2026-05-27 16:00:00+00:00,4436.471,4442.106,4434.126,4440.055,2702,60,0
2026-05-27 16:15:00+00:00,4440.119,4447.686,4439.825,4446.764,1766,60,0
2026-05-27 16:30:00+00:00,4447.004,4453.364,4445.14,4450.729,1808,60,0
2026-05-27 16:45:00+00:00,4450.787,4453.435,4449.458,4450.971,1800,60,0
2026-05-27 17:00:00+00:00,4450.7,4451.765,4441.716,4444.085,3075,60,0
2026-05-27 17:15:00+00:00,4443.993,4451.281,4443.229,4449.721,2325,60,0
2026-05-27 17:30:00+00:00,4449.775,4454.542,4449.775,4450.591,1759,60,0
2026-05-27 17:45:00+00:00,4450.538,4454.21,4450.051,4450.596,1453,60,0
2026-05-27 18:00:00+00:00,4450.512,4452.296,4447.871,4449.96,1442,60,0
2026-05-27 18:15:00+00:00,4450.256,4458.429,4449.916,4455.745,1663,60,0
2026-05-27 18:30:00+00:00,4455.505,4456.313,4451.33,4453.264,1262,60,0
2026-05-27 18:45:00+00:00,4453.204,4455.091,4452.266,4454.589,1032,60,0
2026-05-27 19:00:00+00:00,4454.283,4454.98,4450.57,4451.712,1183,60,0
2026-05-27 19:15:00+00:00,4451.642,4454.206,4449.774,4451.278,1336,60,0
2026-05-27 19:30:00+00:00,4451.271,4454.894,4449.751,4453.569,1332,60,0
2026-05-27 19:45:00+00:00,4453.512,4453.95,4448.883,4451.143,1523,60,0
2026-05-27 20:00:00+00:00,4451.2,4455.225,4450.243,4455.225,985,60,0
2026-05-27 20:15:00+00:00,4455.147,4459.009,4454.683,4455.21,993,60,0
2026-05-27 20:30:00+00:00,4455.173,4455.854,4451.541,4453.808,722,60,0
2026-05-27 20:45:00+00:00,4453.846,4456.336,4452.539,4456.276,694,60,0
2026-05-27 22:00:00+00:00,4462.581,4465.002,4455.666,4458.182,1217,60,0
2026-05-27 22:15:00+00:00,4458.179,4462.194,4456.729,4459.879,1048,60,0
2026-05-27 22:30:00+00:00,4459.812,4462.627,4455.311,4458.734,1267,60,0
2026-05-27 22:45:00+00:00,4458.418,4459.025,4455.665,4457.373,905,60,0
2026-05-27 23:00:00+00:00,4457.236,4457.613,4451.695,4453.368,1176,60,0
2026-05-27 23:15:00+00:00,4453.615,4455.017,4449.191,4450.974,1426,60,0
2026-05-27 23:30:00+00:00,4450.627,4454.206,4449.491,4450.982,1445,60,0
2026-05-27 23:45:00+00:00,4450.973,4450.973,4443.756,4447.258,1829,60,0
2026-05-28 00:00:00+00:00,4447.316,4452.433,4444.73,4444.786,3126,60,0
2026-05-28 00:15:00+00:00,4444.819,4454.042,4444.049,4446.242,2997,60,0
2026-05-28 00:30:00+00:00,4446.158,4453.233,4443.363,4451.885,2784,60,0
2026-05-28 00:45:00+00:00,4451.953,4458.04,4450.685,4456.97,2359,60,0
2026-05-28 01:00:00+00:00,4456.91,4459.024,4437.795,4438.33,5399,60,0
2026-05-28 01:15:00+00:00,4438.373,4440.561,4417.177,4419.403,5571,60,0
2026-05-28 01:30:00+00:00,4419.336,4426.572,4415.815,4417.614,4752,60,0
2026-05-28 01:45:00+00:00,4417.927,4420.439,4406.868,4409.899,5176,60,0
2026-05-28 02:00:00+00:00,4409.954,4412.822,4396.389,4402.556,5278,60,0
2026-05-28 02:15:00+00:00,4402.628,4408.578,4399.705,4406.068,2998,60,0
2026-05-28 02:30:00+00:00,4406.307,4410.322,4400.792,4402.329,3138,60,0
2026-05-28 02:45:00+00:00,4402.382,4402.467,4392.594,4394.557,4113,60,0
2026-05-28 03:00:00+00:00,4394.394,4397.797,4390.139,4394.403,4058,60,0
2026-05-28 03:15:00+00:00,4394.411,4394.704,4382.203,4387.896,4661,60,0
2026-05-28 03:30:00+00:00,4387.84,4388.161,4370.813,4376.635,4707,60,0
2026-05-28 03:45:00+00:00,4376.866,4379.284,4368.394,4374.888,3693,60,0
2026-05-28 04:00:00+00:00,4374.667,4382.172,4369.421,4376.584,3952,60,0
2026-05-28 04:15:00+00:00,4376.648,4377.371,4366.349,4368.6,3642,60,0
2026-05-28 04:30:00+00:00,4368.547,4375.139,4368.276,4374.265,2904,60,0
2026-05-28 04:45:00+00:00,4373.913,4375.376,4368.309,4372.986,3076,60,0
2026-05-28 05:00:00+00:00,4373.337,4377.551,4367.162,4375.318,3464,60,0
2026-05-28 05:15:00+00:00,4375.265,4380.079,4371.608,4378.622,2596,60,0
2026-05-28 05:30:00+00:00,4378.54,4393.563,4374.948,4389.699,5184,60,0
2026-05-28 05:45:00+00:00,4389.549,4395.853,4387.872,4388.188,3590,60,0
2026-05-28 06:00:00+00:00,4388.247,4390.742,4374.673,4376.176,3926,60,0
2026-05-28 06:15:00+00:00,4376.237,4385.027,4374.294,4380.254,2859,60,0
2026-05-28 06:30:00+00:00,4380.193,4385.404,4376.777,4380.508,2740,60,0
2026-05-28 06:45:00+00:00,4380.472,4384.748,4379.282,4383.59,2413,60,0
2026-05-28 07:00:00+00:00,4383.814,4392.484,4383.814,4388.76,3047,60,0
2026-05-28 07:15:00+00:00,4388.836,4396.577,4386.405,4392.841,2510,60,0
2026-05-28 07:30:00+00:00,4392.482,4393.95,4385.587,4389.281,2494,60,0
2026-05-28 07:45:00+00:00,4389.336,4391.022,4382.884,4387.684,2692,60,0
2026-05-28 08:00:00+00:00,4387.403,4394.955,4386.386,4393.138,2969,60,0
2026-05-28 08:15:00+00:00,4393.137,4394.539,4387.363,4390.002,2459,60,0
2026-05-28 08:30:00+00:00,4389.687,4395.045,4386.33,4389.848,2335,60,0
2026-05-28 08:45:00+00:00,4390.205,4392.033,4385.875,4387.191,1840,60,0
2026-05-28 09:00:00+00:00,4387.069,4391.203,4386.455,4389.228,2022,60,0
2026-05-28 09:15:00+00:00,4389.171,4399.027,4388.542,4396.381,2593,60,0
2026-05-28 09:30:00+00:00,4396.296,4396.854,4390.053,4391.265,2656,60,0
2026-05-28 09:45:00+00:00,4391.328,4396.446,4389.868,4393.779,2084,60,0
2026-05-28 10:00:00+00:00,4393.853,4404.264,4391.408,4399.353,2420,60,0
2026-05-28 10:15:00+00:00,4399.432,4402.416,4393.927,4401.099,1903,60,0
2026-05-28 10:30:00+00:00,4401.096,4402.603,4387.999,4389.308,2237,60,0
2026-05-28 10:45:00+00:00,4389.255,4389.255,4375.168,4383.218,5183,60,0
2026-05-28 11:00:00+00:00,4382.896,4389.338,4381.885,4386.89,3102,60,0
2026-05-28 11:15:00+00:00,4386.824,4390.647,4384.347,4384.8,2139,60,0
2026-05-28 11:30:00+00:00,4384.859,4390.325,4380.763,4386.026,2911,60,0
2026-05-28 11:45:00+00:00,4385.83,4388.365,4380.971,4387.705,2704,60,0
2026-05-28 12:00:00+00:00,4387.797,4392.887,4387.797,4392.559,2342,60,0
2026-05-28 12:15:00+00:00,4392.556,4392.999,4379.509,4385.462,3319,60,0
2026-05-28 12:30:00+00:00,4385.341,4403.146,4384.303,4401.95,4665,60,0
2026-05-28 12:45:00+00:00,4402.007,4434.034,4401.526,4432.079,5978,60,0
2026-05-28 13:00:00+00:00,4432.136,4439.239,4425.014,4426.965,7910,60,0
2026-05-28 13:15:00+00:00,4427.034,4434.584,4425.932,4428.864,3931,60,0
2026-05-28 13:30:00+00:00,4428.809,4431.038,4418.388,4421.9,6743,60,0
2026-05-28 13:45:00+00:00,4422.073,4434.461,4421.634,4430.44,5767,60,0
2026-05-28 14:00:00+00:00,4430.358,4467.419,4420.851,4464.203,12947,60,0
2026-05-28 14:15:00+00:00,4464.277,4473.734,4451.645,4461.147,15755,60,0
2026-05-28 14:30:00+00:00,4461.237,4471.617,4452.761,4468.825,8515,60,0
2026-05-28 14:45:00+00:00,4468.889,4480.636,4461.919,4469.481,9398,60,0
2026-05-28 15:00:00+00:00,4469.569,4481.051,4468.601,4471.594,5936,60,0
2026-05-28 15:15:00+00:00,4471.363,4482.241,4469.238,4476.988,4072,60,0
2026-05-28 15:30:00+00:00,4477.072,4485.067,4477.072,4479.29,3967,60,0
2026-05-28 15:45:00+00:00,4479.637,4482.525,4478.62,4482.179,2241,60,0
2026-05-28 16:00:00+00:00,4482.546,4486.031,4477.7,4484.252,2625,60,0
2026-05-28 16:15:00+00:00,4484.311,4503.022,4483.92,4500.343,4975,60,0
2026-05-28 16:30:00+00:00,4500.404,4506.532,4497.68,4504.161,3314,60,0
2026-05-28 16:45:00+00:00,4504.23,4511.038,4504.175,4510.899,2972,60,0
2026-05-28 17:00:00+00:00,4510.901,4514.725,4502.2,4504.072,2707,60,0
2026-05-28 17:15:00+00:00,4504.142,4506.766,4500.914,4502.273,2606,60,0
2026-05-28 17:30:00+00:00,4502.33,4507.484,4502.33,4505.257,1777,60,0
2026-05-28 17:45:00+00:00,4504.98,4510.02,4504.681,4508.806,1691,60,0
2026-05-28 18:00:00+00:00,4508.87,4516.705,4506.19,4507.865,2308,60,0
2026-05-28 18:15:00+00:00,4507.859,4513.041,4505.347,4506.524,2374,60,0
2026-05-28 18:30:00+00:00,4506.578,4506.635,4500.918,4501.968,1949,60,0
2026-05-28 18:45:00+00:00,4502.024,4503.818,4498.559,4501.242,1726,60,0
2026-05-28 19:00:00+00:00,4501.315,4503.963,4498.668,4499.485,1659,60,0
2026-05-28 19:15:00+00:00,4499.815,4503.096,4499.754,4499.982,1367,60,0
2026-05-28 19:30:00+00:00,4500.037,4502.026,4499.258,4499.507,1490,60,0
2026-05-28 19:45:00+00:00,4499.267,4500.485,4497.414,4498.076,1732,60,0
2026-05-28 20:00:00+00:00,4498.013,4498.844,4495.037,4497.349,1332,60,0
2026-05-28 20:15:00+00:00,4497.401,4500.811,4496.579,4499.311,1176,60,0
2026-05-28 20:30:00+00:00,4499.311,4500.822,4495.167,4495.758,1059,60,0
2026-05-28 20:45:00+00:00,4495.744,4496.692,4494.877,4496.599,848,60,0
2026-05-28 22:00:00+00:00,4497.36,4498.848,4492.029,4493.833,1041,60,0
2026-05-28 22:15:00+00:00,4493.539,4496.429,4492.918,4496.046,830,60,0
2026-05-28 22:30:00+00:00,4496.059,4496.694,4493.138,4495.587,974,60,0
2026-05-28 22:45:00+00:00,4495.464,4496.119,4490.869,4491.212,917,60,0
2026-05-28 23:00:00+00:00,4491.268,4495.526,4491.135,4494.791,1042,60,0
2026-05-28 23:15:00+00:00,4494.774,4497.072,4491.804,4492.457,973,60,0
2026-05-28 23:30:00+00:00,4492.458,4494.725,4489.3,4489.889,1536,60,0
2026-05-28 23:45:00+00:00,4490.185,4496.22,4489.234,4495.293,1619,60,0
2026-05-29 00:00:00+00:00,4495.452,4498.319,4492.015,4497.641,3494,60,0
2026-05-29 00:15:00+00:00,4497.586,4500.786,4495.693,4499.964,2369,60,0
2026-05-29 00:30:00+00:00,4500.22,4500.472,4493.32,4498.216,2319,60,0
2026-05-29 00:45:00+00:00,4498.153,4498.409,4493.489,4496.083,1985,60,0
2026-05-29 01:00:00+00:00,4496.143,4515.492,4492.312,4514.901,5610,60,0
2026-05-29 01:15:00+00:00,4515.124,4520.845,4505.364,4505.364,3981,60,0
2026-05-29 01:30:00+00:00,4505.31,4508.758,4502.638,4506.377,3297,60,0
2026-05-29 01:45:00+00:00,4506.375,4507.79,4501.047,4506.66,2642,60,0
2026-05-29 02:00:00+00:00,4506.328,4511.32,4504.135,4506.917,2700,60,0
2026-05-29 02:15:00+00:00,4507.053,4509.082,4501.916,4503.268,2050,60,0
2026-05-29 02:30:00+00:00,4503.277,4508.081,4498.373,4505.315,2444,60,0
2026-05-29 02:45:00+00:00,4505.029,4508.139,4501.456,4501.713,2130,60,0
2026-05-29 03:00:00+00:00,4501.643,4502.262,4495.028,4496.557,2967,60,0
2026-05-29 03:15:00+00:00,4496.63,4499.212,4495.212,4496.783,2266,60,0
2026-05-29 03:30:00+00:00,4496.837,4499.486,4494.743,4498.051,1710,60,0
2026-05-29 03:45:00+00:00,4497.995,4501.538,4496.641,4501.236,1770,60,0
2026-05-29 04:00:00+00:00,4501.214,4505.371,4501.033,4502.315,1690,60,0
2026-05-29 04:15:00+00:00,4502.261,4511.979,4501.935,4509.126,2090,60,0
2026-05-29 04:30:00+00:00,4509.347,4511.021,4508.362,4510.481,1645,60,0
2026-05-29 04:45:00+00:00,4510.584,4514.945,4508.101,4514.081,1629,60,0
2026-05-29 05:00:00+00:00,4514.026,4515.571,4509.018,4511.875,1598,60,0
2026-05-29 05:15:00+00:00,4511.887,4512.451,4509.641,4509.842,1244,60,0
2026-05-29 05:30:00+00:00,4509.778,4513.103,4502.532,4506.647,2939,60,0
2026-05-29 05:45:00+00:00,4506.955,4515.985,4504.291,4514.832,2583,60,0
2026-05-29 06:00:00+00:00,4515.168,4522.605,4511.367,4515.723,3739,60,0
2026-05-29 06:15:00+00:00,4515.69,4521.353,4509.864,4516.823,3142,60,0
2026-05-29 06:30:00+00:00,4516.88,4520.666,4511.548,4516.618,3004,60,0
2026-05-29 06:45:00+00:00,4516.561,4524.284,4515.347,4523.64,2418,60,0
2026-05-29 07:00:00+00:00,4523.871,4523.871,4515.99,4516.542,2462,60,0
2026-05-29 07:15:00+00:00,4516.485,4517.238,4510.807,4514.1,2460,60,0
2026-05-29 07:30:00+00:00,4514.161,4526.233,4513.007,4525.266,3364,60,0
2026-05-29 07:45:00+00:00,4525.502,4526.299,4522.14,4524.604,1813,60,0
2026-05-29 08:00:00+00:00,4524.818,4524.9,4514.248,4515.329,2424,60,0
2026-05-29 08:15:00+00:00,4515.329,4518.047,4512.578,4517.286,2416,60,0
2026-05-29 08:30:00+00:00,4517.274,4518.252,4513.935,4515.039,1918,60,0
2026-05-29 08:45:00+00:00,4514.896,4516.46,4510.046,4514.819,1994,60,0
2026-05-29 09:00:00+00:00,4514.893,4530.546,4513.229,4529.024,2447,60,0
2026-05-29 09:15:00+00:00,4529.095,4532.43,4522.368,4529.12,2489,60,0
2026-05-29 09:30:00+00:00,4529.055,4532.73,4524.783,4532.549,2513,60,0
2026-05-29 09:45:00+00:00,4532.393,4539.934,4529.841,4531.31,2703,60,0
2026-05-29 10:00:00+00:00,4531.314,4531.314,4525.449,4528.466,1937,60,0
2026-05-29 10:15:00+00:00,4528.401,4531.18,4525.616,4530.659,1933,60,0
2026-05-29 10:30:00+00:00,4530.657,4543.527,4530.258,4538.208,2723,60,0
2026-05-29 10:45:00+00:00,4538.268,4541.21,4535.322,4538.491,2221,60,0
2026-05-29 11:00:00+00:00,4538.717,4540.648,4530.838,4532.476,2414,60,0
2026-05-29 11:15:00+00:00,4532.556,4534.475,4527.045,4528.221,2373,60,0
2026-05-29 11:30:00+00:00,4528.286,4531.426,4525.898,4531.042,1974,60,0
2026-05-29 11:45:00+00:00,4531.062,4538.928,4527.534,4538.316,3111,60,0
2026-05-29 12:00:00+00:00,4538.381,4538.649,4527.005,4528.574,2775,60,0
2026-05-29 12:15:00+00:00,4528.512,4531.962,4519.951,4522.36,3135,60,0
2026-05-29 12:30:00+00:00,4522.276,4523.749,4512.734,4514.531,3788,60,0
2026-05-29 12:45:00+00:00,4514.443,4524.105,4512.682,4523.018,3322,60,0
2026-05-29 13:00:00+00:00,4523.118,4527.167,4515.218,4522.991,4585,60,0
2026-05-29 13:15:00+00:00,4523.049,4529.363,4521.327,4528.289,3118,60,0
2026-05-29 13:30:00+00:00,4528.101,4535.331,4522.453,4532.958,5606,60,0
2026-05-29 13:45:00+00:00,4532.903,4540.947,4529.48,4537.025,4481,60,0
2026-05-29 14:00:00+00:00,4536.96,4552.888,4535.152,4544.008,6830,60,0
2026-05-29 14:15:00+00:00,4544.067,4545.184,4526.116,4530.034,6559,60,0
2026-05-29 14:30:00+00:00,4529.651,4542.066,4525.238,4540.338,6243,60,0
2026-05-29 14:45:00+00:00,4540.578,4570.571,4536.533,4564.408,11604,60,0
2026-05-29 15:00:00+00:00,4564.353,4595.306,4564.242,4589.815,11849,60,0
2026-05-29 15:15:00+00:00,4589.87,4591.677,4578.273,4578.405,6778,60,0
2026-05-29 15:30:00+00:00,4578.469,4583.466,4561.465,4566.725,7121,60,0
2026-05-29 15:45:00+00:00,4566.575,4571.7,4557.858,4571.32,5122,60,0
2026-05-29 16:00:00+00:00,4571.385,4572.43,4559.772,4563.87,3217,60,0
2026-05-29 16:15:00+00:00,4563.807,4567.897,4560.426,4563.241,2796,60,0
2026-05-29 16:30:00+00:00,4563.166,4573.617,4561.848,4569.401,3752,60,0
2026-05-29 16:45:00+00:00,4569.705,4569.705,4560.845,4566.879,2359,60,0
2026-05-29 17:00:00+00:00,4566.939,4568.74,4563.368,4564.317,1864,60,0
2026-05-29 17:15:00+00:00,4564.305,4566.97,4560.836,4561.982,2491,60,0
2026-05-29 17:30:00+00:00,4562.085,4562.404,4553.485,4554.407,2329,60,0
2026-05-29 17:45:00+00:00,4554.348,4557.563,4551.617,4553.392,1973,60,0
2026-05-29 18:00:00+00:00,4553.722,4558.741,4552.618,4558.126,2039,60,0
2026-05-29 18:15:00+00:00,4558.073,4560.513,4555.627,4559.296,1838,60,0
2026-05-29 18:30:00+00:00,4559.251,4561.756,4557.623,4557.877,1482,60,0
2026-05-29 18:45:00+00:00,4557.812,4558.017,4550.702,4553.533,2824,60,0
2026-05-29 19:00:00+00:00,4553.472,4560.067,4552.563,4558.663,1688,60,0
2026-05-29 19:15:00+00:00,4558.707,4559.282,4554.738,4555.414,1432,60,0
2026-05-29 19:30:00+00:00,4555.443,4556.543,4551.185,4551.418,1587,60,0
2026-05-29 19:45:00+00:00,4551.657,4551.793,4542.916,4545.71,2671,60,0
2026-05-29 20:00:00+00:00,4545.768,4549.119,4542.611,4548.698,1747,60,0
2026-05-29 20:15:00+00:00,4548.619,4548.858,4542.198,4542.6,1035,60,0
2026-05-29 20:30:00+00:00,4542.519,4544.351,4541.276,4543.983,1165,60,0
2026-05-29 20:45:00+00:00,4543.829,4543.829,4539.53,4540.48,1314,60,0
2026-05-31 22:00:00+00:00,4521.379,4535.492,4518.493,4534.691,2428,60,0
2026-05-31 22:15:00+00:00,4534.671,4536.696,4531.306,4533.377,1616,60,0
2026-05-31 22:30:00+00:00,4533.321,4536.706,4530.868,4535.526,1629,60,0
2026-05-31 22:45:00+00:00,4535.581,4540.317,4534.821,4535.541,1419,60,0
2026-05-31 23:00:00+00:00,4535.31,4543.399,4535.084,4542.472,1353,60,0
2026-05-31 23:15:00+00:00,4542.437,4545.098,4540.07,4545.098,1479,60,0
2026-05-31 23:30:00+00:00,4544.895,4545.795,4538.272,4542.126,1566,60,0
2026-05-31 23:45:00+00:00,4542.07,4544.982,4538.646,4539.759,1789,60,0
2026-06-01 00:00:00+00:00,4539.82,4546.276,4537.435,4540.916,2793,60,0
2026-06-01 00:15:00+00:00,4540.853,4544.589,4537.714,4543.087,2369,60,0
2026-06-01 00:30:00+00:00,4543.345,4545.294,4535.33,4535.936,2523,60,0
2026-06-01 00:45:00+00:00,4535.879,4542.677,4535.879,4540.664,2503,60,0
2026-06-01 01:00:00+00:00,4540.948,4541.324,4526.158,4533.961,4919,60,0
2026-06-01 01:15:00+00:00,4533.943,4536.588,4528.115,4528.996,3117,60,0
2026-06-01 01:30:00+00:00,4528.941,4533.951,4526.931,4533.032,2965,60,0
2026-06-01 01:45:00+00:00,4533.087,4533.854,4523.643,4525.73,2836,60,0
2026-06-01 02:00:00+00:00,4525.683,4534.265,4524.475,4532.03,2604,60,0
2026-06-01 02:15:00+00:00,4531.97,4534.811,4529.435,4530.603,1765,60,0
2026-06-01 02:30:00+00:00,4530.546,4531.253,4522.261,4523.154,3051,60,0
2026-06-01 02:45:00+00:00,4523.098,4525.203,4521.128,4521.634,2327,60,0
2026-06-01 03:00:00+00:00,4521.573,4525.478,4515.448,4518.803,2613,60,0
2026-06-01 03:15:00+00:00,4518.933,4521.462,4513.84,4520.302,2581,60,0
2026-06-01 03:30:00+00:00,4520.421,4523.982,4509.963,4510.851,2203,60,0
2026-06-01 03:45:00+00:00,4510.895,4516.26,4509.829,4516.255,1617,60,0
2026-06-01 04:00:00+00:00,4516.212,4519.592,4512.423,4514.809,1685,60,0
2026-06-01 04:15:00+00:00,4514.818,4518.583,4514.553,4515.991,1345,60,0
2026-06-01 04:30:00+00:00,4516.043,4517.467,4513.567,4514.46,1366,60,0
2026-06-01 04:45:00+00:00,4514.549,4515.314,4508.376,4514.637,1838,60,0
2026-06-01 05:00:00+00:00,4514.692,4519.417,4513.465,4518.037,1579,60,0
2026-06-01 05:15:00+00:00,4518.035,4523.822,4517.464,4520.614,1610,60,0
2026-06-01 05:30:00+00:00,4520.6,4522.089,4512.662,4519.761,3090,60,0
2026-06-01 05:45:00+00:00,4519.7,4525.204,4517.297,4518.45,2411,60,0
2026-06-01 06:00:00+00:00,4518.39,4518.852,4512.667,4514.35,2982,60,0
2026-06-01 06:15:00+00:00,4514.294,4516.065,4505.019,4514.321,3085,60,0
2026-06-01 06:30:00+00:00,4514.379,4514.673,4501.661,4504.515,2815,60,0
2026-06-01 06:45:00+00:00,4504.433,4505.006,4500.131,4501.851,3012,60,0
2026-06-01 07:00:00+00:00,4501.492,4510.123,4500.849,4507.457,3071,60,0
2026-06-01 07:15:00+00:00,4507.414,4508.405,4503.434,4504.128,1981,60,0
2026-06-01 07:30:00+00:00,4503.838,4507.88,4497.9,4498.387,2410,60,0
2026-06-01 07:45:00+00:00,4498.338,4503.137,4492.379,4503.062,2801,60,0
2026-06-01 08:00:00+00:00,4502.952,4504.44,4493.782,4495.876,2891,60,0
2026-06-01 08:15:00+00:00,4495.817,4497.056,4490.529,4495.902,2352,60,0
2026-06-01 08:30:00+00:00,4495.889,4500.384,4492.624,4500.054,2132,60,0
2026-06-01 08:45:00+00:00,4499.995,4502.492,4495.531,4497.945,2682,60,0
2026-06-01 09:00:00+00:00,4498.15,4500.65,4497.677,4499.845,1728,60,0
2026-06-01 09:15:00+00:00,4499.781,4506.307,4496.3,4496.3,2343,60,0
2026-06-01 09:30:00+00:00,4496.235,4499.406,4489.242,4498.258,3360,60,0
2026-06-01 09:45:00+00:00,4498.282,4498.648,4494.043,4496.235,2111,60,0
2026-06-01 10:00:00+00:00,4496.009,4502.174,4496.009,4501.44,1791,60,0
2026-06-01 10:15:00+00:00,4501.469,4503.579,4496.432,4501.088,1921,60,0
2026-06-01 10:30:00+00:00,4501.152,4507.633,4500.446,4505.9,1885,60,0
2026-06-01 10:45:00+00:00,4505.844,4511.131,4502.648,4503.886,2087,60,0
2026-06-01 11:00:00+00:00,4504.122,4506.677,4499.895,4505.163,2146,60,0
2026-06-01 11:15:00+00:00,4505.219,4513.066,4504.175,4510.502,2046,60,0
2026-06-01 11:30:00+00:00,4510.435,4512.175,4506.085,4507.412,1925,60,0
2026-06-01 11:45:00+00:00,4507.084,4509.888,4505.594,4505.793,1677,60,0
2026-06-01 12:00:00+00:00,4505.737,4509.747,4502.933,4503.194,2165,60,0
2026-06-01 12:15:00+00:00,4503.432,4507.897,4497.488,4505.462,3343,60,0
2026-06-01 12:30:00+00:00,4505.396,4508.445,4497.703,4507.578,3368,60,0
2026-06-01 12:45:00+00:00,4507.449,4510.641,4498.564,4502.49,3206,60,0
2026-06-01 13:00:00+00:00,4502.257,4504.113,4472.278,4484.147,10982,60,0
2026-06-01 13:15:00+00:00,4484.23,4489.475,4462.517,4464.84,12002,60,0
2026-06-01 13:30:00+00:00,4465.064,4478.61,4458.957,4467.31,11042,60,0
2026-06-01 13:45:00+00:00,4467.426,4469.613,4448.504,4450.48,7950,60,0
2026-06-01 14:00:00+00:00,4450.046,4462.143,4447.675,4461.193,6433,60,0
2026-06-01 14:15:00+00:00,4461.175,4464.898,4449.7,4456.21,6224,60,0
2026-06-01 14:30:00+00:00,4456.29,4461.696,4453.892,4460.159,4031,60,0
2026-06-01 14:45:00+00:00,4459.844,4461.216,4452.232,4458.606,3532,60,0
2026-06-01 15:00:00+00:00,4458.677,4465.618,4455.279,4464.248,3866,60,0
2026-06-01 15:15:00+00:00,4464.303,4470.282,4463.133,4468.22,3001,60,0
2026-06-01 15:30:00+00:00,4468.159,4479.943,4467.971,4472.488,5921,60,0
2026-06-01 15:45:00+00:00,4472.562,4475.362,4468.583,4474.009,2504,60,0
2026-06-01 16:00:00+00:00,4474.244,4478.729,4465.009,4467.463,2620,60,0
2026-06-01 16:15:00+00:00,4467.403,4469.614,4462.926,4468.197,2061,60,0
2026-06-01 16:30:00+00:00,4468.142,4472.277,4467.697,4468.297,2206,60,0
2026-06-01 16:45:00+00:00,4468.3,4482.162,4467.42,4479.947,2840,60,0
2026-06-01 17:00:00+00:00,4480.003,4481.059,4471.677,4474.917,2428,60,0
2026-06-01 17:15:00+00:00,4474.863,4483.115,4472.384,4482.946,2197,60,0
2026-06-01 17:30:00+00:00,4482.81,4491.622,4480.409,4491.602,5021,60,0
2026-06-01 17:45:00+00:00,4491.417,4495.566,4487.424,4487.719,2481,60,0
2026-06-01 18:00:00+00:00,4487.728,4490.285,4486.403,4488.621,1428,60,0
2026-06-01 18:15:00+00:00,4488.867,4490.201,4486.448,4486.873,1280,60,0
2026-06-01 18:30:00+00:00,4486.934,4488.313,4484.785,4488.112,1196,60,0
2026-06-01 18:45:00+00:00,4488.1,4488.741,4486.635,4486.884,1150,60,0
2026-06-01 19:00:00+00:00,4486.825,4488.405,4484.725,4485.431,1370,60,0
2026-06-01 19:15:00+00:00,4485.583,4486.661,4484.308,4484.892,1181,60,0
2026-06-01 19:30:00+00:00,4484.925,4485.875,4482.962,4483.632,1289,60,0
2026-06-01 19:45:00+00:00,4483.658,4484.538,4479.144,4481.345,1665,60,0
2026-06-01 20:00:00+00:00,4481.106,4484.372,4480.319,4483.36,1284,60,0
2026-06-01 20:15:00+00:00,4483.344,4484.22,4482.195,4483.09,876,60,0
2026-06-01 20:30:00+00:00,4483.086,4484.948,4482.332,4482.775,860,60,0
2026-06-01 20:45:00+00:00,4482.773,4486.021,4481.2,4484.248,852,60,0
2026-06-01 22:00:00+00:00,4486.76,4487.097,4481.752,4484.378,914,100,0
2026-06-01 22:15:00+00:00,4484.368,4485.399,4481.419,4481.783,902,60,0
2026-06-01 22:30:00+00:00,4481.756,4483.463,4479.949,4481.765,755,60,0
2026-06-01 22:45:00+00:00,4481.772,4486.538,4481.489,4485.546,821,60,0
2026-06-01 23:00:00+00:00,4485.685,4487.85,4481.829,4486.152,882,60,0
2026-06-01 23:15:00+00:00,4486.162,4488.455,4485.432,4487.495,736,60,0
2026-06-01 23:30:00+00:00,4487.284,4487.511,4480.716,4483.501,1297,60,0
2026-06-01 23:45:00+00:00,4483.667,4486.026,4479.321,4484.392,1470,60,0
2026-06-02 00:00:00+00:00,4484.508,4485.306,4476.633,4481.152,3350,60,0
2026-06-02 00:15:00+00:00,4481.061,4493.941,4480.943,4493.931,2993,60,0
2026-06-02 00:30:00+00:00,4493.873,4497.305,4485.241,4487.356,2839,60,0
2026-06-02 00:45:00+00:00,4487.218,4487.995,4480.703,4481.315,2505,60,0
2026-06-02 01:00:00+00:00,4481.26,4491.936,4473.66,4489.808,6215,60,0
2026-06-02 01:15:00+00:00,4490.171,4492.628,4481.097,4486.623,5200,60,0
2026-06-02 01:30:00+00:00,4486.682,4489.483,4479.598,4479.985,4195,60,0
2026-06-02 01:45:00+00:00,4480.145,4482.23,4463.072,4474.004,5404,60,0
2026-06-02 02:00:00+00:00,4473.95,4481.071,4472.139,4480.455,3551,60,0
2026-06-02 02:15:00+00:00,4480.501,4485.004,4478.683,4481.831,2359,60,0
2026-06-02 02:30:00+00:00,4481.774,4485.925,4474.612,4476.69,2992,60,0
2026-06-02 02:45:00+00:00,4476.754,4486.744,4473.651,4485.906,2364,60,0
2026-06-02 03:00:00+00:00,4485.968,4492.73,4485.679,4488.129,2590,60,0
2026-06-02 03:15:00+00:00,4488.48,4497.595,4485.989,4495.099,2652,60,0
2026-06-02 03:30:00+00:00,4495.033,4499.289,4493.164,4497.157,2807,60,0
2026-06-02 03:45:00+00:00,4497.138,4499.679,4495.536,4499.226,1470,60,0
2026-06-02 04:00:00+00:00,4499.218,4505.617,4497.741,4504.607,1773,60,0
2026-06-02 04:15:00+00:00,4504.588,4510.345,4504.093,4504.761,2160,60,0
2026-06-02 04:30:00+00:00,4504.738,4511.154,4503.403,4510.22,2123,60,0
2026-06-02 04:45:00+00:00,4510.213,4518.441,4509.818,4517.312,1955,60,0
2026-06-02 05:00:00+00:00,4517.257,4518.806,4515.183,4518.446,1988,60,0
2026-06-02 05:15:00+00:00,4518.797,4521.917,4516.783,4519.731,2254,60,0
2026-06-02 05:30:00+00:00,4519.799,4528.523,4519.563,4524.663,4131,60,0
2026-06-02 05:45:00+00:00,4524.626,4526.439,4516.209,4517.22,2200,60,0
2026-06-02 06:00:00+00:00,4517.161,4525.05,4517.005,4519.185,2855,60,0
2026-06-02 06:15:00+00:00,4519.242,4534.124,4518.012,4533.034,3256,60,0
2026-06-02 06:30:00+00:00,4533.094,4538.601,4531.831,4532.953,2598,60,0
2026-06-02 06:45:00+00:00,4532.889,4536.987,4531.965,4535.612,2171,60,0
2026-06-02 07:00:00+00:00,4535.528,4541.713,4533.465,4540.112,2751,60,0
2026-06-02 07:15:00+00:00,4539.829,4540.472,4533.526,4534.25,2091,60,0
2026-06-02 07:30:00+00:00,4534.215,4535.245,4531.022,4531.762,1829,60,0
2026-06-02 07:45:00+00:00,4532.002,4535.63,4527.836,4535.144,2210,60,0
2026-06-02 08:00:00+00:00,4534.952,4539.404,4533.051,4535.039,2525,60,0
2026-06-02 08:15:00+00:00,4534.925,4535.582,4529.674,4531.332,2392,60,0
2026-06-02 08:30:00+00:00,4531.275,4533.289,4528.476,4528.994,1819,60,0
2026-06-02 08:45:00+00:00,4528.938,4530.407,4525.906,4526.96,1594,60,0
2026-06-02 09:00:00+00:00,4526.952,4534.114,4525.379,4533.867,1895,60,0
2026-06-02 09:15:00+00:00,4533.892,4535.914,4525.575,4526.951,2124,60,0
2026-06-02 09:30:00+00:00,4527.034,4527.516,4521.341,4525.529,2612,60,0
2026-06-02 09:45:00+00:00,4525.752,4531.485,4525.032,4529.748,1702,60,0
2026-06-02 10:00:00+00:00,4529.804,4531.918,4527.604,4529.103,1560,60,0
2026-06-02 10:15:00+00:00,4528.753,4529.777,4524.834,4528.263,1530,60,0
2026-06-02 10:30:00+00:00,4528.327,4528.978,4525.681,4528.968,1246,60,0
2026-06-02 10:45:00+00:00,4528.895,4534.022,4528.895,4533.034,1660,60,0
2026-06-02 11:00:00+00:00,4533.096,4534.741,4528.859,4529.048,1535,60,0
2026-06-02 11:15:00+00:00,4529.016,4530.314,4526.535,4530.314,1491,60,0
2026-06-02 11:30:00+00:00,4530.378,4530.801,4526.32,4526.769,1435,60,0
2026-06-02 11:45:00+00:00,4527.068,4530.71,4525.495,4527.651,1559,60,0
2026-06-02 12:00:00+00:00,4527.777,4528.832,4524.899,4526.53,1838,60,0
2026-06-02 12:15:00+00:00,4526.518,4534.183,4523.998,4529.212,2490,60,0
2026-06-02 12:30:00+00:00,4529.424,4533.723,4521.554,4524.996,3416,60,0
2026-06-02 12:45:00+00:00,4525.051,4526.088,4513.494,4514.916,2980,60,0
2026-06-02 13:00:00+00:00,4514.971,4524.994,4511.809,4514.247,4816,60,0
2026-06-02 13:15:00+00:00,4514.301,4517.456,4510.156,4511.067,3039,60,0
2026-06-02 13:30:00+00:00,4511.003,4514.468,4506.187,4508.693,5570,60,0
2026-06-02 13:45:00+00:00,4508.632,4514.024,4503.025,4503.025,3640,60,0
2026-06-02 14:00:00+00:00,4502.962,4507.024,4497.941,4504.459,3872,60,0
2026-06-02 14:15:00+00:00,4504.4,4505.313,4490.128,4495.811,5197,60,0
2026-06-02 14:30:00+00:00,4495.866,4505.575,4495.591,4504.276,2862,60,0
2026-06-02 14:45:00+00:00,4504.209,4506.494,4500.856,4504.066,2352,60,0
2026-06-02 15:00:00+00:00,4504.122,4508.346,4501.669,4503.496,2852,60,0
2026-06-02 15:15:00+00:00,4503.299,4506.228,4501.502,4505.608,2467,60,0
2026-06-02 15:30:00+00:00,4505.662,4508.716,4500.116,4502.637,2702,60,0
2026-06-02 15:45:00+00:00,4502.704,4507.166,4501.306,4502.282,2268,60,0
2026-06-02 16:00:00+00:00,4502.297,4503.07,4497.996,4498.116,2372,60,0
2026-06-02 16:15:00+00:00,4498.355,4498.608,4490.314,4490.541,2220,60,0
2026-06-02 16:30:00+00:00,4490.601,4491.608,4486.341,4490.028,2328,60,0
2026-06-02 16:45:00+00:00,4489.966,4492.128,4489.174,4492.072,1520,60,0
2026-06-02 17:00:00+00:00,4491.839,4493.312,4486.695,4489.724,2003,60,0
2026-06-02 17:15:00+00:00,4489.436,4491.914,4486.692,4491.051,2179,60,0
2026-06-02 17:30:00+00:00,4490.992,4491.737,4482.184,4484.765,2119,60,0
2026-06-02 17:45:00+00:00,4484.823,4486.474,4483.003,4484.59,1489,60,0
2026-06-02 18:00:00+00:00,4484.944,4488.77,4484.241,4485.411,1581,60,0
2026-06-02 18:15:00+00:00,4485.391,4491.112,4484.076,4488.678,1573,60,0
2026-06-02 18:30:00+00:00,4488.75,4489.614,4478.683,4480.81,1758,60,0
2026-06-02 18:45:00+00:00,4480.756,4490.596,4480.237,4487.364,1448,60,0
2026-06-02 19:00:00+00:00,4487.406,4489.283,4487.29,4487.491,1127,60,0
2026-06-02 19:15:00+00:00,4487.517,4489.737,4485.662,4489.496,1177,60,0
2026-06-02 19:30:00+00:00,4489.488,4490.406,4483.434,4487.275,1391,60,0
2026-06-02 19:45:00+00:00,4487.33,4488.78,4485.648,4488.01,1422,60,0
2026-06-02 20:00:00+00:00,4487.951,4490.062,4486.276,4489.927,952,60,0
2026-06-02 20:15:00+00:00,4489.816,4491.082,4488.509,4490.036,785,60,0
2026-06-02 20:30:00+00:00,4489.757,4491.148,4488.848,4489.109,778,60,0
2026-06-02 20:45:00+00:00,4489.18,4489.966,4486.705,4488.491,911,60,0
2026-06-02 22:00:00+00:00,4490.581,4493.307,4488.447,4489.628,972,60,0
2026-06-02 22:15:00+00:00,4489.61,4491.886,4487.855,4490.053,1187,60,0
2026-06-02 22:30:00+00:00,4489.986,4491.364,4487.26,4488.942,1069,60,0
2026-06-02 22:45:00+00:00,4488.952,4492.165,4484.288,4485.178,1862,60,0
2026-06-02 23:00:00+00:00,4485.115,4488.68,4474.39,4477.296,2424,60,0
2026-06-02 23:15:00+00:00,4477.66,4477.66,4462.287,4467.446,3298,60,0
2026-06-02 23:30:00+00:00,4467.524,4474.782,4462.531,4474.782,3490,60,0
2026-06-02 23:45:00+00:00,4474.841,4475.251,4469.179,4474.309,2030,60,0
2026-06-03 00:00:00+00:00,4474.237,4479.698,4473.701,4475.797,2653,60,0
2026-06-03 00:15:00+00:00,4475.836,4483.431,4474.398,4483.017,2014,60,0
2026-06-03 00:30:00+00:00,4483.014,4496.888,4481.153,4495.81,2600,60,0
2026-06-03 00:45:00+00:00,4495.748,4496.117,4485.895,4486.324,2107,60,0
2026-06-03 01:00:00+00:00,4486.264,4487.722,4467.162,4471.21,6595,60,0
2026-06-03 01:15:00+00:00,4471.418,4472.876,4463.281,4467.432,3771,60,0
2026-06-03 01:30:00+00:00,4467.195,4472.997,4464.959,4470.371,3880,60,0
2026-06-03 01:45:00+00:00,4470.601,4477.172,4470.062,4475.715,2507,60,0
2026-06-03 02:00:00+00:00,4475.701,4481.562,4472.751,4480.513,2417,60,0
2026-06-03 02:15:00+00:00,4480.578,4481.026,4474.084,4478.694,1942,60,0
2026-06-03 02:30:00+00:00,4478.783,4485.331,4474.89,4479.387,2179,60,0
2026-06-03 02:45:00+00:00,4479.328,4482.255,4473.05,4482.199,2756,60,0
2026-06-03 03:00:00+00:00,4481.847,4487.757,4481.847,4485.384,2207,60,0
2026-06-03 03:15:00+00:00,4485.375,4487.321,4483.177,4483.507,1702,60,0
2026-06-03 03:30:00+00:00,4483.404,4485.939,4483.074,4484.688,1408,60,0
2026-06-03 03:45:00+00:00,4484.63,4486.384,4482.42,4484.301,1336,60,0
2026-06-03 04:00:00+00:00,4484.651,4487.087,4483.988,4486.788,1539,60,0
2026-06-03 04:15:00+00:00,4486.745,4488.418,4477.242,4477.32,1468,60,0
2026-06-03 04:30:00+00:00,4477.261,4477.525,4470.826,4473.63,1695,60,0
2026-06-03 04:45:00+00:00,4473.625,4474.007,4468.36,4469.608,1451,60,0
2026-06-03 05:00:00+00:00,4469.374,4473.531,4467.494,4473.197,2078,60,0
2026-06-03 05:15:00+00:00,4473.208,4474.357,4466.155,4468.486,1790,60,0
2026-06-03 05:30:00+00:00,4468.542,4469.223,4459.068,4462.201,3735,60,0
2026-06-03 05:45:00+00:00,4461.848,4468.406,4456.699,4457.222,2811,60,0
2026-06-03 06:00:00+00:00,4456.967,4467.375,4456.827,4466.02,3664,60,0
2026-06-03 06:15:00+00:00,4466.03,4471.025,4458.854,4462.399,3125,60,0
2026-06-03 06:30:00+00:00,4462.343,4464.935,4457.268,4460.804,3630,60,0
2026-06-03 06:45:00+00:00,4460.745,4462.996,4455.266,4462.94,2594,60,0
2026-06-03 07:00:00+00:00,4462.839,4472.414,4460.115,4469.813,3431,60,0
2026-06-03 07:15:00+00:00,4469.608,4469.933,4456.062,4456.062,2715,60,0
2026-06-03 07:30:00+00:00,4456.41,4463.271,4454.365,4458.908,3086,60,0
2026-06-03 07:45:00+00:00,4459.159,4464.135,4452.91,4453.455,2057,60,0
2026-06-03 08:00:00+00:00,4453.516,4459.195,4450.889,4455.687,2939,60,0
2026-06-03 08:15:00+00:00,4455.468,4457.782,4450.684,4457.362,2715,60,0
2026-06-03 08:30:00+00:00,4457.295,4459.017,4454.56,4456.65,2112,60,0
2026-06-03 08:45:00+00:00,4456.646,4458.088,4440.281,4443.91,3580,60,0
2026-06-03 09:00:00+00:00,4443.846,4458.882,4441.664,4451.557,2546,60,0
2026-06-03 09:15:00+00:00,4451.5,4452.118,4439.411,4440.236,2819,60,0
2026-06-03 09:30:00+00:00,4440.175,4448.582,4438.99,4446.646,2863,60,0
2026-06-03 09:45:00+00:00,4446.569,4448.127,4441.077,4443.001,2058,60,0
2026-06-03 10:00:00+00:00,4442.948,4467.146,4440.913,4462.919,7167,60,0
2026-06-03 10:15:00+00:00,4462.851,4464.257,4453.557,4459.853,3488,60,0
2026-06-03 10:30:00+00:00,4459.91,4462.796,4453.145,4454.285,2212,60,0
2026-06-03 10:45:00+00:00,4454.061,4461.216,4453.735,4458.855,1779,60,0
2026-06-03 11:00:00+00:00,4458.919,4467.963,4458.919,4461.902,2729,60,0
2026-06-03 11:15:00+00:00,4462.217,4466.005,4459.12,4464.467,1875,60,0
2026-06-03 11:30:00+00:00,4464.402,4467.104,4459.628,4460.456,1822,60,0
2026-06-03 11:45:00+00:00,4460.512,4464.96,4458.629,4462.674,2145,60,0
2026-06-03 12:00:00+00:00,4462.729,4464.651,4457.157,4458.971,2604,60,0
2026-06-03 12:15:00+00:00,4458.968,4462.46,4451.926,4452.968,3112,60,0
2026-06-03 12:30:00+00:00,4453.09,4460.595,4448.463,4458.859,3919,60,0
2026-06-03 12:45:00+00:00,4459.174,4467.388,4455.574,4460.253,4207,60,0
2026-06-03 13:00:00+00:00,4460.197,4465.847,4458.016,4462.52,4575,60,0
2026-06-03 13:15:00+00:00,4462.297,4463.468,4445.688,4448.816,4243,60,0
2026-06-03 13:30:00+00:00,4448.741,4453.208,4427.579,4427.702,7395,60,0
2026-06-03 13:45:00+00:00,4427.343,4450.253,4426.412,4445.86,7183,60,0
2026-06-03 14:00:00+00:00,4446.244,4456.836,4442.315,4454.748,6525,60,0
2026-06-03 14:15:00+00:00,4454.805,4459.141,4445.484,4452.037,6027,60,0
2026-06-03 14:30:00+00:00,4451.844,4453.751,4447.208,4448.462,3631,60,0
2026-06-03 14:45:00+00:00,4448.39,4459.816,4447.99,4457.368,4063,60,0
2026-06-03 15:00:00+00:00,4457.128,4458.491,4444.998,4446.127,3688,60,0
2026-06-03 15:15:00+00:00,4446.069,4450.755,4439.621,4445.033,5071,60,0
2026-06-03 15:30:00+00:00,4444.966,4445.671,4436.711,4440.356,3908,60,0
2026-06-03 15:45:00+00:00,4440.068,4443.674,4438.059,4442.105,2519,60,0
2026-06-03 16:00:00+00:00,4442.046,4443.932,4437.178,4439.152,2488,60,0
2026-06-03 16:15:00+00:00,4439.232,4441.523,4433.8,4437.549,2784,60,0
2026-06-03 16:30:00+00:00,4437.789,4440.793,4435.326,4438.931,2146,60,0
2026-06-03 16:45:00+00:00,4439.158,4442.979,4436.635,4441.767,2401,60,0
2026-06-03 17:00:00+00:00,4441.837,4448.547,4441.574,4442.075,2327,60,0
2026-06-03 17:15:00+00:00,4442.151,4443.498,4437.983,4439.196,2051,60,0
2026-06-03 17:30:00+00:00,4439.273,4442.445,4435.697,4440.599,1797,60,0
2026-06-03 17:45:00+00:00,4440.5,4440.89,4437.026,4439.105,1460,60,0
2026-06-03 18:00:00+00:00,4439.14,4440.739,4435.553,4437.121,1572,60,0
2026-06-03 18:15:00+00:00,4437.145,4440.854,4434.644,4440.318,1532,60,0
2026-06-03 18:30:00+00:00,4440.03,4442.785,4436.961,4440.198,1583,60,0
2026-06-03 18:45:00+00:00,4440.254,4442.908,4439.546,4442.07,1301,60,0
2026-06-03 19:00:00+00:00,4442.016,4450.061,4441.389,4449.606,1897,60,0
2026-06-03 19:15:00+00:00,4449.66,4452.186,4446.585,4448.055,1690,60,0
2026-06-03 19:30:00+00:00,4448.302,4449.781,4446.699,4447.095,1320,60,0
2026-06-03 19:45:00+00:00,4447.149,4447.483,4443.052,4444.108,1834,60,0
2026-06-03 20:00:00+00:00,4444.048,4445.35,4438.592,4439.944,1433,60,0
2026-06-03 20:15:00+00:00,4440.002,4440.473,4437.354,4439.29,1648,60,0
2026-06-03 20:30:00+00:00,4439.21,4439.755,4432.378,4433.676,1437,60,0
2026-06-03 20:45:00+00:00,4433.791,4435.198,4430.491,4434.16,1438,60,0
2026-06-03 22:00:00+00:00,4438.419,4440.502,4429.537,4431.997,1807,60,0
2026-06-03 22:15:00+00:00,4432.056,4435.469,4423.783,4433.916,2130,60,0
2026-06-03 22:30:00+00:00,4434.27,4440.262,4433.922,4437.027,1722,60,0
2026-06-03 22:45:00+00:00,4436.962,4453.074,4436.699,4448.9,2156,60,0
2026-06-03 23:00:00+00:00,4448.955,4450.533,4445.444,4447.742,1764,60,0
2026-06-03 23:15:00+00:00,4447.801,4451.546,4447.254,4450.632,1483,60,0
2026-06-03 23:30:00+00:00,4450.661,4454.086,4446.262,4453.51,2048,60,0
2026-06-03 23:45:00+00:00,4453.552,4464.775,4453.552,4457.206,2921,60,0
2026-06-04 00:00:00+00:00,4457.559,4465.238,4453.016,4453.64,4579,60,0
2026-06-04 00:15:00+00:00,4453.663,4457.028,4447.843,4450.916,3266,60,0
2026-06-04 00:30:00+00:00,4450.682,4452.826,4443.996,4448.356,3326,60,0
2026-06-04 00:45:00+00:00,4448.296,4453.041,4445.055,4448.349,3049,60,0
2026-06-04 01:00:00+00:00,4448.288,4467.358,4443.079,4464.251,5443,60,0
2026-06-04 01:15:00+00:00,4464.189,4473.688,4459.892,4466.234,4232,60,0
2026-06-04 01:30:00+00:00,4466.274,4470.291,4458.748,4459.5,4143,60,0
2026-06-04 01:45:00+00:00,4459.168,4467.502,4456.866,4465.677,4300,60,0
2026-06-04 02:00:00+00:00,4465.618,4467.445,4455.682,4463.064,3785,60,0
2026-06-04 02:15:00+00:00,4463.033,4463.669,4458.607,4460.883,2510,60,0
2026-06-04 02:30:00+00:00,4460.939,4464.767,4457.839,4462.646,2998,60,0
2026-06-04 02:45:00+00:00,4462.739,4476.821,4462.631,4474.925,3524,60,0
2026-06-04 03:00:00+00:00,4474.863,4477.44,4470.525,4471.833,2853,60,0
2026-06-04 03:15:00+00:00,4472.127,4472.647,4466.184,4469.644,2003,60,0
2026-06-04 03:30:00+00:00,4469.581,4471.074,4460.621,4460.621,2015,60,0
2026-06-04 03:45:00+00:00,4460.556,4464.833,4458.258,4464.075,2034,60,0
2026-06-04 04:00:00+00:00,4464.017,4471.258,4462.318,4471.179,1899,60,0
2026-06-04 04:15:00+00:00,4471.236,4476.363,4469.987,4474.661,1917,60,0
2026-06-04 04:30:00+00:00,4474.718,4484.212,4474.608,4482.716,2733,60,0
2026-06-04 04:45:00+00:00,4482.743,4483.451,4478.61,4481.205,1746,60,0
2026-06-04 05:00:00+00:00,4481.279,4482.489,4471.716,4477.074,2207,60,0
2026-06-04 05:15:00+00:00,4477.116,4477.687,4471.147,4473.19,1861,60,0
2026-06-04 05:30:00+00:00,4473.249,4475.86,4470.792,4474.712,2885,60,0
2026-06-04 05:45:00+00:00,4474.72,4475.028,4466.934,4469.379,2633,60,0
2026-06-04 06:00:00+00:00,4469.299,4477.248,4468.036,4473.906,2733,60,0
2026-06-04 06:15:00+00:00,4473.908,4474.462,4466.735,4472.097,2569,60,0
2026-06-04 06:30:00+00:00,4472.043,4477.125,4469.001,4469.501,3058,60,0
2026-06-04 06:45:00+00:00,4469.385,4470.592,4462.913,4467.664,2508,60,0
2026-06-04 07:00:00+00:00,4467.763,4470.831,4462.264,4464.286,3045,60,0
2026-06-04 07:15:00+00:00,4464.272,4470.459,4461.782,4465.282,2389,60,0
2026-06-04 07:30:00+00:00,4465.049,4468.107,4460.039,4461.436,2180,60,0
2026-06-04 07:45:00+00:00,4461.63,4462.612,4459.418,4461.873,1952,60,0
2026-06-04 08:00:00+00:00,4461.808,4467.82,4459.821,4460.725,2640,60,0
2026-06-04 08:15:00+00:00,4460.665,4465.624,4458.671,4463.302,3069,60,0
2026-06-04 08:30:00+00:00,4463.416,4469.623,4460.021,4463.277,2592,60,0
2026-06-04 08:45:00+00:00,4463.354,4466.213,4459.572,4463.224,2204,60,0
2026-06-04 09:00:00+00:00,4463.486,4469.327,4461.195,4463.767,2340,60,0
2026-06-04 09:15:00+00:00,4463.417,4467.639,4462.91,4464.916,2363,60,0
2026-06-04 09:30:00+00:00,4464.928,4469.494,4461.689,4467.897,3023,60,0
2026-06-04 09:45:00+00:00,4467.965,4475.808,4467.498,4470.634,2385,60,0
2026-06-04 10:00:00+00:00,4470.567,4472.27,4467.807,4471.245,2242,60,0
2026-06-04 10:15:00+00:00,4471.495,4471.731,4464.238,4467.498,2107,60,0
2026-06-04 10:30:00+00:00,4467.792,4472.84,4466.554,4471.185,2090,60,0
2026-06-04 10:45:00+00:00,4471.502,4474.06,4468.662,4473.578,2155,60,0
2026-06-04 11:00:00+00:00,4473.645,4478.781,4468.973,4473.792,2875,60,0
2026-06-04 11:15:00+00:00,4473.777,4491.79,4473.741,4489.492,3952,60,0
2026-06-04 11:30:00+00:00,4489.547,4492.89,4482.203,4491.357,4373,60,0
2026-06-04 11:45:00+00:00,4491.414,4514.669,4491.414,4511.428,5778,60,0
2026-06-04 12:00:00+00:00,4511.349,4513.792,4491.591,4494.06,5816,60,0
2026-06-04 12:15:00+00:00,4494.115,4500.114,4491.15,4498.758,3506,60,0
2026-06-04 12:30:00+00:00,4498.663,4502.348,4496.987,4502.348,2816,60,0
2026-06-04 12:45:00+00:00,4502.125,4511.031,4499.184,4504.143,3776,60,0
2026-06-04 13:00:00+00:00,4504.227,4510.258,4500.381,4503.447,4499,60,0
2026-06-04 13:15:00+00:00,4503.36,4509.55,4501.825,4504.779,3075,60,0
2026-06-04 13:30:00+00:00,4504.716,4515.255,4502.263,4514.735,7282,60,0
2026-06-04 13:45:00+00:00,4514.792,4515.627,4495.509,4496.018,6389,60,0
2026-06-04 14:00:00+00:00,4495.952,4500.041,4485.977,4487.929,6473,60,0
2026-06-04 14:15:00+00:00,4487.872,4493.961,4483.948,4486.385,4907,60,0
2026-06-04 14:30:00+00:00,4486.448,4487.049,4472.297,4475.122,5416,60,0
2026-06-04 14:45:00+00:00,4475.177,4475.694,4457.267,4465.908,7490,60,0
2026-06-04 15:00:00+00:00,4465.97,4474.789,4463.685,4472.013,4294,60,0
2026-06-04 15:15:00+00:00,4472.068,4474.045,4469.21,4471.147,2841,60,0
2026-06-04 15:30:00+00:00,4471.093,4477.269,4469.843,4472.838,2907,60,0
2026-06-04 15:45:00+00:00,4472.757,4479.122,4470.017,4477.67,2506,60,0
2026-06-04 16:00:00+00:00,4477.373,4484.273,4475.392,4479.343,2470,60,0
2026-06-04 16:15:00+00:00,4479.369,4485.282,4479.295,4483.692,1983,60,0
2026-06-04 16:30:00+00:00,4483.463,4484.11,4479.747,4481.534,2591,60,0
2026-06-04 16:45:00+00:00,4481.602,4484.141,4480.434,4482.687,2227,60,0
2026-06-04 17:00:00+00:00,4482.67,4482.725,4476.176,4476.316,1702,60,0
2026-06-04 17:15:00+00:00,4476.379,4479.479,4473.982,4476.665,1659,60,0
2026-06-04 17:30:00+00:00,4476.724,4481.62,4476.244,4476.997,1753,60,0
2026-06-04 17:45:00+00:00,4476.987,4480.475,4476.74,4478.064,1204,60,0
2026-06-04 18:00:00+00:00,4478.117,4480.533,4476.317,4478.952,1405,60,0
2026-06-04 18:15:00+00:00,4479.245,4481.279,4477.477,4478.342,1278,60,0
2026-06-04 18:30:00+00:00,4478.274,4478.274,4472.841,4474.244,1447,60,0
2026-06-04 18:45:00+00:00,4474.281,4479.33,4473.79,4478.054,1193,60,0
2026-06-04 19:00:00+00:00,4478.07,4483.391,4476.188,4478.017,1420,60,0
2026-06-04 19:15:00+00:00,4478.365,4480.451,4477.724,4480.085,1093,60,0
2026-06-04 19:30:00+00:00,4480.022,4480.48,4477.385,4477.91,1184,60,0
2026-06-04 19:45:00+00:00,4477.995,4482.545,4476.824,4481.034,1607,60,0
2026-06-04 20:00:00+00:00,4480.963,4481.74,4477.969,4478.067,1116,60,0
2026-06-04 20:15:00+00:00,4478.009,4479.295,4476.626,4477.944,852,60,0
2026-06-04 20:30:00+00:00,4477.86,4477.86,4475.15,4475.4,939,60,0
2026-06-04 20:45:00+00:00,4475.461,4476.11,4474.433,4475.775,777,60,0
2026-06-04 22:00:00+00:00,4475.443,4476.238,4472.979,4475.267,1122,60,0
2026-06-04 22:15:00+00:00,4475.324,4480.967,4474.632,4479.187,1255,60,0
2026-06-04 22:30:00+00:00,4479.04,4481.496,4475.304,4475.304,1379,60,0
2026-06-04 22:45:00+00:00,4475.542,4476.347,4468.697,4469.787,1430,60,0
2026-06-04 23:00:00+00:00,4469.853,4474.07,4464.114,4470.885,2014,60,0
2026-06-04 23:15:00+00:00,4470.897,4473.359,4466.756,4469.451,1444,60,0
2026-06-04 23:30:00+00:00,4469.504,4469.782,4462.026,4463.237,1324,60,0
2026-06-04 23:45:00+00:00,4463.536,4466.208,4460.449,4461.573,1604,60,0
2026-06-05 00:00:00+00:00,4461.635,4465.116,4454.437,4455.667,4109,60,0
2026-06-05 00:15:00+00:00,4455.611,4457.864,4450.657,4457.509,3814,60,0
2026-06-05 00:30:00+00:00,4457.431,4467.017,4456.321,4463.374,2701,60,0
2026-06-05 00:45:00+00:00,4463.438,4466.359,4458.344,4459.439,2758,60,0
2026-06-05 01:00:00+00:00,4459.495,4470.172,4452.871,4460.235,7539,60,0
2026-06-05 01:15:00+00:00,4460.295,4465.204,4449.311,4458.726,5725,60,0
2026-06-05 01:30:00+00:00,4458.782,4459.813,4445.38,4446.252,4313,60,0
2026-06-05 01:45:00+00:00,4446.307,4451.094,4444.046,4446.772,3543,60,0
2026-06-05 02:00:00+00:00,4447.007,4450.888,4442.306,4449.326,3768,60,0
2026-06-05 02:15:00+00:00,4449.309,4454.956,4445.605,4451.394,2183,60,0
2026-06-05 02:30:00+00:00,4451.336,4451.995,4438.463,4443.176,4919,60,0
2026-06-05 02:45:00+00:00,4442.825,4449.907,4440.07,4440.581,3266,60,0
2026-06-05 03:00:00+00:00,4440.698,4441.436,4436.577,4440.772,3266,60,0
2026-06-05 03:15:00+00:00,4441.055,4443.774,4435.204,4436.936,2577,60,0
2026-06-05 03:30:00+00:00,4437.008,4442.514,4436.281,4440.812,2191,60,0
2026-06-05 03:45:00+00:00,4440.88,4443.465,4439.187,4442.285,1686,60,0
2026-06-05 04:00:00+00:00,4442.529,4444.875,4438.312,4441.596,1912,60,0
2026-06-05 04:15:00+00:00,4441.583,4443.676,4438.919,4439.821,2036,60,0
2026-06-05 04:30:00+00:00,4439.874,4444.082,4437.641,4440.808,1735,60,0
2026-06-05 04:45:00+00:00,4441.109,4446.454,4439.926,4445.221,1645,60,0
2026-06-05 05:00:00+00:00,4445.298,4450.08,4443.463,4448.848,2491,60,0
2026-06-05 05:15:00+00:00,4448.91,4449.15,4442.34,4444.814,1869,60,0
2026-06-05 05:30:00+00:00,4444.653,4448.204,4439.448,4443.953,3706,60,0
2026-06-05 05:45:00+00:00,4443.642,4448.18,4438.648,4440.171,2962,60,0
2026-06-05 06:00:00+00:00,4440.116,4442.508,4435.267,4436.668,3882,60,0
2026-06-05 06:15:00+00:00,4436.578,4446.619,4428.591,4442.378,4446,60,0
2026-06-05 06:30:00+00:00,4442.432,4450.247,4442.28,4448.391,3016,60,0
2026-06-05 06:45:00+00:00,4448.469,4456.331,4446.97,4452.971,2572,60,0
2026-06-05 07:00:00+00:00,4452.765,4463.47,4451.824,4458.706,3233,60,0
2026-06-05 07:15:00+00:00,4458.648,4467.529,4458.507,4467.125,2888,60,0
2026-06-05 07:30:00+00:00,4467.071,4467.311,4459.777,4462.315,2641,60,0
2026-06-05 07:45:00+00:00,4462.399,4465.204,4460.813,4461.047,1702,60,0
2026-06-05 08:00:00+00:00,4460.986,4463.514,4458.765,4461.392,2420,60,0
2026-06-05 08:15:00+00:00,4461.338,4467.167,4459.903,4466.929,2291,60,0
2026-06-05 08:30:00+00:00,4466.983,4468.476,4460.957,4462.036,2067,60,0
2026-06-05 08:45:00+00:00,4462.094,4464.676,4461.731,4462.749,1502,60,0
2026-06-05 09:00:00+00:00,4462.65,4469.469,4458.886,4466.407,3225,60,0
2026-06-05 09:15:00+00:00,4466.35,4469.501,4462.052,4462.877,3178,60,0
2026-06-05 09:30:00+00:00,4463.116,4466.887,4459.424,4465.814,2729,60,0
2026-06-05 09:45:00+00:00,4465.871,4469.408,4462.873,4464.864,1595,60,0
2026-06-05 10:00:00+00:00,4464.911,4465.404,4463.107,4465.129,1395,60,0
2026-06-05 10:15:00+00:00,4465.418,4467.949,4464.632,4466.127,1347,60,0
2026-06-05 10:30:00+00:00,4466.156,4467.1,4461.889,4464.788,1455,60,0
2026-06-05 10:45:00+00:00,4464.498,4468.018,4464.345,4466.824,1484,60,0
2026-06-05 11:00:00+00:00,4466.751,4467.274,4461.188,4461.59,1891,60,0
2026-06-05 11:15:00+00:00,4461.578,4466.284,4458.29,4465.962,2277,60,0
2026-06-05 11:30:00+00:00,4466.201,4467.44,4463.146,4465.105,1934,60,0
2026-06-05 11:45:00+00:00,4465.049,4475.416,4464.033,4470.394,2317,60,0
2026-06-05 12:00:00+00:00,4470.242,4471.234,4464.371,4469.233,2617,60,0
2026-06-05 12:15:00+00:00,4469.168,4476.021,4461.726,4464.938,3944,60,0
2026-06-05 12:30:00+00:00,4465.387,4466.25,4439.4,4446.331,8694,60,0
2026-06-05 12:45:00+00:00,4446.242,4449.181,4404.748,4406.569,10252,60,0
2026-06-05 13:00:00+00:00,4406.65,4420.746,4399.949,4418.36,11686,60,0
2026-06-05 13:15:00+00:00,4418.598,4421.318,4403.946,4404.639,6721,60,0
2026-06-05 13:30:00+00:00,4404.73,4409.684,4386.014,4389.693,12413,60,0
2026-06-05 13:45:00+00:00,4389.622,4391.326,4365.399,4365.881,11457,60,0
2026-06-05 14:00:00+00:00,4365.947,4379.3,4363.841,4366.518,12784,60,0
2026-06-05 14:15:00+00:00,4366.455,4370.494,4352.902,4361.264,10688,60,0
2026-06-05 14:30:00+00:00,4361.178,4364.266,4344.309,4349.485,9304,60,0
2026-06-05 14:45:00+00:00,4349.43,4370.255,4348.38,4369.898,7402,60,0
2026-06-05 15:00:00+00:00,4369.658,4372.751,4352.901,4352.901,6184,50,0
2026-06-05 15:15:00+00:00,4352.955,4357.958,4348.174,4351.595,6857,50,0
2026-06-05 15:30:00+00:00,4351.542,4355.092,4335.367,4338.89,5298,50,0
2026-06-05 15:45:00+00:00,4338.833,4342.122,4334.017,4335.681,4322,50,0
2026-06-05 16:00:00+00:00,4335.623,4339.322,4328.857,4333.242,5185,50,0
2026-06-05 16:15:00+00:00,4333.117,4333.957,4325.287,4329.665,5021,50,0
2026-06-05 16:30:00+00:00,4329.857,4332.444,4323.198,4327.995,4210,50,0
2026-06-05 16:45:00+00:00,4327.93,4345.025,4324.98,4344.509,5000,50,0
2026-06-05 17:00:00+00:00,4344.564,4347.117,4336.522,4339.53,4252,50,0
2026-06-05 17:15:00+00:00,4339.584,4343.128,4335.642,4342.387,4390,50,0
2026-06-05 17:30:00+00:00,4342.443,4347.515,4339.655,4341.058,3730,50,0
2026-06-05 17:45:00+00:00,4341.109,4343.789,4337.834,4341.682,2902,50,0
2026-06-05 18:00:00+00:00,4341.762,4342.218,4323.067,4323.067,3600,50,0
2026-06-05 18:15:00+00:00,4322.721,4330.612,4321.595,4326.065,4915,50,0
2026-06-05 18:30:00+00:00,4325.8,4327.265,4315.135,4317.994,4002,50,0
2026-06-05 18:45:00+00:00,4318.233,4326.952,4316.082,4322.388,4603,50,0
2026-06-05 19:00:00+00:00,4322.457,4324.035,4315.109,4315.614,4234,50,0
2026-06-05 19:15:00+00:00,4315.561,4324.438,4313.838,4323.784,4323,50,0
2026-06-05 19:30:00+00:00,4323.727,4325.282,4313.99,4318.956,4959,50,0
2026-06-05 19:45:00+00:00,4318.999,4323.7,4316.79,4318.533,5049,50,0
2026-06-05 20:00:00+00:00,4318.613,4319.036,4311.76,4315.712,3654,60,0
2026-06-05 20:15:00+00:00,4315.654,4326.608,4313.983,4322.742,2850,60,0
2026-06-05 20:30:00+00:00,4322.698,4325.453,4321.093,4324.104,2605,60,0
2026-06-05 20:45:00+00:00,4324.322,4331.202,4323.914,4328.884,2544,60,0
2026-06-07 22:00:00+00:00,4325.235,4330.611,4310.288,4330.088,4239,60,0
2026-06-07 22:15:00+00:00,4330.222,4330.9,4316.336,4316.981,3991,60,0
2026-06-07 22:30:00+00:00,4316.943,4328.899,4315.121,4326.212,2852,50,0
2026-06-07 22:45:00+00:00,4326.151,4326.85,4315.649,4317.532,3314,50,0
2026-06-07 23:00:00+00:00,4317.595,4334.298,4317.533,4331.11,3012,50,0
2026-06-07 23:15:00+00:00,4331.054,4334.714,4328.861,4334.317,2205,50,0
2026-06-07 23:30:00+00:00,4334.259,4340.783,4332.946,4339.002,2333,50,0
2026-06-07 23:45:00+00:00,4338.946,4347.093,4335.371,4343.931,2572,50,0
2026-06-08 00:00:00+00:00,4343.984,4347.129,4340.754,4343.641,3859,60,0
2026-06-08 00:15:00+00:00,4343.575,4353.471,4341.904,4351.642,3148,60,0
2026-06-08 00:30:00+00:00,4351.333,4352.467,4341.961,4345.226,3971,60,0
2026-06-08 00:45:00+00:00,4345.288,4346.058,4339.615,4342.155,3996,60,0
2026-06-08 01:00:00+00:00,4342.213,4346.12,4326.497,4327.224,8753,60,0
2026-06-08 01:15:00+00:00,4327.283,4327.698,4311.469,4314.811,10578,60,0
2026-06-08 01:30:00+00:00,4314.869,4327.679,4300.064,4326.169,12658,60,0
2026-06-08 01:45:00+00:00,4326.224,4329.977,4319.606,4325.843,7138,60,0
2026-06-08 02:00:00+00:00,4325.96,4330.726,4314.957,4317.008,5869,50,0
2026-06-08 02:15:00+00:00,4316.989,4319.775,4311.406,4314.864,3946,50,0
2026-06-08 02:30:00+00:00,4314.956,4318.048,4307.182,4315.907,5993,60,0
2026-06-08 02:45:00+00:00,4315.853,4320.99,4309.211,4310.8,4894,50,0
2026-06-08 03:00:00+00:00,4310.762,4314.36,4304.368,4305.068,4198,60,0
2026-06-08 03:15:00+00:00,4305.012,4312.096,4303.53,4307.365,3118,50,0
2026-06-08 03:30:00+00:00,4307.418,4309.96,4304.911,4309.841,2623,50,0
2026-06-08 03:45:00+00:00,4309.841,4317.31,4309.438,4317.131,2357,50,0
2026-06-08 04:00:00+00:00,4316.892,4320.558,4313.67,4318.634,2787,50,0
2026-06-08 04:15:00+00:00,4318.661,4321.954,4315.918,4319.942,2799,60,0
2026-06-08 04:30:00+00:00,4319.932,4320.595,4307.534,4307.888,3167,50,0
2026-06-08 04:45:00+00:00,4307.794,4314.162,4307.632,4312.592,2426,50,0
2026-06-08 05:00:00+00:00,4312.685,4316.25,4304.432,4304.432,3064,50,0
2026-06-08 05:15:00+00:00,4304.795,4314.192,4304.492,4311.722,3408,50,0
2026-06-08 05:30:00+00:00,4311.785,4313.345,4268.533,4287.923,11552,50,0
2026-06-08 05:45:00+00:00,4288.248,4295.683,4285.031,4291.9,6805,50,0
2026-06-08 06:00:00+00:00,4291.962,4308.118,4291.962,4303.939,6178,50,0
2026-06-08 06:15:00+00:00,4303.755,4311.541,4299.818,4306.073,5334,60,0
2026-06-08 06:30:00+00:00,4306.127,4306.74,4293.903,4298.417,4311,50,0
2026-06-08 06:45:00+00:00,4298.457,4300.813,4293.161,4299.957,3631,50,0
2026-06-08 07:00:00+00:00,4299.89,4308.519,4294.777,4305.09,5009,50,0
2026-06-08 07:15:00+00:00,4305.443,4316.874,4300.142,4306.363,4964,60,0
2026-06-08 07:30:00+00:00,4306.417,4311.702,4301.523,4301.979,4005,50,0
2026-06-08 07:45:00+00:00,4301.914,4302.83,4294.307,4294.655,3528,50,0
2026-06-08 08:00:00+00:00,4294.582,4297.315,4289.604,4291.681,4332,50,0
2026-06-08 08:15:00+00:00,4291.971,4293.617,4285.34,4288.301,4089,50,0
2026-06-08 08:30:00+00:00,4288.246,4292.201,4286.548,4290.651,3456,50,0
2026-06-08 08:45:00+00:00,4290.591,4293.878,4285.511,4288.836,3806,50,0
2026-06-08 09:00:00+00:00,4288.991,4292.194,4284.059,4288.921,2728,50,0
2026-06-08 09:15:00+00:00,4288.93,4291.04,4279.484,4279.956,2481,50,0
2026-06-08 09:30:00+00:00,4279.945,4296.318,4273.054,4293.597,7657,60,0
2026-06-08 09:45:00+00:00,4293.652,4302.137,4290.991,4294.234,3897,50,0
2026-06-08 10:00:00+00:00,4294.286,4297.67,4286.251,4294.602,3645,50,0
2026-06-08 10:15:00+00:00,4294.44,4296.122,4289.884,4294.016,2718,50,0
2026-06-08 10:30:00+00:00,4293.895,4305.778,4292.16,4304.711,5800,50,0
2026-06-08 10:45:00+00:00,4304.767,4305.202,4296.916,4301.978,3045,50,0
2026-06-08 11:00:00+00:00,4302.212,4318.986,4297.106,4318.986,4569,50,0
2026-06-08 11:15:00+00:00,4318.93,4331.231,4312.723,4325.18,8432,60,0
2026-06-08 11:30:00+00:00,4325.444,4333.459,4322.307,4324.286,4309,50,0
2026-06-08 11:45:00+00:00,4324.338,4332.957,4321.391,4331.337,3538,60,0
2026-06-08 12:00:00+00:00,4331.132,4334.859,4322.71,4323.054,4982,60,0
2026-06-08 12:15:00+00:00,4322.703,4332.052,4320.26,4329.945,4262,60,0
2026-06-08 12:30:00+00:00,4329.839,4339.589,4327.568,4335.925,4645,60,0
2026-06-08 12:45:00+00:00,4335.693,4338.082,4327.288,4333.293,3955,50,0
2026-06-08 13:00:00+00:00,4333.24,4334.995,4323.193,4324.06,6108,60,0
2026-06-08 13:15:00+00:00,4324.197,4336.175,4321.337,4331.186,4827,60,0
2026-06-08 13:30:00+00:00,4331.418,4346.879,4331.054,4336.581,10724,60,0
2026-06-08 13:45:00+00:00,4336.638,4339.28,4326.152,4326.916,7920,50,0
2026-06-08 14:00:00+00:00,4327.155,4330.868,4316.659,4319.385,8431,50,0
2026-06-08 14:15:00+00:00,4319.737,4324.447,4315.854,4320.324,6887,50,0
2026-06-08 14:30:00+00:00,4320.378,4324.41,4314.546,4322.574,6249,50,0
2026-06-08 14:45:00+00:00,4322.683,4331.388,4316.916,4330.868,5177,50,0
2026-06-08 15:00:00+00:00,4330.928,4336.351,4325.205,4325.607,4182,50,0
2026-06-08 15:15:00+00:00,4325.538,4335.918,4322.508,4330.511,5167,50,0
2026-06-08 15:30:00+00:00,4330.57,4339.7,4328.655,4339.367,5015,60,0
2026-06-08 15:45:00+00:00,4339.247,4345.942,4334.613,4341.744,3837,60,0
2026-06-08 16:00:00+00:00,4341.672,4343.929,4338.093,4340.929,3017,50,0
2026-06-08 16:15:00+00:00,4341.074,4343.945,4339.754,4341.188,2433,50,0
2026-06-08 16:30:00+00:00,4341.24,4346.364,4340.62,4343.949,3115,60,0
2026-06-08 16:45:00+00:00,4343.883,4346.154,4337.773,4340.587,2539,50,0
2026-06-08 17:00:00+00:00,4340.639,4342.337,4336.122,4339.018,2755,50,0
2026-06-08 17:15:00+00:00,4338.966,4340.717,4333.921,4339.036,2744,50,0
2026-06-08 17:30:00+00:00,4339.094,4339.844,4332.185,4334.153,2673,50,0
2026-06-08 17:45:00+00:00,4334.288,4339.532,4334.251,4339.013,1946,50,0
2026-06-08 18:00:00+00:00,4339.219,4345.438,4338.577,4341.545,2388,50,0
2026-06-08 18:15:00+00:00,4341.6,4345.909,4341.458,4342.795,1871,50,0
2026-06-08 18:30:00+00:00,4342.739,4344.748,4336.265,4336.892,1821,50,0
2026-06-08 18:45:00+00:00,4336.893,4337.228,4333.052,4334.549,1740,50,0
2026-06-08 19:00:00+00:00,4334.484,4338.244,4329.586,4329.881,1873,50,0
2026-06-08 19:15:00+00:00,4329.964,4331.513,4326.003,4327.952,2243,50,0
2026-06-08 19:30:00+00:00,4327.898,4330.31,4324.33,4325.284,2088,50,0
2026-06-08 19:45:00+00:00,4325.232,4330.009,4323.481,4326.897,2402,50,0
2026-06-08 20:00:00+00:00,4326.548,4329.941,4326.334,4328.098,1384,60,0
2026-06-08 20:15:00+00:00,4328.108,4328.444,4324.32,4326.396,1300,60,0
2026-06-08 20:30:00+00:00,4326.448,4328.628,4325.594,4326.494,1095,60,0
2026-06-08 20:45:00+00:00,4326.295,4330.181,4325.785,4330.056,1015,60,0
2026-06-08 22:00:00+00:00,4332.266,4332.613,4324.5,4325.49,1196,60,0
2026-06-08 22:15:00+00:00,4325.302,4327.355,4322.776,4325.322,1138,60,0
2026-06-08 22:30:00+00:00,4325.268,4327.668,4324.912,4327.421,991,60,0
2026-06-08 22:45:00+00:00,4327.46,4329.079,4326.102,4328.076,833,50,0
2026-06-08 23:00:00+00:00,4328.136,4328.984,4325.287,4327.59,903,50,0
2026-06-08 23:15:00+00:00,4327.613,4328.376,4320.53,4320.53,1074,50,0
2026-06-08 23:30:00+00:00,4320.824,4322.62,4315.277,4319.951,1426,50,0
2026-06-08 23:45:00+00:00,4319.953,4319.978,4312.883,4317.67,2052,50,0
2026-06-09 00:00:00+00:00,4317.608,4324.019,4315.67,4322.716,4356,60,0
2026-06-09 00:15:00+00:00,4322.657,4323.456,4316.609,4317.052,2783,50,0
2026-06-09 00:30:00+00:00,4316.866,4323.33,4315.24,4318.342,2948,60,0
2026-06-09 00:45:00+00:00,4318.403,4321.239,4315.114,4319.765,2542,60,0
2026-06-09 01:00:00+00:00,4319.711,4328.128,4318.684,4324.211,5125,60,0
2026-06-09 01:15:00+00:00,4324.276,4338.2,4322.394,4335.611,4880,60,0
2026-06-09 01:30:00+00:00,4335.369,4338.912,4333.012,4335.524,3414,60,0
2026-06-09 01:45:00+00:00,4335.587,4338.366,4333.183,4336.624,3154,50,0
2026-06-09 02:00:00+00:00,4336.763,4337.001,4328.401,4333.095,3170,60,0
2026-06-09 02:15:00+00:00,4332.969,4336.126,4330.078,4335.383,2532,60,0
2026-06-09 02:30:00+00:00,4335.438,4339.604,4331.103,4338.753,2955,60,0
2026-06-09 02:45:00+00:00,4339.079,4341.195,4334.92,4336.224,2543,60,0
2026-06-09 03:00:00+00:00,4336.164,4341.639,4331.172,4338.731,3425,60,0
2026-06-09 03:15:00+00:00,4338.836,4342.496,4333.641,4336.607,2587,60,0
2026-06-09 03:30:00+00:00,4336.544,4338.053,4333.605,4337.627,2050,60,0
2026-06-09 03:45:00+00:00,4337.638,4342.112,4334.477,4336.512,1990,60,0
2026-06-09 04:00:00+00:00,4336.792,4339.333,4332.388,4332.494,1832,60,0
2026-06-09 04:15:00+00:00,4332.441,4333.052,4328.723,4330.505,1716,60,0
2026-06-09 04:30:00+00:00,4330.702,4330.81,4324.146,4328.075,2203,60,0
2026-06-09 04:45:00+00:00,4327.944,4332.849,4326.248,4332.271,1886,60,0
2026-06-09 05:00:00+00:00,4332.346,4337.037,4331.093,4331.574,2064,60,0
2026-06-09 05:15:00+00:00,4331.6,4335.392,4330.777,4332.75,2061,60,0
2026-06-09 05:30:00+00:00,4332.695,4351.672,4331.597,4348.517,5088,60,0
2026-06-09 05:45:00+00:00,4348.636,4349.216,4341.926,4343.588,3191,60,0
2026-06-09 06:00:00+00:00,4343.711,4349.008,4340.1,4341.543,3313,60,0
2026-06-09 06:15:00+00:00,4341.456,4346.078,4338.45,4339.302,2928,60,0
2026-06-09 06:30:00+00:00,4339.249,4339.572,4331.755,4336.597,3399,60,0
2026-06-09 06:45:00+00:00,4336.947,4340.186,4330.247,4330.904,2822,60,0
2026-06-09 07:00:00+00:00,4330.836,4334.693,4326.685,4326.685,4023,60,0
2026-06-09 07:15:00+00:00,4326.632,4332.138,4322.979,4331.013,3342,50,0
2026-06-09 07:30:00+00:00,4331.097,4331.438,4322.147,4328.355,2724,50,0
2026-06-09 07:45:00+00:00,4328.287,4330.195,4325.419,4326.815,2243,60,0
2026-06-09 08:00:00+00:00,4326.872,4336.418,4321.221,4331.849,3785,60,0
2026-06-09 08:15:00+00:00,4331.61,4335.643,4331.46,4334.253,2853,50,0
2026-06-09 08:30:00+00:00,4334.305,4336.969,4330.382,4335.281,2200,60,0
2026-06-09 08:45:00+00:00,4334.935,4335.488,4325.88,4326.776,1846,50,0
2026-06-09 09:00:00+00:00,4326.69,4331.132,4325.185,4328.494,1906,50,0
2026-06-09 09:15:00+00:00,4328.583,4336.066,4324.156,4326.87,2411,50,0
2026-06-09 09:30:00+00:00,4326.799,4331.211,4325.182,4327.35,2539,50,0
2026-06-09 09:45:00+00:00,4327.296,4333.765,4326.867,4332.076,1874,50,0
2026-06-09 10:00:00+00:00,4332.022,4335.698,4325.333,4335.248,3105,50,0
2026-06-09 10:15:00+00:00,4335.302,4336.903,4331.269,4333.747,2125,50,0
2026-06-09 10:30:00+00:00,4334.076,4335.109,4329.912,4332.457,1657,50,0
2026-06-09 10:45:00+00:00,4332.519,4340.962,4330.166,4339.105,2040,50,0
2026-06-09 11:00:00+00:00,4339.048,4340.426,4335.614,4337.785,2156,50,0
2026-06-09 11:15:00+00:00,4337.839,4340.844,4336.296,4338.601,1798,50,0
2026-06-09 11:30:00+00:00,4338.655,4340.127,4336.828,4338.792,1689,50,0
2026-06-09 11:45:00+00:00,4338.844,4343.881,4337.335,4340.058,1796,50,0
2026-06-09 12:00:00+00:00,4340.119,4344.105,4339.715,4341.243,1907,50,0
2026-06-09 12:15:00+00:00,4341.295,4342.964,4335.385,4335.979,2546,50,0
2026-06-09 12:30:00+00:00,4335.867,4341.91,4334.819,4341.031,2483,60,0
2026-06-09 12:45:00+00:00,4341.007,4344.314,4336.821,4341.35,2661,60,0
2026-06-09 13:00:00+00:00,4341.313,4345.636,4338.178,4340.841,4376,60,0
2026-06-09 13:15:00+00:00,4340.899,4342.093,4330.268,4331.055,3578,60,0
2026-06-09 13:30:00+00:00,4331.108,4334.316,4325.255,4330.132,5704,60,0
2026-06-09 13:45:00+00:00,4330.08,4363.584,4326.463,4329.263,9590,60,0
2026-06-09 14:00:00+00:00,4328.867,4336.198,4319.817,4321.382,7824,60,0
2026-06-09 14:15:00+00:00,4321.308,4323.985,4305.734,4318.125,10613,60,0
2026-06-09 14:30:00+00:00,4317.961,4321.361,4284.904,4285.183,10857,50,0
2026-06-09 14:45:00+00:00,4285.116,4300.993,4278.496,4300.739,13645,60,0
2026-06-09 15:00:00+00:00,4300.508,4302.385,4289.616,4295.118,8598,50,0
2026-06-09 15:15:00+00:00,4294.793,4297.136,4277.0,4278.9,8035,50,0
2026-06-09 15:30:00+00:00,4278.687,4282.229,4263.073,4279.979,13565,50,0
2026-06-09 15:45:00+00:00,4280.023,4285.718,4272.392,4272.577,8929,50,0
2026-06-09 16:00:00+00:00,4272.56,4281.2,4258.447,4260.024,9111,50,0
2026-06-09 16:15:00+00:00,4259.958,4266.552,4253.044,4263.65,11188,50,0
2026-06-09 16:30:00+00:00,4263.586,4267.793,4236.501,4244.701,20422,50,0
2026-06-09 16:45:00+00:00,4244.882,4254.115,4238.751,4251.891,12675,50,0
2026-06-09 17:00:00+00:00,4251.959,4264.307,4251.207,4261.109,9980,50,0
2026-06-09 17:15:00+00:00,4261.049,4268.096,4258.395,4263.241,7576,50,0
2026-06-09 17:30:00+00:00,4263.061,4268.252,4260.966,4264.995,4474,50,0
2026-06-09 17:45:00+00:00,4265.05,4266.66,4256.124,4263.064,4891,50,0
2026-06-09 18:00:00+00:00,4263.128,4267.089,4259.59,4265.268,4525,50,0
2026-06-09 18:15:00+00:00,4265.342,4274.487,4263.176,4271.126,4355,50,0
2026-06-09 18:30:00+00:00,4270.964,4274.178,4263.615,4264.609,3300,50,0
2026-06-09 18:45:00+00:00,4264.551,4271.686,4262.372,4270.227,2857,50,0
2026-06-09 19:00:00+00:00,4270.014,4271.737,4258.024,4258.921,3022,50,0
2026-06-09 19:15:00+00:00,4258.925,4258.925,4252.682,4257.315,4365,50,0
2026-06-09 19:30:00+00:00,4257.264,4260.173,4250.127,4251.213,3649,50,0
2026-06-09 19:45:00+00:00,4251.266,4259.937,4249.934,4259.01,4228,50,0
2026-06-09 20:00:00+00:00,4258.955,4261.099,4255.625,4258.364,1978,50,0
2026-06-09 20:15:00+00:00,4258.307,4260.624,4257.877,4259.018,1227,50,0
2026-06-09 20:30:00+00:00,4258.94,4262.112,4257.799,4261.306,971,50,0
2026-06-09 20:45:00+00:00,4261.302,4262.282,4259.806,4260.551,813,50,0
2026-06-09 22:00:00+00:00,4256.248,4257.057,4250.759,4255.488,1654,60,0
2026-06-09 22:15:00+00:00,4255.551,4256.615,4253.3,4256.615,1354,60,0
2026-06-09 22:30:00+00:00,4256.571,4257.439,4247.617,4249.382,2163,60,0
2026-06-09 22:45:00+00:00,4249.316,4250.105,4232.448,4237.075,2956,60,0
2026-06-09 23:00:00+00:00,4237.311,4247.276,4235.68,4236.328,2413,50,0
2026-06-09 23:15:00+00:00,4236.379,4236.575,4222.92,4224.201,3096,50,0
2026-06-09 23:30:00+00:00,4224.314,4229.686,4216.342,4218.701,2778,50,0
2026-06-09 23:45:00+00:00,4218.402,4224.526,4210.345,4222.223,4401,50,0
2026-06-10 00:00:00+00:00,4222.325,4226.786,4216.529,4225.035,6276,50,0
2026-06-10 00:15:00+00:00,4224.982,4228.59,4217.98,4218.214,5140,50,0
2026-06-10 00:30:00+00:00,4218.269,4219.311,4198.802,4204.49,7406,50,0
2026-06-10 00:45:00+00:00,4204.569,4220.89,4199.776,4218.096,6545,50,0
2026-06-10 01:00:00+00:00,4218.044,4218.94,4187.284,4203.296,10964,50,0
2026-06-10 01:15:00+00:00,4203.244,4216.468,4197.372,4202.086,7097,50,0
2026-06-10 01:30:00+00:00,4201.735,4207.196,4184.601,4187.504,8041,50,0
2026-06-10 01:45:00+00:00,4187.416,4195.555,4183.631,4188.885,6537,50,0
2026-06-10 02:00:00+00:00,4188.938,4192.011,4179.686,4183.002,5068,50,0
2026-06-10 02:15:00+00:00,4183.206,4188.391,4178.204,4187.986,4628,50,0
2026-06-10 02:30:00+00:00,4187.929,4192.727,4174.239,4184.475,6467,50,0
2026-06-10 02:45:00+00:00,4184.566,4190.589,4173.003,4174.265,5578,50,0
2026-06-10 03:00:00+00:00,4174.109,4180.986,4172.652,4178.168,4094,50,0
2026-06-10 03:15:00+00:00,4178.222,4181.346,4173.914,4177.415,3239,50,0
2026-06-10 03:30:00+00:00,4177.36,4183.175,4176.352,4179.765,3383,50,0
2026-06-10 03:45:00+00:00,4179.998,4186.53,4179.555,4184.802,2980,50,0
2026-06-10 04:00:00+00:00,4184.748,4187.472,4180.816,4181.204,2824,50,0
2026-06-10 04:15:00+00:00,4181.154,4183.2,4173.693,4174.699,2972,50,0
2026-06-10 04:30:00+00:00,4174.643,4175.65,4173.077,4173.696,2360,50,0
2026-06-10 04:45:00+00:00,4173.65,4176.067,4172.242,4174.978,2115,50,0
2026-06-10 05:00:00+00:00,4174.829,4180.618,4173.499,4179.663,3045,50,0
2026-06-10 05:15:00+00:00,4179.74,4187.184,4175.592,4187.033,3175,50,0
2026-06-10 05:30:00+00:00,4186.979,4199.135,4181.833,4198.081,6902,50,0
2026-06-10 05:45:00+00:00,4198.141,4209.247,4197.335,4205.141,4972,50,0
2026-06-10 06:00:00+00:00,4205.105,4221.993,4205.105,4213.088,5838,50,0
2026-06-10 06:15:00+00:00,4212.845,4216.932,4208.4,4211.916,4019,50,0
2026-06-10 06:30:00+00:00,4211.852,4213.761,4205.107,4207.397,3783,50,0
2026-06-10 06:45:00+00:00,4207.396,4209.659,4201.872,4204.081,3483,50,0
2026-06-10 07:00:00+00:00,4204.03,4208.163,4197.301,4200.235,4616,50,0
2026-06-10 07:15:00+00:00,4200.291,4203.971,4193.434,4195.004,3293,50,0
2026-06-10 07:30:00+00:00,4194.952,4197.284,4187.854,4189.762,3404,50,0
2026-06-10 07:45:00+00:00,4189.817,4192.964,4181.585,4186.126,3852,50,0
2026-06-10 08:00:00+00:00,4186.065,4187.58,4161.373,4166.75,7740,50,0
2026-06-10 08:15:00+00:00,4166.929,4179.048,4166.046,4172.183,5054,50,0
2026-06-10 08:30:00+00:00,4172.13,4179.478,4166.288,4170.756,4380,50,0
2026-06-10 08:45:00+00:00,4170.609,4176.449,4166.419,4168.974,4512,50,0
2026-06-10 09:00:00+00:00,4169.221,4174.278,4164.71,4165.316,4379,50,0
2026-06-10 09:15:00+00:00,4165.26,4175.031,4164.34,4166.355,4375,50,0
2026-06-10 09:30:00+00:00,4166.303,4179.715,4166.049,4171.443,4814,50,0
2026-06-10 09:45:00+00:00,4171.719,4174.878,4163.13,4168.633,3268,50,0
2026-06-10 10:00:00+00:00,4168.693,4171.202,4155.758,4160.947,3934,50,0
2026-06-10 10:15:00+00:00,4160.894,4170.2,4159.623,4165.129,3546,50,0
2026-06-10 10:30:00+00:00,4165.066,4171.624,4164.046,4171.624,3705,50,0
2026-06-10 10:45:00+00:00,4171.513,4178.657,4169.712,4174.506,3839,50,0
2026-06-10 11:00:00+00:00,4174.452,4176.231,4153.401,4168.476,11276,50,0
2026-06-10 11:15:00+00:00,4168.529,4171.92,4156.848,4166.721,8065,50,0
2026-06-10 11:30:00+00:00,4166.394,4168.174,4154.462,4154.581,6165,50,0
2026-06-10 11:45:00+00:00,4154.51,4163.336,4145.752,4147.827,5499,50,0
2026-06-10 12:00:00+00:00,4147.764,4152.364,4134.473,4136.451,6936,50,0
2026-06-10 12:15:00+00:00,4136.387,4142.843,4129.282,4141.624,7460,50,0
2026-06-10 12:30:00+00:00,4141.199,4173.78,4139.915,4160.349,15200,50,0
2026-06-10 12:45:00+00:00,4160.65,4169.76,4142.254,4147.014,10541,50,0
2026-06-10 13:00:00+00:00,4147.072,4158.242,4144.894,4151.609,10538,50,0
2026-06-10 13:15:00+00:00,4151.543,4151.543,4132.833,4149.187,8484,50,0
2026-06-10 13:30:00+00:00,4149.12,4179.177,4141.898,4179.177,15926,50,0
2026-06-10 13:45:00+00:00,4179.302,4186.482,4173.837,4179.466,11301,50,0
2026-06-10 14:00:00+00:00,4179.571,4181.21,4170.034,4174.494,11267,50,0
2026-06-10 14:15:00+00:00,4174.357,4175.408,4159.566,4161.055,9111,50,0
2026-06-10 14:30:00+00:00,4160.994,4163.513,4149.747,4150.05,6708,50,0
2026-06-10 14:45:00+00:00,4149.991,4151.905,4117.698,4124.838,10976,50,0
2026-06-10 15:00:00+00:00,4124.902,4136.724,4119.172,4123.248,11770,50,0
2026-06-10 15:15:00+00:00,4123.522,4137.2,4113.082,4127.991,10090,50,0
2026-06-10 15:30:00+00:00,4128.042,4131.414,4121.97,4128.507,8656,50,0
2026-06-10 15:45:00+00:00,4128.561,4131.09,4106.833,4128.755,17502,50,0
2026-06-10 16:00:00+00:00,4128.814,4133.175,4122.988,4129.215,7760,50,0
2026-06-10 16:15:00+00:00,4129.432,4135.198,4125.964,4127.726,5807,50,0
2026-06-10 16:30:00+00:00,4127.778,4132.191,4120.66,4122.474,5928,50,0
2026-06-10 16:45:00+00:00,4122.41,4123.319,4115.898,4122.084,4982,50,0
2026-06-10 17:00:00+00:00,4121.907,4135.117,4114.774,4118.21,5701,50,0
2026-06-10 17:15:00+00:00,4117.886,4120.373,4109.289,4111.179,4945,50,0
2026-06-10 17:30:00+00:00,4111.231,4112.522,4101.852,4102.461,4026,50,0
2026-06-10 17:45:00+00:00,4102.511,4113.549,4100.702,4111.819,6450,50,0
2026-06-10 18:00:00+00:00,4111.868,4120.626,4111.588,4115.831,4802,50,0
2026-06-10 18:15:00+00:00,4115.737,4118.182,4109.614,4112.564,3676,50,0
2026-06-10 18:30:00+00:00,4112.604,4112.894,4104.742,4105.185,3747,50,0
2026-06-10 18:45:00+00:00,4105.235,4107.898,4096.846,4101.781,3744,50,0
2026-06-10 19:00:00+00:00,4101.563,4102.189,4087.318,4089.155,3808,50,0
2026-06-10 19:15:00+00:00,4089.218,4092.045,4081.542,4084.84,3957,50,0
2026-06-10 19:30:00+00:00,4084.686,4092.12,4082.17,4091.463,4456,50,0
2026-06-10 19:45:00+00:00,4091.518,4092.768,4081.736,4082.953,4841,50,0
2026-06-10 20:00:00+00:00,4082.875,4083.229,4069.213,4072.074,3873,50,0
2026-06-10 20:15:00+00:00,4072.062,4080.028,4071.18,4078.437,2211,50,0
2026-06-10 20:30:00+00:00,4078.503,4078.503,4071.313,4072.931,1838,50,0
2026-06-10 20:45:00+00:00,4072.858,4072.918,4067.06,4070.682,1800,50,0
2026-06-10 22:00:00+00:00,4071.915,4072.17,4050.323,4056.003,3315,50,0
2026-06-10 22:15:00+00:00,4056.057,4056.987,4036.228,4044.883,3958,50,0
2026-06-10 22:30:00+00:00,4044.708,4069.361,4044.667,4063.018,4030,50,0
2026-06-10 22:45:00+00:00,4062.858,4066.771,4045.771,4046.562,3679,50,0
2026-06-10 23:00:00+00:00,4046.636,4054.007,4023.878,4029.859,4430,50,0
2026-06-10 23:15:00+00:00,4029.806,4064.917,4025.014,4061.748,8504,50,0
2026-06-10 23:30:00+00:00,4061.693,4064.523,4054.93,4056.208,4309,50,0
2026-06-10 23:45:00+00:00,4056.261,4057.377,4044.764,4047.424,4946,50,0
2026-06-11 00:00:00+00:00,4047.494,4059.787,4036.153,4052.086,14167,50,0
2026-06-11 00:15:00+00:00,4052.144,4072.888,4049.932,4067.567,15210,50,0
2026-06-11 00:30:00+00:00,4067.592,4076.797,4059.439,4063.649,9828,50,0
2026-06-11 00:45:00+00:00,4063.577,4078.176,4063.271,4075.726,7374,50,0
2026-06-11 01:00:00+00:00,4075.675,4090.175,4066.153,4086.766,16796,50,0
2026-06-11 01:15:00+00:00,4086.686,4108.934,4085.664,4104.74,10693,50,0
2026-06-11 01:30:00+00:00,4104.68,4118.392,4103.956,4113.652,8104,50,0
2026-06-11 01:45:00+00:00,4113.78,4117.437,4097.915,4102.204,6548,50,0
2026-06-11 02:00:00+00:00,4102.262,4102.913,4089.24,4089.876,6710,50,0
2026-06-11 02:15:00+00:00,4089.826,4095.84,4081.714,4082.7,5932,50,0
2026-06-11 02:30:00+00:00,4082.751,4085.357,4055.193,4059.75,9755,50,0
2026-06-11 02:45:00+00:00,4059.681,4073.542,4052.388,4067.881,7610,50,0
2026-06-11 03:00:00+00:00,4067.826,4078.459,4064.578,4065.47,6563,50,0
2026-06-11 03:15:00+00:00,4065.523,4071.323,4056.947,4063.117,6696,50,0
2026-06-11 03:30:00+00:00,4063.043,4072.055,4062.63,4067.677,5168,50,0
2026-06-11 03:45:00+00:00,4067.69,4075.489,4065.142,4072.772,3679,50,0
2026-06-11 04:00:00+00:00,4072.955,4083.334,4070.198,4082.705,4150,50,0
2026-06-11 04:15:00+00:00,4082.646,4085.511,4076.338,4077.875,3638,50,0
2026-06-11 04:30:00+00:00,4077.925,4084.095,4074.82,4081.951,3283,50,0
2026-06-11 04:45:00+00:00,4082.007,4086.024,4079.452,4082.863,2982,50,0
2026-06-11 05:00:00+00:00,4082.917,4083.375,4075.389,4077.475,4211,50,0
2026-06-11 05:15:00+00:00,4077.415,4081.356,4072.565,4075.002,4430,50,0
2026-06-11 05:30:00+00:00,4075.059,4099.859,4074.506,4099.419,8237,50,0
2026-06-11 05:45:00+00:00,4099.344,4106.532,4093.603,4094.457,5007,50,0
2026-06-11 06:00:00+00:00,4094.389,4094.929,4076.327,4084.226,7072,50,0
2026-06-11 06:15:00+00:00,4084.174,4093.056,4081.888,4086.89,5275,50,0
2026-06-11 06:30:00+00:00,4086.941,4093.032,4083.048,4093.032,4643,50,0
2026-06-11 06:45:00+00:00,4092.704,4097.68,4091.084,4094.675,3981,50,0
2026-06-11 07:00:00+00:00,4094.63,4098.579,4091.874,4096.572,5174,50,0
2026-06-11 07:15:00+00:00,4096.627,4110.394,4096.289,4107.59,4894,50,0
2026-06-11 07:30:00+00:00,4107.642,4110.744,4101.59,4107.503,3958,50,0
2026-06-11 07:45:00+00:00,4107.447,4108.211,4099.019,4104.879,3295,50,0
2026-06-11 08:00:00+00:00,4104.827,4112.816,4104.004,4106.453,5127,50,0
2026-06-11 08:15:00+00:00,4106.503,4108.699,4097.094,4097.6,3931,50,0
2026-06-11 08:30:00+00:00,4097.55,4099.663,4090.508,4090.899,3922,50,0
2026-06-11 08:45:00+00:00,4090.576,4092.274,4084.6,4084.659,4400,50,0
2026-06-11 09:00:00+00:00,4084.702,4087.472,4080.709,4086.416,3528,50,0
2026-06-11 09:15:00+00:00,4086.351,4089.015,4078.793,4079.668,3196,50,0
2026-06-11 09:30:00+00:00,4079.575,4092.013,4077.439,4091.906,3185,50,0
2026-06-11 09:45:00+00:00,4091.649,4096.483,4089.85,4091.556,2815,50,0
2026-06-11 10:00:00+00:00,4091.502,4094.462,4088.132,4092.292,2739,50,0
2026-06-11 10:15:00+00:00,4092.343,4094.734,4086.737,4087.892,2679,50,0
2026-06-11 10:30:00+00:00,4087.943,4093.006,4086.483,4090.425,2711,50,0
2026-06-11 10:45:00+00:00,4090.475,4092.97,4087.529,4089.992,2267,50,0
2026-06-11 11:00:00+00:00,4090.026,4093.388,4086.076,4086.076,3980,50,0
2026-06-11 11:15:00+00:00,4086.303,4091.418,4083.325,4090.268,3999,50,0
2026-06-11 11:30:00+00:00,4090.219,4096.191,4081.706,4084.799,5025,50,0
2026-06-11 11:45:00+00:00,4084.745,4087.834,4079.786,4080.541,3014,50,0
2026-06-11 12:00:00+00:00,4080.523,4087.115,4072.577,4076.57,3866,50,0
2026-06-11 12:15:00+00:00,4076.514,4082.025,4061.612,4069.215,11400,50,0
2026-06-11 12:30:00+00:00,4069.11,4077.717,4057.492,4073.098,10501,50,0
2026-06-11 12:45:00+00:00,4073.151,4085.388,4069.764,4081.739,9150,50,0
2026-06-11 13:00:00+00:00,4082.056,4086.309,4072.028,4073.234,8789,50,0
2026-06-11 13:15:00+00:00,4073.285,4081.961,4072.139,4075.518,6341,50,0
2026-06-11 13:30:00+00:00,4075.192,4082.878,4067.129,4076.322,14874,50,0
2026-06-11 13:45:00+00:00,4076.624,4092.852,4073.423,4083.504,15709,50,0
2026-06-11 14:00:00+00:00,4083.44,4085.583,4053.129,4060.842,13898,50,0
2026-06-11 14:15:00+00:00,4060.893,4084.964,4056.032,4075.06,12656,50,0
2026-06-11 14:30:00+00:00,4074.732,4083.525,4070.504,4076.432,10160,50,0
2026-06-11 14:45:00+00:00,4076.484,4081.158,4072.484,4073.558,8644,50,0
2026-06-11 15:00:00+00:00,4073.604,4088.133,4070.313,4080.791,12074,50,0
2026-06-11 15:15:00+00:00,4080.845,4089.417,4074.893,4081.715,7820,50,0
2026-06-11 15:30:00+00:00,4081.632,4090.642,4077.676,4088.201,7508,50,0
2026-06-11 15:45:00+00:00,4088.265,4095.662,4085.649,4088.766,6530,50,0
2026-06-11 16:00:00+00:00,4088.84,4103.512,4086.76,4102.624,5696,50,0
2026-06-11 16:15:00+00:00,4102.686,4107.566,4079.572,4079.843,6700,50,0
2026-06-11 16:30:00+00:00,4079.788,4088.075,4078.566,4082.211,4995,50,0
2026-06-11 16:45:00+00:00,4082.135,4084.327,4078.012,4080.477,3827,50,0
2026-06-11 17:00:00+00:00,4080.136,4080.945,4071.909,4076.269,5644,50,0
2026-06-11 17:15:00+00:00,4076.22,4102.56,4074.373,4101.557,8454,50,0
2026-06-11 17:30:00+00:00,4101.505,4170.243,4101.438,4166.459,33549,50,0
2026-06-11 17:45:00+00:00,4166.374,4166.723,4146.801,4152.12,15053,50,0
2026-06-11 18:00:00+00:00,4152.066,4155.9,4131.437,4146.869,13064,50,0
2026-06-11 18:15:00+00:00,4146.713,4163.169,4145.232,4153.186,11329,50,0
2026-06-11 18:30:00+00:00,4153.134,4165.414,4149.048,4164.761,6815,50,0
2026-06-11 18:45:00+00:00,4164.886,4171.842,4160.28,4162.005,5058,50,0
2026-06-11 19:00:00+00:00,4161.822,4189.4,4161.822,4188.154,8835,50,0
2026-06-11 19:15:00+00:00,4188.227,4198.317,4186.108,4195.623,8402,50,0
2026-06-11 19:30:00+00:00,4195.679,4220.078,4195.679,4210.503,11434,50,0
2026-06-11 19:45:00+00:00,4210.447,4215.539,4207.446,4209.077,6695,50,0
2026-06-11 20:00:00+00:00,4209.171,4218.634,4208.107,4214.017,3935,50,0
2026-06-11 20:15:00+00:00,4213.71,4216.56,4212.252,4214.029,2453,50,0
2026-06-11 20:30:00+00:00,4214.104,4216.417,4209.673,4209.947,2386,50,0
2026-06-11 20:45:00+00:00,4210.0,4213.032,4209.142,4211.626,1577,50,0
2026-06-11 22:00:00+00:00,4220.314,4220.314,4205.303,4209.673,1847,60,0
2026-06-11 22:15:00+00:00,4209.628,4216.118,4205.624,4214.889,1919,50,0
2026-06-11 22:30:00+00:00,4214.821,4228.319,4211.442,4225.783,2381,50,0
2026-06-11 22:45:00+00:00,4226.016,4246.369,4225.253,4243.414,3739,50,0
2026-06-11 23:00:00+00:00,4243.479,4246.017,4221.109,4223.909,3588,50,0
2026-06-11 23:15:00+00:00,4223.962,4226.6,4214.335,4216.791,2590,50,0
2026-06-11 23:30:00+00:00,4216.413,4223.43,4214.514,4219.625,2998,50,0
2026-06-11 23:45:00+00:00,4219.701,4224.379,4215.175,4219.89,3064,50,0
2026-06-12 00:00:00+00:00,4220.102,4225.837,4212.612,4217.063,7222,50,0
2026-06-12 00:15:00+00:00,4216.734,4230.648,4207.582,4220.365,6185,50,0
2026-06-12 00:30:00+00:00,4220.613,4228.783,4202.901,4204.178,5251,50,0
2026-06-12 00:45:00+00:00,4204.247,4208.364,4200.809,4208.259,5024,50,0
2026-06-12 01:00:00+00:00,4208.312,4211.108,4182.941,4187.261,10186,50,0
2026-06-12 01:15:00+00:00,4187.202,4194.0,4178.994,4181.071,6023,50,0
2026-06-12 01:30:00+00:00,4181.149,4186.71,4171.375,4179.667,7036,50,0
2026-06-12 01:45:00+00:00,4179.603,4191.441,4179.286,4186.995,5000,50,0
2026-06-12 02:00:00+00:00,4186.928,4200.014,4183.936,4194.012,4857,50,0
2026-06-12 02:15:00+00:00,4193.865,4194.679,4186.626,4188.49,3260,50,0
2026-06-12 02:30:00+00:00,4188.686,4193.209,4182.685,4186.454,4383,50,0
2026-06-12 02:45:00+00:00,4186.402,4193.747,4183.665,4191.516,3725,50,0
2026-06-12 03:00:00+00:00,4191.461,4196.317,4189.684,4193.761,3568,50,0
2026-06-12 03:15:00+00:00,4193.934,4203.762,4192.978,4203.762,4403,50,0
2026-06-12 03:30:00+00:00,4203.814,4205.09,4199.026,4199.545,3449,50,0
2026-06-12 03:45:00+00:00,4199.475,4201.569,4195.501,4197.382,2884,50,0
2026-06-12 04:00:00+00:00,4197.331,4201.171,4191.95,4194.542,2859,50,0
2026-06-12 04:15:00+00:00,4194.472,4195.702,4190.557,4192.738,2166,50,0
2026-06-12 04:30:00+00:00,4192.809,4198.492,4191.977,4193.433,2239,50,0
2026-06-12 04:45:00+00:00,4193.484,4194.397,4189.521,4190.22,2075,50,0
2026-06-12 05:00:00+00:00,4190.186,4193.008,4182.036,4188.811,3223,50,0
2026-06-12 05:15:00+00:00,4188.856,4189.622,4184.927,4187.072,2787,50,0
2026-06-12 05:30:00+00:00,4187.017,4187.706,4172.426,4180.357,6733,50,0
2026-06-12 05:45:00+00:00,4180.408,4180.896,4170.983,4173.135,4837,50,0
2026-06-12 06:00:00+00:00,4173.203,4185.747,4173.203,4182.842,4133,50,0
2026-06-12 06:15:00+00:00,4182.899,4183.321,4178.805,4182.253,3271,50,0
2026-06-12 06:30:00+00:00,4182.037,4182.696,4172.294,4176.46,3962,50,0
2026-06-12 06:45:00+00:00,4176.484,4184.948,4174.251,4184.107,3120,50,0
2026-06-12 07:00:00+00:00,4184.161,4184.936,4176.012,4178.396,4108,50,0
2026-06-12 07:15:00+00:00,4178.448,4180.001,4173.945,4174.347,3199,50,0
2026-06-12 07:30:00+00:00,4174.309,4184.912,4170.128,4182.973,3795,50,0
2026-06-12 07:45:00+00:00,4182.921,4194.422,4173.906,4194.422,5605,50,0
2026-06-12 08:00:00+00:00,4194.701,4205.166,4191.899,4203.742,7138,50,0
2026-06-12 08:15:00+00:00,4203.744,4220.798,4199.447,4213.233,8344,50,0
2026-06-12 08:30:00+00:00,4213.223,4222.525,4211.965,4218.236,5577,50,0
2026-06-12 08:45:00+00:00,4218.303,4226.164,4214.71,4219.8,4028,50,0
2026-06-12 09:00:00+00:00,4219.586,4225.266,4217.44,4224.104,3430,50,0
2026-06-12 09:15:00+00:00,4224.155,4227.019,4219.193,4220.97,4801,50,0
2026-06-12 09:30:00+00:00,4221.027,4228.019,4219.236,4225.52,3860,50,0
2026-06-12 09:45:00+00:00,4225.465,4227.944,4221.422,4222.031,3250,50,0
2026-06-12 10:00:00+00:00,4221.974,4225.535,4219.124,4221.626,3092,50,0
2026-06-12 10:15:00+00:00,4221.566,4222.484,4203.093,4206.97,4770,50,0
2026-06-12 10:30:00+00:00,4207.086,4218.84,4206.468,4215.583,3222,50,0
2026-06-12 10:45:00+00:00,4215.575,4218.794,4209.453,4210.838,2853,50,0
2026-06-12 11:00:00+00:00,4211.174,4212.16,4205.234,4207.314,3304,50,0
2026-06-12 11:15:00+00:00,4207.263,4210.469,4202.143,4202.746,2908,50,0
2026-06-12 11:30:00+00:00,4202.583,4210.513,4197.515,4209.7,3127,50,0
2026-06-12 11:45:00+00:00,4209.75,4215.478,4206.716,4207.122,2966,50,0
2026-06-12 12:00:00+00:00,4206.845,4214.484,4203.044,4214.484,4588,50,0
2026-06-12 12:15:00+00:00,4214.227,4215.522,4200.475,4201.251,4212,50,0
2026-06-12 12:30:00+00:00,4201.309,4201.994,4191.746,4196.697,4134,50,0
2026-06-12 12:45:00+00:00,4196.754,4200.606,4188.545,4191.925,4468,50,0
2026-06-12 13:00:00+00:00,4191.873,4201.234,4186.721,4198.491,5387,50,0
2026-06-12 13:15:00+00:00,4198.366,4206.909,4197.134,4202.778,3513,50,0
2026-06-12 13:30:00+00:00,4203.0,4210.327,4182.775,4190.819,15662,50,0
2026-06-12 13:45:00+00:00,4190.769,4194.093,4183.443,4186.604,11425,50,0
2026-06-12 14:00:00+00:00,4186.266,4198.574,4184.834,4192.966,7677,50,0
2026-06-12 14:15:00+00:00,4192.857,4199.56,4182.608,4188.807,7529,50,0
2026-06-12 14:30:00+00:00,4188.755,4193.312,4181.131,4184.483,7734,50,0
2026-06-12 14:45:00+00:00,4184.432,4208.674,4177.069,4204.219,14292,50,0
2026-06-12 15:00:00+00:00,4204.275,4215.363,4200.28,4214.017,8353,50,0
2026-06-12 15:15:00+00:00,4214.084,4235.765,4212.685,4225.947,7027,50,0
2026-06-12 15:30:00+00:00,4226.005,4228.689,4210.382,4211.195,7611,50,0
2026-06-12 15:45:00+00:00,4211.25,4218.826,4206.813,4212.068,6898,50,0
2026-06-12 16:00:00+00:00,4212.122,4225.132,4208.048,4221.814,7019,50,0
2026-06-12 16:15:00+00:00,4221.873,4233.112,4215.815,4217.284,6372,50,0
2026-06-12 16:30:00+00:00,4217.074,4220.645,4211.637,4213.504,4966,50,0
2026-06-12 16:45:00+00:00,4213.561,4218.265,4211.351,4216.229,3839,50,0
2026-06-12 17:00:00+00:00,4216.283,4226.688,4215.131,4218.307,4199,50,0
2026-06-12 17:15:00+00:00,4218.753,4223.624,4213.979,4219.105,2849,50,0
2026-06-12 17:30:00+00:00,4218.886,4223.607,4214.192,4222.614,2744,50,0
2026-06-12 17:45:00+00:00,4222.673,4225.161,4219.857,4221.579,2246,50,0
2026-06-12 18:00:00+00:00,4221.63,4228.652,4218.149,4226.986,2585,50,0
2026-06-12 18:15:00+00:00,4226.999,4235.497,4224.688,4226.534,3216,50,0
2026-06-12 18:30:00+00:00,4226.472,4230.169,4224.372,4229.198,2143,50,0
2026-06-12 18:45:00+00:00,4229.139,4229.327,4214.231,4215.797,2677,50,0
2026-06-12 19:00:00+00:00,4215.744,4219.126,4214.278,4217.449,2145,50,0
2026-06-12 19:15:00+00:00,4217.389,4217.389,4207.841,4208.579,2316,50,0
2026-06-12 19:30:00+00:00,4208.53,4210.391,4201.829,4205.372,3150,50,0
2026-06-12 19:45:00+00:00,4205.294,4211.46,4203.894,4210.607,2414,50,0
2026-06-12 20:00:00+00:00,4210.666,4213.714,4209.361,4212.811,1378,50,0
2026-06-12 20:15:00+00:00,4212.588,4217.008,4212.498,4214.374,1051,50,0
2026-06-12 20:30:00+00:00,4214.426,4214.679,4212.485,4213.797,981,50,0
2026-06-12 20:45:00+00:00,4213.849,4219.406,4212.484,4218.775,1188,50,0
2026-06-14 22:00:00+00:00,4270.511,4309.084,4269.387,4299.912,5045,60,0
2026-06-14 22:15:00+00:00,4299.583,4306.396,4283.838,4287.262,3674,60,0
2026-06-14 22:30:00+00:00,4287.207,4288.818,4280.401,4285.427,2966,60,0
2026-06-14 22:45:00+00:00,4285.109,4291.815,4284.83,4285.901,1698,60,0
2026-06-14 23:00:00+00:00,4285.768,4288.25,4282.264,4282.946,1983,60,0
2026-06-14 23:15:00+00:00,4283.244,4284.826,4281.19,4283.208,1401,60,0
2026-06-14 23:30:00+00:00,4283.275,4286.241,4281.546,4285.021,1362,60,0
2026-06-14 23:45:00+00:00,4285.082,4295.362,4284.154,4294.05,1945,60,0
2026-06-15 00:00:00+00:00,4294.236,4301.277,4293.442,4299.876,2797,50,0
2026-06-15 00:15:00+00:00,4299.94,4308.338,4299.715,4300.847,2984,50,0
2026-06-15 00:30:00+00:00,4301.216,4305.926,4295.886,4297.645,3870,60,0
2026-06-15 00:45:00+00:00,4297.706,4300.052,4291.623,4292.8,2923,60,0
2026-06-15 01:00:00+00:00,4292.589,4300.482,4285.532,4296.197,8806,60,0
2026-06-15 01:15:00+00:00,4296.141,4306.581,4289.611,4303.43,5545,60,0
2026-06-15 01:30:00+00:00,4303.483,4319.728,4301.257,4317.719,5427,60,0
2026-06-15 01:45:00+00:00,4317.698,4319.315,4313.27,4316.736,3566,60,0
2026-06-15 02:00:00+00:00,4316.681,4326.846,4316.029,4326.473,3595,50,0
2026-06-15 02:15:00+00:00,4326.533,4331.252,4324.263,4328.187,2502,60,0
2026-06-15 02:30:00+00:00,4328.075,4334.415,4327.903,4330.401,3474,60,0
2026-06-15 02:45:00+00:00,4330.119,4335.642,4327.886,4329.697,2841,60,0
2026-06-15 03:00:00+00:00,4329.651,4331.275,4322.198,4325.25,2991,60,0
2026-06-15 03:15:00+00:00,4325.214,4329.227,4321.585,4324.246,2460,50,0
2026-06-15 03:30:00+00:00,4324.008,4327.35,4321.407,4323.545,2066,60,0
2026-06-15 03:45:00+00:00,4323.489,4327.206,4323.266,4324.883,1378,50,0
2026-06-15 04:00:00+00:00,4325.229,4327.627,4322.807,4326.306,1530,50,0
2026-06-15 04:15:00+00:00,4326.364,4327.585,4320.592,4326.93,2073,60,0
2026-06-15 04:30:00+00:00,4326.941,4330.107,4325.304,4327.768,1409,50,0
2026-06-15 04:45:00+00:00,4328.058,4329.474,4326.543,4328.469,1235,60,0
2026-06-15 05:00:00+00:00,4328.11,4331.131,4323.808,4329.057,2121,60,0
2026-06-15 05:15:00+00:00,4329.071,4333.073,4326.231,4330.473,2007,50,0
2026-06-15 05:30:00+00:00,4330.124,4332.936,4312.658,4312.945,3820,50,0
2026-06-15 05:45:00+00:00,4312.998,4316.18,4307.492,4310.28,3053,60,0
2026-06-15 06:00:00+00:00,4310.302,4313.634,4302.732,4308.77,4119,50,0
2026-06-15 06:15:00+00:00,4308.802,4309.605,4302.996,4305.089,3045,50,0
2026-06-15 06:30:00+00:00,4305.149,4307.084,4300.729,4306.745,3250,50,0
2026-06-15 06:45:00+00:00,4306.387,4309.74,4304.396,4308.355,2412,50,0
2026-06-15 07:00:00+00:00,4308.415,4314.475,4305.223,4313.492,3001,50,0
2026-06-15 07:15:00+00:00,4313.84,4318.982,4313.126,4316.641,2209,50,0
2026-06-15 07:30:00+00:00,4316.873,4317.561,4312.006,4316.525,2489,50,0
2026-06-15 07:45:00+00:00,4316.473,4325.486,4312.553,4323.081,2466,50,0
2026-06-15 08:00:00+00:00,4323.018,4329.66,4321.75,4328.894,2993,50,0
2026-06-15 08:15:00+00:00,4328.827,4332.916,4327.299,4328.451,2601,60,0
2026-06-15 08:30:00+00:00,4328.505,4345.645,4327.813,4341.108,3273,60,0
2026-06-15 08:45:00+00:00,4341.189,4343.109,4334.287,4334.436,2257,60,0
2026-06-15 09:00:00+00:00,4334.443,4343.095,4334.236,4340.253,2259,60,0
2026-06-15 09:15:00+00:00,4339.996,4343.513,4336.434,4339.304,2859,60,0
2026-06-15 09:30:00+00:00,4339.249,4341.15,4334.719,4335.967,2540,60,0
2026-06-15 09:45:00+00:00,4335.907,4341.014,4335.132,4336.901,1890,50,0
2026-06-15 10:00:00+00:00,4336.964,4340.553,4335.81,4337.77,1997,50,0
2026-06-15 10:15:00+00:00,4338.106,4339.572,4336.096,4338.664,1650,50,0
2026-06-15 10:30:00+00:00,4338.693,4340.494,4335.274,4337.687,1759,50,0
2026-06-15 10:45:00+00:00,4337.844,4341.751,4336.613,4338.08,1934,50,0
2026-06-15 11:00:00+00:00,4338.44,4339.833,4336.434,4338.17,1845,50,0
2026-06-15 11:15:00+00:00,4338.17,4341.695,4336.317,4340.902,1923,50,0
2026-06-15 11:30:00+00:00,4340.954,4347.677,4338.072,4338.671,2641,60,0
2026-06-15 11:45:00+00:00,4338.61,4338.847,4331.906,4335.348,3158,50,0
2026-06-15 12:00:00+00:00,4335.397,4338.688,4330.739,4331.349,2610,50,0
2026-06-15 12:15:00+00:00,4331.416,4338.293,4324.634,4337.251,3279,60,0
2026-06-15 12:30:00+00:00,4337.362,4346.973,4335.138,4345.366,2774,50,0
2026-06-15 12:45:00+00:00,4345.017,4349.561,4343.601,4348.924,2677,60,0
2026-06-15 13:00:00+00:00,4348.851,4350.494,4341.256,4349.686,3501,60,0
2026-06-15 13:15:00+00:00,4349.456,4355.816,4349.224,4353.255,3063,60,0
2026-06-15 13:30:00+00:00,4353.48,4368.798,4352.098,4363.075,7778,60,0
2026-06-15 13:45:00+00:00,4363.289,4364.804,4354.584,4355.442,4813,60,0
2026-06-15 14:00:00+00:00,4355.384,4369.431,4353.993,4357.574,5817,60,0
2026-06-15 14:15:00+00:00,4357.63,4364.268,4354.041,4363.574,4534,60,0
2026-06-15 14:30:00+00:00,4363.641,4365.205,4353.866,4357.005,3883,60,0
2026-06-15 14:45:00+00:00,4357.202,4363.634,4355.593,4356.922,3660,60,0
2026-06-15 15:00:00+00:00,4356.867,4359.577,4349.786,4351.351,3541,60,0
2026-06-15 15:15:00+00:00,4351.003,4358.395,4350.164,4353.96,2957,60,0
2026-06-15 15:30:00+00:00,4353.878,4360.074,4349.594,4357.688,3172,60,0
2026-06-15 15:45:00+00:00,4357.456,4360.798,4355.024,4356.392,2838,60,0
2026-06-15 16:00:00+00:00,4356.192,4358.897,4349.067,4351.826,2172,50,0
2026-06-15 16:15:00+00:00,4351.878,4352.669,4339.094,4343.223,3199,50,0
2026-06-15 16:30:00+00:00,4343.279,4343.354,4336.166,4336.424,2374,50,0
2026-06-15 16:45:00+00:00,4336.354,4339.952,4334.5,4339.167,2320,50,0
2026-06-15 17:00:00+00:00,4339.1,4339.332,4330.828,4334.172,2792,50,0
2026-06-15 17:15:00+00:00,4334.099,4335.089,4328.991,4330.068,2446,50,0
2026-06-15 17:30:00+00:00,4330.006,4330.242,4321.258,4322.091,2719,50,0
2026-06-15 17:45:00+00:00,4322.386,4325.402,4320.454,4324.698,2104,50,0
2026-06-15 18:00:00+00:00,4324.76,4325.271,4317.909,4324.253,2364,50,0
2026-06-15 18:15:00+00:00,4324.182,4328.058,4322.782,4324.912,1766,50,0
2026-06-15 18:30:00+00:00,4324.755,4326.437,4321.869,4324.89,1781,50,0
2026-06-15 18:45:00+00:00,4324.897,4327.32,4324.041,4325.914,1586,50,0
2026-06-15 19:00:00+00:00,4325.735,4326.939,4320.865,4322.759,1719,50,0
2026-06-15 19:15:00+00:00,4322.762,4324.781,4320.939,4321.596,1677,50,0
2026-06-15 19:30:00+00:00,4321.617,4323.895,4318.164,4319.319,1749,50,0
2026-06-15 19:45:00+00:00,4319.317,4321.062,4316.512,4320.718,1899,50,0
2026-06-15 20:00:00+00:00,4320.789,4322.227,4315.79,4316.172,1295,50,0
2026-06-15 20:15:00+00:00,4316.2,4318.474,4310.808,4312.934,1416,60,0
2026-06-15 20:30:00+00:00,4312.954,4313.248,4308.264,4309.908,1153,60,0
2026-06-15 20:45:00+00:00,4309.618,4310.724,4306.424,4309.0,1055,60,0
2026-06-15 22:00:00+00:00,4311.502,4315.633,4309.232,4310.369,1223,60,0
2026-06-15 22:15:00+00:00,4310.55,4313.216,4306.007,4308.418,1424,60,0
2026-06-15 22:30:00+00:00,4308.418,4314.758,4307.023,4312.774,1163,50,0
2026-06-15 22:45:00+00:00,4312.762,4314.575,4310.706,4312.059,1060,50,0
2026-06-15 23:00:00+00:00,4312.007,4316.552,4312.007,4313.748,1226,50,0
2026-06-15 23:15:00+00:00,4313.697,4315.72,4311.714,4315.684,1114,50,0
2026-06-15 23:30:00+00:00,4315.396,4319.2,4313.37,4317.995,1191,50,0
2026-06-15 23:45:00+00:00,4318.052,4319.196,4313.372,4315.825,1393,50,0
2026-06-16 00:00:00+00:00,4315.768,4318.626,4313.151,4313.637,2365,50,0
2026-06-16 00:15:00+00:00,4313.647,4315.807,4306.734,4308.493,2724,50,0
2026-06-16 00:30:00+00:00,4308.553,4313.814,4307.976,4311.25,2821,50,0
2026-06-16 00:45:00+00:00,4311.274,4320.814,4310.701,4319.285,2165,50,0
2026-06-16 01:00:00+00:00,4319.286,4325.895,4315.538,4319.672,5449,60,0
2026-06-16 01:15:00+00:00,4319.742,4324.086,4316.332,4319.344,4144,50,0
2026-06-16 01:30:00+00:00,4319.428,4320.371,4313.434,4315.155,3089,50,0
2026-06-16 01:45:00+00:00,4315.129,4319.488,4312.342,4313.557,2313,50,0
2026-06-16 02:00:00+00:00,4313.532,4314.311,4307.662,4309.687,2490,50,0
2026-06-16 02:15:00+00:00,4309.739,4313.146,4308.438,4312.816,1442,50,0
2026-06-16 02:30:00+00:00,4312.897,4318.408,4309.593,4312.125,2149,50,0
2026-06-16 02:45:00+00:00,4311.962,4320.8,4311.041,4318.566,2091,50,0
2026-06-16 03:00:00+00:00,4318.808,4321.104,4317.258,4318.76,1923,50,0
2026-06-16 03:15:00+00:00,4318.503,4322.602,4315.506,4321.113,1835,50,0
2026-06-16 03:30:00+00:00,4321.051,4332.715,4319.926,4331.896,2134,50,0
2026-06-16 03:45:00+00:00,4331.615,4333.232,4328.935,4330.345,1680,60,0
2026-06-16 04:00:00+00:00,4330.345,4331.994,4325.891,4326.887,1596,50,0
2026-06-16 04:15:00+00:00,4327.174,4327.933,4322.254,4323.107,1388,50,0
2026-06-16 04:30:00+00:00,4323.113,4325.404,4322.051,4323.347,1820,60,0
2026-06-16 04:45:00+00:00,4323.403,4323.982,4321.113,4322.738,1449,50,0
2026-06-16 05:00:00+00:00,4322.793,4329.088,4322.166,4326.475,1752,50,0
2026-06-16 05:15:00+00:00,4326.17,4327.876,4324.602,4327.503,1341,50,0
2026-06-16 05:30:00+00:00,4327.437,4331.055,4315.964,4317.882,3668,50,0
2026-06-16 05:45:00+00:00,4317.826,4321.181,4314.378,4316.024,2658,50,0
2026-06-16 06:00:00+00:00,4316.076,4319.793,4313.447,4318.791,2668,50,0
2026-06-16 06:15:00+00:00,4318.575,4318.824,4314.335,4316.447,2199,50,0
2026-06-16 06:30:00+00:00,4316.385,4320.287,4314.116,4316.475,2565,50,0
2026-06-16 06:45:00+00:00,4316.413,4324.449,4316.057,4323.813,2223,50,0
2026-06-16 07:00:00+00:00,4323.871,4328.63,4322.603,4325.999,2298,60,0
2026-06-16 07:15:00+00:00,4326.285,4329.69,4324.128,4328.735,1984,50,0
2026-06-16 07:30:00+00:00,4328.681,4332.777,4326.145,4327.794,2274,50,0
2026-06-16 07:45:00+00:00,4327.802,4335.617,4326.64,4335.018,2273,50,0
2026-06-16 08:00:00+00:00,4334.964,4340.065,4332.865,4337.831,2232,60,0
2026-06-16 08:15:00+00:00,4337.773,4343.662,4337.624,4341.472,2389,60,0
2026-06-16 08:30:00+00:00,4341.411,4345.27,4339.269,4343.261,2166,60,0
2026-06-16 08:45:00+00:00,4343.269,4348.128,4340.921,4346.893,1857,60,0
2026-06-16 09:00:00+00:00,4346.951,4348.358,4343.964,4345.997,1751,50,0
2026-06-16 09:15:00+00:00,4346.063,4346.456,4338.536,4339.816,1856,60,0
2026-06-16 09:30:00+00:00,4339.76,4346.483,4339.326,4342.214,2002,60,0
2026-06-16 09:45:00+00:00,4342.227,4348.511,4340.284,4345.168,1646,60,0
2026-06-16 10:00:00+00:00,4345.527,4346.657,4343.125,4346.195,1418,50,0
2026-06-16 10:15:00+00:00,4345.9,4346.885,4343.56,4344.41,1362,50,0
2026-06-16 10:30:00+00:00,4344.467,4346.834,4342.09,4346.604,1410,50,0
2026-06-16 10:45:00+00:00,4346.544,4349.075,4346.439,4348.815,1430,50,0
2026-06-16 11:00:00+00:00,4348.879,4349.576,4339.636,4341.799,2259,60,0
2026-06-16 11:15:00+00:00,4341.523,4343.489,4338.517,4342.2,1884,60,0
2026-06-16 11:30:00+00:00,4342.253,4342.474,4335.334,4338.94,2564,60,0
2026-06-16 11:45:00+00:00,4338.888,4341.703,4336.99,4340.873,2018,60,0
2026-06-16 12:00:00+00:00,4340.821,4345.742,4338.269,4344.87,2353,50,0
2026-06-16 12:15:00+00:00,4344.596,4345.053,4337.7,4343.968,2771,60,0
2026-06-16 12:30:00+00:00,4343.741,4349.895,4341.746,4349.433,2718,50,0
2026-06-16 12:45:00+00:00,4349.489,4355.101,4348.482,4354.607,2631,60,0
2026-06-16 13:00:00+00:00,4354.546,4355.039,4341.978,4343.922,3978,50,0
2026-06-16 13:15:00+00:00,4343.989,4345.032,4333.207,4335.297,3827,50,0
2026-06-16 13:30:00+00:00,4335.211,4340.798,4333.729,4338.89,5480,50,0
2026-06-16 13:45:00+00:00,4339.236,4340.479,4331.619,4331.698,4485,50,0
2026-06-16 14:00:00+00:00,4332.051,4338.97,4331.422,4335.366,4259,50,0
2026-06-16 14:15:00+00:00,4335.587,4335.587,4317.548,4319.83,6086,50,0
2026-06-16 14:30:00+00:00,4319.576,4328.261,4313.118,4324.45,6068,50,0
2026-06-16 14:45:00+00:00,4324.509,4327.434,4321.569,4323.951,3913,50,0
2026-06-16 15:00:00+00:00,4323.999,4327.386,4322.334,4324.829,3616,50,0
2026-06-16 15:15:00+00:00,4324.774,4328.758,4321.02,4325.707,3011,50,0
2026-06-16 15:30:00+00:00,4325.708,4328.92,4322.979,4326.555,3098,50,0
2026-06-16 15:45:00+00:00,4326.5,4343.653,4322.108,4335.491,5289,50,0
2026-06-16 16:00:00+00:00,4335.434,4347.059,4334.989,4345.808,4180,50,0
2026-06-16 16:15:00+00:00,4345.86,4346.968,4341.78,4344.503,2874,50,0
2026-06-16 16:30:00+00:00,4344.486,4345.467,4340.283,4344.029,2432,50,0
2026-06-16 16:45:00+00:00,4343.974,4346.608,4340.04,4340.814,2250,50,0
2026-06-16 17:00:00+00:00,4340.688,4341.405,4334.21,4335.885,2355,50,0
2026-06-16 17:15:00+00:00,4335.853,4336.084,4325.246,4334.588,3613,50,0
2026-06-16 17:30:00+00:00,4334.651,4339.977,4334.078,4338.427,2465,50,0
2026-06-16 17:45:00+00:00,4338.374,4340.764,4335.996,4340.196,1690,50,0
2026-06-16 18:00:00+00:00,4340.25,4343.023,4339.181,4341.671,1695,50,0
2026-06-16 18:15:00+00:00,4341.716,4342.397,4338.917,4341.263,1764,50,0
2026-06-16 18:30:00+00:00,4341.197,4342.88,4338.318,4339.077,1532,50,0
2026-06-16 18:45:00+00:00,4339.133,4340.236,4336.182,4338.44,1348,50,0
2026-06-16 19:00:00+00:00,4338.508,4343.11,4337.759,4339.413,1644,50,0
2026-06-16 19:15:00+00:00,4339.429,4341.284,4336.714,4339.738,1567,50,0
2026-06-16 19:30:00+00:00,4339.791,4340.172,4337.135,4338.482,1458,50,0
2026-06-16 19:45:00+00:00,4338.538,4339.75,4330.567,4334.212,2250,50,0
2026-06-16 20:00:00+00:00,4334.061,4334.403,4331.004,4331.363,1195,60,0
2026-06-16 20:15:00+00:00,4331.343,4334.3,4330.926,4333.062,752,60,0
2026-06-16 20:30:00+00:00,4332.779,4335.068,4331.54,4333.328,764,60,0
2026-06-16 20:45:00+00:00,4333.248,4333.424,4329.528,4331.19,925,60,0
2026-06-16 22:00:00+00:00,4335.158,4335.379,4330.878,4332.162,574,60,0
2026-06-16 22:15:00+00:00,4332.509,4333.132,4328.907,4330.129,937,60,0
2026-06-16 22:30:00+00:00,4330.331,4333.36,4330.284,4332.867,788,60,0
2026-06-16 22:45:00+00:00,4332.605,4336.328,4332.227,4335.677,761,60,0
2026-06-16 23:00:00+00:00,4335.614,4338.377,4333.946,4336.484,863,60,0
2026-06-16 23:15:00+00:00,4336.778,4337.149,4335.636,4336.34,558,60,0
2026-06-16 23:30:00+00:00,4336.344,4336.502,4333.109,4334.531,875,50,0
2026-06-16 23:45:00+00:00,4334.531,4335.238,4329.735,4331.221,962,60,0
2026-06-17 00:00:00+00:00,4331.362,4340.176,4328.513,4337.887,3043,60,0
2026-06-17 00:15:00+00:00,4337.759,4341.64,4336.665,4337.549,2188,60,0
2026-06-17 00:30:00+00:00,4337.557,4339.037,4334.8,4335.626,1525,60,0
2026-06-17 00:45:00+00:00,4335.697,4338.077,4332.205,4337.02,2052,60,0
2026-06-17 01:00:00+00:00,4336.966,4349.921,4334.267,4347.965,4831,60,0
2026-06-17 01:15:00+00:00,4347.618,4347.896,4339.344,4343.563,2956,60,0
2026-06-17 01:30:00+00:00,4343.367,4344.108,4337.8,4339.79,2632,60,0
2026-06-17 01:45:00+00:00,4339.428,4343.573,4337.053,4341.121,2380,60,0
2026-06-17 02:00:00+00:00,4341.09,4344.328,4340.064,4342.346,2179,60,0
2026-06-17 02:15:00+00:00,4342.401,4344.547,4339.641,4340.516,1542,60,0
2026-06-17 02:30:00+00:00,4340.445,4343.763,4337.701,4338.988,2252,50,0
2026-06-17 02:45:00+00:00,4338.633,4339.085,4329.699,4331.8,2888,60,0
2026-06-17 03:00:00+00:00,4331.731,4334.202,4329.608,4330.743,2016,50,0
2026-06-17 03:15:00+00:00,4330.667,4332.263,4328.547,4331.587,1994,50,0
2026-06-17 03:30:00+00:00,4331.65,4333.485,4330.294,4333.181,1386,50,0
2026-06-17 03:45:00+00:00,4333.125,4333.937,4330.446,4332.359,1363,50,0
2026-06-17 04:00:00+00:00,4332.179,4332.567,4328.632,4330.831,1427,50,0
2026-06-17 04:15:00+00:00,4330.952,4334.089,4324.244,4324.782,1805,50,0
2026-06-17 04:30:00+00:00,4324.724,4325.842,4317.487,4323.343,2015,50,0
2026-06-17 04:45:00+00:00,4323.294,4326.643,4322.242,4326.643,1325,50,0
2026-06-17 05:00:00+00:00,4326.699,4327.945,4321.378,4322.722,1663,50,0
2026-06-17 05:15:00+00:00,4322.781,4327.662,4321.127,4327.12,1823,50,0
2026-06-17 05:30:00+00:00,4327.123,4333.335,4326.906,4329.648,2879,60,0
2026-06-17 05:45:00+00:00,4329.716,4334.197,4324.52,4326.617,2312,50,0
2026-06-17 06:00:00+00:00,4326.643,4330.197,4324.655,4329.186,2416,60,0
2026-06-17 06:15:00+00:00,4329.129,4329.626,4320.436,4324.539,2903,50,0
2026-06-17 06:30:00+00:00,4324.482,4329.147,4322.7,4327.878,2417,50,0
2026-06-17 06:45:00+00:00,4327.518,4331.875,4326.601,4331.589,1888,50,0
2026-06-17 07:00:00+00:00,4331.524,4332.976,4327.157,4327.416,2073,50,0
2026-06-17 07:15:00+00:00,4327.39,4332.845,4326.84,4329.048,2151,50,0
2026-06-17 07:30:00+00:00,4328.994,4331.608,4325.404,4329.06,1941,50,0
2026-06-17 07:45:00+00:00,4328.837,4329.635,4324.854,4325.43,1753,50,0
2026-06-17 08:00:00+00:00,4325.486,4327.775,4322.263,4323.066,2359,50,0
2026-06-17 08:15:00+00:00,4323.071,4324.969,4319.861,4323.865,2636,50,0
2026-06-17 08:30:00+00:00,4323.81,4324.462,4318.988,4320.129,2104,50,0
2026-06-17 08:45:00+00:00,4320.0,4325.439,4317.17,4324.646,2201,50,0
2026-06-17 09:00:00+00:00,4324.579,4325.759,4321.338,4325.134,1740,50,0
2026-06-17 09:15:00+00:00,4325.166,4333.227,4325.139,4331.906,2310,50,0
2026-06-17 09:30:00+00:00,4331.974,4335.838,4328.237,4328.679,2074,50,0
2026-06-17 09:45:00+00:00,4328.712,4329.927,4325.869,4329.773,1570,50,0
2026-06-17 10:00:00+00:00,4329.835,4331.221,4327.763,4331.105,1675,50,0
2026-06-17 10:15:00+00:00,4330.817,4331.122,4327.06,4328.962,1493,50,0
2026-06-17 10:30:00+00:00,4329.015,4331.234,4327.191,4330.78,1395,50,0
2026-06-17 10:45:00+00:00,4330.753,4335.382,4330.753,4331.577,1545,50,0
2026-06-17 11:00:00+00:00,4331.359,4331.955,4327.949,4329.29,1893,50,0
2026-06-17 11:15:00+00:00,4329.019,4331.924,4328.105,4329.107,1481,50,0
2026-06-17 11:30:00+00:00,4328.889,4329.178,4324.317,4325.832,1823,50,0
2026-06-17 11:45:00+00:00,4326.084,4327.211,4320.857,4323.43,1976,50,0
2026-06-17 12:00:00+00:00,4323.473,4325.115,4319.829,4323.675,2765,50,0
2026-06-17 12:15:00+00:00,4323.384,4327.539,4321.81,4324.882,2313,50,0
2026-06-17 12:30:00+00:00,4324.71,4332.165,4323.654,4331.57,2164,50,0
2026-06-17 12:45:00+00:00,4331.613,4335.681,4331.135,4333.544,1959,60,0
2026-06-17 13:00:00+00:00,4333.485,4334.524,4324.054,4331.745,3466,60,0
2026-06-17 13:15:00+00:00,4331.772,4338.431,4330.836,4335.478,2748,60,0
2026-06-17 13:30:00+00:00,4335.635,4341.796,4332.585,4341.676,4528,50,0
2026-06-17 13:45:00+00:00,4341.624,4345.4,4339.391,4339.989,3952,50,0
2026-06-17 14:00:00+00:00,4339.852,4346.045,4335.785,4342.258,3807,50,0
2026-06-17 14:15:00+00:00,4342.282,4362.37,4341.0,4360.223,5377,50,0
2026-06-17 14:30:00+00:00,4360.106,4364.086,4347.425,4351.948,4736,60,0
2026-06-17 14:45:00+00:00,4352.294,4355.614,4330.932,4344.741,10559,50,0
2026-06-17 15:00:00+00:00,4344.67,4348.569,4343.794,4347.973,4682,60,0
2026-06-17 15:15:00+00:00,4347.899,4360.145,4346.83,4355.253,4298,60,0
2026-06-17 15:30:00+00:00,4355.195,4361.277,4354.447,4358.388,2743,60,0
2026-06-17 15:45:00+00:00,4358.083,4365.022,4357.28,4363.807,2456,60,0
2026-06-17 16:00:00+00:00,4363.448,4365.855,4360.641,4362.16,2322,60,0
2026-06-17 16:15:00+00:00,4362.164,4366.635,4360.577,4365.104,1905,60,0
2026-06-17 16:30:00+00:00,4365.321,4365.321,4355.089,4357.831,1994,50,0
2026-06-17 16:45:00+00:00,4357.829,4359.54,4356.037,4359.489,1705,60,0
2026-06-17 17:00:00+00:00,4359.428,4361.3,4355.339,4358.876,2590,60,0
2026-06-17 17:15:00+00:00,4359.154,4364.201,4357.871,4361.124,2511,60,0
2026-06-17 17:30:00+00:00,4361.178,4382.451,4360.775,4376.601,5782,60,0
2026-06-17 17:45:00+00:00,4376.445,4382.551,4374.224,4379.703,3035,60,0
2026-06-17 18:00:00+00:00,4379.781,4379.781,4277.012,4284.64,28954,60,0
2026-06-17 18:15:00+00:00,4284.572,4308.522,4283.061,4292.549,20687,60,0
2026-06-17 18:30:00+00:00,4292.461,4327.109,4269.901,4323.488,37652,60,0
2026-06-17 18:45:00+00:00,4323.548,4332.539,4278.936,4286.095,25911,60,0
2026-06-17 19:00:00+00:00,4286.205,4295.784,4260.277,4265.0,29745,60,0
2026-06-17 19:15:00+00:00,4265.066,4265.643,4226.304,4227.243,19562,60,0
2026-06-17 19:30:00+00:00,4227.182,4235.771,4218.942,4230.833,20432,50,0
2026-06-17 19:45:00+00:00,4230.738,4247.047,4229.476,4235.656,15670,50,0
2026-06-17 20:00:00+00:00,4235.576,4260.067,4234.902,4257.391,6991,50,0
2026-06-17 20:15:00+00:00,4257.446,4269.836,4254.081,4258.225,5965,60,0
2026-06-17 20:30:00+00:00,4258.585,4265.434,4258.303,4260.297,3321,50,0
2026-06-17 20:45:00+00:00,4260.354,4262.507,4255.984,4257.599,1968,50,0
2026-06-17 22:00:00+00:00,4258.669,4268.42,4254.532,4265.678,2111,60,0
2026-06-17 22:15:00+00:00,4265.825,4271.615,4264.887,4267.319,1663,60,0
2026-06-17 22:30:00+00:00,4267.278,4268.808,4263.788,4263.98,1472,50,0
2026-06-17 22:45:00+00:00,4264.225,4271.078,4260.631,4266.925,1579,50,0
2026-06-17 23:00:00+00:00,4266.854,4282.185,4264.316,4281.691,1818,50,0
2026-06-17 23:15:00+00:00,4281.75,4284.056,4275.601,4280.327,2207,50,0
2026-06-17 23:30:00+00:00,4280.343,4282.814,4268.045,4276.083,2042,50,0
2026-06-17 23:45:00+00:00,4276.433,4279.288,4272.488,4277.951,2035,50,0
2026-06-18 00:00:00+00:00,4278.01,4299.419,4276.408,4297.335,5684,50,0
2026-06-18 00:15:00+00:00,4297.404,4301.403,4294.733,4300.507,4409,50,0
2026-06-18 00:30:00+00:00,4300.453,4311.695,4299.728,4310.927,4236,50,0
2026-06-18 00:45:00+00:00,4310.874,4315.501,4308.385,4308.638,3819,50,0
2026-06-18 01:00:00+00:00,4308.707,4328.671,4306.897,4323.148,8531,60,0
2026-06-18 01:15:00+00:00,4323.086,4323.813,4315.277,4319.392,4301,50,0
2026-06-18 01:30:00+00:00,4319.313,4325.329,4317.049,4322.411,4393,50,0
2026-06-18 01:45:00+00:00,4322.352,4326.278,4317.317,4318.067,3217,50,0
2026-06-18 02:00:00+00:00,4318.123,4330.0,4316.268,4327.309,3411,50,0
2026-06-18 02:15:00+00:00,4327.298,4329.86,4323.392,4324.319,2388,60,0
2026-06-18 02:30:00+00:00,4324.553,4325.482,4316.167,4316.693,3669,50,0
2026-06-18 02:45:00+00:00,4316.751,4319.017,4310.604,4310.866,3148,50,0
2026-06-18 03:00:00+00:00,4311.076,4316.344,4309.037,4311.599,2882,50,0
2026-06-18 03:15:00+00:00,4311.817,4316.83,4310.615,4314.922,2542,50,0
2026-06-18 03:30:00+00:00,4314.979,4322.69,4313.805,4318.757,2329,50,0
2026-06-18 03:45:00+00:00,4319.0,4320.726,4316.825,4319.62,1572,50,0
2026-06-18 04:00:00+00:00,4319.855,4324.183,4314.749,4317.6,1750,50,0
2026-06-18 04:15:00+00:00,4317.333,4319.062,4311.868,4313.836,1813,50,0
2026-06-18 04:30:00+00:00,4313.765,4318.265,4309.88,4310.215,2204,50,0
2026-06-18 04:45:00+00:00,4310.132,4317.491,4309.716,4315.638,2108,50,0
2026-06-18 05:00:00+00:00,4315.989,4318.551,4312.255,4316.166,2124,50,0
2026-06-18 05:15:00+00:00,4316.108,4323.107,4315.528,4323.054,2173,50,0
2026-06-18 05:30:00+00:00,4322.964,4325.002,4309.481,4310.672,3879,50,0
2026-06-18 05:45:00+00:00,4310.724,4311.793,4301.468,4307.997,4431,50,0
2026-06-18 06:00:00+00:00,4308.066,4310.092,4296.327,4299.077,4525,50,0
2026-06-18 06:15:00+00:00,4298.736,4305.371,4296.414,4304.993,3917,50,0
2026-06-18 06:30:00+00:00,4304.939,4305.614,4299.009,4301.61,3088,50,0
2026-06-18 06:45:00+00:00,4301.694,4307.727,4301.175,4306.422,3219,50,0
2026-06-18 07:00:00+00:00,4306.369,4309.157,4300.592,4307.29,3184,50,0
2026-06-18 07:15:00+00:00,4306.932,4309.485,4303.986,4307.618,2344,50,0
2026-06-18 07:30:00+00:00,4307.555,4307.56,4293.191,4297.61,3505,50,0
2026-06-18 07:45:00+00:00,4297.599,4298.779,4287.43,4288.804,2912,50,0
2026-06-18 08:00:00+00:00,4288.897,4292.897,4284.013,4287.264,3936,50,0
2026-06-18 08:15:00+00:00,4287.325,4289.938,4283.843,4285.096,2711,50,0
2026-06-18 08:30:00+00:00,4285.017,4289.872,4281.106,4281.894,3299,50,0
2026-06-18 08:45:00+00:00,4281.801,4281.896,4265.364,4266.866,4056,50,0
2026-06-18 09:00:00+00:00,4266.926,4269.263,4259.49,4267.633,4573,50,0
2026-06-18 09:15:00+00:00,4267.561,4273.096,4265.38,4266.523,2845,50,0
2026-06-18 09:30:00+00:00,4266.231,4268.822,4263.467,4268.432,3048,50,0
2026-06-18 09:45:00+00:00,4268.436,4273.362,4267.355,4268.716,2458,50,0
2026-06-18 10:00:00+00:00,4268.663,4270.072,4261.969,4268.111,3214,50,0
2026-06-18 10:15:00+00:00,4268.074,4272.934,4263.505,4269.395,3115,50,0
2026-06-18 10:30:00+00:00,4269.45,4270.754,4263.323,4264.397,2385,50,0
2026-06-18 10:45:00+00:00,4264.463,4266.527,4254.782,4255.714,2697,50,0
2026-06-18 11:00:00+00:00,4255.853,4255.927,4240.563,4247.282,4168,50,0
2026-06-18 11:15:00+00:00,4247.216,4249.818,4243.576,4248.988,3335,50,0
2026-06-18 11:30:00+00:00,4249.122,4250.366,4241.983,4243.559,3665,50,0
2026-06-18 11:45:00+00:00,4243.505,4245.99,4239.804,4242.163,3371,50,0
2026-06-18 12:00:00+00:00,4241.951,4258.195,4240.345,4256.24,4558,50,0
2026-06-18 12:15:00+00:00,4256.292,4269.257,4254.321,4255.285,5400,50,0
2026-06-18 12:30:00+00:00,4255.219,4258.529,4241.187,4243.356,5605,50,0
2026-06-18 12:45:00+00:00,4243.414,4248.164,4240.946,4246.574,4908,50,0
2026-06-18 13:00:00+00:00,4246.511,4259.337,4244.892,4259.208,4785,50,0
2026-06-18 13:15:00+00:00,4259.151,4263.465,4252.887,4263.409,4093,50,0
2026-06-18 13:30:00+00:00,4263.061,4276.876,4262.895,4264.54,9719,50,0
2026-06-18 13:45:00+00:00,4264.605,4265.607,4250.693,4256.528,7961,50,0
2026-06-18 14:00:00+00:00,4256.588,4257.981,4238.586,4241.529,9145,50,0
2026-06-18 14:15:00+00:00,4241.617,4255.939,4236.984,4244.43,7454,50,0
2026-06-18 14:30:00+00:00,4244.495,4252.501,4241.418,4244.696,6945,50,0
2026-06-18 14:45:00+00:00,4244.785,4254.473,4240.156,4252.582,5257,50,0
2026-06-18 15:00:00+00:00,4252.645,4254.99,4246.393,4246.883,5348,50,0
2026-06-18 15:15:00+00:00,4246.947,4249.599,4234.311,4235.922,5653,50,0
2026-06-18 15:30:00+00:00,4235.871,4236.892,4223.959,4231.997,6549,50,0
2026-06-18 15:45:00+00:00,4231.927,4232.02,4223.065,4226.607,4214,50,0
2026-06-18 16:00:00+00:00,4226.729,4233.506,4225.837,4227.595,4375,50,0
2026-06-18 16:15:00+00:00,4227.648,4228.795,4221.876,4225.193,3864,50,0
2026-06-18 16:30:00+00:00,4225.197,4229.429,4214.826,4221.895,4963,50,0
2026-06-18 16:45:00+00:00,4222.152,4222.519,4213.958,4219.344,4277,50,0
2026-06-18 17:00:00+00:00,4219.4,4228.738,4218.549,4227.803,3170,50,0
2026-06-18 17:15:00+00:00,4227.75,4231.826,4225.628,4226.291,3544,50,0
2026-06-18 17:30:00+00:00,4226.361,4230.422,4222.397,4229.742,2959,50,0
2026-06-18 17:45:00+00:00,4229.811,4233.168,4227.284,4230.399,2077,50,0
2026-06-18 18:00:00+00:00,4230.614,4233.168,4227.46,4228.458,2209,50,0
2026-06-18 18:15:00+00:00,4228.255,4230.005,4225.554,4226.517,2420,50,0
2026-06-18 18:30:00+00:00,4226.192,4226.192,4220.373,4224.77,2348,50,0
2026-06-18 18:45:00+00:00,4224.71,4225.407,4218.146,4218.569,2180,50,0
2026-06-18 19:00:00+00:00,4218.634,4219.223,4203.875,4207.599,4109,50,0
2026-06-18 19:15:00+00:00,4207.649,4208.852,4201.893,4205.232,3518,50,0
2026-06-18 19:30:00+00:00,4205.225,4214.547,4201.369,4213.985,3438,50,0
2026-06-18 19:45:00+00:00,4214.204,4218.757,4213.241,4216.883,3140,50,0
2026-06-18 20:00:00+00:00,4216.936,4218.071,4214.98,4217.175,1639,50,0
2026-06-18 20:15:00+00:00,4217.405,4219.745,4214.992,4218.932,1105,50,0
2026-06-18 20:30:00+00:00,4219.026,4219.04,4213.038,4213.196,1318,50,0
2026-06-18 20:45:00+00:00,4213.223,4213.709,4207.841,4208.321,1142,50,0
2026-06-18 22:00:00+00:00,4208.952,4213.438,4203.185,4208.409,816,100,0
2026-06-18 22:15:00+00:00,4208.031,4210.307,4202.901,4204.301,1121,50,0
2026-06-18 22:30:00+00:00,4204.22,4205.951,4203.272,4204.916,1162,50,0
2026-06-18 22:45:00+00:00,4205.158,4210.804,4204.424,4207.694,1137,50,0
2026-06-18 23:00:00+00:00,4207.689,4208.558,4194.264,4196.011,2079,50,0
2026-06-18 23:15:00+00:00,4195.973,4199.544,4193.762,4197.226,1633,50,0
2026-06-18 23:30:00+00:00,4197.226,4199.382,4194.174,4194.28,1573,50,0
2026-06-18 23:45:00+00:00,4194.527,4194.527,4186.878,4188.664,2475,50,0
2026-06-19 00:00:00+00:00,4188.6,4198.162,4184.392,4185.737,5012,50,0
2026-06-19 00:15:00+00:00,4185.587,4188.898,4184.279,4185.302,2874,50,0
2026-06-19 00:30:00+00:00,4185.203,4191.562,4184.633,4188.743,2469,50,0
2026-06-19 00:45:00+00:00,4188.686,4192.557,4187.766,4190.561,2128,50,0
2026-06-19 01:00:00+00:00,4190.616,4194.701,4184.374,4186.395,3171,50,0
2026-06-19 01:15:00+00:00,4186.446,4191.752,4183.86,4190.811,2160,50,0
2026-06-19 01:30:00+00:00,4190.979,4190.979,4184.701,4185.884,2314,50,0
2026-06-19 01:45:00+00:00,4185.822,4187.544,4184.034,4184.855,1761,50,0
2026-06-19 02:00:00+00:00,4184.803,4186.362,4178.568,4180.067,3238,50,0
2026-06-19 02:15:00+00:00,4180.122,4180.32,4175.104,4179.405,2565,50,0
2026-06-19 02:30:00+00:00,4179.585,4183.678,4176.973,4179.859,1882,50,0
2026-06-19 02:45:00+00:00,4179.955,4180.907,4171.859,4176.535,2222,50,0
2026-06-19 03:00:00+00:00,4176.527,4177.187,4165.975,4166.253,2826,50,0
2026-06-19 03:15:00+00:00,4166.065,4170.857,4165.207,4167.598,2692,50,0
2026-06-19 03:30:00+00:00,4167.662,4168.05,4158.124,4162.184,3303,50,0
2026-06-19 03:45:00+00:00,4162.3,4162.407,4145.751,4153.364,3111,50,0
2026-06-19 04:00:00+00:00,4153.419,4155.409,4143.046,4145.667,4245,50,0
2026-06-19 04:15:00+00:00,4145.363,4150.006,4141.386,4146.47,3221,50,0
2026-06-19 04:30:00+00:00,4146.566,4147.574,4133.348,4135.552,3622,50,0
2026-06-19 04:45:00+00:00,4135.555,4136.994,4125.093,4126.04,3851,50,0
2026-06-19 05:00:00+00:00,4125.989,4131.696,4121.718,4130.345,4353,50,0
2026-06-19 05:15:00+00:00,4130.356,4134.781,4125.684,4133.611,3415,50,0
2026-06-19 05:30:00+00:00,4133.554,4139.346,4130.632,4135.162,3523,50,0
2026-06-19 05:45:00+00:00,4134.901,4141.783,4132.859,4139.627,2721,50,0
2026-06-19 06:00:00+00:00,4139.678,4148.187,4133.638,4147.121,4003,50,0
2026-06-19 06:15:00+00:00,4147.068,4147.495,4139.323,4141.86,3666,50,0
2026-06-19 06:30:00+00:00,4142.128,4145.516,4133.057,4136.038,3651,50,0
2026-06-19 06:45:00+00:00,4136.107,4150.681,4134.675,4147.866,3348,50,0
2026-06-19 07:00:00+00:00,4147.536,4159.932,4147.536,4157.171,3662,50,0
2026-06-19 07:15:00+00:00,4157.115,4160.32,4152.017,4152.451,3095,50,0
2026-06-19 07:30:00+00:00,4152.505,4157.59,4151.092,4154.127,2865,50,0
2026-06-19 07:45:00+00:00,4154.183,4163.378,4151.77,4158.198,2675,50,0
2026-06-19 08:00:00+00:00,4157.983,4167.385,4155.206,4165.661,3764,50,0
2026-06-19 08:15:00+00:00,4165.605,4177.97,4165.247,4176.055,3632,50,0
2026-06-19 08:30:00+00:00,4176.236,4178.737,4166.746,4169.18,2884,50,0
2026-06-19 08:45:00+00:00,4168.851,4169.625,4164.765,4169.035,2329,50,0
2026-06-19 09:00:00+00:00,4169.197,4171.074,4163.61,4163.926,2699,50,0
2026-06-19 09:15:00+00:00,4163.979,4168.446,4162.0,4162.67,2436,50,0
2026-06-19 09:30:00+00:00,4162.723,4166.201,4162.529,4162.529,2255,50,0
2026-06-19 09:45:00+00:00,4162.854,4167.509,4160.959,4163.082,1991,50,0
2026-06-19 10:00:00+00:00,4163.136,4163.242,4153.165,4155.574,2772,50,0
2026-06-19 10:15:00+00:00,4155.518,4158.338,4152.918,4153.745,2394,50,0
2026-06-19 10:30:00+00:00,4153.998,4155.404,4150.276,4151.137,2480,50,0
2026-06-19 10:45:00+00:00,4151.082,4154.535,4148.066,4149.784,2814,50,0
2026-06-19 11:00:00+00:00,4150.021,4150.426,4142.498,4147.033,3548,50,0
2026-06-19 11:15:00+00:00,4147.024,4149.105,4143.303,4144.467,2514,50,0
2026-06-19 11:30:00+00:00,4144.389,4150.694,4141.84,4149.954,2582,50,0
2026-06-19 11:45:00+00:00,4150.176,4155.153,4148.707,4152.54,2318,50,0
2026-06-19 12:00:00+00:00,4152.568,4160.532,4152.314,4155.967,2714,50,0
2026-06-19 12:15:00+00:00,4156.055,4156.339,4151.171,4151.648,2476,50,0
2026-06-19 12:30:00+00:00,4151.596,4154.832,4148.307,4152.376,3141,50,0
2026-06-19 12:45:00+00:00,4152.202,4180.251,4147.184,4179.031,8403,50,0
2026-06-19 13:00:00+00:00,4178.974,4183.145,4164.671,4170.097,7043,50,0
2026-06-19 13:15:00+00:00,4169.885,4172.11,4161.857,4164.061,3745,50,0
2026-06-19 13:30:00+00:00,4164.234,4168.283,4157.85,4158.728,4081,50,0
2026-06-19 13:45:00+00:00,4158.675,4161.091,4150.576,4151.609,3852,50,0
2026-06-19 14:00:00+00:00,4151.275,4154.741,4147.782,4149.255,3948,50,0
2026-06-19 14:15:00+00:00,4149.198,4150.265,4143.749,4149.417,3103,50,0
2026-06-19 14:30:00+00:00,4149.389,4150.779,4143.138,4144.698,3113,50,0
2026-06-19 14:45:00+00:00,4144.533,4151.484,4142.595,4149.189,3039,50,0
2026-06-19 15:00:00+00:00,4149.252,4153.474,4148.088,4151.33,2935,50,0
2026-06-19 15:15:00+00:00,4151.278,4154.17,4149.739,4151.256,1907,50,0
2026-06-19 15:30:00+00:00,4151.308,4152.978,4147.572,4147.936,2067,50,0
2026-06-19 15:45:00+00:00,4147.986,4153.679,4147.986,4151.112,1524,50,0
2026-06-19 16:00:00+00:00,4151.019,4151.079,4144.54,4145.467,1708,50,0
2026-06-19 16:15:00+00:00,4145.522,4149.023,4144.38,4147.283,1333,50,0
2026-06-19 16:30:00+00:00,4147.288,4153.729,4147.018,4151.633,1667,50,0
2026-06-19 16:45:00+00:00,4151.719,4157.946,4151.257,4155.531,2320,50,0
2026-06-21 22:00:00+00:00,4153.548,4159.79,4148.429,4151.264,2345,60,0
2026-06-21 22:15:00+00:00,4151.357,4154.816,4147.914,4152.114,2070,50,0
2026-06-21 22:30:00+00:00,4152.167,4155.241,4150.215,4153.9,1483,50,0
2026-06-21 22:45:00+00:00,4153.844,4157.116,4152.468,4156.421,1163,50,0
2026-06-21 23:00:00+00:00,4156.189,4164.886,4155.45,4158.65,1872,50,0
2026-06-21 23:15:00+00:00,4158.67,4159.185,4153.761,4156.777,2060,50,0
2026-06-21 23:30:00+00:00,4156.812,4157.076,4141.88,4145.876,2769,50,0
2026-06-21 23:45:00+00:00,4145.822,4147.096,4136.552,4140.339,3561,50,0
2026-06-22 00:00:00+00:00,4140.392,4162.776,4140.007,4160.907,7350,50,0
2026-06-22 00:15:00+00:00,4160.963,4170.718,4160.817,4167.341,5246,50,0
2026-06-22 00:30:00+00:00,4167.534,4176.387,4165.728,4175.634,3544,50,0
2026-06-22 00:45:00+00:00,4175.694,4201.102,4175.439,4200.754,5559,50,0
2026-06-22 01:00:00+00:00,4201.111,4221.155,4200.935,4211.586,15544,50,0
2026-06-22 01:15:00+00:00,4211.957,4214.98,4205.204,4207.547,7654,50,0
2026-06-22 01:30:00+00:00,4207.494,4207.508,4194.968,4201.065,6759,50,0
2026-06-22 01:45:00+00:00,4201.011,4202.031,4189.641,4191.16,5009,50,0
2026-06-22 02:00:00+00:00,4191.212,4195.179,4183.549,4184.427,5186,50,0
2026-06-22 02:15:00+00:00,4184.385,4190.42,4183.574,4189.09,2935,50,0
2026-06-22 02:30:00+00:00,4188.744,4200.284,4187.11,4191.959,4796,50,0
2026-06-22 02:45:00+00:00,4191.925,4192.462,4187.539,4188.632,3390,50,0
2026-06-22 03:00:00+00:00,4188.581,4190.059,4178.479,4178.479,3706,50,0
2026-06-22 03:15:00+00:00,4178.666,4181.225,4173.644,4179.975,3576,50,0
2026-06-22 03:30:00+00:00,4180.047,4180.992,4175.116,4175.839,1945,50,0
2026-06-22 03:45:00+00:00,4175.857,4178.971,4170.898,4171.749,2080,50,0
2026-06-22 04:00:00+00:00,4171.822,4178.421,4170.751,4176.532,2126,50,0
2026-06-22 04:15:00+00:00,4176.313,4178.998,4174.372,4176.302,1889,50,0
2026-06-22 04:30:00+00:00,4176.608,4179.055,4174.665,4176.682,1975,50,0
2026-06-22 04:45:00+00:00,4176.792,4182.155,4176.139,4181.834,1938,50,0
2026-06-22 05:00:00+00:00,4181.663,4186.457,4179.367,4185.527,2403,50,0
2026-06-22 05:15:00+00:00,4185.419,4194.433,4184.488,4194.166,2550,50,0
2026-06-22 05:30:00+00:00,4194.015,4198.535,4189.467,4193.093,5268,50,0
2026-06-22 05:45:00+00:00,4193.152,4197.14,4190.158,4193.947,3197,50,0
2026-06-22 06:00:00+00:00,4194.019,4198.635,4191.218,4194.748,4044,50,0
2026-06-22 06:15:00+00:00,4194.416,4200.87,4193.983,4196.819,3666,50,0
2026-06-22 06:30:00+00:00,4196.747,4202.651,4194.872,4202.145,2917,50,0
2026-06-22 06:45:00+00:00,4202.546,4207.543,4197.247,4197.645,3142,50,0
2026-06-22 07:00:00+00:00,4197.851,4201.41,4197.187,4199.461,3196,50,0
2026-06-22 07:15:00+00:00,4199.512,4201.862,4196.919,4197.511,2283,50,0
2026-06-22 07:30:00+00:00,4197.836,4199.772,4192.594,4194.265,2543,50,0
2026-06-22 07:45:00+00:00,4194.561,4196.231,4188.757,4190.3,2273,50,0
2026-06-22 08:00:00+00:00,4190.507,4194.648,4188.762,4190.194,2897,50,0
2026-06-22 08:15:00+00:00,4190.1,4195.174,4189.34,4191.97,2792,50,0
2026-06-22 08:30:00+00:00,4191.872,4194.165,4189.091,4193.485,2351,50,0
2026-06-22 08:45:00+00:00,4193.423,4197.977,4192.198,4197.308,2119,50,0
2026-06-22 09:00:00+00:00,4197.241,4209.63,4195.97,4205.155,3237,50,0
2026-06-22 09:15:00+00:00,4205.212,4209.385,4203.012,4204.066,2403,50,0
2026-06-22 09:30:00+00:00,4204.271,4210.308,4201.398,4207.079,2885,50,0
2026-06-22 09:45:00+00:00,4207.157,4210.287,4204.397,4208.418,1887,50,0
2026-06-22 10:00:00+00:00,4208.472,4214.381,4207.891,4212.888,2414,50,0
2026-06-22 10:15:00+00:00,4213.036,4214.306,4208.085,4210.225,2095,50,0
2026-06-22 10:30:00+00:00,4209.956,4211.89,4208.101,4208.8,1670,50,0
2026-06-22 10:45:00+00:00,4208.779,4209.595,4203.605,4204.612,1729,50,0
2026-06-22 11:00:00+00:00,4204.682,4215.422,4204.539,4208.23,4406,50,0
2026-06-22 11:15:00+00:00,4207.9,4209.78,4203.345,4204.219,1906,50,0
2026-06-22 11:30:00+00:00,4204.163,4208.38,4202.313,4206.537,2107,50,0
2026-06-22 11:45:00+00:00,4206.517,4207.794,4201.436,4207.606,2139,50,0
2026-06-22 12:00:00+00:00,4207.427,4211.272,4205.264,4207.573,2812,50,0
2026-06-22 12:15:00+00:00,4207.514,4211.857,4206.107,4208.505,2896,50,0
2026-06-22 12:30:00+00:00,4208.704,4208.927,4200.846,4203.821,2660,50,0
2026-06-22 12:45:00+00:00,4204.145,4205.006,4192.409,4193.562,2790,50,0
2026-06-22 13:00:00+00:00,4193.62,4197.177,4188.722,4194.296,6922,50,0
2026-06-22 13:15:00+00:00,4194.242,4196.986,4185.465,4187.156,3983,50,0
2026-06-22 13:30:00+00:00,4187.107,4194.627,4182.929,4191.185,6958,50,0
2026-06-22 13:45:00+00:00,4190.963,4206.007,4187.575,4200.066,6653,50,0
2026-06-22 14:00:00+00:00,4200.122,4210.981,4193.9,4205.413,6400,50,0
2026-06-22 14:15:00+00:00,4205.45,4206.404,4191.037,4192.116,6065,50,0
2026-06-22 14:30:00+00:00,4192.048,4197.754,4186.462,4193.253,6272,50,0
2026-06-22 14:45:00+00:00,4193.304,4206.321,4193.007,4198.215,6296,50,0
2026-06-22 15:00:00+00:00,4198.548,4201.43,4194.794,4198.038,4632,50,0
2026-06-22 15:15:00+00:00,4197.717,4198.144,4188.334,4188.965,4831,50,0
2026-06-22 15:30:00+00:00,4189.041,4190.529,4180.36,4181.189,4375,50,0
2026-06-22 15:45:00+00:00,4181.246,4185.0,4169.738,4183.065,5082,50,0
2026-06-22 16:00:00+00:00,4182.742,4185.089,4174.435,4177.541,4171,50,0
2026-06-22 16:15:00+00:00,4177.411,4183.012,4176.103,4182.586,3042,50,0
2026-06-22 16:30:00+00:00,4182.526,4186.489,4181.29,4182.103,2382,50,0
2026-06-22 16:45:00+00:00,4182.042,4192.874,4180.781,4189.838,2290,50,0
2026-06-22 17:00:00+00:00,4189.94,4191.38,4186.164,4186.948,2256,50,0
2026-06-22 17:15:00+00:00,4186.892,4191.704,4183.389,4184.035,2648,50,0
2026-06-22 17:30:00+00:00,4184.095,4185.091,4177.132,4181.452,2806,50,0
2026-06-22 17:45:00+00:00,4181.783,4183.899,4180.017,4183.374,1784,50,0
2026-06-22 18:00:00+00:00,4183.452,4186.363,4182.448,4183.976,1803,50,0
2026-06-22 18:15:00+00:00,4183.928,4189.961,4183.928,4188.032,1883,50,0
2026-06-22 18:30:00+00:00,4188.09,4190.019,4186.066,4189.764,1633,50,0
2026-06-22 18:45:00+00:00,4189.802,4192.948,4189.586,4191.251,1758,50,0
2026-06-22 19:00:00+00:00,4191.539,4193.475,4190.914,4191.306,1585,50,0
2026-06-22 19:15:00+00:00,4191.481,4191.982,4187.496,4187.649,1703,50,0
2026-06-22 19:30:00+00:00,4187.702,4190.451,4184.544,4184.711,1800,50,0
2026-06-22 19:45:00+00:00,4184.763,4191.771,4184.161,4190.601,2213,50,0
2026-06-22 20:00:00+00:00,4190.549,4193.777,4190.063,4190.806,1219,50,0
2026-06-22 20:15:00+00:00,4190.81,4191.785,4188.709,4190.306,852,50,0
2026-06-22 20:30:00+00:00,4190.348,4193.818,4189.466,4193.005,918,50,0
2026-06-22 20:45:00+00:00,4193.018,4193.518,4190.846,4192.443,835,50,0
2026-06-22 22:00:00+00:00,4192.41,4194.55,4191.398,4192.715,750,60,0
2026-06-22 22:15:00+00:00,4192.537,4193.388,4191.328,4192.859,564,50,0
2026-06-22 22:30:00+00:00,4192.857,4194.734,4189.459,4189.96,1167,50,0
2026-06-22 22:45:00+00:00,4190.233,4190.912,4188.404,4190.077,956,50,0
2026-06-22 23:00:00+00:00,4189.862,4192.968,4189.497,4190.837,991,50,0
2026-06-22 23:15:00+00:00,4191.143,4192.02,4190.154,4190.976,795,50,0
2026-06-22 23:30:00+00:00,4191.197,4195.492,4190.708,4194.915,874,50,0
2026-06-22 23:45:00+00:00,4194.885,4195.038,4186.716,4187.787,1578,50,0
2026-06-23 00:00:00+00:00,4187.73,4192.461,4178.331,4179.004,3583,50,0
2026-06-23 00:15:00+00:00,4179.054,4185.965,4178.773,4183.767,3225,50,0
2026-06-23 00:30:00+00:00,4183.893,4193.652,4182.17,4192.657,3269,50,0
2026-06-23 00:45:00+00:00,4192.992,4194.892,4190.164,4193.283,4365,50,0
2026-06-23 01:00:00+00:00,4193.5,4198.781,4185.061,4185.294,6071,50,0
2026-06-23 01:15:00+00:00,4185.491,4186.049,4170.931,4178.496,5870,50,0
2026-06-23 01:30:00+00:00,4178.388,4178.957,4153.757,4154.321,7049,50,0
2026-06-23 01:45:00+00:00,4154.376,4162.892,4150.151,4161.315,5935,50,0
2026-06-23 02:00:00+00:00,4161.253,4163.131,4148.876,4153.486,5062,50,0
2026-06-23 02:15:00+00:00,4153.749,4163.566,4153.365,4161.822,2664,50,0
2026-06-23 02:30:00+00:00,4161.882,4162.53,4152.23,4155.184,3937,50,0
2026-06-23 02:45:00+00:00,4155.02,4157.05,4146.634,4147.126,3809,50,0
2026-06-23 03:00:00+00:00,4147.181,4149.784,4138.674,4141.972,4808,50,0
2026-06-23 03:15:00+00:00,4142.195,4144.006,4130.866,4140.67,4418,50,0
2026-06-23 03:30:00+00:00,4140.617,4141.343,4133.755,4138.833,3288,50,0
2026-06-23 03:45:00+00:00,4138.78,4145.129,4136.551,4144.007,2339,50,0
2026-06-23 04:00:00+00:00,4144.057,4147.104,4141.882,4143.48,1914,50,0
2026-06-23 04:15:00+00:00,4143.31,4143.39,4137.196,4139.896,2136,50,0
2026-06-23 04:30:00+00:00,4139.838,4140.498,4135.255,4138.987,2559,50,0
2026-06-23 04:45:00+00:00,4138.727,4140.416,4114.917,4118.371,3475,50,0
2026-06-23 05:00:00+00:00,4118.417,4137.506,4115.396,4130.049,4832,50,0
2026-06-23 05:15:00+00:00,4129.995,4130.742,4123.583,4125.085,2907,50,0
2026-06-23 05:30:00+00:00,4125.149,4133.675,4117.124,4127.678,8289,50,0
2026-06-23 05:45:00+00:00,4127.616,4127.942,4116.881,4121.214,5343,50,0
2026-06-23 06:00:00+00:00,4121.291,4126.91,4111.078,4122.469,6495,50,0
2026-06-23 06:15:00+00:00,4122.522,4126.956,4114.472,4116.592,4809,50,0
2026-06-23 06:30:00+00:00,4116.533,4121.145,4110.942,4113.411,5222,50,0
2026-06-23 06:45:00+00:00,4113.737,4120.455,4110.286,4114.512,4498,50,0
2026-06-23 07:00:00+00:00,4114.456,4124.703,4110.339,4115.892,5305,50,0
2026-06-23 07:15:00+00:00,4115.947,4122.856,4113.658,4118.228,2926,50,0
2026-06-23 07:30:00+00:00,4118.326,4119.401,4103.819,4105.204,4284,50,0
2026-06-23 07:45:00+00:00,4105.268,4108.153,4096.568,4099.006,4327,50,0
2026-06-23 08:00:00+00:00,4098.966,4100.26,4090.732,4094.268,5140,50,0
2026-06-23 08:15:00+00:00,4094.216,4100.01,4092.584,4098.397,4083,50,0
2026-06-23 08:30:00+00:00,4098.068,4110.964,4096.974,4109.416,3762,50,0
2026-06-23 08:45:00+00:00,4109.474,4109.535,4102.076,4105.288,3326,50,0
2026-06-23 09:00:00+00:00,4105.238,4113.819,4104.169,4111.272,3294,50,0
2026-06-23 09:15:00+00:00,4111.052,4117.167,4108.868,4112.896,3129,50,0
2026-06-23 09:30:00+00:00,4112.846,4120.111,4112.32,4117.064,2822,50,0
2026-06-23 09:45:00+00:00,4117.118,4122.257,4115.244,4122.2,2435,50,0
2026-06-23 10:00:00+00:00,4122.53,4133.345,4122.526,4129.782,3441,50,0
2026-06-23 10:15:00+00:00,4130.039,4133.302,4126.7,4130.198,2945,50,0
2026-06-23 10:30:00+00:00,4130.21,4132.286,4124.52,4126.764,3201,50,0
2026-06-23 10:45:00+00:00,4126.705,4126.705,4119.641,4119.924,3034,50,0
2026-06-23 11:00:00+00:00,4119.869,4129.996,4117.511,4129.161,3379,50,0
2026-06-23 11:15:00+00:00,4129.076,4132.04,4124.585,4127.269,4113,50,0
2026-06-23 11:30:00+00:00,4127.159,4128.983,4118.638,4121.402,3658,50,0
2026-06-23 11:45:00+00:00,4121.074,4126.163,4118.341,4123.221,3840,50,0
2026-06-23 12:00:00+00:00,4123.444,4127.46,4112.825,4114.031,3950,50,0
2026-06-23 12:15:00+00:00,4113.834,4120.035,4111.839,4115.018,4488,50,0
2026-06-23 12:30:00+00:00,4115.074,4122.701,4114.401,4117.812,3893,50,0
2026-06-23 12:45:00+00:00,4118.056,4121.785,4112.355,4113.446,3720,50,0
2026-06-23 13:00:00+00:00,4113.393,4119.557,4108.056,4113.649,6108,50,0
2026-06-23 13:15:00+00:00,4113.599,4119.248,4105.36,4115.842,4842,50,0
2026-06-23 13:30:00+00:00,4116.167,4128.974,4109.974,4126.424,10574,50,0
2026-06-23 13:45:00+00:00,4126.689,4140.617,4124.597,4135.528,7858,50,0
2026-06-23 14:00:00+00:00,4135.467,4145.035,4133.027,4137.519,8676,50,0
2026-06-23 14:15:00+00:00,4137.466,4143.13,4128.725,4132.597,7701,50,0
2026-06-23 14:30:00+00:00,4132.542,4133.17,4122.756,4126.474,7060,50,0
2026-06-23 14:45:00+00:00,4126.15,4130.564,4123.97,4130.113,5922,50,0
2026-06-23 15:00:00+00:00,4130.287,4135.64,4123.502,4128.053,6228,50,0
2026-06-23 15:15:00+00:00,4128.103,4130.569,4123.775,4127.078,3946,50,0
2026-06-23 15:30:00+00:00,4127.129,4141.588,4126.56,4138.693,5272,50,0
2026-06-23 15:45:00+00:00,4138.749,4139.91,4133.832,4138.558,3049,50,0
2026-06-23 16:00:00+00:00,4138.607,4140.005,4133.694,4135.209,2508,50,0
2026-06-23 16:15:00+00:00,4135.29,4138.468,4132.903,4136.329,2509,50,0
2026-06-23 16:30:00+00:00,4136.537,4143.902,4134.975,4143.28,2423,50,0
2026-06-23 16:45:00+00:00,4143.331,4144.042,4131.52,4134.549,2636,50,0
2026-06-23 17:00:00+00:00,4134.482,4139.904,4130.005,4138.393,3164,50,0
2026-06-23 17:15:00+00:00,4138.469,4138.678,4130.186,4131.253,3075,50,0
2026-06-23 17:30:00+00:00,4131.31,4132.51,4127.69,4131.935,2612,50,0
2026-06-23 17:45:00+00:00,4131.986,4133.24,4127.746,4128.187,2289,50,0
2026-06-23 18:00:00+00:00,4127.967,4130.92,4123.901,4124.547,2173,50,0
2026-06-23 18:15:00+00:00,4124.492,4125.725,4120.577,4121.261,2061,50,0
2026-06-23 18:30:00+00:00,4121.201,4122.912,4115.986,4115.986,1935,50,0
2026-06-23 18:45:00+00:00,4116.308,4118.162,4112.812,4117.704,2682,50,0
2026-06-23 19:00:00+00:00,4117.755,4126.215,4116.824,4121.386,3069,50,0
2026-06-23 19:15:00+00:00,4121.553,4122.617,4117.611,4121.746,2625,50,0
2026-06-23 19:30:00+00:00,4121.791,4124.414,4120.644,4121.184,2396,50,0
2026-06-23 19:45:00+00:00,4121.155,4121.266,4111.585,4112.007,3238,50,0
2026-06-23 20:00:00+00:00,4111.875,4113.106,4108.653,4110.302,1916,50,0
2026-06-23 20:15:00+00:00,4110.27,4111.432,4107.429,4111.056,1518,50,0
2026-06-23 20:30:00+00:00,4111.118,4111.806,4109.076,4110.86,1119,50,0
2026-06-23 20:45:00+00:00,4110.847,4111.49,4108.7,4109.95,1020,50,0
2026-06-23 22:00:00+00:00,4112.38,4114.299,4110.913,4113.831,919,50,0
2026-06-23 22:15:00+00:00,4113.775,4115.235,4104.59,4106.138,2107,50,0
2026-06-23 22:30:00+00:00,4105.953,4108.513,4096.934,4104.249,2623,50,0
2026-06-23 22:45:00+00:00,4104.186,4109.244,4103.723,4104.502,1985,50,0
2026-06-23 23:00:00+00:00,4104.257,4104.552,4095.16,4099.87,2357,50,0
2026-06-23 23:15:00+00:00,4099.651,4100.849,4097.37,4097.787,1426,50,0
2026-06-23 23:30:00+00:00,4097.751,4098.348,4080.854,4086.359,3664,50,0
2026-06-23 23:45:00+00:00,4086.412,4100.525,4086.019,4099.153,3487,50,0
2026-06-24 00:00:00+00:00,4099.091,4112.037,4094.566,4107.503,7926,50,0
2026-06-24 00:15:00+00:00,4107.435,4109.823,4093.732,4099.709,5578,50,0
2026-06-24 00:30:00+00:00,4099.783,4100.541,4093.756,4095.321,4161,50,0
2026-06-24 00:45:00+00:00,4095.435,4100.112,4094.508,4097.173,4640,50,0
2026-06-24 01:00:00+00:00,4097.23,4098.197,4068.289,4089.589,14110,50,0
2026-06-24 01:15:00+00:00,4089.752,4101.107,4083.741,4098.476,8766,50,0
2026-06-24 01:30:00+00:00,4098.346,4102.361,4091.924,4092.772,8643,50,0
2026-06-24 01:45:00+00:00,4092.825,4093.313,4082.392,4089.07,6339,50,0
2026-06-24 02:00:00+00:00,4089.279,4096.17,4079.782,4080.269,5748,50,0
2026-06-24 02:15:00+00:00,4080.209,4081.283,4071.397,4073.805,4125,50,0
2026-06-24 02:30:00+00:00,4073.594,4076.757,4052.064,4057.362,7479,50,0
2026-06-24 02:45:00+00:00,4057.284,4069.554,4055.022,4061.357,5397,50,0
2026-06-24 03:00:00+00:00,4061.304,4065.641,4052.679,4057.819,5806,50,0
2026-06-24 03:15:00+00:00,4057.935,4059.104,4050.312,4056.495,5623,50,0
2026-06-24 03:30:00+00:00,4056.737,4069.971,4055.578,4068.845,5134,50,0
2026-06-24 03:45:00+00:00,4068.901,4070.809,4061.95,4062.916,3227,50,0
2026-06-24 04:00:00+00:00,4062.977,4064.129,4055.85,4058.827,3792,50,0
2026-06-24 04:15:00+00:00,4058.775,4067.259,4055.043,4063.443,3806,50,0
2026-06-24 04:30:00+00:00,4063.463,4066.835,4062.637,4063.856,2956,50,0
2026-06-24 04:45:00+00:00,4063.856,4067.107,4061.901,4064.674,2620,50,0
2026-06-24 05:00:00+00:00,4064.618,4070.203,4061.031,4067.662,3520,50,0
2026-06-24 05:15:00+00:00,4067.608,4074.524,4065.583,4073.421,3594,50,0
2026-06-24 05:30:00+00:00,4073.368,4086.377,4072.305,4077.177,5661,50,0
2026-06-24 05:45:00+00:00,4077.021,4080.169,4071.322,4075.863,3903,50,0
2026-06-24 06:00:00+00:00,4076.048,4097.404,4075.821,4096.213,6851,50,0
2026-06-24 06:15:00+00:00,4096.267,4097.705,4083.362,4087.533,5360,50,0
2026-06-24 06:30:00+00:00,4087.483,4093.892,4084.716,4092.013,4121,50,0
2026-06-24 06:45:00+00:00,4092.102,4094.684,4084.419,4087.01,3788,50,0
2026-06-24 07:00:00+00:00,4086.944,4090.888,4085.273,4086.343,3633,50,0
2026-06-24 07:15:00+00:00,4086.355,4087.802,4083.438,4084.343,2705,50,0
2026-06-24 07:30:00+00:00,4084.234,4085.292,4076.063,4082.337,3597,50,0
2026-06-24 07:45:00+00:00,4082.301,4086.274,4073.674,4074.813,2983,50,0
2026-06-24 08:00:00+00:00,4074.912,4078.103,4073.125,4074.223,3351,50,0
2026-06-24 08:15:00+00:00,4073.892,4080.848,4073.394,4080.547,3420,50,0
2026-06-24 08:30:00+00:00,4080.661,4087.685,4079.123,4083.314,3578,50,0
2026-06-24 08:45:00+00:00,4082.979,4083.457,4075.582,4076.434,2711,50,0
2026-06-24 09:00:00+00:00,4076.372,4078.606,4069.916,4076.505,3222,50,0
2026-06-24 09:15:00+00:00,4076.453,4079.147,4068.404,4069.579,2701,50,0
2026-06-24 09:30:00+00:00,4069.522,4072.56,4065.612,4068.564,2866,50,0
2026-06-24 09:45:00+00:00,4068.506,4071.057,4064.043,4064.74,2610,50,0
2026-06-24 10:00:00+00:00,4064.789,4066.423,4058.981,4061.327,3017,50,0
2026-06-24 10:15:00+00:00,4061.267,4061.267,4055.151,4060.769,3260,50,0
2026-06-24 10:30:00+00:00,4060.82,4067.048,4056.838,4064.881,3088,50,0
2026-06-24 10:45:00+00:00,4065.219,4066.021,4054.384,4055.749,2764,50,0
2026-06-24 11:00:00+00:00,4055.813,4058.569,4044.8,4046.021,4263,50,0
2026-06-24 11:15:00+00:00,4046.077,4047.123,4037.681,4044.46,8595,0,0
2026-06-24 11:30:00+00:00,4044.181,4051.766,4043.579,4046.244,12977,0,0
2026-06-24 11:45:00+00:00,4046.017,4056.227,4039.274,4046.919,18165,0,0
2026-06-24 12:00:00+00:00,4046.885,4049.008,4035.208,4038.359,14868,0,0
2026-06-24 12:15:00+00:00,4038.307,4042.227,4006.476,4015.291,26778,0,0
2026-06-24 12:30:00+00:00,4015.405,4020.932,4007.173,4013.519,19257,0,0
2026-06-24 12:45:00+00:00,4013.57,4017.791,3987.445,3987.945,24664,0,0
2026-06-24 13:00:00+00:00,3988.053,3995.695,3966.72,3971.655,51766,0,0
2026-06-24 13:15:00+00:00,3971.703,3977.421,3964.491,3975.696,31348,0,0
2026-06-24 13:30:00+00:00,3975.63,4018.254,3973.976,4015.409,41406,0,0
2026-06-24 13:45:00+00:00,4015.278,4042.28,4009.272,4038.338,39404,0,0
2026-06-24 14:00:00+00:00,4038.232,4041.249,4019.036,4019.916,27350,0,0
2026-06-24 14:15:00+00:00,4019.921,4028.165,4014.269,4023.74,11318,0,0
2026-06-24 14:30:00+00:00,4023.801,4034.606,4011.023,4015.736,8507,50,0
2026-06-24 14:45:00+00:00,4015.69,4015.888,4002.983,4007.924,7564,50,0
2026-06-24 15:00:00+00:00,4008.234,4010.23,3997.279,4001.889,13506,0,0
2026-06-24 15:15:00+00:00,4002.022,4015.051,3999.733,4014.934,17050,0,0
2026-06-24 15:30:00+00:00,4014.896,4015.586,4001.356,4005.917,14432,0,0
2026-06-24 15:45:00+00:00,4006.015,4017.105,3999.968,4002.477,15616,0,0
2026-06-24 16:00:00+00:00,4002.676,4006.737,3995.553,4002.922,16745,0,0
2026-06-24 16:15:00+00:00,4002.949,4017.204,4001.536,4016.098,13514,0,0
2026-06-24 16:30:00+00:00,4016.138,4022.366,4009.619,4011.476,13857,0,0
2026-06-24 16:45:00+00:00,4011.531,4012.434,4006.223,4006.605,3869,50,0
2026-06-24 17:00:00+00:00,4006.682,4011.378,4004.465,4005.967,4499,50,0
2026-06-24 17:15:00+00:00,4005.96,4007.233,3989.979,3990.532,7692,50,0
2026-06-24 17:30:00+00:00,3990.745,3991.11,3983.009,3984.276,7507,50,0
2026-06-24 17:45:00+00:00,3984.179,3986.947,3972.848,3973.03,7281,50,0
2026-06-24 18:00:00+00:00,3973.077,3992.517,3958.916,3989.137,12217,50,0
2026-06-24 18:15:00+00:00,3988.971,3992.363,3979.31,3990.188,6867,50,0
2026-06-24 18:30:00+00:00,3990.241,3994.455,3981.499,3983.744,5020,50,0
2026-06-24 18:45:00+00:00,3983.689,3984.438,3976.97,3981.604,4640,50,0
2026-06-24 19:00:00+00:00,3981.657,3985.338,3973.545,3976.559,5343,50,0
2026-06-24 19:15:00+00:00,3976.232,3984.508,3973.947,3984.004,4005,50,0
2026-06-24 19:30:00+00:00,3984.332,3988.918,3979.489,3982.968,3896,50,0
2026-06-24 19:45:00+00:00,3982.684,3990.99,3981.008,3987.919,4794,50,0
2026-06-24 20:00:00+00:00,3987.975,4003.047,3984.896,3995.343,5087,50,0
2026-06-24 20:15:00+00:00,3995.399,4001.034,3992.218,3999.948,3428,50,0
2026-06-24 20:30:00+00:00,3999.952,4001.43,3995.652,3998.698,2535,50,0
2026-06-24 20:45:00+00:00,3998.724,4001.566,3996.412,4001.217,1779,50,0
2026-06-24 22:00:00+00:00,4004.566,4009.02,4000.559,4001.934,1594,50,0
2026-06-24 22:15:00+00:00,4001.881,4003.134,4000.427,4001.985,1191,50,0
2026-06-24 22:30:00+00:00,4002.042,4006.924,3999.521,4002.169,1992,50,0
2026-06-24 22:45:00+00:00,4002.18,4002.627,3993.129,3996.251,1715,50,0
2026-06-24 23:00:00+00:00,3996.305,3998.571,3990.846,3995.33,2463,50,0
2026-06-24 23:15:00+00:00,3995.061,4000.751,3995.061,3998.131,1471,50,0
2026-06-24 23:30:00+00:00,3998.127,4018.548,3998.054,4014.374,2467,50,0
2026-06-24 23:45:00+00:00,4014.423,4017.811,4009.525,4012.43,2507,50,0
2026-06-25 00:00:00+00:00,4012.375,4016.545,4003.899,4005.76,5983,50,0
2026-06-25 00:15:00+00:00,4005.811,4006.49,3995.337,3996.58,5981,50,0
2026-06-25 00:30:00+00:00,3996.531,3996.531,3981.485,3985.694,5101,50,0
2026-06-25 00:45:00+00:00,3985.645,4001.419,3978.503,3991.405,6633,50,0
2026-06-25 01:00:00+00:00,3991.34,4006.005,3982.255,3986.841,13734,50,0
2026-06-25 01:15:00+00:00,3986.891,4000.22,3983.824,3990.614,8779,50,0
2026-06-25 01:30:00+00:00,3990.831,3996.108,3977.018,3982.021,9290,50,0
2026-06-25 01:45:00+00:00,3981.739,3988.646,3972.37,3976.726,7273,50,0
2026-06-25 02:00:00+00:00,3977.019,3981.942,3962.475,3967.804,8669,50,0
2026-06-25 02:15:00+00:00,3967.855,3991.27,3967.536,3986.377,6436,50,0
2026-06-25 02:30:00+00:00,3986.403,3988.332,3974.842,3978.433,6950,50,0
2026-06-25 02:45:00+00:00,3978.548,3984.617,3975.674,3983.182,5730,50,0
2026-06-25 03:00:00+00:00,3982.935,3989.339,3966.486,3970.74,6508,50,0
2026-06-25 03:15:00+00:00,3970.605,3983.251,3967.702,3976.311,5747,50,0
2026-06-25 03:30:00+00:00,3976.259,3977.461,3968.798,3975.16,6899,50,0
2026-06-25 03:45:00+00:00,3975.176,4001.263,3974.534,3995.431,5685,50,0
2026-06-25 04:00:00+00:00,3995.378,3997.776,3989.56,3989.56,4087,50,0
2026-06-25 04:15:00+00:00,3989.498,3997.722,3987.547,3994.723,3373,50,0
2026-06-25 04:30:00+00:00,3994.504,3996.122,3983.66,3992.064,3258,50,0
2026-06-25 04:45:00+00:00,3992.008,3997.438,3991.323,3996.285,2657,50,0
2026-06-25 05:00:00+00:00,3996.335,4000.276,3992.162,3998.228,3737,50,0
2026-06-25 05:15:00+00:00,3998.288,3999.096,3989.054,3994.284,4447,50,0
2026-06-25 05:30:00+00:00,3994.199,3997.836,3981.579,3983.408,7705,50,0
2026-06-25 05:45:00+00:00,3983.355,3991.888,3980.492,3986.624,5123,50,0
2026-06-25 06:00:00+00:00,3986.545,3989.214,3979.847,3980.336,4979,50,0
2026-06-25 06:15:00+00:00,3980.164,3987.12,3973.989,3984.229,5457,50,0
2026-06-25 06:30:00+00:00,3984.179,3985.283,3976.761,3982.192,4965,50,0
2026-06-25 06:45:00+00:00,3982.138,3984.523,3975.864,3977.81,3686,50,0
2026-06-25 07:00:00+00:00,3977.75,3986.357,3973.492,3980.176,4411,50,0
2026-06-25 07:15:00+00:00,3980.126,3989.946,3977.743,3985.439,3556,50,0
2026-06-25 07:30:00+00:00,3985.518,3989.342,3973.869,3974.752,3862,50,0
2026-06-25 07:45:00+00:00,3974.703,3989.068,3971.388,3987.712,3512,50,0
2026-06-25 08:00:00+00:00,3987.789,3995.262,3984.261,3987.189,5443,50,0
2026-06-25 08:15:00+00:00,3987.145,4001.622,3986.177,3993.927,5295,50,0
2026-06-25 08:30:00+00:00,3993.981,4002.216,3993.809,3999.529,4039,50,0
2026-06-25 08:45:00+00:00,3999.563,3999.945,3988.625,3989.341,3509,50,0
2026-06-25 09:00:00+00:00,3989.046,3996.791,3989.044,3991.216,3206,50,0
2026-06-25 09:15:00+00:00,3991.174,3995.491,3989.288,3994.12,2796,50,0
2026-06-25 09:30:00+00:00,3994.191,3997.731,3986.182,3988.556,3978,50,0
2026-06-25 09:45:00+00:00,3988.487,3993.495,3987.724,3988.413,2204,50,0
2026-06-25 10:00:00+00:00,3988.36,3989.406,3983.518,3984.295,2393,50,0
2026-06-25 10:15:00+00:00,3984.247,3989.518,3983.139,3989.161,2121,50,0
2026-06-25 10:30:00+00:00,3989.149,3989.409,3984.832,3985.496,2054,50,0
2026-06-25 10:45:00+00:00,3985.451,3985.806,3981.322,3984.226,1851,50,0
2026-06-25 11:00:00+00:00,3984.269,3986.212,3982.054,3983.422,3444,50,0
2026-06-25 11:15:00+00:00,3983.359,3983.359,3976.292,3977.446,2747,50,0
2026-06-25 11:30:00+00:00,3977.396,3986.12,3973.641,3984.678,2783,50,0
2026-06-25 11:45:00+00:00,3984.728,3987.921,3979.391,3980.309,3307,40,0
2026-06-25 12:00:00+00:00,3980.373,3984.767,3979.537,3982.696,4445,40,0
2026-06-25 12:15:00+00:00,3982.661,3986.284,3978.901,3984.044,4616,40,0
2026-06-25 12:30:00+00:00,3983.973,4012.05,3983.732,4005.564,16226,40,0
2026-06-25 12:45:00+00:00,4005.757,4019.536,4003.557,4012.653,12397,40,0
2026-06-25 13:00:00+00:00,4012.7,4034.114,4011.999,4030.927,15289,40,0
2026-06-25 13:15:00+00:00,4030.867,4031.861,4018.727,4022.014,9613,40,0
2026-06-25 13:30:00+00:00,4022.203,4028.716,4010.906,4012.179,14465,40,0
2026-06-25 13:45:00+00:00,4012.24,4019.243,4000.881,4002.4,17440,40,0
2026-06-25 14:00:00+00:00,4002.357,4021.906,3999.002,4016.449,14746,40,0
2026-06-25 14:15:00+00:00,4016.498,4028.574,4012.858,4026.668,10593,40,0
2026-06-25 14:30:00+00:00,4026.7,4028.845,4015.987,4019.764,7827,40,0
2026-06-25 14:45:00+00:00,4020.067,4020.838,4011.191,4012.147,6478,40,0
2026-06-25 15:00:00+00:00,4012.196,4020.583,4004.999,4008.042,7088,40,0
2026-06-25 15:15:00+00:00,4008.186,4040.617,4006.07,4027.267,10363,40,0
2026-06-25 15:30:00+00:00,4027.208,4031.055,4021.861,4027.71,6189,40,0
2026-06-25 15:45:00+00:00,4027.903,4042.894,4026.795,4041.287,7187,40,0
2026-06-25 16:00:00+00:00,4041.34,4043.006,4033.671,4036.938,5982,40,0
2026-06-25 16:15:00+00:00,4037.004,4044.199,4037.004,4040.491,4502,40,0
2026-06-25 16:30:00+00:00,4040.292,4040.862,4030.877,4031.563,3695,40,0
2026-06-25 16:45:00+00:00,4031.363,4033.524,4023.939,4028.946,3930,40,0
2026-06-25 17:00:00+00:00,4028.999,4032.613,4026.86,4029.707,3271,40,0
2026-06-25 17:15:00+00:00,4029.653,4036.033,4027.888,4032.864,3978,40,0
2026-06-25 17:30:00+00:00,4032.926,4036.136,4031.024,4034.067,2689,40,0
2026-06-25 17:45:00+00:00,4034.116,4036.847,4029.741,4034.638,2615,40,0
2026-06-25 18:00:00+00:00,4034.736,4035.475,4025.93,4032.588,4554,40,0
2026-06-25 18:15:00+00:00,4032.507,4044.317,4032.131,4044.057,3346,40,0
2026-06-25 18:30:00+00:00,4044.009,4044.009,4031.755,4032.931,3706,40,0
2026-06-25 18:45:00+00:00,4032.874,4036.456,4029.879,4034.651,2246,40,0
2026-06-25 19:00:00+00:00,4034.699,4040.596,4032.497,4040.224,2319,40,0
2026-06-25 19:15:00+00:00,4040.169,4043.94,4035.498,4036.242,2663,40,0
2026-06-25 19:30:00+00:00,4036.279,4037.803,4032.163,4034.618,2954,40,0
2026-06-25 19:45:00+00:00,4034.682,4034.682,4021.941,4026.665,3964,40,0
2026-06-25 20:00:00+00:00,4026.727,4035.143,4025.595,4028.072,2205,40,0
2026-06-25 20:15:00+00:00,4028.04,4030.968,4026.432,4030.654,1627,40,0
2026-06-25 20:30:00+00:00,4030.718,4030.891,4024.763,4026.539,1380,40,0
2026-06-25 20:45:00+00:00,4026.49,4027.16,4024.421,4026.887,1042,40,0
2026-06-25 22:00:00+00:00,4029.043,4031.842,4021.909,4023.006,1350,40,0
2026-06-25 22:15:00+00:00,4023.067,4026.554,4019.817,4024.776,1643,40,0
2026-06-25 22:30:00+00:00,4024.991,4036.724,4024.419,4028.76,2291,40,0
2026-06-25 22:45:00+00:00,4028.701,4030.48,4022.099,4026.304,2397,40,0
2026-06-25 23:00:00+00:00,4026.354,4027.341,4021.541,4023.553,1542,40,0
2026-06-25 23:15:00+00:00,4023.502,4030.279,4022.757,4029.654,1801,40,0
2026-06-25 23:30:00+00:00,4029.644,4030.43,4020.997,4024.276,1893,40,0
2026-06-25 23:45:00+00:00,4024.531,4024.531,4012.478,4014.751,2445,40,0
2026-06-26 00:00:00+00:00,4014.69,4019.751,4011.466,4019.648,5815,40,0
2026-06-26 00:15:00+00:00,4019.598,4023.624,4012.652,4015.577,4192,40,0
2026-06-26 00:30:00+00:00,4015.479,4020.034,4012.502,4019.059,4042,40,0
2026-06-26 00:45:00+00:00,4019.004,4024.62,4015.413,4020.576,3903,40,0
2026-06-26 01:00:00+00:00,4020.528,4029.784,4014.212,4019.855,7606,40,0
2026-06-26 01:15:00+00:00,4019.659,4026.461,4017.677,4022.654,3914,40,0
2026-06-26 01:30:00+00:00,4022.721,4025.636,4016.186,4020.774,5166,40,0
2026-06-26 01:45:00+00:00,4020.725,4023.145,4014.451,4020.896,5460,40,0
2026-06-26 02:00:00+00:00,4020.946,4023.297,4013.413,4015.076,4290,40,0
2026-06-26 02:15:00+00:00,4015.268,4016.723,4003.895,4007.603,3559,40,0
2026-06-26 02:30:00+00:00,4007.693,4009.299,3991.292,3992.466,5579,40,0
2026-06-26 02:45:00+00:00,3992.413,3995.654,3982.979,3990.678,5471,40,0
2026-06-26 03:00:00+00:00,3990.615,3999.756,3986.851,3997.685,5120,40,0
2026-06-26 03:15:00+00:00,3997.628,4000.109,3992.589,3995.287,3651,40,0
2026-06-26 03:30:00+00:00,3995.229,4001.442,3993.141,4000.457,3167,40,0
2026-06-26 03:45:00+00:00,4000.156,4006.786,3997.321,4004.321,3101,40,0
2026-06-26 04:00:00+00:00,4004.259,4009.508,3998.793,4008.465,3389,40,0
2026-06-26 04:15:00+00:00,4008.415,4011.989,4005.912,4007.654,2914,40,0
2026-06-26 04:30:00+00:00,4007.591,4008.296,4001.758,4008.253,2720,40,0
2026-06-26 04:45:00+00:00,4008.276,4015.343,4007.055,4011.824,3021,40,0
2026-06-26 05:00:00+00:00,4011.753,4015.381,4006.445,4015.256,3043,40,0
2026-06-26 05:15:00+00:00,4015.308,4019.452,4011.869,4016.575,2918,40,0
2026-06-26 05:30:00+00:00,4016.527,4021.789,4011.104,4011.511,5546,40,0
2026-06-26 05:45:00+00:00,4011.56,4015.695,4005.649,4008.273,4505,40,0
2026-06-26 06:00:00+00:00,4008.332,4011.813,4006.723,4009.412,4281,40,0
2026-06-26 06:15:00+00:00,4009.461,4025.112,4008.443,4024.197,5754,40,0
2026-06-26 06:30:00+00:00,4024.139,4028.006,4021.144,4025.201,5533,40,0
2026-06-26 06:45:00+00:00,4025.152,4033.239,4021.984,4032.028,4861,40,0
2026-06-26 07:00:00+00:00,4031.973,4034.051,4026.83,4027.607,4096,40,0
2026-06-26 07:15:00+00:00,4027.663,4039.847,4027.155,4037.862,3229,40,0
2026-06-26 07:30:00+00:00,4037.91,4039.004,4031.071,4031.635,2500,40,0
2026-06-26 07:45:00+00:00,4031.684,4032.148,4027.682,4030.768,2065,40,0
2026-06-26 08:00:00+00:00,4030.598,4033.353,4025.769,4030.963,3080,40,0
2026-06-26 08:15:00+00:00,4031.273,4036.018,4029.799,4035.537,2667,40,0
2026-06-26 08:30:00+00:00,4035.474,4036.101,4032.349,4035.618,2510,40,0
2026-06-26 08:45:00+00:00,4035.561,4038.024,4029.817,4031.104,2400,40,0
2026-06-26 09:00:00+00:00,4030.846,4041.822,4029.496,4039.416,2953,40,0
2026-06-26 09:15:00+00:00,4039.468,4050.921,4034.581,4048.506,4378,40,0
2026-06-26 09:30:00+00:00,4048.454,4054.359,4045.2,4047.944,3706,40,0
2026-06-26 09:45:00+00:00,4048.146,4053.984,4045.596,4047.173,2991,40,0
2026-06-26 10:00:00+00:00,4047.375,4052.325,4044.381,4051.182,2768,40,0
2026-06-26 10:15:00+00:00,4051.136,4051.714,4042.412,4048.067,2466,40,0
2026-06-26 10:30:00+00:00,4048.066,4054.367,4046.902,4048.476,3081,40,0
2026-06-26 10:45:00+00:00,4048.532,4055.174,4047.698,4054.859,2278,40,0
2026-06-26 11:00:00+00:00,4054.718,4055.775,4047.118,4047.503,2728,40,0
2026-06-26 11:15:00+00:00,4047.435,4054.314,4046.187,4052.607,2487,40,0
2026-06-26 11:30:00+00:00,4052.913,4055.93,4046.193,4046.897,2552,40,0
2026-06-26 11:45:00+00:00,4046.732,4048.76,4042.625,4045.864,3063,40,0
2026-06-26 12:00:00+00:00,4045.916,4050.987,4043.633,4049.336,2637,40,0
2026-06-26 12:15:00+00:00,4048.994,4051.757,4042.002,4046.608,3387,40,0
2026-06-26 12:30:00+00:00,4046.551,4049.582,4035.79,4040.253,3479,40,0
2026-06-26 12:45:00+00:00,4040.2,4061.727,4039.268,4058.928,5323,40,0
2026-06-26 13:00:00+00:00,4058.98,4066.156,4043.321,4050.515,8878,40,0
2026-06-26 13:15:00+00:00,4050.437,4058.914,4043.368,4057.15,8886,40,0
2026-06-26 13:30:00+00:00,4056.89,4062.508,4044.975,4062.279,10120,40,0
2026-06-26 13:45:00+00:00,4062.344,4078.153,4058.671,4073.553,8799,40,0
2026-06-26 14:00:00+00:00,4073.774,4085.318,4068.004,4082.139,7453,40,0
2026-06-26 14:15:00+00:00,4082.445,4093.203,4081.222,4084.275,7945,40,0
2026-06-26 14:30:00+00:00,4084.438,4085.191,4076.491,4082.533,5156,40,0
2026-06-26 14:45:00+00:00,4082.585,4091.967,4080.486,4080.486,7039,40,0
2026-06-26 15:00:00+00:00,4080.688,4083.384,4075.708,4079.8,4543,40,0
2026-06-26 15:15:00+00:00,4079.855,4084.567,4078.076,4084.22,4284,40,0
2026-06-26 15:30:00+00:00,4084.17,4095.751,4081.686,4094.972,4827,40,0
2026-06-26 15:45:00+00:00,4095.024,4096.207,4083.283,4090.502,5881,40,0
2026-06-26 16:00:00+00:00,4090.552,4093.014,4088.382,4091.191,3131,40,0
2026-06-26 16:15:00+00:00,4091.244,4093.617,4083.289,4086.68,3561,40,0
2026-06-26 16:30:00+00:00,4086.737,4093.265,4082.107,4084.737,3303,40,0
2026-06-26 16:45:00+00:00,4084.704,4086.75,4082.856,4085.219,2274,40,0
2026-06-26 17:00:00+00:00,4085.247,4088.365,4082.437,4083.629,2261,40,0
2026-06-26 17:15:00+00:00,4083.381,4085.25,4080.297,4081.651,2798,40,0
2026-06-26 17:30:00+00:00,4081.778,4083.366,4074.236,4076.963,2885,40,0
2026-06-26 17:45:00+00:00,4076.808,4077.919,4073.669,4074.752,2178,40,0
2026-06-26 18:00:00+00:00,4074.924,4078.985,4072.431,4076.808,2086,40,0
2026-06-26 18:15:00+00:00,4076.828,4077.186,4071.542,4073.425,1952,40,0
2026-06-26 18:30:00+00:00,4073.677,4075.489,4071.927,4072.787,1666,40,0
2026-06-26 18:45:00+00:00,4072.732,4072.732,4067.129,4067.552,1946,40,0
2026-06-26 19:00:00+00:00,4067.636,4070.13,4064.517,4069.435,2210,40,0
2026-06-26 19:15:00+00:00,4069.376,4069.835,4064.527,4066.368,1775,40,0
2026-06-26 19:30:00+00:00,4066.434,4070.936,4065.76,4068.887,1821,40,0
2026-06-26 19:45:00+00:00,4068.831,4074.646,4067.046,4071.914,2520,40,0
2026-06-26 20:00:00+00:00,4071.864,4072.902,4064.699,4068.156,2353,40,0
2026-06-26 20:15:00+00:00,4068.13,4072.951,4066.285,4072.016,1657,40,0
2026-06-26 20:30:00+00:00,4071.961,4072.114,4067.184,4070.94,2388,40,0
2026-06-26 20:45:00+00:00,4070.91,4090.508,4070.197,4088.35,2428,40,0
2026-06-28 22:00:00+00:00,4076.006,4085.412,4070.36,4070.36,3038,50,0
2026-06-28 22:15:00+00:00,4070.422,4070.743,4053.502,4057.614,2829,40,0
2026-06-28 22:30:00+00:00,4057.513,4065.382,4056.122,4063.306,1860,40,0
2026-06-28 22:45:00+00:00,4063.249,4069.527,4062.263,4066.491,1672,40,0
2026-06-28 23:00:00+00:00,4066.495,4070.745,4065.519,4065.794,2325,40,0
2026-06-28 23:15:00+00:00,4065.808,4065.846,4055.361,4057.191,1976,40,0
2026-06-28 23:30:00+00:00,4057.196,4062.797,4051.808,4062.64,2275,40,0
2026-06-28 23:45:00+00:00,4062.717,4066.377,4061.191,4062.931,2296,40,0
2026-06-29 00:00:00+00:00,4062.987,4064.794,4053.872,4058.846,7727,40,0
2026-06-29 00:15:00+00:00,4059.045,4062.283,4048.317,4048.495,6074,40,0
2026-06-29 00:30:00+00:00,4048.3,4070.082,4048.3,4069.572,4995,40,0
2026-06-29 00:45:00+00:00,4069.523,4074.435,4063.312,4069.723,4317,40,0
2026-06-29 01:00:00+00:00,4069.81,4074.62,4053.795,4055.077,9652,40,0
2026-06-29 01:15:00+00:00,4054.827,4066.08,4054.787,4059.255,6160,40,0
2026-06-29 01:30:00+00:00,4059.32,4066.83,4055.808,4063.801,5463,40,0
2026-06-29 01:45:00+00:00,4063.827,4063.896,4054.967,4061.443,5284,40,0
2026-06-29 02:00:00+00:00,4061.385,4070.416,4059.389,4061.146,5969,40,0
2026-06-29 02:15:00+00:00,4061.097,4070.794,4060.371,4068.928,3978,40,0
2026-06-29 02:30:00+00:00,4069.129,4072.048,4058.442,4060.457,4798,40,0
2026-06-29 02:45:00+00:00,4060.509,4069.495,4058.917,4066.342,4607,40,0
2026-06-29 03:00:00+00:00,4066.422,4070.969,4065.253,4069.099,3461,40,0
2026-06-29 03:15:00+00:00,4069.254,4075.712,4067.508,4072.332,3447,40,0
2026-06-29 03:30:00+00:00,4072.384,4073.572,4065.651,4068.086,3162,40,0
2026-06-29 03:45:00+00:00,4068.037,4072.14,4066.178,4069.019,2118,40,0
2026-06-29 04:00:00+00:00,4069.091,4069.153,4064.414,4065.785,2055,40,0
2026-06-29 04:15:00+00:00,4065.801,4066.665,4062.18,4065.335,1841,40,0
2026-06-29 04:30:00+00:00,4065.277,4065.714,4052.79,4057.345,2874,40,0
2026-06-29 04:45:00+00:00,4057.09,4058.134,4049.79,4052.52,2139,40,0
2026-06-29 05:00:00+00:00,4052.418,4057.464,4047.208,4055.97,3363,40,0
2026-06-29 05:15:00+00:00,4055.963,4057.549,4047.981,4049.563,3013,40,0
2026-06-29 05:30:00+00:00,4049.505,4051.742,4039.309,4050.504,6579,40,0
2026-06-29 05:45:00+00:00,4050.438,4057.064,4047.397,4054.708,4407,40,0
2026-06-29 06:00:00+00:00,4054.606,4064.308,4053.833,4059.618,4598,40,0
2026-06-29 06:15:00+00:00,4059.674,4063.38,4055.978,4060.888,3146,40,0
2026-06-29 06:30:00+00:00,4060.949,4062.065,4054.976,4061.181,3301,40,0
2026-06-29 06:45:00+00:00,4061.173,4065.149,4059.897,4062.479,2888,40,0
2026-06-29 07:00:00+00:00,4062.597,4062.997,4056.182,4059.183,2907,40,0
2026-06-29 07:15:00+00:00,4059.124,4066.476,4058.136,4066.035,2522,40,0
2026-06-29 07:30:00+00:00,4065.985,4066.394,4060.966,4062.57,2464,40,0
2026-06-29 07:45:00+00:00,4062.515,4068.771,4060.925,4061.829,2628,40,0
2026-06-29 08:00:00+00:00,4061.777,4065.999,4060.512,4063.931,2834,40,0
2026-06-29 08:15:00+00:00,4063.86,4065.483,4060.443,4061.374,2665,40,0
2026-06-29 08:30:00+00:00,4061.432,4066.824,4054.692,4055.79,3017,40,0
2026-06-29 08:45:00+00:00,4055.732,4057.303,4043.667,4046.965,3322,40,0
2026-06-29 09:00:00+00:00,4046.909,4055.275,4045.414,4050.319,2695,40,0
2026-06-29 09:15:00+00:00,4050.27,4053.591,4045.109,4047.622,3014,40,0
2026-06-29 09:30:00+00:00,4047.676,4050.877,4040.798,4043.858,3850,40,0
2026-06-29 09:45:00+00:00,4043.808,4044.288,4024.395,4031.462,5311,40,0
2026-06-29 10:00:00+00:00,4031.511,4039.666,4027.488,4038.373,3577,40,0
2026-06-29 10:15:00+00:00,4038.312,4038.643,4032.817,4037.323,2689,40,0
2026-06-29 10:30:00+00:00,4037.271,4038.767,4031.946,4034.529,2913,40,0
2026-06-29 10:45:00+00:00,4034.479,4038.375,4032.746,4036.88,2308,40,0
2026-06-29 11:00:00+00:00,4036.796,4038.59,4032.515,4034.579,2215,40,0
2026-06-29 11:15:00+00:00,4034.267,4036.039,4027.33,4031.989,2494,40,0
2026-06-29 11:30:00+00:00,4031.921,4038.523,4029.907,4035.257,3465,40,0
2026-06-29 11:45:00+00:00,4035.37,4042.474,4034.929,4039.369,2482,40,0
2026-06-29 12:00:00+00:00,4039.506,4052.576,4038.071,4047.797,3925,40,0
2026-06-29 12:15:00+00:00,4047.794,4049.669,4037.799,4038.559,3907,40,0
2026-06-29 12:30:00+00:00,4038.356,4047.22,4037.803,4044.819,3221,40,0
2026-06-29 12:45:00+00:00,4044.768,4047.961,4042.388,4043.594,2762,40,0
2026-06-29 13:00:00+00:00,4043.647,4051.915,4043.496,4047.139,4413,40,0
2026-06-29 13:15:00+00:00,4047.213,4049.732,4037.917,4037.917,3780,40,0
2026-06-29 13:30:00+00:00,4037.816,4044.656,4033.982,4038.737,7026,40,0
2026-06-29 13:45:00+00:00,4038.435,4040.473,4028.262,4032.503,5996,40,0
2026-06-29 14:00:00+00:00,4032.557,4035.628,4008.134,4009.035,10312,40,0
2026-06-29 14:15:00+00:00,4008.97,4028.602,4000.296,4024.815,10585,40,0
2026-06-29 14:30:00+00:00,4024.758,4028.414,4020.167,4021.262,5318,40,0
2026-06-29 14:45:00+00:00,4021.112,4030.534,4017.871,4025.624,4943,40,0
2026-06-29 15:00:00+00:00,4025.69,4026.562,4019.422,4022.111,4102,40,0
2026-06-29 15:15:00+00:00,4022.159,4027.638,4016.787,4024.249,4095,40,0
2026-06-29 15:30:00+00:00,4024.326,4026.394,4017.83,4022.836,3391,40,0
2026-06-29 15:45:00+00:00,4022.622,4030.561,4022.132,4027.141,3096,40,0
2026-06-29 16:00:00+00:00,4027.026,4028.867,4023.56,4023.89,2357,40,0
2026-06-29 16:15:00+00:00,4023.893,4026.526,4022.025,4023.88,1858,40,0
2026-06-29 16:30:00+00:00,4023.927,4024.508,4018.768,4021.401,2254,40,0
2026-06-29 16:45:00+00:00,4021.344,4028.243,4020.702,4024.026,2086,40,0
2026-06-29 17:00:00+00:00,4024.078,4032.17,4023.242,4029.259,2486,40,0
2026-06-29 17:15:00+00:00,4029.207,4030.936,4022.361,4023.901,2392,40,0
2026-06-29 17:30:00+00:00,4023.974,4024.706,4020.826,4022.22,1948,40,0
2026-06-29 17:45:00+00:00,4022.287,4022.798,4019.277,4021.148,1754,40,0
2026-06-29 18:00:00+00:00,4020.948,4024.499,4020.552,4023.956,1495,40,0
2026-06-29 18:15:00+00:00,4024.005,4025.34,4020.429,4021.282,1442,40,0
2026-06-29 18:30:00+00:00,4021.232,4021.796,4019.512,4020.74,1265,40,0
2026-06-29 18:45:00+00:00,4020.819,4021.107,4011.956,4013.308,1648,40,0
2026-06-29 19:00:00+00:00,4013.504,4014.634,4008.066,4008.234,2212,40,0
2026-06-29 19:15:00+00:00,4008.199,4017.178,4005.368,4017.054,1916,40,0
2026-06-29 19:30:00+00:00,4017.108,4019.692,4016.438,4017.852,1623,40,0
2026-06-29 19:45:00+00:00,4017.932,4018.591,4012.803,4016.024,1786,40,0
2026-06-29 20:00:00+00:00,4016.072,4016.24,4012.713,4014.56,1235,40,0
2026-06-29 20:15:00+00:00,4014.561,4017.992,4014.305,4017.693,806,40,0
2026-06-29 20:30:00+00:00,4017.94,4017.99,4014.532,4015.935,763,40,0
2026-06-29 20:45:00+00:00,4015.935,4017.443,4014.621,4016.48,790,40,0
2026-06-29 22:00:00+00:00,4018.356,4022.343,4017.101,4018.705,1181,40,0
2026-06-29 22:15:00+00:00,4018.705,4020.503,4015.441,4016.169,1277,40,0
2026-06-29 22:30:00+00:00,4016.169,4016.169,4010.531,4010.599,1353,40,0
2026-06-29 22:45:00+00:00,4010.298,4017.204,4009.546,4014.273,1637,40,0
2026-06-29 23:00:00+00:00,4014.093,4021.564,4014.05,4020.702,1384,40,0
2026-06-29 23:15:00+00:00,4020.969,4022.586,4015.87,4017.011,1373,40,0
2026-06-29 23:30:00+00:00,4016.997,4021.942,4013.467,4015.367,1585,40,0
2026-06-29 23:45:00+00:00,4015.367,4018.229,4013.593,4015.128,1564,40,0
2026-06-30 00:00:00+00:00,4015.07,4015.402,4003.286,4010.243,5147,40,0
2026-06-30 00:15:00+00:00,4010.194,4011.831,4004.023,4006.527,3120,40,0
2026-06-30 00:30:00+00:00,4006.324,4006.965,3990.934,3992.053,3758,40,0
2026-06-30 00:45:00+00:00,3991.998,3994.262,3979.855,3987.073,6037,40,0
2026-06-30 01:00:00+00:00,3987.13,3987.245,3942.204,3958.274,17616,40,0
2026-06-30 01:15:00+00:00,3958.222,3981.069,3950.273,3979.02,9889,40,0
2026-06-30 01:30:00+00:00,3978.963,3979.662,3966.401,3969.223,8385,40,0
2026-06-30 01:45:00+00:00,3969.273,3973.789,3961.528,3969.373,7481,40,0
2026-06-30 02:00:00+00:00,3969.254,3973.398,3952.414,3957.642,7394,40,0
2026-06-30 02:15:00+00:00,3957.603,3965.699,3955.933,3961.852,4104,40,0
2026-06-30 02:30:00+00:00,3962.047,3964.369,3954.199,3959.701,5486,40,0
2026-06-30 02:45:00+00:00,3959.568,3970.503,3959.34,3963.041,5787,40,0
2026-06-30 03:00:00+00:00,3962.79,3969.883,3962.622,3966.5,4253,40,0
2026-06-30 03:15:00+00:00,3966.198,3971.214,3963.239,3965.81,4421,40,0
2026-06-30 03:30:00+00:00,3965.637,3967.179,3960.181,3963.417,3256,40,0
2026-06-30 03:45:00+00:00,3963.11,3971.174,3963.11,3969.824,2842,40,0
2026-06-30 04:00:00+00:00,3969.774,3975.134,3968.155,3972.484,2974,40,0
2026-06-30 04:15:00+00:00,3972.49,3983.386,3972.028,3982.544,2300,40,0
2026-06-30 04:30:00+00:00,3982.486,3998.043,3982.262,3988.497,4528,40,0
2026-06-30 04:45:00+00:00,3988.444,3991.55,3983.571,3985.709,3128,40,0
2026-06-30 05:00:00+00:00,3985.765,3990.839,3984.012,3984.995,3036,40,0
2026-06-30 05:15:00+00:00,3984.878,3987.604,3979.711,3982.785,2963,40,0
2026-06-30 05:30:00+00:00,3982.732,3985.158,3975.182,3979.586,5994,40,0
2026-06-30 05:45:00+00:00,3979.518,3981.854,3976.334,3978.129,3929,40,0
2026-06-30 06:00:00+00:00,3978.179,3989.593,3978.091,3987.723,4466,40,0
2026-06-30 06:15:00+00:00,3987.773,4013.607,3984.065,4011.962,7647,40,0
2026-06-30 06:30:00+00:00,4011.909,4034.38,4010.95,4024.998,11368,40,0
2026-06-30 06:45:00+00:00,4024.728,4033.341,4024.052,4029.558,5218,40,0
2026-06-30 07:00:00+00:00,4029.752,4030.216,4023.758,4025.962,3784,40,0
2026-06-30 07:15:00+00:00,4025.92,4034.955,4025.287,4028.769,3481,40,0
2026-06-30 07:30:00+00:00,4028.83,4031.976,4026.342,4028.968,2858,40,0
2026-06-30 07:45:00+00:00,4028.906,4033.065,4025.666,4032.422,2243,40,0
2026-06-30 08:00:00+00:00,4032.091,4037.803,4022.004,4024.257,3671,40,0
2026-06-30 08:15:00+00:00,4024.207,4026.339,4020.188,4025.954,2970,40,0
2026-06-30 08:30:00+00:00,4025.89,4027.004,4015.597,4018.12,2761,40,0
2026-06-30 08:45:00+00:00,4018.173,4019.723,4013.589,4015.458,3027,40,0
2026-06-30 09:00:00+00:00,4015.381,4021.866,4014.686,4018.541,2047,40,0
2026-06-30 09:15:00+00:00,4018.384,4022.798,4016.154,4017.517,2402,40,0
2026-06-30 09:30:00+00:00,4017.567,4018.858,4012.338,4018.822,2475,40,0
2026-06-30 09:45:00+00:00,4018.891,4024.079,4018.24,4023.816,2155,40,0
2026-06-30 10:00:00+00:00,4023.867,4026.718,4021.668,4025.599,2184,40,0
2026-06-30 10:15:00+00:00,4025.628,4028.879,4023.874,4028.424,1885,40,0
2026-06-30 10:30:00+00:00,4028.48,4030.059,4025.284,4028.171,1903,40,0
2026-06-30 10:45:00+00:00,4028.24,4031.361,4026.58,4029.749,1832,40,0
2026-06-30 11:00:00+00:00,4029.769,4033.697,4025.514,4033.386,2450,40,0
2026-06-30 11:15:00+00:00,4033.534,4034.438,4029.993,4031.787,2461,40,0
2026-06-30 11:30:00+00:00,4031.837,4035.412,4028.393,4034.53,2467,40,0
2026-06-30 11:45:00+00:00,4034.583,4037.434,4030.371,4033.843,2676,40,0
2026-06-30 12:00:00+00:00,4033.947,4034.373,4026.076,4026.893,2685,40,0
2026-06-30 12:15:00+00:00,4026.783,4028.651,4014.756,4017.068,3666,40,0
2026-06-30 12:30:00+00:00,4016.755,4021.934,4012.948,4018.953,3819,40,0
2026-06-30 12:45:00+00:00,4018.68,4018.68,4008.635,4009.839,4030,40,0
2026-06-30 13:00:00+00:00,4009.893,4026.064,4009.295,4023.472,6824,40,0
2026-06-30 13:15:00+00:00,4023.434,4033.551,4019.271,4023.768,5125,40,0
2026-06-30 13:30:00+00:00,4024.088,4027.722,4013.141,4025.054,7021,40,0
2026-06-30 13:45:00+00:00,4025.052,4032.73,4022.036,4029.906,6006,40,0
2026-06-30 14:00:00+00:00,4029.561,4048.867,4025.28,4043.51,8944,40,0
2026-06-30 14:15:00+00:00,4043.46,4063.485,4043.049,4054.238,9086,40,0
2026-06-30 14:30:00+00:00,4054.29,4058.684,4044.83,4051.152,6217,40,0
2026-06-30 14:45:00+00:00,4051.329,4051.329,4037.497,4037.557,5224,40,0
2026-06-30 15:00:00+00:00,4037.614,4039.568,4032.188,4035.944,6339,40,0
2026-06-30 15:15:00+00:00,4035.808,4036.084,4022.228,4028.573,4496,40,0
2026-06-30 15:30:00+00:00,4028.626,4031.524,4026.825,4029.748,3419,40,0
2026-06-30 15:45:00+00:00,4029.423,4034.81,4028.979,4029.592,2932,40,0
2026-06-30 16:00:00+00:00,4029.642,4030.612,4026.003,4030.119,2372,40,0
2026-06-30 16:15:00+00:00,4030.157,4031.635,4027.848,4029.584,2079,40,0
2026-06-30 16:30:00+00:00,4029.535,4032.427,4027.517,4031.365,2071,40,0
2026-06-30 16:45:00+00:00,4031.558,4033.997,4025.826,4026.33,2078,40,0
2026-06-30 17:00:00+00:00,4026.278,4028.112,4020.668,4023.069,2803,40,0
2026-06-30 17:15:00+00:00,4023.119,4028.223,4021.521,4025.67,3091,40,0
2026-06-30 17:30:00+00:00,4025.579,4029.86,4025.279,4029.404,1899,40,0
2026-06-30 17:45:00+00:00,4029.394,4032.278,4029.069,4030.701,1509,40,0
2026-06-30 18:00:00+00:00,4030.751,4033.989,4030.749,4032.354,1462,40,0
2026-06-30 18:15:00+00:00,4032.588,4033.093,4030.462,4031.624,1346,40,0
2026-06-30 18:30:00+00:00,4031.422,4031.51,4028.32,4030.854,1280,40,0
2026-06-30 18:45:00+00:00,4030.845,4032.609,4028.555,4028.777,1447,40,0
2026-06-30 19:00:00+00:00,4028.724,4029.648,4023.581,4024.293,1559,40,0
2026-06-30 19:15:00+00:00,4024.266,4025.308,4021.227,4021.387,1494,40,0
2026-06-30 19:30:00+00:00,4021.336,4023.358,4020.831,4022.313,1531,40,0
2026-06-30 19:45:00+00:00,4022.247,4022.802,4014.832,4015.903,2703,40,0
2026-06-30 20:00:00+00:00,4015.981,4020.9,4013.84,4020.121,1674,40,0
2026-06-30 20:15:00+00:00,4020.121,4021.089,4012.506,4013.19,1498,40,0
2026-06-30 20:30:00+00:00,4013.177,4013.854,4010.275,4011.335,924,40,0
2026-06-30 20:45:00+00:00,4011.352,4011.812,4006.375,4007.399,1209,40,0
2026-06-30 22:00:00+00:00,4011.952,4017.723,4011.419,4014.78,1377,40,0
2026-06-30 22:15:00+00:00,4014.793,4016.666,4012.03,4013.756,1487,40,0
2026-06-30 22:30:00+00:00,4013.706,4018.077,4013.194,4014.143,1098,40,0
2026-06-30 22:45:00+00:00,4014.088,4016.495,4011.111,4013.1,1186,40,0
2026-06-30 23:00:00+00:00,4013.152,4018.524,4010.959,4014.338,1755,40,0
2026-06-30 23:15:00+00:00,4014.338,4015.527,4008.082,4011.087,1352,40,0
2026-06-30 23:30:00+00:00,4011.06,4012.56,4008.828,4009.594,1265,40,0
2026-06-30 23:45:00+00:00,4009.504,4010.183,4005.338,4005.693,1650,40,0
2026-07-01 00:00:00+00:00,4005.789,4010.008,4005.498,4008.399,2498,40,0
2026-07-01 00:15:00+00:00,4008.449,4009.235,4001.257,4001.826,3269,40,0
2026-07-01 00:30:00+00:00,4002.057,4005.858,3996.18,3996.294,3063,40,0
2026-07-01 00:45:00+00:00,3996.234,3999.591,3992.992,3996.953,2909,40,0
2026-07-01 01:00:00+00:00,3996.961,3999.94,3978.949,3984.556,8804,40,0
2026-07-01 01:15:00+00:00,3984.61,3986.133,3975.64,3985.654,5346,40,0
2026-07-01 01:30:00+00:00,3985.705,3988.636,3975.122,3978.776,5016,40,0
2026-07-01 01:45:00+00:00,3978.814,3981.953,3973.947,3978.005,4651,40,0
2026-07-01 02:00:00+00:00,3977.951,3979.98,3970.299,3976.38,4988,40,0
2026-07-01 02:15:00+00:00,3976.332,3982.573,3975.744,3981.027,2823,40,0
2026-07-01 02:30:00+00:00,3980.977,3986.217,3978.723,3983.017,3443,40,0
2026-07-01 02:45:00+00:00,3983.066,3985.507,3978.575,3979.48,2600,40,0
2026-07-01 03:00:00+00:00,3979.431,3985.601,3978.534,3983.55,2317,40,0
2026-07-01 03:15:00+00:00,3983.637,3987.188,3980.216,3981.339,2313,40,0
2026-07-01 03:30:00+00:00,3981.642,3982.401,3976.886,3977.759,2330,40,0
2026-07-01 03:45:00+00:00,3977.709,3980.727,3976.735,3980.425,1603,40,0
2026-07-01 04:00:00+00:00,3980.473,3981.175,3974.128,3976.427,1985,40,0
2026-07-01 04:15:00+00:00,3976.308,3978.164,3974.31,3977.672,1640,40,0
2026-07-01 04:30:00+00:00,3977.592,3980.909,3972.351,3974.78,1964,40,0
2026-07-01 04:45:00+00:00,3974.78,3982.984,3974.356,3976.817,2301,40,0
2026-07-01 05:00:00+00:00,3976.762,3977.318,3969.755,3971.88,2495,40,0
2026-07-01 05:15:00+00:00,3971.881,3975.157,3970.103,3973.004,2177,40,0
2026-07-01 05:30:00+00:00,3973.055,3978.888,3970.42,3974.774,4417,40,0
2026-07-01 05:45:00+00:00,3974.904,3979.006,3973.593,3974.25,3247,40,0
2026-07-01 06:00:00+00:00,3974.194,3977.627,3963.524,3965.164,5337,40,0
2026-07-01 06:15:00+00:00,3965.116,3969.788,3963.244,3967.645,3851,40,0
2026-07-01 06:30:00+00:00,3967.695,3973.439,3963.24,3971.717,3183,40,0
2026-07-01 06:45:00+00:00,3971.669,3973.68,3969.129,3972.063,2437,40,0
2026-07-01 07:00:00+00:00,3972.005,3973.981,3960.325,3961.767,3842,40,0
2026-07-01 07:15:00+00:00,3961.461,3972.276,3960.038,3964.494,3097,40,0
2026-07-01 07:30:00+00:00,3964.489,3971.489,3960.902,3970.972,3619,40,0
2026-07-01 07:45:00+00:00,3971.021,3978.407,3968.904,3976.252,3945,40,0
2026-07-01 08:00:00+00:00,3976.198,3976.424,3969.466,3974.271,2704,40,0
2026-07-01 08:15:00+00:00,3974.329,3984.449,3974.204,3978.776,3036,40,0
2026-07-01 08:30:00+00:00,3979.034,3979.87,3972.434,3977.244,2451,40,0
2026-07-01 08:45:00+00:00,3977.237,3977.606,3971.243,3974.702,1982,40,0
2026-07-01 09:00:00+00:00,3974.648,3977.667,3972.841,3975.746,2035,40,0
2026-07-01 09:15:00+00:00,3975.683,3980.485,3975.51,3978.676,2034,40,0
2026-07-01 09:30:00+00:00,3978.754,3982.657,3977.607,3981.62,2112,40,0
2026-07-01 09:45:00+00:00,3981.699,3986.132,3981.699,3984.383,1974,40,0
2026-07-01 10:00:00+00:00,3984.683,3989.684,3983.016,3984.367,2201,40,0
2026-07-01 10:15:00+00:00,3984.428,3987.394,3981.406,3987.091,1857,40,0
2026-07-01 10:30:00+00:00,3987.041,3994.558,3986.532,3987.539,2342,40,0
2026-07-01 10:45:00+00:00,3987.587,3998.919,3986.953,3998.326,1984,40,0
2026-07-01 11:00:00+00:00,3998.268,4019.656,3997.86,4015.849,4380,40,0
2026-07-01 11:15:00+00:00,4015.929,4028.514,4015.039,4026.778,5041,40,0
2026-07-01 11:30:00+00:00,4026.729,4032.077,4023.149,4029.426,3701,40,0
2026-07-01 11:45:00+00:00,4029.123,4035.704,4028.646,4030.371,3806,40,0
2026-07-01 12:00:00+00:00,4030.658,4034.1,4019.54,4021.867,4429,40,0
2026-07-01 12:15:00+00:00,4021.959,4030.728,4021.929,4026.072,4081,40,0
2026-07-01 12:30:00+00:00,4025.988,4033.251,4023.277,4026.055,5832,40,0
2026-07-01 12:45:00+00:00,4026.11,4029.115,4022.727,4022.727,3606,40,0
2026-07-01 13:00:00+00:00,4022.725,4025.208,4012.934,4021.365,7953,40,0
2026-07-01 13:15:00+00:00,4021.316,4047.465,4021.267,4046.75,11138,40,0
2026-07-01 13:30:00+00:00,4046.909,4100.403,4041.582,4098.097,19880,40,0
2026-07-01 13:45:00+00:00,4098.351,4108.183,4085.147,4089.603,11005,40,0
2026-07-01 14:00:00+00:00,4089.594,4101.791,4082.803,4093.127,9140,40,0
2026-07-01 14:15:00+00:00,4092.926,4106.977,4089.563,4100.568,9374,40,0
2026-07-01 14:30:00+00:00,4100.607,4115.841,4092.168,4093.164,8935,40,0
2026-07-01 14:45:00+00:00,4093.104,4095.333,4086.408,4093.7,6153,40,0
2026-07-01 15:00:00+00:00,4093.393,4094.794,4082.067,4085.103,5610,40,0
2026-07-01 15:15:00+00:00,4085.155,4092.209,4078.518,4083.764,4548,40,0
2026-07-01 15:30:00+00:00,4083.952,4084.217,4076.742,4082.383,4774,40,0
2026-07-01 15:45:00+00:00,4082.332,4088.181,4079.454,4081.276,3542,40,0
2026-07-01 16:00:00+00:00,4081.341,4088.709,4081.341,4082.684,3182,40,0
2026-07-01 16:15:00+00:00,4082.624,4085.281,4080.568,4081.615,2806,40,0
2026-07-01 16:30:00+00:00,4081.686,4083.582,4072.796,4074.451,3001,40,0
2026-07-01 16:45:00+00:00,4074.354,4076.191,4070.45,4071.057,3113,40,0
2026-07-01 17:00:00+00:00,4071.355,4073.681,4067.796,4071.271,3298,40,0
2026-07-01 17:15:00+00:00,4071.552,4072.346,4067.923,4068.277,2831,40,0
2026-07-01 17:30:00+00:00,4068.329,4073.341,4068.018,4071.116,2380,40,0
2026-07-01 17:45:00+00:00,4071.067,4072.392,4067.364,4068.123,2127,40,0
2026-07-01 18:00:00+00:00,4068.175,4070.837,4067.298,4069.087,2030,40,0
2026-07-01 18:15:00+00:00,4069.021,4069.416,4061.025,4061.525,2544,40,0
2026-07-01 18:30:00+00:00,4061.58,4066.091,4061.58,4063.269,2047,40,0
2026-07-01 18:45:00+00:00,4063.113,4063.338,4057.987,4062.121,2034,40,0
2026-07-01 19:00:00+00:00,4062.173,4068.542,4061.588,4065.691,2185,40,0
2026-07-01 19:15:00+00:00,4065.678,4066.377,4056.62,4059.106,2261,40,0
2026-07-01 19:30:00+00:00,4059.135,4059.923,4052.911,4054.016,1811,40,0
2026-07-01 19:45:00+00:00,4054.065,4054.486,4034.456,4038.679,4670,40,0
2026-07-01 20:00:00+00:00,4038.616,4039.946,4028.494,4035.743,3082,40,0
2026-07-01 20:15:00+00:00,4035.778,4039.211,4034.485,4038.464,1470,40,0
2026-07-01 20:30:00+00:00,4038.412,4039.111,4033.348,4034.076,1339,40,0
2026-07-01 20:45:00+00:00,4034.218,4036.211,4030.292,4031.715,1413,40,0
2026-07-01 22:00:00+00:00,4034.307,4041.062,4032.986,4036.68,1563,40,0
2026-07-01 22:15:00+00:00,4036.699,4039.459,4034.922,4038.369,1359,40,0
2026-07-01 22:30:00+00:00,4038.337,4041.042,4037.061,4040.192,1393,40,0
2026-07-01 22:45:00+00:00,4040.242,4045.379,4039.93,4045.041,1119,40,0
2026-07-01 23:00:00+00:00,4045.002,4045.048,4037.445,4037.76,1400,40,0
2026-07-01 23:15:00+00:00,4037.828,4039.368,4033.874,4037.418,1447,40,0
2026-07-01 23:30:00+00:00,4037.166,4040.457,4034.52,4035.926,1270,40,0
2026-07-01 23:45:00+00:00,4035.867,4037.161,4033.3,4035.269,1591,40,0
2026-07-02 00:00:00+00:00,4035.072,4046.221,4030.757,4044.844,5291,40,0
2026-07-02 00:15:00+00:00,4044.777,4048.753,4040.324,4046.617,3054,40,0
2026-07-02 00:30:00+00:00,4046.434,4046.985,4038.025,4039.242,2679,40,0
2026-07-02 00:45:00+00:00,4039.451,4052.869,4039.316,4052.104,3522,40,0
2026-07-02 01:00:00+00:00,4052.001,4068.717,4050.389,4065.156,7789,40,0
2026-07-02 01:15:00+00:00,4065.345,4065.823,4050.252,4053.394,4417,40,0
2026-07-02 01:30:00+00:00,4053.462,4055.633,4046.4,4047.881,5023,40,0
2026-07-02 01:45:00+00:00,4047.873,4056.576,4045.313,4050.496,3812,40,0
2026-07-02 02:00:00+00:00,4050.45,4051.308,4041.244,4048.081,3613,40,0
2026-07-02 02:15:00+00:00,4048.03,4055.049,4047.79,4051.759,2748,40,0
2026-07-02 02:30:00+00:00,4051.69,4057.149,4048.023,4056.287,3860,40,0
2026-07-02 02:45:00+00:00,4056.403,4061.173,4054.349,4057.289,3124,40,0
2026-07-02 03:00:00+00:00,4057.362,4059.917,4055.47,4057.761,2766,40,0
2026-07-02 03:15:00+00:00,4057.709,4067.333,4057.693,4065.259,3209,40,0
2026-07-02 03:30:00+00:00,4065.313,4067.861,4061.97,4065.792,2789,40,0
2026-07-02 03:45:00+00:00,4065.801,4074.32,4062.96,4070.182,2552,40,0
2026-07-02 04:00:00+00:00,4070.238,4072.992,4068.223,4070.306,2120,40,0
2026-07-02 04:15:00+00:00,4070.367,4070.628,4064.109,4065.628,1725,40,0
2026-07-02 04:30:00+00:00,4065.648,4066.668,4061.515,4063.55,1836,40,0
2026-07-02 04:45:00+00:00,4063.547,4065.316,4060.676,4060.676,1764,40,0
2026-07-02 05:00:00+00:00,4060.988,4061.516,4054.489,4055.888,2612,40,0
2026-07-02 05:15:00+00:00,4055.899,4062.325,4054.596,4057.773,2567,40,0
2026-07-02 05:30:00+00:00,4057.823,4066.249,4053.211,4061.777,5570,40,0
2026-07-02 05:45:00+00:00,4061.721,4067.833,4059.863,4066.033,3411,40,0
2026-07-02 06:00:00+00:00,4066.339,4076.048,4066.075,4068.31,4593,40,0
2026-07-02 06:15:00+00:00,4068.512,4079.829,4067.223,4074.452,3560,40,0
2026-07-02 06:30:00+00:00,4074.505,4076.941,4065.991,4068.329,2880,40,0
2026-07-02 06:45:00+00:00,4068.308,4076.63,4066.762,4073.184,4230,40,0
2026-07-02 07:00:00+00:00,4073.242,4074.379,4067.169,4068.02,3505,40,0
2026-07-02 07:15:00+00:00,4068.073,4068.629,4060.795,4062.504,3079,40,0
2026-07-02 07:30:00+00:00,4062.44,4075.599,4060.908,4074.458,2936,40,0
2026-07-02 07:45:00+00:00,4074.7,4075.156,4063.617,4064.659,2815,40,0
2026-07-02 08:00:00+00:00,4064.605,4074.13,4061.304,4070.098,3718,40,0
2026-07-02 08:15:00+00:00,4070.049,4078.045,4068.858,4074.988,3090,40,0
2026-07-02 08:30:00+00:00,4074.938,4077.936,4072.066,4075.251,2925,40,0
2026-07-02 08:45:00+00:00,4075.445,4080.313,4073.285,4076.239,3015,40,0
2026-07-02 09:00:00+00:00,4076.19,4077.097,4069.446,4072.272,2318,40,0
2026-07-02 09:15:00+00:00,4072.219,4073.763,4066.234,4067.721,2361,40,0
2026-07-02 09:30:00+00:00,4067.807,4072.289,4063.929,4069.513,3064,40,0
2026-07-02 09:45:00+00:00,4069.336,4072.41,4064.792,4065.507,2276,40,0
2026-07-02 10:00:00+00:00,4065.559,4066.719,4062.557,4063.322,2368,40,0
2026-07-02 10:15:00+00:00,4063.443,4068.136,4062.018,4066.334,2095,40,0
2026-07-02 10:30:00+00:00,4066.393,4068.875,4063.165,4064.87,1988,40,0
2026-07-02 10:45:00+00:00,4064.826,4068.015,4061.452,4066.286,1909,40,0
2026-07-02 11:00:00+00:00,4066.362,4067.137,4057.372,4063.247,2995,40,0
2026-07-02 11:15:00+00:00,4063.301,4067.309,4062.644,4065.703,2511,40,0
2026-07-02 11:30:00+00:00,4065.753,4071.802,4063.331,4071.067,2536,40,0
2026-07-02 11:45:00+00:00,4071.34,4072.349,4065.458,4065.475,2530,40,0
2026-07-02 12:00:00+00:00,4065.525,4073.649,4061.23,4064.355,3338,40,0
2026-07-02 12:15:00+00:00,4064.406,4069.945,4061.718,4065.35,4771,0,0
2026-07-02 12:30:00+00:00,4065.347,4140.784,4065.072,4132.489,20248,0,0
2026-07-02 12:45:00+00:00,4132.542,4134.36,4111.993,4117.582,11647,40,0
2026-07-02 13:00:00+00:00,4117.783,4129.973,4115.523,4124.15,12843,40,0
2026-07-02 13:15:00+00:00,4124.201,4124.819,4109.302,4113.107,7960,40,0
2026-07-02 13:30:00+00:00,4113.304,4138.419,4109.912,4134.742,13537,40,0
2026-07-02 13:45:00+00:00,4134.805,4144.232,4132.461,4136.833,9334,40,0
2026-07-02 14:00:00+00:00,4137.03,4138.503,4123.783,4128.829,7218,40,0
2026-07-02 14:15:00+00:00,4128.777,4136.427,4113.946,4116.527,8254,40,0
2026-07-02 14:30:00+00:00,4116.472,4125.559,4114.584,4118.643,8952,40,0
2026-07-02 14:45:00+00:00,4118.692,4129.936,4115.656,4128.607,7368,40,0
2026-07-02 15:00:00+00:00,4128.572,4131.612,4114.745,4126.646,6493,40,0
2026-07-02 15:15:00+00:00,4126.705,4131.488,4120.63,4122.646,5547,40,0
2026-07-02 15:30:00+00:00,4122.595,4131.287,4122.595,4125.514,4549,40,0
2026-07-02 15:45:00+00:00,4125.575,4130.218,4124.11,4128.416,3673,40,0
2026-07-02 16:00:00+00:00,4128.565,4130.388,4121.931,4123.375,3602,40,0
2026-07-02 16:15:00+00:00,4123.378,4124.148,4115.596,4116.503,3908,40,0
2026-07-02 16:30:00+00:00,4116.521,4116.914,4100.294,4114.616,7058,40,0
2026-07-02 16:45:00+00:00,4114.557,4120.435,4113.944,4118.288,3543,40,0
2026-07-02 17:00:00+00:00,4118.089,4120.094,4113.497,4118.101,3971,40,0
2026-07-02 17:15:00+00:00,4118.047,4119.929,4111.449,4112.361,3733,40,0
2026-07-02 17:30:00+00:00,4112.291,4114.599,4105.81,4107.653,3705,40,0
2026-07-02 17:45:00+00:00,4107.604,4110.425,4105.779,4106.965,2718,40,0
2026-07-02 18:00:00+00:00,4106.964,4123.835,4106.069,4118.994,3694,40,0
2026-07-02 18:15:00+00:00,4119.122,4123.216,4115.624,4123.129,2843,40,0
2026-07-02 18:30:00+00:00,4123.285,4127.196,4121.258,4121.437,2437,40,0
2026-07-02 18:45:00+00:00,4121.387,4124.354,4119.963,4122.881,2063,40,0
2026-07-02 19:00:00+00:00,4122.936,4124.615,4113.267,4114.665,3168,40,0
2026-07-02 19:15:00+00:00,4114.714,4115.217,4108.124,4112.614,2340,40,0
2026-07-02 19:30:00+00:00,4112.663,4114.753,4111.036,4113.567,2166,40,0
2026-07-02 19:45:00+00:00,4113.617,4123.968,4112.824,4121.566,2674,40,0
2026-07-02 20:00:00+00:00,4121.429,4122.682,4116.293,4120.049,1709,40,0
2026-07-02 20:15:00+00:00,4120.099,4125.227,4119.26,4123.483,1325,40,0
2026-07-02 20:30:00+00:00,4123.486,4125.144,4120.842,4120.949,922,40,0
2026-07-02 20:45:00+00:00,4120.944,4124.543,4118.616,4124.182,947,40,0
2026-07-02 22:00:00+00:00,4126.637,4128.281,4124.343,4124.384,782,50,0
2026-07-02 22:15:00+00:00,4124.656,4125.495,4122.587,4124.322,990,40,0
2026-07-02 22:30:00+00:00,4124.283,4126.419,4122.555,4123.283,901,40,0
2026-07-02 22:45:00+00:00,4123.061,4126.58,4122.708,4124.577,849,40,0
2026-07-02 23:00:00+00:00,4124.825,4127.485,4124.321,4125.575,969,40,0
2026-07-02 23:15:00+00:00,4125.631,4130.604,4124.555,4129.823,1273,40,0
2026-07-02 23:30:00+00:00,4129.708,4134.246,4121.029,4124.733,2137,40,0
2026-07-02 23:45:00+00:00,4124.957,4131.906,4124.448,4126.39,2751,40,0
2026-07-03 00:00:00+00:00,4126.25,4137.127,4123.07,4134.957,6360,40,0
2026-07-03 00:15:00+00:00,4134.959,4141.077,4131.746,4137.395,4309,40,0
2026-07-03 00:30:00+00:00,4137.1,4139.658,4132.916,4136.322,3356,40,0
2026-07-03 00:45:00+00:00,4136.272,4151.237,4135.186,4147.274,4142,40,0
2026-07-03 01:00:00+00:00,4147.103,4179.466,4146.512,4176.081,10567,40,0
2026-07-03 01:15:00+00:00,4176.135,4194.592,4173.96,4187.714,8356,40,0
2026-07-03 01:30:00+00:00,4187.576,4195.606,4179.04,4180.025,6793,40,0
2026-07-03 01:45:00+00:00,4179.907,4184.277,4175.291,4182.598,4088,40,0
2026-07-03 02:00:00+00:00,4182.492,4184.641,4177.086,4179.6,3762,40,0
2026-07-03 02:15:00+00:00,4179.447,4181.291,4176.453,4179.165,2255,40,0
2026-07-03 02:30:00+00:00,4179.163,4186.986,4178.081,4183.143,3729,40,0
2026-07-03 02:45:00+00:00,4183.198,4186.885,4178.898,4183.66,3128,40,0
2026-07-03 03:00:00+00:00,4183.357,4184.694,4179.632,4182.928,2818,40,0
2026-07-03 03:15:00+00:00,4182.98,4183.779,4179.331,4181.512,1884,40,0
2026-07-03 03:30:00+00:00,4181.562,4183.211,4177.383,4177.58,2464,40,0
2026-07-03 03:45:00+00:00,4177.692,4179.388,4175.211,4176.007,1670,40,0
2026-07-03 04:00:00+00:00,4176.231,4179.127,4173.141,4177.695,1752,40,0
2026-07-03 04:15:00+00:00,4177.63,4182.956,4176.589,4178.524,1679,40,0
2026-07-03 04:30:00+00:00,4178.811,4178.926,4175.392,4177.409,1230,40,0
2026-07-03 04:45:00+00:00,4177.194,4179.075,4174.724,4179.069,1326,40,0
2026-07-03 05:00:00+00:00,4179.015,4181.393,4177.022,4178.262,1825,40,0
2026-07-03 05:15:00+00:00,4178.243,4179.474,4173.031,4176.215,1867,40,0
2026-07-03 05:30:00+00:00,4176.336,4182.139,4173.153,4175.366,3513,40,0
2026-07-03 05:45:00+00:00,4175.168,4176.641,4169.231,4171.336,2407,40,0
2026-07-03 06:00:00+00:00,4171.446,4171.887,4162.278,4162.582,4204,40,0
2026-07-03 06:15:00+00:00,4162.634,4167.18,4160.411,4165.024,3190,40,0
2026-07-03 06:30:00+00:00,4165.076,4173.681,4164.613,4171.024,2945,40,0
2026-07-03 06:45:00+00:00,4171.027,4174.548,4170.27,4173.219,2117,40,0
2026-07-03 07:00:00+00:00,4173.278,4181.408,4171.26,4174.239,2729,40,0
2026-07-03 07:15:00+00:00,4174.178,4175.942,4169.323,4175.628,2034,40,0
2026-07-03 07:30:00+00:00,4175.686,4179.901,4173.768,4179.509,2177,40,0
2026-07-03 07:45:00+00:00,4179.827,4181.88,4174.719,4177.59,2296,40,0
2026-07-03 08:00:00+00:00,4177.521,4185.93,4177.516,4183.919,2464,40,0
2026-07-03 08:15:00+00:00,4183.918,4185.629,4181.155,4183.122,2030,40,0
2026-07-03 08:30:00+00:00,4183.053,4186.604,4180.599,4184.356,2213,40,0
2026-07-03 08:45:00+00:00,4184.167,4185.598,4176.868,4180.929,2170,40,0
2026-07-03 09:00:00+00:00,4181.057,4181.969,4175.816,4180.506,1914,40,0
2026-07-03 09:15:00+00:00,4180.313,4180.444,4171.247,4172.06,2130,40,0
2026-07-03 09:30:00+00:00,4171.811,4173.161,4168.373,4172.301,2346,40,0
2026-07-03 09:45:00+00:00,4172.371,4175.219,4171.514,4172.163,1656,40,0
2026-07-03 10:00:00+00:00,4172.11,4180.756,4170.786,4179.744,1637,40,0
2026-07-03 10:15:00+00:00,4179.745,4181.382,4177.925,4178.717,1477,40,0
2026-07-03 10:30:00+00:00,4178.769,4179.231,4175.411,4177.898,1337,40,0
2026-07-03 10:45:00+00:00,4177.911,4178.902,4174.538,4177.18,1285,40,0
2026-07-03 11:00:00+00:00,4176.956,4183.949,4175.506,4183.277,1900,40,0
2026-07-03 11:15:00+00:00,4183.332,4186.103,4182.597,4183.271,1548,40,0
2026-07-03 11:30:00+00:00,4182.967,4186.092,4182.62,4185.29,1395,40,0
2026-07-03 11:45:00+00:00,4185.525,4186.39,4178.739,4180.985,1599,40,0
2026-07-03 12:00:00+00:00,4181.055,4183.439,4177.847,4177.847,1936,40,0
2026-07-03 12:15:00+00:00,4178.123,4178.432,4172.203,4174.737,1898,40,0
2026-07-03 12:30:00+00:00,4174.933,4177.701,4172.907,4175.168,1960,40,0
2026-07-03 12:45:00+00:00,4175.056,4177.687,4172.214,4176.768,1564,40,0
2026-07-03 13:00:00+00:00,4176.825,4179.338,4164.521,4166.861,4136,40,0
2026-07-03 13:15:00+00:00,4166.801,4172.265,4166.518,4171.463,2495,40,0
2026-07-03 13:30:00+00:00,4171.693,4171.789,4165.048,4167.106,2737,40,0
2026-07-03 13:45:00+00:00,4167.161,4169.125,4163.489,4164.696,2484,40,0
2026-07-03 14:00:00+00:00,4164.631,4167.34,4155.284,4162.523,3626,40,0
2026-07-03 14:15:00+00:00,4162.471,4167.034,4161.244,4166.225,2347,40,0
2026-07-03 14:30:00+00:00,4166.114,4167.38,4163.373,4164.18,1912,40,0
2026-07-03 14:45:00+00:00,4164.125,4171.212,4163.604,4169.7,1718,40,0
2026-07-03 15:00:00+00:00,4169.743,4174.274,4168.624,4172.435,1856,40,0
2026-07-03 15:15:00+00:00,4172.381,4174.368,4166.963,4167.624,1681,40,0
2026-07-03 15:30:00+00:00,4167.32,4169.006,4166.141,4167.921,1571,40,0
2026-07-03 15:45:00+00:00,4167.957,4169.141,4164.453,4165.04,1408,40,0
2026-07-03 16:00:00+00:00,4164.985,4166.07,4163.097,4164.199,1473,40,0
2026-07-03 16:15:00+00:00,4164.089,4167.833,4162.764,4166.833,1240,40,0
2026-07-03 16:30:00+00:00,4166.967,4170.651,4166.694,4170.154,1375,40,0
2026-07-03 16:45:00+00:00,4170.351,4176.447,4169.666,4175.013,1646,40,0
2026-07-05 22:00:00+00:00,4178.022,4186.129,4173.296,4181.398,2820,40,0
2026-07-05 22:15:00+00:00,4181.569,4186.036,4177.272,4184.847,1870,40,0
2026-07-05 22:30:00+00:00,4184.766,4191.788,4182.97,4188.809,1968,40,0
2026-07-05 22:45:00+00:00,4189.003,4190.123,4183.171,4188.448,2030,40,0
2026-07-05 23:00:00+00:00,4188.401,4191.695,4186.807,4187.471,1563,40,0
2026-07-05 23:15:00+00:00,4187.67,4202.378,4186.554,4200.289,1770,40,0
2026-07-05 23:30:00+00:00,4200.332,4201.661,4193.496,4196.544,2176,40,0
2026-07-05 23:45:00+00:00,4196.56,4197.451,4177.475,4183.235,4197,40,0
2026-07-06 00:00:00+00:00,4183.354,4185.562,4170.273,4175.117,7204,40,0
2026-07-06 00:15:00+00:00,4174.855,4181.869,4170.943,4174.769,4720,40,0
2026-07-06 00:30:00+00:00,4174.649,4187.738,4174.15,4185.833,4329,40,0
2026-07-06 00:45:00+00:00,4186.116,4189.122,4174.865,4179.546,3901,40,0
2026-07-06 01:00:00+00:00,4179.492,4193.022,4172.505,4188.717,8654,40,0
2026-07-06 01:15:00+00:00,4188.829,4192.952,4180.686,4189.38,5701,40,0
2026-07-06 01:30:00+00:00,4189.498,4200.714,4187.386,4198.159,6174,40,0
2026-07-06 01:45:00+00:00,4198.104,4203.29,4185.054,4186.222,5394,40,0
2026-07-06 02:00:00+00:00,4186.282,4188.036,4177.191,4181.075,5152,40,0
2026-07-06 02:15:00+00:00,4180.93,4186.384,4175.848,4177.838,3777,40,0
2026-07-06 02:30:00+00:00,4177.769,4178.943,4168.564,4172.602,5620,40,0
2026-07-06 02:45:00+00:00,4172.674,4176.139,4169.844,4174.084,3411,40,0
2026-07-06 03:00:00+00:00,4174.271,4176.361,4165.536,4166.742,4042,40,0
2026-07-06 03:15:00+00:00,4166.691,4168.06,4162.55,4165.647,2720,40,0
2026-07-06 03:30:00+00:00,4165.699,4169.453,4161.586,4163.016,2428,40,0
2026-07-06 03:45:00+00:00,4163.022,4166.864,4161.041,4165.39,2089,40,0
2026-07-06 04:00:00+00:00,4165.34,4166.867,4161.094,4163.38,1958,40,0
2026-07-06 04:15:00+00:00,4163.625,4164.665,4160.145,4161.385,1748,40,0
2026-07-06 04:30:00+00:00,4161.439,4162.634,4157.38,4160.356,2231,40,0
2026-07-06 04:45:00+00:00,4160.091,4161.28,4158.044,4159.97,1682,40,0
2026-07-06 05:00:00+00:00,4159.844,4161.051,4151.183,4152.4,2766,40,0
2026-07-06 05:15:00+00:00,4152.347,4154.469,4150.499,4152.939,2090,40,0
2026-07-06 05:30:00+00:00,4152.884,4160.639,4149.489,4155.61,4753,40,0
2026-07-06 05:45:00+00:00,4155.531,4156.897,4144.725,4148.158,3546,40,0
2026-07-06 06:00:00+00:00,4148.211,4152.334,4145.801,4151.848,3446,40,0
2026-07-06 06:15:00+00:00,4151.899,4156.65,4147.856,4156.448,2802,40,0
2026-07-06 06:30:00+00:00,4156.395,4159.551,4153.294,4155.798,2941,40,0
2026-07-06 06:45:00+00:00,4156.023,4156.981,4148.973,4150.488,2473,40,0
2026-07-06 07:00:00+00:00,4150.436,4153.716,4147.09,4150.962,3149,40,0
2026-07-06 07:15:00+00:00,4150.904,4155.627,4150.214,4153.118,2896,40,0
2026-07-06 07:30:00+00:00,4153.137,4164.507,4151.073,4163.541,2278,40,0
2026-07-06 07:45:00+00:00,4163.595,4166.449,4162.024,4164.633,2114,40,0
2026-07-06 08:00:00+00:00,4164.333,4166.212,4157.335,4158.182,2512,40,0
2026-07-06 08:15:00+00:00,4158.337,4158.799,4153.752,4155.649,2015,40,0
2026-07-06 08:30:00+00:00,4155.399,4156.241,4148.472,4149.279,1908,40,0
2026-07-06 08:45:00+00:00,4149.269,4152.987,4147.011,4150.603,1846,40,0
2026-07-06 09:00:00+00:00,4150.574,4151.358,4147.863,4149.952,1584,40,0
2026-07-06 09:15:00+00:00,4149.706,4149.978,4141.658,4143.794,2352,40,0
2026-07-06 09:30:00+00:00,4143.534,4143.54,4136.311,4139.599,3432,40,0
2026-07-06 09:45:00+00:00,4139.547,4144.833,4138.983,4143.433,1975,40,0
2026-07-06 10:00:00+00:00,4143.171,4148.678,4142.107,4148.268,1621,40,0
2026-07-06 10:15:00+00:00,4148.341,4150.951,4147.42,4148.792,1863,40,0
2026-07-06 10:30:00+00:00,4148.719,4155.749,4148.641,4154.349,2306,40,0
2026-07-06 10:45:00+00:00,4154.262,4156.03,4152.343,4154.966,2298,40,0
2026-07-06 11:00:00+00:00,4155.028,4156.427,4151.666,4154.811,2948,40,0
2026-07-06 11:15:00+00:00,4154.998,4159.753,4153.644,4155.089,2769,40,0
2026-07-06 11:30:00+00:00,4155.082,4158.835,4152.454,4153.668,2322,40,0
2026-07-06 11:45:00+00:00,4153.535,4156.114,4151.826,4155.12,2348,40,0
2026-07-06 12:00:00+00:00,4155.059,4158.636,4153.616,4155.999,2768,40,0
2026-07-06 12:15:00+00:00,4156.322,4157.794,4145.146,4145.938,3804,40,0
2026-07-06 12:30:00+00:00,4145.998,4146.5,4131.45,4133.559,4706,40,0
2026-07-06 12:45:00+00:00,4133.627,4142.779,4133.253,4139.517,3850,40,0
2026-07-06 13:00:00+00:00,4139.568,4148.424,4136.963,4141.426,5169,40,0
2026-07-06 13:15:00+00:00,4141.314,4148.964,4138.81,4142.256,3850,40,0
2026-07-06 13:30:00+00:00,4142.447,4150.509,4142.03,4149.1,6626,40,0
2026-07-06 13:45:00+00:00,4149.159,4149.55,4136.524,4140.901,5006,40,0
2026-07-06 14:00:00+00:00,4140.987,4147.363,4133.605,4140.735,5519,40,0
2026-07-06 14:15:00+00:00,4140.792,4140.9,4132.454,4137.373,4881,40,0
2026-07-06 14:30:00+00:00,4137.192,4141.997,4128.53,4130.375,4330,40,0
2026-07-06 14:45:00+00:00,4130.32,4138.355,4128.923,4138.104,3529,40,0
2026-07-06 15:00:00+00:00,4138.157,4146.688,4137.467,4139.919,3084,40,0
2026-07-06 15:15:00+00:00,4139.863,4151.236,4138.614,4150.573,3055,40,0
2026-07-06 15:30:00+00:00,4150.638,4152.184,4147.144,4150.182,3058,40,0
2026-07-06 15:45:00+00:00,4150.252,4150.492,4144.816,4148.288,2157,40,0
2026-07-06 16:00:00+00:00,4148.34,4148.531,4140.347,4140.803,2091,40,0
2026-07-06 16:15:00+00:00,4140.921,4146.541,4140.418,4145.564,2155,40,0
2026-07-06 16:30:00+00:00,4145.763,4150.431,4145.209,4149.291,1926,40,0
2026-07-06 16:45:00+00:00,4149.595,4156.432,4148.726,4154.999,2181,40,0
2026-07-06 17:00:00+00:00,4155.054,4156.453,4152.452,4153.442,2253,40,0
2026-07-06 17:15:00+00:00,4153.446,4159.733,4150.479,4155.629,2629,40,0
2026-07-06 17:30:00+00:00,4155.751,4159.446,4154.924,4156.83,1993,40,0
2026-07-06 17:45:00+00:00,4156.526,4161.626,4156.099,4161.132,1778,40,0
2026-07-06 18:00:00+00:00,4161.183,4162.084,4155.403,4158.171,1685,40,0
2026-07-06 18:15:00+00:00,4158.22,4163.257,4158.22,4162.086,1503,40,0
2026-07-06 18:30:00+00:00,4162.035,4167.78,4159.758,4164.266,1736,40,0
2026-07-06 18:45:00+00:00,4164.116,4165.314,4162.133,4164.118,1374,40,0
2026-07-06 19:00:00+00:00,4163.964,4165.655,4158.894,4159.386,1398,40,0
2026-07-06 19:15:00+00:00,4159.393,4163.518,4158.847,4162.825,1374,40,0
2026-07-06 19:30:00+00:00,4162.941,4163.253,4159.662,4161.189,1434,40,0
2026-07-06 19:45:00+00:00,4161.183,4165.298,4161.164,4163.732,1786,40,0
2026-07-06 20:00:00+00:00,4163.805,4164.74,4160.97,4161.214,1007,40,0
2026-07-06 20:15:00+00:00,4161.175,4163.349,4160.849,4163.16,760,40,0
2026-07-06 20:30:00+00:00,4162.899,4165.148,4162.526,4163.234,690,40,0
2026-07-06 20:45:00+00:00,4163.234,4164.999,4163.058,4164.415,731,40,0
2026-07-06 22:00:00+00:00,4166.213,4167.979,4163.574,4165.914,895,40,0
2026-07-06 22:15:00+00:00,4165.922,4167.523,4165.1,4166.048,609,40,0
2026-07-06 22:30:00+00:00,4166.062,4168.737,4166.057,4167.378,987,40,0
2026-07-06 22:45:00+00:00,4167.38,4167.785,4164.135,4164.135,864,40,0
2026-07-06 23:00:00+00:00,4164.435,4165.876,4162.966,4165.536,973,40,0
2026-07-06 23:15:00+00:00,4165.753,4165.753,4162.909,4163.116,788,40,0
2026-07-06 23:30:00+00:00,4163.373,4165.385,4160.857,4162.14,878,40,0
2026-07-06 23:45:00+00:00,4162.124,4164.058,4157.014,4157.472,1530,40,0
2026-07-07 00:00:00+00:00,4157.418,4158.454,4152.636,4156.048,3086,40,0
2026-07-07 00:15:00+00:00,4156.108,4160.819,4151.951,4159.772,3153,40,0
2026-07-07 00:30:00+00:00,4159.9,4162.917,4148.309,4149.82,3135,40,0
2026-07-07 00:45:00+00:00,4149.76,4154.048,4145.193,4146.239,3104,40,0
2026-07-07 01:00:00+00:00,4145.973,4148.094,4137.688,4141.768,7149,40,0
2026-07-07 01:15:00+00:00,4141.82,4143.171,4125.804,4132.639,5146,40,0
2026-07-07 01:30:00+00:00,4132.774,4142.354,4132.006,4142.033,4090,40,0
2026-07-07 01:45:00+00:00,4142.097,4146.364,4140.568,4142.009,3097,40,0
2026-07-07 02:00:00+00:00,4141.737,4144.81,4137.519,4142.696,2957,40,0
2026-07-07 02:15:00+00:00,4142.443,4145.353,4137.944,4140.729,2352,40,0
2026-07-07 02:30:00+00:00,4140.664,4144.345,4136.21,4139.706,2906,40,0
2026-07-07 02:45:00+00:00,4139.39,4139.846,4131.399,4136.523,2909,40,0
2026-07-07 03:00:00+00:00,4136.588,4140.106,4135.098,4136.917,2306,40,0
2026-07-07 03:15:00+00:00,4136.644,4137.83,4129.193,4132.288,2908,40,0
2026-07-07 03:30:00+00:00,4132.235,4134.943,4127.081,4129.624,2394,40,0
2026-07-07 03:45:00+00:00,4129.648,4131.818,4124.492,4131.264,2059,40,0
2026-07-07 04:00:00+00:00,4131.046,4141.424,4130.363,4136.575,2484,40,0
2026-07-07 04:15:00+00:00,4136.523,4137.811,4130.796,4132.172,1968,40,0
2026-07-07 04:30:00+00:00,4132.06,4132.504,4128.672,4128.832,1938,40,0
2026-07-07 04:45:00+00:00,4128.958,4131.493,4125.919,4126.869,1639,40,0
2026-07-07 05:00:00+00:00,4126.916,4131.324,4122.114,4122.644,2573,40,0
2026-07-07 05:15:00+00:00,4122.704,4128.824,4120.837,4128.298,2970,40,0
2026-07-07 05:30:00+00:00,4128.237,4128.75,4116.545,4122.565,5885,40,0
2026-07-07 05:45:00+00:00,4122.487,4127.254,4120.503,4124.26,3111,40,0
2026-07-07 06:00:00+00:00,4124.207,4129.576,4121.471,4123.694,3302,40,0
2026-07-07 06:15:00+00:00,4123.803,4129.766,4123.34,4126.67,2820,40,0
2026-07-07 06:30:00+00:00,4126.749,4132.552,4125.009,4132.511,2661,40,0
2026-07-07 06:45:00+00:00,4132.402,4133.193,4128.35,4130.368,2319,40,0
2026-07-07 07:00:00+00:00,4130.451,4131.506,4124.25,4129.56,2518,40,0
2026-07-07 07:15:00+00:00,4129.447,4132.405,4126.112,4126.828,2182,40,0
2026-07-07 07:30:00+00:00,4126.514,4131.181,4125.89,4130.347,1804,40,0
2026-07-07 07:45:00+00:00,4130.399,4133.798,4124.499,4124.871,2460,40,0
2026-07-07 08:00:00+00:00,4124.818,4139.302,4124.464,4137.196,3194,40,0
2026-07-07 08:15:00+00:00,4136.893,4138.852,4134.004,4138.593,2446,40,0
2026-07-07 08:30:00+00:00,4138.642,4139.102,4128.963,4131.177,2413,40,0
2026-07-07 08:45:00+00:00,4130.949,4131.049,4121.867,4126.223,2521,40,0
2026-07-07 09:00:00+00:00,4126.171,4129.132,4124.585,4127.457,2345,40,0
2026-07-07 09:15:00+00:00,4127.764,4130.949,4119.723,4121.846,2278,40,0
2026-07-07 09:30:00+00:00,4121.796,4133.906,4121.697,4132.993,2593,40,0
2026-07-07 09:45:00+00:00,4132.858,4133.351,4124.999,4131.126,2386,40,0
2026-07-07 10:00:00+00:00,4131.178,4135.162,4131.114,4132.663,2265,40,0
2026-07-07 10:15:00+00:00,4132.545,4139.074,4131.987,4137.316,1918,40,0
2026-07-07 10:30:00+00:00,4137.554,4137.734,4134.744,4135.755,1835,40,0
2026-07-07 10:45:00+00:00,4135.567,4137.349,4133.471,4135.638,1795,40,0
2026-07-07 11:00:00+00:00,4135.945,4136.412,4131.892,4133.41,2388,40,0
2026-07-07 11:15:00+00:00,4133.212,4145.315,4132.982,4143.153,2669,40,0
2026-07-07 11:30:00+00:00,4143.054,4149.264,4139.707,4148.407,2625,40,0
2026-07-07 11:45:00+00:00,4148.314,4158.628,4146.947,4156.949,2875,40,0
2026-07-07 12:00:00+00:00,4157.042,4174.82,4154.462,4173.127,5661,40,0
2026-07-07 12:15:00+00:00,4173.189,4175.253,4163.183,4166.041,5004,40,0
2026-07-07 12:30:00+00:00,4166.081,4168.143,4161.558,4166.446,3463,40,0
2026-07-07 12:45:00+00:00,4166.394,4173.018,4164.327,4172.27,3416,40,0
2026-07-07 13:00:00+00:00,4172.316,4178.576,4160.112,4171.283,6748,40,0
2026-07-07 13:15:00+00:00,4171.386,4172.641,4164.215,4166.609,3809,40,0
2026-07-07 13:30:00+00:00,4166.729,4180.612,4163.567,4177.416,8655,40,0
2026-07-07 13:45:00+00:00,4177.468,4180.161,4156.175,4158.769,6299,40,0
2026-07-07 14:00:00+00:00,4158.585,4163.632,4151.077,4152.533,6745,40,0
2026-07-07 14:15:00+00:00,4152.475,4159.929,4151.137,4158.134,5355,40,0
2026-07-07 14:30:00+00:00,4158.199,4159.443,4143.568,4152.295,5131,40,0
2026-07-07 14:45:00+00:00,4152.201,4157.675,4151.844,4154.353,3991,40,0
2026-07-07 15:00:00+00:00,4154.292,4155.692,4148.322,4148.885,4026,40,0
2026-07-07 15:15:00+00:00,4148.826,4149.186,4141.702,4143.273,3780,40,0
2026-07-07 15:30:00+00:00,4143.33,4148.521,4142.288,4146.61,3263,40,0
2026-07-07 15:45:00+00:00,4146.499,4148.264,4135.854,4139.025,2853,40,0
2026-07-07 16:00:00+00:00,4139.023,4143.582,4137.025,4141.286,2503,40,0
2026-07-07 16:15:00+00:00,4141.227,4147.417,4140.727,4145.886,2380,40,0
2026-07-07 16:30:00+00:00,4145.937,4146.698,4142.452,4143.41,2320,40,0
2026-07-07 16:45:00+00:00,4143.433,4146.856,4140.99,4145.048,2191,40,0
2026-07-07 17:00:00+00:00,4145.105,4147.115,4142.22,4143.242,2062,40,0
2026-07-07 17:15:00+00:00,4142.995,4146.886,4140.434,4146.077,2425,40,0
2026-07-07 17:30:00+00:00,4145.967,4148.366,4144.622,4147.034,2016,40,0
2026-07-07 17:45:00+00:00,4146.983,4147.462,4142.973,4144.532,1587,40,0
2026-07-07 18:00:00+00:00,4144.583,4145.428,4140.968,4142.373,2063,40,0
2026-07-07 18:15:00+00:00,4142.258,4144.438,4140.16,4141.862,1966,40,0
2026-07-07 18:30:00+00:00,4141.788,4142.523,4136.121,4141.912,2098,40,0
2026-07-07 18:45:00+00:00,4141.968,4142.79,4125.004,4127.162,5813,40,0
2026-07-07 19:00:00+00:00,4127.077,4127.966,4103.009,4106.055,8658,40,0
2026-07-07 19:15:00+00:00,4105.975,4106.684,4092.25,4103.45,7430,40,0
2026-07-07 19:30:00+00:00,4103.667,4115.096,4103.486,4109.175,4145,40,0
2026-07-07 19:45:00+00:00,4109.434,4117.687,4108.021,4114.128,3689,40,0
2026-07-07 20:00:00+00:00,4114.071,4115.992,4112.185,4112.927,1869,40,0
2026-07-07 20:15:00+00:00,4112.872,4113.408,4106.388,4110.752,1555,40,0
2026-07-07 20:30:00+00:00,4110.739,4111.367,4104.607,4105.953,1279,40,0
2026-07-07 20:45:00+00:00,4106.092,4107.246,4103.508,4106.72,1372,40,0
2026-07-07 22:00:00+00:00,4097.863,4106.475,4094.268,4104.301,1730,40,0
2026-07-07 22:15:00+00:00,4104.236,4104.291,4099.613,4099.913,921,40,0
2026-07-07 22:30:00+00:00,4099.632,4102.886,4098.826,4101.356,1334,40,0
2026-07-07 22:45:00+00:00,4101.299,4101.299,4095.91,4098.258,1655,40,0
2026-07-07 23:00:00+00:00,4098.268,4108.076,4096.215,4105.759,2312,40,0
2026-07-07 23:15:00+00:00,4105.735,4106.898,4101.25,4104.872,1693,40,0
2026-07-07 23:30:00+00:00,4105.109,4105.57,4097.538,4098.474,1593,40,0
2026-07-07 23:45:00+00:00,4098.488,4101.517,4095.785,4098.719,2132,40,0
2026-07-08 00:00:00+00:00,4098.571,4104.285,4096.894,4100.173,5923,40,0
2026-07-08 00:15:00+00:00,4100.517,4108.213,4098.848,4105.725,4217,40,0
2026-07-08 00:30:00+00:00,4105.775,4126.999,4103.907,4123.531,5287,40,0
2026-07-08 00:45:00+00:00,4123.597,4125.399,4111.273,4111.756,4823,40,0
2026-07-08 01:00:00+00:00,4111.687,4118.084,4098.329,4108.308,11461,40,0
2026-07-08 01:15:00+00:00,4108.559,4110.52,4102.181,4102.887,5271,40,0
2026-07-08 01:30:00+00:00,4102.949,4105.965,4096.555,4103.203,6423,40,0
2026-07-08 01:45:00+00:00,4103.125,4113.261,4102.154,4111.203,5488,40,0
2026-07-08 02:00:00+00:00,4111.261,4118.248,4106.214,4112.343,5022,40,0
2026-07-08 02:15:00+00:00,4112.286,4125.078,4112.232,4119.111,3835,40,0
2026-07-08 02:30:00+00:00,4119.04,4121.447,4116.346,4120.136,3862,40,0
2026-07-08 02:45:00+00:00,4120.235,4120.883,4113.498,4114.552,3162,40,0
2026-07-08 03:00:00+00:00,4114.497,4131.044,4114.485,4128.332,5192,40,0
2026-07-08 03:15:00+00:00,4128.191,4130.94,4124.605,4129.956,2970,40,0
2026-07-08 03:30:00+00:00,4129.88,4131.34,4125.477,4126.827,2125,40,0
2026-07-08 03:45:00+00:00,4126.544,4129.324,4122.721,4123.614,1857,40,0
2026-07-08 04:00:00+00:00,4123.557,4128.878,4121.809,4124.462,2351,40,0
2026-07-08 04:15:00+00:00,4124.476,4127.556,4120.779,4126.213,2846,40,0
2026-07-08 04:30:00+00:00,4126.178,4128.414,4122.199,4125.071,2698,40,0
2026-07-08 04:45:00+00:00,4125.296,4127.152,4123.792,4125.195,2126,40,0
2026-07-08 05:00:00+00:00,4125.352,4133.928,4124.793,4125.728,3199,40,0
2026-07-08 05:15:00+00:00,4125.617,4129.495,4121.947,4122.067,2918,40,0
2026-07-08 05:30:00+00:00,4122.151,4131.706,4121.117,4128.274,5205,40,0
2026-07-08 05:45:00+00:00,4128.591,4130.169,4124.838,4127.794,3620,40,0
2026-07-08 06:00:00+00:00,4127.847,4131.967,4122.129,4131.563,4042,40,0
2026-07-08 06:15:00+00:00,4131.617,4133.757,4128.766,4129.698,3338,40,0
2026-07-08 06:30:00+00:00,4129.476,4130.034,4124.741,4126.468,2904,40,0
2026-07-08 06:45:00+00:00,4126.73,4127.322,4123.397,4123.65,2642,40,0
2026-07-08 07:00:00+00:00,4123.709,4125.234,4116.361,4118.1,3168,40,0
2026-07-08 07:15:00+00:00,4118.096,4121.391,4114.681,4120.303,2782,40,0
2026-07-08 07:30:00+00:00,4120.363,4127.237,4118.264,4127.212,2671,40,0
2026-07-08 07:45:00+00:00,4127.263,4127.282,4119.164,4121.498,2452,40,0
2026-07-08 08:00:00+00:00,4121.446,4121.446,4116.655,4117.871,2922,40,0
2026-07-08 08:15:00+00:00,4118.001,4121.095,4080.904,4089.01,21858,40,0
2026-07-08 08:30:00+00:00,4088.954,4092.253,4060.603,4065.66,12803,40,0
2026-07-08 08:45:00+00:00,4065.843,4075.96,4052.207,4056.815,10561,40,0
2026-07-08 09:00:00+00:00,4056.75,4056.924,4050.26,4055.904,8235,40,0
2026-07-08 09:15:00+00:00,4055.847,4061.198,4053.755,4056.857,6348,40,0
2026-07-08 09:30:00+00:00,4056.806,4058.836,4044.536,4048.313,6217,40,0
2026-07-08 09:45:00+00:00,4048.261,4052.755,4041.514,4043.477,4661,40,0
2026-07-08 10:00:00+00:00,4043.529,4048.651,4040.459,4044.708,4632,40,0
2026-07-08 10:15:00+00:00,4044.814,4055.807,4043.364,4050.686,4299,40,0
2026-07-08 10:30:00+00:00,4050.633,4058.407,4049.951,4057.22,4067,40,0
2026-07-08 10:45:00+00:00,4057.272,4058.595,4053.105,4053.113,3388,40,0
2026-07-08 11:00:00+00:00,4053.059,4057.133,4048.247,4050.961,3925,40,0
2026-07-08 11:15:00+00:00,4050.911,4054.652,4047.702,4050.361,3799,40,0
2026-07-08 11:30:00+00:00,4050.232,4065.974,4041.353,4064.45,6819,40,0
2026-07-08 11:45:00+00:00,4064.502,4072.811,4059.356,4062.09,8676,40,0
2026-07-08 12:00:00+00:00,4062.035,4073.674,4058.656,4071.84,6289,40,0
2026-07-08 12:15:00+00:00,4071.896,4077.961,4065.773,4070.927,5746,40,0
2026-07-08 12:30:00+00:00,4070.874,4078.422,4067.896,4078.102,6035,40,0
2026-07-08 12:45:00+00:00,4078.154,4086.599,4070.863,4072.57,8212,40,0
2026-07-08 13:00:00+00:00,4072.514,4083.258,4069.711,4072.077,11167,40,0
2026-07-08 13:15:00+00:00,4072.221,4076.155,4065.213,4066.935,7052,40,0
2026-07-08 13:30:00+00:00,4066.886,4080.52,4066.886,4073.4,11931,40,0
2026-07-08 13:45:00+00:00,4073.35,4079.369,4068.309,4070.765,7369,40,0
2026-07-08 14:00:00+00:00,4070.709,4071.675,4056.732,4057.676,8794,40,0
2026-07-08 14:15:00+00:00,4057.613,4065.375,4051.505,4060.074,8488,40,0
2026-07-08 14:30:00+00:00,4060.22,4061.519,4035.306,4036.653,8613,40,0
2026-07-08 14:45:00+00:00,4036.534,4046.607,4033.82,4040.998,7431,40,0
2026-07-08 15:00:00+00:00,4040.922,4043.835,4033.531,4033.597,6402,40,0
2026-07-08 15:15:00+00:00,4033.917,4036.215,4026.178,4030.816,6752,40,0
2026-07-08 15:30:00+00:00,4030.871,4033.858,4021.695,4032.879,6471,40,0
2026-07-08 15:45:00+00:00,4032.815,4038.642,4029.776,4034.179,4512,40,0
2026-07-08 16:00:00+00:00,4034.233,4043.139,4033.205,4039.557,4505,40,0
2026-07-08 16:15:00+00:00,4039.367,4045.238,4037.653,4043.551,4138,40,0
2026-07-08 16:30:00+00:00,4043.496,4057.694,4039.523,4056.662,7202,40,0
2026-07-08 16:45:00+00:00,4056.606,4064.62,4053.621,4063.661,4996,40,0
2026-07-08 17:00:00+00:00,4063.779,4070.611,4059.718,4064.981,4445,40,0
2026-07-08 17:15:00+00:00,4065.051,4074.021,4063.42,4073.068,4721,40,0
2026-07-08 17:30:00+00:00,4073.008,4076.571,4068.803,4069.964,3275,40,0
2026-07-08 17:45:00+00:00,4069.916,4070.449,4064.316,4065.84,2838,40,0
2026-07-08 18:00:00+00:00,4065.778,4075.798,4063.487,4075.171,5079,40,0
2026-07-08 18:15:00+00:00,4075.23,4075.358,4067.43,4069.796,3820,40,0
2026-07-08 18:30:00+00:00,4069.851,4079.684,4066.987,4079.461,3851,40,0
2026-07-08 18:45:00+00:00,4079.413,4091.643,4078.674,4084.283,4628,40,0
2026-07-08 19:00:00+00:00,4084.334,4091.159,4084.334,4087.506,3949,40,0
2026-07-08 19:15:00+00:00,4087.48,4088.783,4084.692,4088.266,2516,40,0
2026-07-08 19:30:00+00:00,4088.319,4091.513,4083.497,4084.122,3073,40,0
2026-07-08 19:45:00+00:00,4084.003,4084.379,4078.261,4080.105,3958,40,0
2026-07-08 20:00:00+00:00,4080.159,4083.697,4076.14,4078.87,2661,40,0
2026-07-08 20:15:00+00:00,4078.92,4079.949,4074.183,4077.044,1933,40,0
2026-07-08 20:30:00+00:00,4076.8,4078.706,4071.711,4074.802,1769,40,0
2026-07-08 20:45:00+00:00,4074.812,4079.777,4074.07,4077.5,1360,40,0
2026-07-08 22:00:00+00:00,4078.137,4080.055,4072.674,4077.072,1415,40,0
2026-07-08 22:15:00+00:00,4077.174,4079.023,4073.487,4074.523,1372,40,0
2026-07-08 22:30:00+00:00,4074.529,4079.343,4073.622,4076.485,1430,40,0
2026-07-08 22:45:00+00:00,4076.459,4080.015,4076.079,4076.705,1076,40,0
2026-07-08 23:00:00+00:00,4076.726,4077.596,4073.86,4077.082,991,40,0
2026-07-08 23:15:00+00:00,4077.088,4077.949,4075.282,4077.813,860,40,0
2026-07-08 23:30:00+00:00,4077.512,4077.512,4073.953,4075.179,1184,40,0
2026-07-08 23:45:00+00:00,4075.307,4077.824,4071.95,4076.376,1641,40,0
2026-07-09 00:00:00+00:00,4076.184,4087.615,4076.017,4087.469,4560,40,0
2026-07-09 00:15:00+00:00,4087.4,4090.093,4073.795,4078.053,3601,40,0
2026-07-09 00:30:00+00:00,4078.105,4082.065,4075.465,4077.031,3636,40,0
2026-07-09 00:45:00+00:00,4076.933,4079.079,4070.18,4073.922,3111,40,0
2026-07-09 01:00:00+00:00,4073.851,4078.96,4065.335,4074.169,7486,40,0
2026-07-09 01:15:00+00:00,4074.394,4076.972,4066.605,4066.835,4571,40,0
2026-07-09 01:30:00+00:00,4066.78,4075.356,4062.477,4073.36,4374,40,0
2026-07-09 01:45:00+00:00,4073.318,4076.251,4068.921,4072.856,3058,40,0
2026-07-09 02:00:00+00:00,4073.114,4079.613,4072.045,4078.373,3451,40,0
2026-07-09 02:15:00+00:00,4078.317,4082.902,4076.768,4080.694,2366,40,0
2026-07-09 02:30:00+00:00,4080.692,4081.882,4069.887,4070.991,3262,40,0
2026-07-09 02:45:00+00:00,4070.933,4071.99,4064.301,4065.243,3072,40,0
2026-07-09 03:00:00+00:00,4065.183,4067.625,4055.267,4058.884,3733,40,0
2026-07-09 03:15:00+00:00,4058.772,4061.319,4054.293,4058.167,3149,40,0
2026-07-09 03:30:00+00:00,4058.221,4063.381,4056.46,4061.877,2237,40,0
2026-07-09 03:45:00+00:00,4061.914,4064.16,4061.063,4064.16,1586,40,0
2026-07-09 04:00:00+00:00,4064.211,4064.571,4058.75,4060.452,1906,40,0
2026-07-09 04:15:00+00:00,4060.535,4061.184,4057.329,4059.124,1865,40,0
2026-07-09 04:30:00+00:00,4059.128,4064.624,4056.433,4058.138,2025,40,0
2026-07-09 04:45:00+00:00,4057.918,4064.5,4056.624,4064.25,1841,40,0
2026-07-09 05:00:00+00:00,4064.301,4076.147,4063.604,4073.567,4222,40,0
2026-07-09 05:15:00+00:00,4073.51,4073.708,4066.969,4072.146,2852,40,0
2026-07-09 05:30:00+00:00,4072.294,4077.28,4064.885,4075.503,4473,40,0
2026-07-09 05:45:00+00:00,4075.558,4084.429,4073.823,4081.988,3457,40,0
2026-07-09 06:00:00+00:00,4082.04,4100.083,4081.483,4092.057,6644,40,0
2026-07-09 06:15:00+00:00,4092.006,4103.409,4091.33,4102.321,5270,40,0
2026-07-09 06:30:00+00:00,4102.262,4107.238,4095.987,4102.846,4515,40,0
2026-07-09 06:45:00+00:00,4102.906,4108.305,4102.258,4108.168,2967,40,0
2026-07-09 07:00:00+00:00,4107.969,4110.464,4101.444,4101.524,3416,40,0
2026-07-09 07:15:00+00:00,4101.726,4110.062,4101.726,4108.852,2715,40,0
2026-07-09 07:30:00+00:00,4108.904,4111.126,4103.882,4109.128,2710,40,0
2026-07-09 07:45:00+00:00,4109.242,4111.362,4104.738,4107.813,2151,40,0
2026-07-09 08:00:00+00:00,4107.865,4110.711,4105.248,4108.124,2913,40,0
2026-07-09 08:15:00+00:00,4108.173,4117.906,4107.671,4114.762,3253,40,0
2026-07-09 08:30:00+00:00,4114.963,4116.723,4110.275,4113.717,2296,40,0
2026-07-09 08:45:00+00:00,4113.777,4113.83,4107.701,4108.475,2138,40,0
2026-07-09 09:00:00+00:00,4108.524,4109.767,4105.791,4108.643,2107,40,0
2026-07-09 09:15:00+00:00,4108.593,4112.587,4107.342,4108.407,2318,40,0
2026-07-09 09:30:00+00:00,4108.558,4110.253,4103.238,4103.766,2659,40,0
2026-07-09 09:45:00+00:00,4103.959,4107.615,4103.226,4106.246,1817,40,0
2026-07-09 10:00:00+00:00,4106.296,4110.262,4104.113,4105.278,2170,40,0
2026-07-09 10:15:00+00:00,4105.328,4106.706,4103.944,4104.488,1533,40,0
2026-07-09 10:30:00+00:00,4104.473,4105.594,4102.401,4103.571,1688,40,0
2026-07-09 10:45:00+00:00,4103.563,4104.465,4093.637,4099.029,3112,40,0
2026-07-09 11:00:00+00:00,4099.111,4105.474,4097.839,4104.98,2458,40,0
2026-07-09 11:15:00+00:00,4105.016,4107.351,4099.01,4100.707,2150,40,0
2026-07-09 11:30:00+00:00,4100.651,4109.691,4098.848,4106.457,2642,40,0
2026-07-09 11:45:00+00:00,4106.337,4110.746,4104.645,4108.628,2288,40,0
2026-07-09 12:00:00+00:00,4108.723,4120.4,4105.928,4112.582,3943,40,0
2026-07-09 12:15:00+00:00,4112.945,4113.776,4105.189,4107.28,3594,40,0
2026-07-09 12:30:00+00:00,4107.094,4122.834,4107.094,4113.392,4769,40,0
2026-07-09 12:45:00+00:00,4113.094,4114.702,4107.469,4107.903,3274,40,0
2026-07-09 13:00:00+00:00,4107.846,4121.409,4106.775,4120.572,5358,40,0
2026-07-09 13:15:00+00:00,4120.633,4127.552,4118.553,4126.218,4793,40,0
2026-07-09 13:30:00+00:00,4126.268,4129.748,4119.638,4127.293,7088,40,0
2026-07-09 13:45:00+00:00,4127.393,4127.902,4117.732,4121.902,5228,40,0
2026-07-09 14:00:00+00:00,4121.838,4136.421,4120.243,4122.446,6229,40,0
2026-07-09 14:15:00+00:00,4122.497,4125.765,4114.245,4124.862,6047,40,0
2026-07-09 14:30:00+00:00,4124.924,4126.861,4120.596,4124.073,4047,40,0
2026-07-09 14:45:00+00:00,4124.206,4128.214,4118.09,4127.735,3628,40,0
2026-07-09 15:00:00+00:00,4127.799,4131.016,4124.747,4125.144,3129,40,0
2026-07-09 15:15:00+00:00,4125.199,4130.884,4124.84,4127.856,3035,40,0
2026-07-09 15:30:00+00:00,4127.915,4131.601,4126.236,4130.08,2757,40,0
2026-07-09 15:45:00+00:00,4130.186,4132.873,4126.319,4126.696,2523,40,0
2026-07-09 16:00:00+00:00,4126.973,4131.477,4125.737,4130.18,2420,40,0
2026-07-09 16:15:00+00:00,4130.229,4133.428,4128.781,4132.951,2329,40,0
2026-07-09 16:30:00+00:00,4132.897,4138.177,4131.705,4133.266,2744,40,0
2026-07-09 16:45:00+00:00,4133.348,4134.409,4128.186,4128.186,1859,40,0
2026-07-09 17:00:00+00:00,4128.281,4129.045,4125.682,4127.683,2436,40,0
2026-07-09 17:15:00+00:00,4127.347,4131.98,4124.933,4131.541,2573,40,0
2026-07-09 17:30:00+00:00,4131.6,4134.345,4129.213,4132.416,2336,40,0
2026-07-09 17:45:00+00:00,4132.217,4138.272,4131.891,4136.066,1858,40,0
2026-07-09 18:00:00+00:00,4136.268,4136.343,4127.579,4128.57,1875,40,0
2026-07-09 18:15:00+00:00,4128.889,4128.998,4122.969,4124.08,1883,40,0
2026-07-09 18:30:00+00:00,4124.097,4125.6,4121.398,4125.6,1679,40,0
2026-07-09 18:45:00+00:00,4125.294,4125.566,4122.293,4124.66,1368,40,0
2026-07-09 19:00:00+00:00,4124.611,4127.008,4122.899,4124.581,1546,40,0
2026-07-09 19:15:00+00:00,4124.322,4125.576,4120.706,4121.174,1296,40,0
2026-07-09 19:30:00+00:00,4120.952,4122.839,4118.741,4120.47,1625,40,0
2026-07-09 19:45:00+00:00,4120.42,4123.7,4119.928,4122.35,1705,40,0
2026-07-09 20:00:00+00:00,4122.301,4124.27,4120.855,4121.565,1089,40,0
2026-07-09 20:15:00+00:00,4121.617,4122.648,4120.688,4121.236,792,40,0
2026-07-09 20:30:00+00:00,4121.182,4125.6,4120.799,4124.676,836,40,0
2026-07-09 20:45:00+00:00,4124.592,4124.753,4123.159,4124.03,746,40,0
2026-07-09 22:00:00+00:00,4125.633,4127.648,4122.241,4123.538,1109,40,0
2026-07-09 22:15:00+00:00,4123.523,4124.971,4122.388,4123.074,864,40,0
2026-07-09 22:30:00+00:00,4123.326,4124.836,4122.334,4123.529,931,40,0
2026-07-09 22:45:00+00:00,4123.535,4124.137,4121.469,4121.962,911,40,0
2026-07-09 23:00:00+00:00,4121.944,4124.488,4121.578,4123.853,820,40,0
2026-07-09 23:15:00+00:00,4123.89,4125.289,4121.521,4122.295,862,40,0
2026-07-09 23:30:00+00:00,4122.416,4123.236,4121.009,4122.73,711,40,0
2026-07-09 23:45:00+00:00,4122.986,4124.628,4121.723,4123.647,971,40,0
2026-07-10 00:00:00+00:00,4123.595,4125.875,4119.826,4122.397,2592,40,0
2026-07-10 00:15:00+00:00,4122.422,4123.734,4116.912,4119.504,2007,40,0
2026-07-10 00:30:00+00:00,4119.566,4124.087,4114.23,4123.216,2305,40,0
2026-07-10 00:45:00+00:00,4123.167,4128.329,4121.254,4126.439,2542,40,0
2026-07-10 01:00:00+00:00,4126.491,4131.176,4118.805,4124.897,5131,40,0
2026-07-10 01:15:00+00:00,4125.011,4127.691,4120.443,4121.814,3352,40,0
2026-07-10 01:30:00+00:00,4121.667,4123.599,4108.907,4111.822,3961,40,0
2026-07-10 01:45:00+00:00,4111.703,4121.507,4108.588,4117.043,3173,40,0
2026-07-10 02:00:00+00:00,4117.102,4129.141,4116.087,4124.838,3196,40,0
2026-07-10 02:15:00+00:00,4124.902,4128.156,4121.925,4125.732,2186,40,0
2026-07-10 02:30:00+00:00,4125.841,4128.714,4122.366,4125.64,2377,40,0
2026-07-10 02:45:00+00:00,4125.772,4129.264,4123.461,4128.021,2040,40,0
2026-07-10 03:00:00+00:00,4127.958,4134.905,4125.912,4126.85,2838,40,0
2026-07-10 03:15:00+00:00,4126.905,4128.265,4120.638,4125.425,2380,40,0
2026-07-10 03:30:00+00:00,4125.166,4128.111,4121.132,4121.707,1991,40,0
2026-07-10 03:45:00+00:00,4121.776,4122.558,4119.375,4120.405,1557,40,0
2026-07-10 04:00:00+00:00,4120.323,4121.267,4116.664,4120.903,1578,40,0
2026-07-10 04:15:00+00:00,4120.848,4121.26,4112.113,4117.717,2297,40,0
2026-07-10 04:30:00+00:00,4117.502,4119.634,4116.598,4118.939,1247,40,0
2026-07-10 04:45:00+00:00,4118.973,4119.183,4114.834,4115.322,1449,40,0
2026-07-10 05:00:00+00:00,4115.272,4116.439,4112.98,4114.08,1817,40,0
2026-07-10 05:15:00+00:00,4114.214,4117.303,4112.917,4114.369,2003,40,0
2026-07-10 05:30:00+00:00,4114.255,4115.449,4108.985,4113.972,3849,40,0
2026-07-10 05:45:00+00:00,4113.92,4117.104,4108.305,4116.831,2949,40,0
2026-07-10 06:00:00+00:00,4116.89,4119.414,4114.778,4115.357,2617,40,0
2026-07-10 06:15:00+00:00,4115.358,4120.318,4113.855,4114.48,2671,40,0
2026-07-10 06:30:00+00:00,4114.429,4116.378,4111.291,4111.609,2470,40,0
2026-07-10 06:45:00+00:00,4111.662,4114.523,4111.36,4111.961,1910,40,0
2026-07-10 07:00:00+00:00,4111.951,4113.874,4108.946,4111.743,2278,40,0
2026-07-10 07:15:00+00:00,4111.794,4115.324,4108.539,4112.457,2346,40,0
2026-07-10 07:30:00+00:00,4112.759,4114.682,4105.376,4107.003,2059,40,0
2026-07-10 07:45:00+00:00,4107.066,4110.025,4104.391,4108.937,2327,40,0
2026-07-10 08:00:00+00:00,4108.988,4109.619,4104.083,4107.146,2566,40,0
2026-07-10 08:15:00+00:00,4107.333,4108.806,4103.262,4104.615,2183,40,0
2026-07-10 08:30:00+00:00,4104.666,4105.769,4099.502,4101.751,2086,40,0
2026-07-10 08:45:00+00:00,4101.884,4102.057,4094.927,4098.094,2170,40,0
2026-07-10 09:00:00+00:00,4097.789,4100.779,4094.348,4100.757,2258,40,0
2026-07-10 09:15:00+00:00,4100.695,4103.602,4100.001,4102.641,1708,40,0
2026-07-10 09:30:00+00:00,4102.527,4104.183,4098.348,4102.822,1757,40,0
2026-07-10 09:45:00+00:00,4102.798,4105.587,4102.215,4104.237,1570,40,0
2026-07-10 10:00:00+00:00,4104.307,4108.598,4104.209,4106.644,1628,40,0
2026-07-10 10:15:00+00:00,4106.704,4112.744,4106.215,4109.382,2021,40,0
2026-07-10 10:30:00+00:00,4109.63,4110.698,4106.225,4109.051,1443,40,0
2026-07-10 10:45:00+00:00,4108.991,4109.172,4104.354,4104.744,1742,40,0
2026-07-10 11:00:00+00:00,4104.691,4108.275,4104.29,4106.562,1766,40,0
2026-07-10 11:15:00+00:00,4106.313,4108.334,4099.951,4100.354,1824,40,0
2026-07-10 11:30:00+00:00,4100.303,4107.548,4096.08,4106.692,2359,40,0
2026-07-10 11:45:00+00:00,4106.642,4108.224,4102.047,4102.551,1913,40,0
2026-07-10 12:00:00+00:00,4102.556,4117.716,4100.983,4114.954,4391,40,0
2026-07-10 12:15:00+00:00,4115.088,4116.348,4103.328,4106.016,4346,40,0
2026-07-10 12:30:00+00:00,4105.943,4107.196,4097.388,4098.486,3081,40,0
2026-07-10 12:45:00+00:00,4098.427,4105.102,4097.884,4100.669,2392,40,0
2026-07-10 13:00:00+00:00,4100.971,4106.334,4098.74,4104.353,3798,40,0
2026-07-10 13:15:00+00:00,4104.408,4106.897,4085.714,4087.535,4020,40,0
2026-07-10 13:30:00+00:00,4087.394,4102.827,4086.99,4098.687,6637,40,0
2026-07-10 13:45:00+00:00,4098.743,4105.627,4097.242,4099.789,4266,40,0
2026-07-10 14:00:00+00:00,4100.112,4103.553,4097.611,4100.354,4326,40,0
2026-07-10 14:15:00+00:00,4100.3,4109.237,4097.514,4105.565,4239,40,0
2026-07-10 14:30:00+00:00,4105.629,4108.048,4072.976,4099.445,15994,40,0
2026-07-10 14:45:00+00:00,4099.335,4107.681,4091.523,4092.96,5123,40,0
2026-07-10 15:00:00+00:00,4093.014,4101.15,4091.218,4097.731,4251,40,0
2026-07-10 15:15:00+00:00,4097.618,4107.978,4097.4,4102.227,3933,40,0
2026-07-10 15:30:00+00:00,4102.52,4107.113,4101.426,4106.282,3397,40,0
2026-07-10 15:45:00+00:00,4106.331,4113.603,4105.661,4112.977,2934,40,0
2026-07-10 16:00:00+00:00,4113.033,4115.077,4108.114,4110.314,2768,40,0
2026-07-10 16:15:00+00:00,4110.426,4114.657,4107.505,4114.38,2271,40,0
2026-07-10 16:30:00+00:00,4114.327,4115.572,4109.083,4109.236,1936,40,0
2026-07-10 16:45:00+00:00,4109.315,4109.967,4104.563,4104.621,1969,40,0
2026-07-10 17:00:00+00:00,4104.558,4105.631,4102.269,4104.098,2197,40,0
2026-07-10 17:15:00+00:00,4104.155,4106.858,4103.667,4105.576,1970,40,0
2026-07-10 17:30:00+00:00,4105.519,4106.995,4103.3,4104.047,1840,40,0
2026-07-10 17:45:00+00:00,4104.099,4105.274,4100.388,4100.855,1567,40,0
2026-07-10 18:00:00+00:00,4100.965,4105.247,4100.005,4104.743,1694,40,0
2026-07-10 18:15:00+00:00,4105.035,4105.87,4102.091,4102.952,1530,40,0
2026-07-10 18:30:00+00:00,4103.258,4103.927,4098.518,4098.835,1657,40,0
2026-07-10 18:45:00+00:00,4099.198,4101.753,4098.027,4101.268,1313,40,0
2026-07-10 19:00:00+00:00,4101.405,4102.712,4097.791,4101.556,1583,40,0
2026-07-10 19:15:00+00:00,4101.581,4103.384,4101.21,4101.947,1159,40,0
2026-07-10 19:30:00+00:00,4102.023,4103.727,4100.452,4102.775,1422,40,0
2026-07-10 19:45:00+00:00,4102.651,4109.026,4102.319,4108.312,1579,40,0
2026-07-10 20:00:00+00:00,4108.248,4115.315,4108.248,4112.338,1410,40,0
2026-07-10 20:15:00+00:00,4112.064,4112.775,4110.677,4111.297,1004,40,0
2026-07-10 20:30:00+00:00,4111.407,4112.823,4110.433,4111.836,957,40,0
2026-07-10 20:45:00+00:00,4111.784,4121.195,4111.609,4119.859,1351,40,0
2026-07-12 22:00:00+00:00,4098.686,4099.378,4081.019,4081.561,3896,40,0
2026-07-12 22:15:00+00:00,4081.622,4088.296,4080.563,4084.765,2063,40,0
2026-07-12 22:30:00+00:00,4084.714,4086.71,4077.97,4078.419,1786,40,0
2026-07-12 22:45:00+00:00,4078.65,4081.103,4069.948,4076.728,2326,40,0
2026-07-12 23:00:00+00:00,4076.59,4076.731,4068.505,4070.421,2505,40,0
2026-07-12 23:15:00+00:00,4070.365,4075.277,4068.902,4074.656,1512,40,0
2026-07-12 23:30:00+00:00,4074.669,4079.172,4071.672,4077.861,1474,40,0
2026-07-12 23:45:00+00:00,4077.545,4084.991,4075.693,4084.411,3005,40,0
2026-07-13 00:00:00+00:00,4084.459,4091.276,4080.729,4086.803,5219,40,0
2026-07-13 00:15:00+00:00,4086.785,4088.075,4074.241,4074.79,3956,40,0
2026-07-13 00:30:00+00:00,4074.741,4075.765,4061.109,4073.221,4715,40,0
2026-07-13 00:45:00+00:00,4073.136,4077.352,4068.645,4074.234,4803,40,0
2026-07-13 01:00:00+00:00,4073.873,4081.356,4065.38,4079.716,8821,40,0
2026-07-13 01:15:00+00:00,4079.441,4082.032,4071.085,4079.785,6446,40,0
2026-07-13 01:30:00+00:00,4079.67,4089.908,4077.695,4084.556,5585,40,0
2026-07-13 01:45:00+00:00,4084.513,4088.145,4067.378,4072.36,6883,40,0
2026-07-13 02:00:00+00:00,4072.423,4075.146,4070.04,4072.383,5474,40,0
2026-07-13 02:15:00+00:00,4072.077,4074.425,4066.486,4067.354,3962,40,0
2026-07-13 02:30:00+00:00,4067.405,4077.608,4064.736,4072.715,4540,40,0
2026-07-13 02:45:00+00:00,4072.67,4073.199,4068.263,4068.762,3270,40,0
2026-07-13 03:00:00+00:00,4068.709,4069.687,4053.079,4058.051,4602,40,0
2026-07-13 03:15:00+00:00,4058.175,4062.542,4057.893,4061.85,3254,40,0
2026-07-13 03:30:00+00:00,4061.75,4062.642,4056.947,4058.134,2590,40,0
2026-07-13 03:45:00+00:00,4058.183,4061.245,4057.78,4060.456,1709,40,0
2026-07-13 04:00:00+00:00,4060.342,4060.572,4052.216,4054.802,2250,40,0
2026-07-13 04:15:00+00:00,4054.804,4058.085,4050.274,4055.62,2661,40,0
2026-07-13 04:30:00+00:00,4055.802,4057.822,4053.133,4054.191,1787,40,0
2026-07-13 04:45:00+00:00,4054.426,4059.341,4052.607,4058.843,1695,40,0
2026-07-13 05:00:00+00:00,4058.731,4073.348,4054.802,4069.552,4003,40,0
2026-07-13 05:15:00+00:00,4069.479,4069.712,4057.563,4058.338,3126,40,0
2026-07-13 05:30:00+00:00,4058.448,4065.796,4052.149,4063.663,5453,40,0
2026-07-13 05:45:00+00:00,4063.866,4064.345,4052.638,4053.88,4121,40,0
2026-07-13 06:00:00+00:00,4053.947,4056.258,4043.748,4050.964,5775,40,0
2026-07-13 06:15:00+00:00,4051.076,4061.563,4050.599,4061.023,3377,40,0
2026-07-13 06:30:00+00:00,4061.276,4063.758,4058.635,4060.119,3393,40,0
2026-07-13 06:45:00+00:00,4060.179,4060.606,4052.046,4055.469,3205,40,0
2026-07-13 07:00:00+00:00,4055.527,4061.437,4048.91,4055.739,3961,40,0
2026-07-13 07:15:00+00:00,4055.537,4059.319,4055.537,4059.06,2535,40,0
2026-07-13 07:30:00+00:00,4059.004,4063.115,4056.187,4057.464,2671,40,0
2026-07-13 07:45:00+00:00,4057.615,4065.105,4055.992,4064.739,2515,40,0
2026-07-13 08:00:00+00:00,4064.787,4075.207,4063.098,4073.866,4475,40,0
2026-07-13 08:15:00+00:00,4073.92,4080.828,4073.574,4074.376,3953,40,0
2026-07-13 08:30:00+00:00,4074.264,4076.651,4071.881,4075.872,2661,40,0
2026-07-13 08:45:00+00:00,4075.623,4078.679,4072.376,4074.831,2290,40,0
2026-07-13 09:00:00+00:00,4074.777,4076.3,4072.719,4074.57,2082,40,0
2026-07-13 09:15:00+00:00,4074.678,4076.718,4071.401,4072.628,2381,40,0
2026-07-13 09:30:00+00:00,4072.555,4073.953,4069.454,4072.87,2432,40,0
2026-07-13 09:45:00+00:00,4072.88,4073.818,4068.322,4068.417,1900,40,0
2026-07-13 10:00:00+00:00,4068.361,4070.679,4066.672,4067.621,1950,40,0
2026-07-13 10:15:00+00:00,4067.73,4069.495,4064.45,4065.336,1766,40,0
2026-07-13 10:30:00+00:00,4065.222,4068.35,4046.567,4052.316,4024,40,0
2026-07-13 10:45:00+00:00,4052.256,4061.49,4047.985,4060.557,4170,40,0
2026-07-13 11:00:00+00:00,4060.614,4068.263,4058.146,4064.084,3864,40,0
2026-07-13 11:15:00+00:00,4064.032,4065.277,4058.441,4062.95,2524,40,0
2026-07-13 11:30:00+00:00,4062.716,4068.641,4062.166,4065.283,2829,40,0
2026-07-13 11:45:00+00:00,4065.588,4065.852,4055.133,4056.573,2904,40,0
2026-07-13 12:00:00+00:00,4056.607,4060.601,4053.597,4056.585,3916,40,0
2026-07-13 12:15:00+00:00,4056.598,4063.647,4055.386,4059.244,3478,40,0
2026-07-13 12:30:00+00:00,4059.189,4064.195,4058.707,4062.83,3173,40,0
2026-07-13 12:45:00+00:00,4063.133,4067.701,4062.93,4067.348,2519,40,0
2026-07-13 13:00:00+00:00,4067.6,4067.749,4059.37,4061.729,4565,40,0
2026-07-13 13:15:00+00:00,4061.671,4066.058,4058.55,4062.436,3138,40,0
2026-07-13 13:30:00+00:00,4062.334,4064.182,4051.49,4054.815,6882,40,0
2026-07-13 13:45:00+00:00,4054.762,4058.268,4041.973,4043.5,8426,40,0
2026-07-13 14:00:00+00:00,4043.388,4047.162,4029.8,4036.114,9379,40,0
2026-07-13 14:15:00+00:00,4036.058,4037.47,4002.643,4017.1,18997,40,0
2026-07-13 14:30:00+00:00,4016.944,4017.202,4000.318,4005.511,9707,40,0
2026-07-13 14:45:00+00:00,4005.654,4015.516,4002.016,4015.271,6943,40,0
2026-07-13 15:00:00+00:00,4015.319,4017.957,4010.908,4014.997,4724,40,0
2026-07-13 15:15:00+00:00,4014.858,4020.3,4013.064,4016.57,4239,40,0
2026-07-13 15:30:00+00:00,4016.618,4017.936,4012.419,4013.396,3870,40,0
2026-07-13 15:45:00+00:00,4013.342,4016.309,4010.179,4016.205,3271,40,0
2026-07-13 16:00:00+00:00,4015.984,4018.044,4012.557,4013.969,2629,40,0
2026-07-13 16:15:00+00:00,4013.852,4014.201,4000.637,4004.129,3750,40,0
2026-07-13 16:30:00+00:00,4004.055,4005.058,3990.777,4000.653,8892,40,0
2026-07-13 16:45:00+00:00,4000.623,4002.736,3986.511,3993.263,5803,40,0
2026-07-13 17:00:00+00:00,3993.381,3999.205,3992.035,3997.758,4086,40,0
2026-07-13 17:15:00+00:00,3997.813,4002.103,3996.756,3998.855,3730,40,0
2026-07-13 17:30:00+00:00,3998.716,4000.948,3996.128,3997.115,3201,40,0
2026-07-13 17:45:00+00:00,3997.169,3999.602,3992.091,3993.198,3027,40,0
2026-07-13 18:00:00+00:00,3993.25,3995.309,3989.941,3993.773,3679,40,0
2026-07-13 18:15:00+00:00,3993.667,3996.958,3986.703,3995.503,2994,40,0
2026-07-13 18:30:00+00:00,3995.552,4000.749,3993.985,4000.049,2493,40,0
2026-07-13 18:45:00+00:00,4000.098,4005.296,3998.184,4001.692,2661,40,0
2026-07-13 19:00:00+00:00,4001.755,4004.716,3997.863,3998.278,2804,40,0
2026-07-13 19:15:00+00:00,3998.124,4001.097,3996.791,3998.523,2160,40,0
2026-07-13 19:30:00+00:00,3998.471,4001.178,3993.545,3999.437,2562,40,0
2026-07-13 19:45:00+00:00,3999.185,4002.433,3996.864,4001.958,2433,40,0
2026-07-13 20:00:00+00:00,4002.013,4006.39,3998.584,3998.914,2102,40,0
2026-07-13 20:15:00+00:00,3998.786,4000.489,3996.328,4000.039,1623,40,0
2026-07-13 20:30:00+00:00,3999.981,4000.656,3997.264,4000.089,1256,40,0
2026-07-13 20:45:00+00:00,4000.019,4002.406,3998.106,4002.256,1380,40,0
2026-07-13 22:00:00+00:00,4004.225,4006.391,4001.696,4003.965,1081,40,0
2026-07-13 22:15:00+00:00,4003.958,4006.069,4003.958,4004.366,746,40,0
2026-07-13 22:30:00+00:00,4004.379,4005.707,4002.906,4003.842,972,40,0
2026-07-13 22:45:00+00:00,4004.106,4005.152,4000.848,4001.062,1142,40,0
2026-07-13 23:00:00+00:00,4001.132,4003.226,3999.571,4000.351,1174,40,0
2026-07-13 23:15:00+00:00,4000.351,4000.806,3997.008,3997.67,1185,40,0
2026-07-13 23:30:00+00:00,3997.368,3997.578,3993.849,3995.681,1488,40,0
2026-07-13 23:45:00+00:00,3995.63,4002.089,3992.824,4001.013,2349,40,0
2026-07-14 00:00:00+00:00,4001.07,4005.032,3983.412,3995.445,8362,40,0
2026-07-14 00:15:00+00:00,3995.501,3997.2,3985.646,3995.245,5924,40,0
2026-07-14 00:30:00+00:00,3995.364,4007.356,3994.363,4003.133,6027,40,0
2026-07-14 00:45:00+00:00,4003.087,4007.371,4000.756,4004.162,4867,40,0
2026-07-14 01:00:00+00:00,4004.215,4004.409,3992.099,3995.325,8952,40,0
2026-07-14 01:15:00+00:00,3995.504,4005.01,3995.032,3998.108,4678,40,0
2026-07-14 01:30:00+00:00,3997.919,4004.122,3993.004,4002.033,5065,40,0
2026-07-14 01:45:00+00:00,4002.034,4012.238,3999.019,4010.812,4484,40,0
2026-07-14 02:00:00+00:00,4010.867,4017.984,4006.026,4016.675,4311,40,0
2026-07-14 02:15:00+00:00,4016.519,4019.254,4013.86,4017.86,3264,40,0
2026-07-14 02:30:00+00:00,4018.037,4019.215,4010.592,4011.215,3477,40,0
2026-07-14 02:45:00+00:00,4011.15,4014.1,4009.068,4012.428,2484,40,0
2026-07-14 03:00:00+00:00,4012.483,4016.896,4012.049,4014.086,2824,40,0
2026-07-14 03:15:00+00:00,4014.134,4019.015,4011.206,4017.93,2658,40,0
2026-07-14 03:30:00+00:00,4018.005,4019.201,4013.92,4015.372,2570,40,0
2026-07-14 03:45:00+00:00,4015.478,4018.142,4014.583,4016.896,1869,40,0
2026-07-14 04:00:00+00:00,4016.95,4019.036,4013.628,4015.602,2078,40,0
2026-07-14 04:15:00+00:00,4015.892,4017.316,4014.119,4015.864,1850,40,0
2026-07-14 04:30:00+00:00,4015.913,4023.569,4015.671,4020.92,1981,40,0
2026-07-14 04:45:00+00:00,4020.816,4021.548,4015.962,4020.494,2031,40,0
2026-07-14 05:00:00+00:00,4020.555,4024.161,4019.637,4022.973,1948,40,0
2026-07-14 05:15:00+00:00,4023.022,4024.063,4020.066,4022.868,1834,40,0
2026-07-14 05:30:00+00:00,4022.864,4034.283,4022.472,4032.17,4116,40,0
2026-07-14 05:45:00+00:00,4032.158,4032.902,4029.052,4031.332,2689,40,0
2026-07-14 06:00:00+00:00,4031.381,4033.436,4028.61,4030.852,2708,40,0
2026-07-14 06:15:00+00:00,4031.12,4031.356,4023.142,4023.242,2408,40,0
2026-07-14 06:30:00+00:00,4023.301,4026.555,4021.739,4025.502,2436,40,0
2026-07-14 06:45:00+00:00,4025.561,4026.882,4023.023,4024.163,2223,40,0
2026-07-14 07:00:00+00:00,4024.054,4029.232,4020.723,4025.041,2745,40,0
2026-07-14 07:15:00+00:00,4024.927,4030.133,4024.506,4026.609,2380,40,0
2026-07-14 07:30:00+00:00,4026.526,4029.821,4022.901,4023.8,2319,40,0
2026-07-14 07:45:00+00:00,4023.636,4026.336,4020.305,4020.925,2580,40,0
2026-07-14 08:00:00+00:00,4021.039,4022.524,4014.603,4017.283,3688,40,0
2026-07-14 08:15:00+00:00,4017.548,4023.27,4017.272,4021.908,2219,40,0
2026-07-14 08:30:00+00:00,4021.835,4023.949,4018.654,4019.374,2444,40,0
2026-07-14 08:45:00+00:00,4019.441,4021.133,4015.986,4016.162,1996,40,0
2026-07-14 09:00:00+00:00,4016.112,4024.673,4013.868,4020.767,2456,40,0
2026-07-14 09:15:00+00:00,4020.852,4021.897,4015.353,4015.972,2487,40,0
2026-07-14 09:30:00+00:00,4016.042,4018.357,4013.672,4017.097,2244,40,0
2026-07-14 09:45:00+00:00,4017.039,4023.857,4016.451,4021.929,2570,40,0
2026-07-14 10:00:00+00:00,4021.797,4022.432,4017.059,4018.429,1947,40,0
2026-07-14 10:15:00+00:00,4018.445,4020.048,4015.686,4018.031,1999,40,0
2026-07-14 10:30:00+00:00,4017.829,4020.255,4015.122,4019.239,2479,40,0
2026-07-14 10:45:00+00:00,4019.112,4023.035,4018.025,4021.847,2040,40,0
2026-07-14 11:00:00+00:00,4021.526,4024.199,4015.439,4022.869,3168,40,0
2026-07-14 11:15:00+00:00,4022.818,4028.491,4020.692,4025.086,2965,40,0
2026-07-14 11:30:00+00:00,4025.134,4030.537,4024.616,4027.997,2791,40,0
2026-07-14 11:45:00+00:00,4028.047,4032.087,4025.946,4031.131,2412,40,0
2026-07-14 12:00:00+00:00,4031.063,4036.179,4025.272,4026.167,3554,40,0
2026-07-14 12:15:00+00:00,4026.116,4031.185,4023.351,4030.101,3862,0,0
2026-07-14 12:30:00+00:00,4030.226,4103.355,4029.746,4092.703,18358,0,0
2026-07-14 12:45:00+00:00,4092.814,4095.449,4069.079,4076.418,9234,40,0
2026-07-14 13:00:00+00:00,4076.475,4083.371,4070.807,4075.017,9593,40,0
2026-07-14 13:15:00+00:00,4074.902,4086.482,4072.028,4081.796,6185,40,0
2026-07-14 13:30:00+00:00,4081.855,4088.747,4075.639,4087.43,9579,40,0
2026-07-14 13:45:00+00:00,4087.598,4087.705,4074.186,4076.489,6836,40,0
2026-07-14 14:00:00+00:00,4076.728,4085.311,4072.556,4082.414,7158,40,0
2026-07-14 14:15:00+00:00,4082.211,4085.295,4070.627,4076.761,8668,40,0
2026-07-14 14:30:00+00:00,4076.702,4090.679,4073.233,4079.901,9250,40,0
2026-07-14 14:45:00+00:00,4079.956,4087.77,4077.678,4085.026,5215,40,0
2026-07-14 15:00:00+00:00,4085.075,4100.539,4078.83,4090.112,9243,40,0
2026-07-14 15:15:00+00:00,4090.242,4091.273,4082.435,4085.144,4572,40,0
2026-07-14 15:30:00+00:00,4085.076,4087.09,4066.884,4074.356,6238,40,0
2026-07-14 15:45:00+00:00,4074.18,4076.704,4064.531,4066.491,5260,40,0
2026-07-14 16:00:00+00:00,4066.549,4067.251,4057.704,4063.135,4945,40,0
2026-07-14 16:15:00+00:00,4063.086,4065.185,4057.938,4059.556,3164,40,0
2026-07-14 16:30:00+00:00,4059.507,4063.03,4057.82,4061.008,3340,40,0
2026-07-14 16:45:00+00:00,4061.051,4062.196,4057.727,4061.54,2503,40,0
2026-07-14 17:00:00+00:00,4061.594,4064.805,4055.337,4056.684,2893,40,0
2026-07-14 17:15:00+00:00,4056.575,4064.078,4054.408,4062.842,3115,40,0
2026-07-14 17:30:00+00:00,4062.901,4065.314,4059.61,4059.928,2348,40,0
2026-07-14 17:45:00+00:00,4060.038,4063.998,4058.445,4062.725,1930,40,0
2026-07-14 18:00:00+00:00,4062.613,4062.782,4059.736,4061.586,1934,40,0
2026-07-14 18:15:00+00:00,4061.83,4063.307,4056.516,4058.504,2103,40,0
2026-07-14 18:30:00+00:00,4058.468,4059.744,4042.773,4046.492,4114,40,0
2026-07-14 18:45:00+00:00,4046.543,4054.924,4044.802,4054.029,2692,40,0
2026-07-14 19:00:00+00:00,4054.151,4057.322,4052.407,4056.537,2166,40,0
2026-07-14 19:15:00+00:00,4056.514,4057.134,4051.382,4051.857,1972,40,0
2026-07-14 19:30:00+00:00,4051.898,4053.008,4047.521,4052.69,2679,40,0
2026-07-14 19:45:00+00:00,4052.748,4057.065,4051.585,4055.964,2361,40,0
2026-07-14 20:00:00+00:00,4055.807,4056.568,4053.72,4053.956,1281,40,0
2026-07-14 20:15:00+00:00,4053.902,4054.716,4052.327,4053.123,1003,40,0
2026-07-14 20:30:00+00:00,4053.114,4053.682,4049.629,4050.508,1070,40,0
2026-07-14 20:45:00+00:00,4050.753,4053.243,4049.234,4052.969,1032,40,0
2026-07-14 22:00:00+00:00,4052.682,4053.601,4048.951,4050.89,966,40,0
2026-07-14 22:15:00+00:00,4050.638,4052.262,4049.365,4051.695,1183,40,0
2026-07-14 22:30:00+00:00,4051.695,4053.005,4049.021,4050.649,1186,40,0
2026-07-14 22:45:00+00:00,4050.58,4050.92,4048.449,4048.884,893,40,0
2026-07-14 23:00:00+00:00,4049.047,4050.412,4047.045,4047.754,1082,40,0
2026-07-14 23:15:00+00:00,4047.753,4053.959,4046.73,4053.959,1054,40,0
2026-07-14 23:30:00+00:00,4053.9,4056.173,4051.43,4054.62,1432,40,0
2026-07-14 23:45:00+00:00,4055.002,4055.12,4052.206,4053.223,1139,40,0
2026-07-15 00:00:00+00:00,4053.028,4056.341,4051.028,4051.381,3213,40,0
2026-07-15 00:15:00+00:00,4051.323,4058.519,4051.201,4058.519,3173,40,0
2026-07-15 00:30:00+00:00,4058.567,4058.678,4052.187,4054.575,2261,40,0
2026-07-15 00:45:00+00:00,4054.689,4060.823,4054.183,4059.213,2177,40,0
2026-07-15 01:00:00+00:00,4059.238,4062.13,4055.299,4055.937,4947,40,0
2026-07-15 01:15:00+00:00,4055.825,4057.476,4052.451,4054.613,3710,40,0
2026-07-15 01:30:00+00:00,4054.733,4054.94,4036.579,4039.039,4840,40,0
2026-07-15 01:45:00+00:00,4039.099,4042.513,4035.583,4037.546,3478,40,0
2026-07-15 02:00:00+00:00,4037.411,4042.398,4033.941,4036.857,3735,40,0
2026-07-15 02:15:00+00:00,4036.853,4037.198,4029.277,4033.08,2927,40,0
2026-07-15 02:30:00+00:00,4033.03,4041.885,4032.532,4041.678,2747,40,0
2026-07-15 02:45:00+00:00,4041.747,4042.055,4034.544,4035.423,2404,40,0
2026-07-15 03:00:00+00:00,4035.365,4040.449,4032.855,4034.303,2553,40,0
2026-07-15 03:15:00+00:00,4034.353,4035.368,4030.028,4031.078,2583,40,0
2026-07-15 03:30:00+00:00,4030.915,4035.705,4027.923,4029.483,2355,40,0
2026-07-15 03:45:00+00:00,4029.434,4033.733,4029.198,4031.371,1523,40,0
2026-07-15 04:00:00+00:00,4031.42,4033.453,4030.007,4031.677,1545,40,0
2026-07-15 04:15:00+00:00,4031.43,4035.092,4030.859,4033.892,1516,40,0
2026-07-15 04:30:00+00:00,4033.78,4035.064,4028.343,4030.205,1877,40,0
2026-07-15 04:45:00+00:00,4030.326,4034.483,4030.326,4033.137,1425,40,0
2026-07-15 05:00:00+00:00,4033.446,4036.266,4025.227,4026.252,2943,40,0
2026-07-15 05:15:00+00:00,4026.255,4028.799,4024.629,4025.085,2057,40,0
2026-07-15 05:30:00+00:00,4024.96,4036.687,4022.136,4029.866,4350,40,0
2026-07-15 05:45:00+00:00,4029.922,4035.128,4027.438,4035.025,2449,40,0
2026-07-15 06:00:00+00:00,4034.717,4035.6,4027.306,4027.818,2985,40,0
2026-07-15 06:15:00+00:00,4027.747,4028.578,4021.166,4026.451,3104,40,0
2026-07-15 06:30:00+00:00,4026.753,4033.302,4022.707,4032.472,2793,40,0
2026-07-15 06:45:00+00:00,4032.436,4033.938,4029.694,4032.017,2639,40,0
2026-07-15 07:00:00+00:00,4032.137,4034.443,4028.243,4029.486,2517,40,0
2026-07-15 07:15:00+00:00,4029.535,4030.011,4019.945,4023.972,2975,40,0
2026-07-15 07:30:00+00:00,4024.174,4027.124,4019.693,4022.827,2810,40,0
2026-07-15 07:45:00+00:00,4022.824,4026.689,4021.46,4024.647,2240,40,0
2026-07-15 08:00:00+00:00,4024.446,4026.064,4017.335,4017.963,3054,40,0
2026-07-15 08:15:00+00:00,4018.023,4026.912,4017.883,4026.647,2605,40,0
2026-07-15 08:30:00+00:00,4026.597,4029.238,4024.764,4028.547,2354,40,0
2026-07-15 08:45:00+00:00,4028.511,4033.177,4027.594,4031.374,1994,40,0
2026-07-15 09:00:00+00:00,4031.432,4034.411,4029.748,4030.627,2444,40,0
2026-07-15 09:15:00+00:00,4030.426,4032.944,4027.023,4027.639,1889,40,0
2026-07-15 09:30:00+00:00,4027.591,4029.726,4025.662,4027.498,2088,40,0
2026-07-15 09:45:00+00:00,4027.464,4030.531,4026.126,4030.162,2758,40,0
2026-07-15 10:00:00+00:00,4030.234,4036.258,4028.805,4033.977,2533,40,0
2026-07-15 10:15:00+00:00,4033.923,4035.43,4026.718,4028.937,2477,40,0
2026-07-15 10:30:00+00:00,4029.029,4034.2,4028.358,4031.345,2011,40,0
2026-07-15 10:45:00+00:00,4031.201,4031.45,4027.021,4028.038,1937,40,0
2026-07-15 11:00:00+00:00,4028.006,4033.142,4027.778,4030.557,2152,40,0
2026-07-15 11:15:00+00:00,4030.479,4031.249,4027.715,4030.761,2036,40,0
2026-07-15 11:30:00+00:00,4030.796,4039.546,4029.404,4037.613,2047,40,0
2026-07-15 11:45:00+00:00,4037.669,4040.515,4035.754,4038.489,2390,40,0
2026-07-15 12:00:00+00:00,4038.289,4042.779,4035.979,4038.158,2677,40,0
2026-07-15 12:15:00+00:00,4038.223,4040.925,4037.647,4039.921,2978,40,0
2026-07-15 12:30:00+00:00,4039.546,4066.234,4039.49,4062.963,7122,40,0
2026-07-15 12:45:00+00:00,4063.014,4071.594,4060.972,4068.042,4778,40,0
2026-07-15 13:00:00+00:00,4067.857,4074.362,4061.736,4061.798,7151,40,0
2026-07-15 13:15:00+00:00,4061.746,4066.742,4054.213,4055.856,3792,40,0
2026-07-15 13:30:00+00:00,4055.802,4063.287,4055.576,4061.371,4987,40,0
2026-07-15 13:45:00+00:00,4061.359,4066.565,4054.897,4061.865,5545,40,0
2026-07-15 14:00:00+00:00,4061.99,4065.601,4060.107,4064.454,4559,40,0
2026-07-15 14:15:00+00:00,4064.26,4066.119,4055.619,4058.523,4789,40,0
2026-07-15 14:30:00+00:00,4058.725,4064.111,4056.985,4057.464,4179,40,0
2026-07-15 14:45:00+00:00,4057.526,4061.186,4053.313,4060.57,4759,40,0
2026-07-15 15:00:00+00:00,4060.629,4063.132,4043.215,4044.289,4565,40,0
2026-07-15 15:15:00+00:00,4044.24,4049.797,4039.519,4048.948,5793,40,0
2026-07-15 15:30:00+00:00,4049.006,4050.706,4044.752,4049.501,3934,40,0
2026-07-15 15:45:00+00:00,4049.598,4051.075,4046.317,4047.02,2921,40,0
2026-07-15 16:00:00+00:00,4046.971,4047.92,4037.328,4038.478,3475,40,0
2026-07-15 16:15:00+00:00,4038.365,4040.809,4032.928,4035.0,4525,40,0
2026-07-15 16:30:00+00:00,4034.953,4036.921,4026.783,4028.675,5178,40,0
2026-07-15 16:45:00+00:00,4028.728,4038.048,4027.557,4033.671,5207,40,0
2026-07-15 17:00:00+00:00,4033.74,4039.23,4032.832,4036.096,3169,40,0
2026-07-15 17:15:00+00:00,4035.781,4048.367,4033.135,4047.441,3380,40,0
2026-07-15 17:30:00+00:00,4047.367,4063.292,4047.047,4062.336,4973,40,0
2026-07-15 17:45:00+00:00,4062.407,4066.228,4060.263,4062.099,3856,40,0
2026-07-15 18:00:00+00:00,4062.219,4070.548,4061.704,4067.804,3404,40,0
2026-07-15 18:15:00+00:00,4067.915,4075.729,4066.775,4074.097,3136,40,0
2026-07-15 18:30:00+00:00,4074.162,4081.54,4067.864,4067.864,3634,40,0
2026-07-15 18:45:00+00:00,4067.815,4068.835,4058.082,4059.335,3176,40,0
2026-07-15 19:00:00+00:00,4059.388,4063.093,4057.271,4061.236,2822,40,0
2026-07-15 19:15:00+00:00,4060.931,4061.611,4052.789,4056.173,2621,40,0
2026-07-15 19:30:00+00:00,4056.384,4057.795,4048.146,4051.283,3482,40,0
2026-07-15 19:45:00+00:00,4051.23,4057.448,4050.568,4057.027,2540,40,0
2026-07-15 20:00:00+00:00,4056.859,4058.51,4055.103,4057.441,1552,40,0
2026-07-15 20:15:00+00:00,4057.707,4062.13,4057.205,4061.323,1182,40,0
2026-07-15 20:30:00+00:00,4061.331,4063.386,4060.264,4061.982,986,40,0
2026-07-15 20:45:00+00:00,4061.868,4063.183,4059.89,4060.179,839,40,0
2026-07-15 22:00:00+00:00,4065.922,4065.929,4061.071,4063.44,1205,40,0
2026-07-15 22:15:00+00:00,4063.439,4064.364,4061.406,4062.132,1028,40,0
2026-07-15 22:30:00+00:00,4062.154,4062.472,4059.014,4060.258,975,40,0
2026-07-15 22:45:00+00:00,4060.253,4061.651,4058.215,4059.858,1003,40,0
2026-07-15 23:00:00+00:00,4059.808,4062.231,4059.055,4060.388,1162,40,0
2026-07-15 23:15:00+00:00,4060.249,4060.629,4056.993,4057.899,1100,40,0
2026-07-15 23:30:00+00:00,4057.95,4059.508,4055.603,4057.985,1100,40,0
2026-07-15 23:45:00+00:00,4057.729,4060.914,4056.324,4058.0,1515,40,0
2026-07-16 00:00:00+00:00,4057.83,4059.602,4054.797,4056.268,2676,40,0
2026-07-16 00:15:00+00:00,4056.573,4060.421,4055.031,4058.545,2246,40,0
2026-07-16 00:30:00+00:00,4058.493,4061.488,4054.216,4055.03,2326,40,0
2026-07-16 00:45:00+00:00,4054.964,4060.949,4043.76,4044.805,3294,40,0
2026-07-16 01:00:00+00:00,4044.811,4050.705,4040.997,4045.383,6433,40,0
2026-07-16 01:15:00+00:00,4045.392,4045.469,4033.772,4037.051,4179,40,0
2026-07-16 01:30:00+00:00,4037.002,4046.081,4036.537,4042.133,3990,40,0
2026-07-16 01:45:00+00:00,4042.331,4043.978,4037.439,4039.102,3362,40,0
2026-07-16 02:00:00+00:00,4039.343,4040.334,4031.205,4032.819,3291,40,0
2026-07-16 02:15:00+00:00,4032.789,4035.021,4028.828,4034.588,2653,40,0
2026-07-16 02:30:00+00:00,4034.473,4035.896,4024.119,4027.888,3916,40,0
2026-07-16 02:45:00+00:00,4027.627,4032.559,4024.853,4031.692,2828,40,0
2026-07-16 03:00:00+00:00,4031.608,4033.182,4029.323,4029.99,2570,40,0
2026-07-16 03:15:00+00:00,4029.982,4034.22,4027.824,4033.992,2337,40,0
2026-07-16 03:30:00+00:00,4033.861,4036.456,4032.476,4035.346,1790,40,0
2026-07-16 03:45:00+00:00,4035.288,4037.024,4034.039,4036.175,1400,40,0
2026-07-16 04:00:00+00:00,4036.23,4038.119,4031.85,4036.83,1586,40,0
2026-07-16 04:15:00+00:00,4037.078,4037.078,4031.948,4033.915,1470,40,0
2026-07-16 04:30:00+00:00,4033.967,4035.35,4032.063,4032.794,1367,40,0
2026-07-16 04:45:00+00:00,4032.798,4035.482,4032.264,4033.36,1320,40,0
2026-07-16 05:00:00+00:00,4033.311,4034.198,4029.319,4030.844,1815,40,0
2026-07-16 05:15:00+00:00,4030.867,4033.218,4026.851,4027.937,2258,40,0
2026-07-16 05:30:00+00:00,4027.741,4033.101,4025.242,4032.425,5008,40,0
2026-07-16 05:45:00+00:00,4032.376,4032.844,4025.474,4027.524,3457,40,0
2026-07-16 06:00:00+00:00,4027.468,4036.778,4026.984,4032.401,3728,40,0
2026-07-16 06:15:00+00:00,4032.366,4033.116,4028.027,4030.574,2933,40,0
2026-07-16 06:30:00+00:00,4030.514,4030.97,4022.902,4026.933,3694,40,0
2026-07-16 06:45:00+00:00,4026.956,4031.568,4026.33,4030.765,2275,40,0
2026-07-16 07:00:00+00:00,4030.815,4030.999,4025.83,4026.593,2409,40,0
2026-07-16 07:15:00+00:00,4026.576,4027.178,4023.962,4024.688,2494,40,0
2026-07-16 07:30:00+00:00,4024.639,4028.509,4022.907,4026.285,2360,40,0
2026-07-16 07:45:00+00:00,4026.045,4031.918,4026.045,4030.618,2567,40,0
2026-07-16 08:00:00+00:00,4030.496,4034.383,4025.523,4025.977,2638,40,0
2026-07-16 08:15:00+00:00,4025.926,4033.814,4025.359,4032.343,2345,40,0
2026-07-16 08:30:00+00:00,4032.392,4035.882,4031.994,4033.627,2204,40,0
2026-07-16 08:45:00+00:00,4033.675,4036.756,4033.158,4035.474,1807,40,0
2026-07-16 09:00:00+00:00,4035.341,4037.624,4035.243,4037.138,1742,40,0
2026-07-16 09:15:00+00:00,4037.216,4037.894,4031.032,4033.265,1877,40,0
2026-07-16 09:30:00+00:00,4033.13,4035.195,4030.665,4034.513,2092,40,0
2026-07-16 09:45:00+00:00,4034.385,4036.489,4031.652,4031.824,1839,40,0
2026-07-16 10:00:00+00:00,4031.754,4032.993,4029.603,4031.796,1745,40,0
2026-07-16 10:15:00+00:00,4031.854,4034.899,4031.552,4033.299,1541,40,0
2026-07-16 10:30:00+00:00,4033.25,4034.716,4031.487,4033.33,1691,40,0
2026-07-16 10:45:00+00:00,4033.236,4033.366,4028.691,4029.671,1842,40,0
2026-07-16 11:00:00+00:00,4029.72,4030.251,4026.439,4028.015,2006,40,0
2026-07-16 11:15:00+00:00,4027.938,4028.096,4021.184,4024.663,2305,40,0
2026-07-16 11:30:00+00:00,4024.664,4036.041,4023.708,4034.898,2926,40,0
2026-07-16 11:45:00+00:00,4034.849,4042.547,4027.589,4038.604,6286,40,0
2026-07-16 12:00:00+00:00,4038.659,4043.518,4027.751,4031.74,4403,40,0
2026-07-16 12:15:00+00:00,4031.9,4032.157,4012.881,4025.363,6047,40,0
2026-07-16 12:30:00+00:00,4025.601,4029.812,4000.472,4002.988,7149,40,0
2026-07-16 12:45:00+00:00,4002.924,4008.969,3990.337,3992.48,9474,40,0
2026-07-16 13:00:00+00:00,3992.28,3996.973,3973.637,3992.248,13078,40,0
2026-07-16 13:15:00+00:00,3992.306,4006.363,3991.221,4005.469,5570,40,0
2026-07-16 13:30:00+00:00,4005.518,4008.629,3981.883,3986.573,10711,40,0
2026-07-16 13:45:00+00:00,3986.52,3997.078,3986.23,3990.197,7622,40,0
2026-07-16 14:00:00+00:00,3990.06,3997.606,3987.059,3989.419,6659,40,0
2026-07-16 14:15:00+00:00,3989.367,4000.771,3987.534,3999.205,6584,40,0
2026-07-16 14:30:00+00:00,3999.503,4004.994,3995.573,4004.698,5691,40,0
2026-07-16 14:45:00+00:00,4004.75,4006.791,3992.385,3997.832,5030,40,0
2026-07-16 15:00:00+00:00,3997.883,3998.664,3989.352,3992.824,4724,40,0
2026-07-16 15:15:00+00:00,3992.775,4017.062,3992.61,4011.527,5791,40,0
2026-07-16 15:30:00+00:00,4011.596,4016.422,4007.78,4010.538,5148,40,0
2026-07-16 15:45:00+00:00,4010.649,4013.316,4005.68,4006.997,3626,40,0
2026-07-16 16:00:00+00:00,4007.047,4007.911,3989.774,3989.908,4487,40,0
2026-07-16 16:15:00+00:00,3989.597,3991.944,3982.309,3987.45,6278,40,0
2026-07-16 16:30:00+00:00,3987.691,3992.74,3986.831,3991.88,3853,40,0
2026-07-16 16:45:00+00:00,3991.821,3997.123,3989.246,3992.214,3063,40,0
2026-07-16 17:00:00+00:00,3992.164,3993.011,3984.565,3986.004,3269,40,0
2026-07-16 17:15:00+00:00,3986.057,3988.975,3982.678,3987.871,3423,40,0
2026-07-16 17:30:00+00:00,3987.922,3988.852,3979.865,3981.595,3471,40,0
2026-07-16 17:45:00+00:00,3981.827,3987.559,3981.043,3984.922,2551,40,0
2026-07-16 18:00:00+00:00,3984.985,3989.542,3983.605,3985.405,2891,40,0
2026-07-16 18:15:00+00:00,3985.354,3990.584,3984.376,3986.527,2436,40,0
2026-07-16 18:30:00+00:00,3986.285,3986.378,3976.507,3983.02,3416,40,0
2026-07-16 18:45:00+00:00,3982.973,3985.105,3979.454,3980.559,2117,40,0
2026-07-16 19:00:00+00:00,3980.639,3986.278,3978.996,3980.694,2446,40,0
2026-07-16 19:15:00+00:00,3980.681,3984.128,3978.635,3978.854,1938,40,0
2026-07-16 19:30:00+00:00,3978.93,3979.757,3969.211,3975.769,3257,40,0
2026-07-16 19:45:00+00:00,3975.579,3982.586,3972.846,3979.914,3329,40,0
2026-07-16 20:00:00+00:00,3980.027,3980.377,3974.509,3975.131,1564,40,0
2026-07-16 20:15:00+00:00,3975.245,3975.491,3971.798,3975.125,1259,40,0
2026-07-16 20:30:00+00:00,3975.178,3976.464,3973.466,3974.637,1166,40,0
2026-07-16 20:45:00+00:00,3974.577,3976.791,3974.098,3976.441,1120,40,0
2026-07-16 22:00:00+00:00,3978.769,3980.547,3975.992,3976.475,1159,40,0
2026-07-16 22:15:00+00:00,3976.541,3977.59,3974.772,3976.476,1006,40,0
2026-07-16 22:30:00+00:00,3976.665,3977.188,3973.454,3973.655,965,40,0
2026-07-16 22:45:00+00:00,3973.464,3978.496,3973.32,3978.324,935,40,0
2026-07-16 23:00:00+00:00,3978.277,3980.442,3975.472,3980.101,1240,40,0
2026-07-16 23:15:00+00:00,3980.069,3980.85,3977.89,3978.608,991,40,0
2026-07-16 23:30:00+00:00,3978.539,3982.083,3975.62,3981.393,1287,40,0
2026-07-16 23:45:00+00:00,3981.417,3986.638,3976.684,3985.882,1633,40,0
2026-07-17 00:00:00+00:00,3985.93,3987.464,3983.219,3984.103,4135,40,0
2026-07-17 00:15:00+00:00,3984.04,3991.057,3983.705,3984.919,3618,40,0
2026-07-17 00:30:00+00:00,3984.932,3985.234,3980.569,3982.038,2867,40,0
2026-07-17 00:45:00+00:00,3982.261,3992.235,3981.774,3991.91,3266,40,0
2026-07-17 01:00:00+00:00,3991.839,3995.325,3987.218,3992.105,6965,40,0
2026-07-17 01:15:00+00:00,3992.053,3996.264,3987.953,3991.26,4286,40,0
2026-07-17 01:30:00+00:00,3991.069,3995.47,3988.797,3991.476,3830,40,0
2026-07-17 01:45:00+00:00,3991.174,3992.72,3979.287,3983.181,4852,40,0
2026-07-17 02:00:00+00:00,3983.355,3987.403,3979.805,3981.12,3632,40,0
2026-07-17 02:15:00+00:00,3981.068,3984.578,3980.516,3982.954,2431,40,0
2026-07-17 02:30:00+00:00,3982.896,3984.197,3970.568,3975.119,4673,40,0
2026-07-17 02:45:00+00:00,3975.169,3980.101,3974.321,3979.152,3849,40,0
2026-07-17 03:00:00+00:00,3979.337,3992.933,3978.709,3988.608,4459,40,0
2026-07-17 03:15:00+00:00,3988.558,4008.919,3988.497,4001.066,5540,40,0
2026-07-17 03:30:00+00:00,4000.998,4001.587,3995.975,3997.684,2713,40,0
2026-07-17 03:45:00+00:00,3997.608,3998.807,3990.778,3991.336,2239,40,0
2026-07-17 04:00:00+00:00,3991.48,3991.877,3987.124,3988.939,2524,40,0
2026-07-17 04:15:00+00:00,3988.939,3990.231,3985.344,3986.492,2351,40,0
2026-07-17 04:30:00+00:00,3986.3,3988.378,3980.112,3981.931,2613,40,0
2026-07-17 04:45:00+00:00,3982.059,3984.765,3980.177,3981.956,1830,40,0
2026-07-17 05:00:00+00:00,3981.783,3983.005,3977.179,3979.827,2396,40,0
2026-07-17 05:15:00+00:00,3979.778,3981.881,3975.13,3979.697,3270,40,0
2026-07-17 05:30:00+00:00,3979.635,3990.661,3978.384,3986.966,6296,40,0
2026-07-17 05:45:00+00:00,3987.084,3991.502,3981.831,3985.288,4247,40,0
2026-07-17 06:00:00+00:00,3985.164,4000.947,3985.115,3999.606,4992,40,0
2026-07-17 06:15:00+00:00,3999.713,4006.178,3997.869,4003.788,4395,40,0
2026-07-17 06:30:00+00:00,4003.757,4007.308,3995.789,3996.271,3771,40,0
2026-07-17 06:45:00+00:00,3996.444,4001.748,3995.917,3999.323,3303,40,0
2026-07-17 07:00:00+00:00,3999.612,4002.696,3993.209,3996.405,3775,40,0
2026-07-17 07:15:00+00:00,3996.406,3999.426,3994.159,3996.592,2869,40,0
2026-07-17 07:30:00+00:00,3996.585,3998.677,3994.133,3998.677,2910,40,0
2026-07-17 07:45:00+00:00,3998.618,3998.904,3992.643,3992.903,2349,40,0
2026-07-17 08:00:00+00:00,3992.855,4000.05,3991.43,3993.121,3361,40,0
2026-07-17 08:15:00+00:00,3993.105,3995.165,3988.136,3992.622,4367,40,0
2026-07-17 08:30:00+00:00,3992.674,3993.594,3987.716,3993.386,2830,40,0
2026-07-17 08:45:00+00:00,3993.473,3999.514,3991.668,3994.552,2650,40,0
2026-07-17 09:00:00+00:00,3994.411,3998.644,3992.911,3997.869,2947,40,0
2026-07-17 09:15:00+00:00,3997.932,4002.721,3995.61,3999.31,3466,40,0
2026-07-17 09:30:00+00:00,3999.359,3999.955,3995.244,3995.779,2517,40,0
2026-07-17 09:45:00+00:00,3996.014,3998.864,3994.699,3998.027,2020,40,0
2026-07-17 10:00:00+00:00,3997.973,3998.774,3994.962,3997.377,2411,40,0
2026-07-17 10:15:00+00:00,3997.418,3999.244,3994.297,3996.273,2175,40,0
2026-07-17 10:30:00+00:00,3996.218,3997.66,3994.139,3996.381,1965,40,0
2026-07-17 10:45:00+00:00,3996.33,3997.442,3990.394,3990.96,1816,40,0
2026-07-17 11:00:00+00:00,3991.016,3994.193,3990.232,3991.954,2187,40,0
2026-07-17 11:15:00+00:00,3991.894,3996.212,3989.866,3995.689,2221,40,0
2026-07-17 11:30:00+00:00,3995.74,3996.679,3991.453,3991.929,2205,40,0
2026-07-17 11:45:00+00:00,3992.179,3998.982,3991.518,3993.988,2679,40,0
2026-07-17 12:00:00+00:00,3994.186,3995.804,3988.284,3990.107,2951,40,0
2026-07-17 12:15:00+00:00,3990.08,3992.409,3984.27,3987.36,2948,40,0
2026-07-17 12:30:00+00:00,3987.557,3988.505,3965.466,3969.891,4716,40,0
2026-07-17 12:45:00+00:00,3969.821,3973.454,3964.021,3966.386,5760,40,0
2026-07-17 13:00:00+00:00,3966.439,3975.995,3959.46,3970.19,8575,40,0
2026-07-17 13:15:00+00:00,3970.013,3975.37,3967.186,3968.503,5577,40,0
2026-07-17 13:30:00+00:00,3968.563,4003.755,3963.643,3985.347,14622,40,0
2026-07-17 13:45:00+00:00,3985.196,3997.649,3981.181,3996.91,8926,40,0
2026-07-17 14:00:00+00:00,3997.315,4000.953,3990.424,3994.804,7850,40,0
2026-07-17 14:15:00+00:00,3994.768,4004.689,3993.643,3998.701,8126,40,0
2026-07-17 14:30:00+00:00,3998.758,3999.877,3992.162,3997.655,5752,40,0
2026-07-17 14:45:00+00:00,3997.605,4001.585,3992.768,4001.146,5309,40,0
2026-07-17 15:00:00+00:00,4001.034,4014.159,3997.741,4006.163,7791,40,0
2026-07-17 15:15:00+00:00,4005.899,4013.624,4004.491,4013.395,5610,40,0
2026-07-17 15:30:00+00:00,4013.445,4016.434,4009.413,4015.348,5579,40,0
2026-07-17 15:45:00+00:00,4015.239,4021.335,4013.769,4019.137,4321,40,0
2026-07-17 16:00:00+00:00,4019.21,4020.572,4010.894,4018.036,6014,40,0
2026-07-17 16:15:00+00:00,4017.735,4023.901,4016.892,4018.806,3845,40,0
2026-07-17 16:30:00+00:00,4018.854,4019.474,4012.768,4017.407,3075,40,0
2026-07-17 16:45:00+00:00,4017.471,4020.805,4014.681,4015.168,2621,40,0
2026-07-17 17:00:00+00:00,4015.223,4019.18,4013.435,4013.435,2432,40,0
2026-07-17 17:15:00+00:00,4013.376,4016.015,4012.379,4014.057,2632,40,0
2026-07-17 17:30:00+00:00,4014.111,4014.889,4009.735,4010.883,2148,40,0
2026-07-17 17:45:00+00:00,4010.987,4013.353,4008.299,4010.013,2149,40,0
2026-07-17 18:00:00+00:00,4010.182,4012.993,4007.643,4010.6,2106,40,0
2026-07-17 18:15:00+00:00,4010.474,4016.23,4009.108,4015.347,2169,40,0
2026-07-17 18:30:00+00:00,4015.278,4016.272,4007.084,4008.314,2007,40,0
2026-07-17 18:45:00+00:00,4008.261,4012.199,4006.527,4011.221,1748,40,0
2026-07-17 19:00:00+00:00,4011.273,4011.705,4004.304,4006.083,1872,40,0
2026-07-17 19:15:00+00:00,4006.019,4006.878,4002.356,4005.283,1904,40,0
2026-07-17 19:30:00+00:00,4005.338,4010.058,4004.825,4009.936,1974,40,0
2026-07-17 19:45:00+00:00,4009.95,4016.673,4009.266,4015.488,2334,40,0
2026-07-17 20:00:00+00:00,4015.366,4015.808,4012.043,4012.141,1505,40,0
2026-07-17 20:15:00+00:00,4012.048,4012.709,4008.865,4011.156,1013,40,0
2026-07-17 20:30:00+00:00,4010.867,4013.951,4008.656,4013.46,1084,40,0
2026-07-17 20:45:00+00:00,4013.425,4018.851,4013.178,4017.852,1745,40,0
2026-07-19 22:00:00+00:00,4000.257,4003.023,3994.844,3996.649,2427,40,0
2026-07-19 22:15:00+00:00,3996.688,4000.443,3994.874,3995.211,1727,40,0
2026-07-19 22:30:00+00:00,3995.154,3999.283,3993.378,3997.019,1813,40,0
2026-07-19 22:45:00+00:00,3996.794,3998.547,3994.865,3995.109,1283,40,0
2026-07-19 23:00:00+00:00,3995.16,3995.712,3990.697,3991.253,1679,40,0
2026-07-19 23:15:00+00:00,3991.163,3994.118,3990.525,3993.119,1196,40,0
2026-07-19 23:30:00+00:00,3993.284,3994.399,3989.909,3992.37,1575,40,0
2026-07-19 23:45:00+00:00,3992.627,3996.251,3989.312,3995.473,2392,40,0
2026-07-20 00:00:00+00:00,3995.594,3999.108,3982.726,3996.399,5395,40,0
2026-07-20 00:15:00+00:00,3996.285,4005.804,3993.393,4003.719,5019,40,0
2026-07-20 00:30:00+00:00,4003.921,4007.627,3998.469,3998.867,4141,40,0
2026-07-20 00:45:00+00:00,3999.01,4010.447,3998.632,4008.513,3903,40,0
2026-07-20 01:00:00+00:00,4008.625,4021.19,4005.746,4010.406,10049,40,0
2026-07-20 01:15:00+00:00,4010.354,4010.619,3999.866,4003.074,5655,40,0
2026-07-20 01:30:00+00:00,4003.122,4005.935,3995.668,3997.195,4809,40,0
2026-07-20 01:45:00+00:00,3997.003,4004.485,3997.003,4002.106,4000,40,0
2026-07-20 02:00:00+00:00,4002.295,4010.097,4001.232,4006.25,4797,40,0
2026-07-20 02:15:00+00:00,4006.466,4008.901,4004.246,4006.84,2400,40,0
2026-07-20 02:30:00+00:00,4006.969,4016.378,4005.978,4014.798,4507,40,0
2026-07-20 02:45:00+00:00,4014.848,4028.965,4013.914,4022.003,4814,40,0
2026-07-20 03:00:00+00:00,4021.955,4024.748,4018.724,4024.118,3640,40,0
2026-07-20 03:15:00+00:00,4024.024,4026.86,4021.575,4022.181,3285,40,0
2026-07-20 03:30:00+00:00,4022.472,4028.096,4018.889,4027.16,2652,40,0
2026-07-20 03:45:00+00:00,4027.209,4027.818,4022.876,4024.305,1722,40,0
2026-07-20 04:00:00+00:00,4024.255,4026.811,4021.556,4021.663,1742,40,0
2026-07-20 04:15:00+00:00,4021.612,4025.476,4021.588,4025.177,1650,40,0
2026-07-20 04:30:00+00:00,4025.312,4025.623,4022.358,4023.189,1792,40,0
2026-07-20 04:45:00+00:00,4022.937,4023.128,4018.532,4019.093,1854,40,0
2026-07-20 05:00:00+00:00,4018.908,4021.121,4011.73,4013.752,2236,40,0
2026-07-20 05:15:00+00:00,4013.678,4014.983,4009.884,4010.999,1964,40,0
2026-07-20 05:30:00+00:00,4011.112,4014.502,4007.876,4010.14,4126,40,0
2026-07-20 05:45:00+00:00,4010.093,4010.85,4005.361,4008.948,3249,40,0
2026-07-20 06:00:00+00:00,4008.886,4011.857,4006.754,4007.368,3123,40,0
2026-07-20 06:15:00+00:00,4007.646,4009.805,4003.918,4005.011,2952,40,0
2026-07-20 06:30:00+00:00,4005.06,4006.89,4002.973,4004.879,2882,40,0
2026-07-20 06:45:00+00:00,4005.19,4007.799,4003.247,4004.113,2180,40,0
2026-07-20 07:00:00+00:00,4004.015,4006.972,4002.108,4004.443,2582,40,0
2026-07-20 07:15:00+00:00,4004.413,4008.891,4002.417,4006.648,2961,40,0
2026-07-20 07:30:00+00:00,4006.591,4021.086,4006.591,4021.01,4474,40,0
2026-07-20 07:45:00+00:00,4021.093,4021.837,4015.865,4017.515,2688,40,0
2026-07-20 08:00:00+00:00,4017.363,4025.72,4017.282,4023.973,2990,40,0
2026-07-20 08:15:00+00:00,4024.033,4030.791,4021.961,4022.106,2960,40,0
2026-07-20 08:30:00+00:00,4022.057,4025.063,4019.034,4021.769,2512,40,0
2026-07-20 08:45:00+00:00,4021.841,4023.018,4017.471,4019.169,2109,40,0
2026-07-20 09:00:00+00:00,4019.121,4021.181,4015.342,4019.564,2194,40,0
2026-07-20 09:15:00+00:00,4019.507,4022.235,4015.595,4016.384,1801,40,0
2026-07-20 09:30:00+00:00,4016.568,4021.126,4014.774,4019.362,2066,40,0
2026-07-20 09:45:00+00:00,4019.105,4023.45,4017.64,4021.166,2006,40,0
2026-07-20 10:00:00+00:00,4021.219,4021.769,4018.102,4020.737,1754,40,0
2026-07-20 10:15:00+00:00,4020.742,4023.429,4018.616,4022.018,1800,40,0
2026-07-20 10:30:00+00:00,4021.964,4024.421,4021.149,4022.188,1810,40,0
2026-07-20 10:45:00+00:00,4022.075,4025.881,4020.865,4024.118,1878,40,0
2026-07-20 11:00:00+00:00,4024.173,4027.478,4019.958,4021.983,2674,40,0
2026-07-20 11:15:00+00:00,4022.049,4023.959,4020.017,4022.204,1746,40,0
2026-07-20 11:30:00+00:00,4022.087,4040.871,4021.535,4032.475,11187,40,0
2026-07-20 11:45:00+00:00,4032.423,4032.423,4025.008,4025.4,3297,40,0
2026-07-20 12:00:00+00:00,4025.335,4025.335,4011.408,4012.933,7336,40,0
2026-07-20 12:15:00+00:00,4012.603,4014.934,4006.807,4012.875,4282,40,0
2026-07-20 12:30:00+00:00,4012.939,4015.028,4006.533,4009.988,3375,40,0
2026-07-20 12:45:00+00:00,4009.937,4015.842,4007.951,4008.247,3512,40,0
2026-07-20 13:00:00+00:00,4008.3,4013.929,4007.811,4008.963,4440,40,0
2026-07-20 13:15:00+00:00,4008.946,4012.714,4007.066,4008.838,3537,40,0
2026-07-20 13:30:00+00:00,4008.891,4017.504,4008.123,4013.259,5874,40,0
2026-07-20 13:45:00+00:00,4012.959,4013.649,4005.726,4006.015,5195,40,0
2026-07-20 14:00:00+00:00,4005.951,4008.075,3998.254,3998.987,5806,40,0
2026-07-20 14:15:00+00:00,3998.928,4006.856,3998.342,4006.738,4253,40,0
2026-07-20 14:30:00+00:00,4006.792,4011.016,4005.98,4007.272,3765,40,0
2026-07-20 14:45:00+00:00,4007.473,4013.758,4005.158,4006.064,3723,40,0
2026-07-20 15:00:00+00:00,4006.394,4019.728,4004.47,4014.133,5150,40,0
2026-07-20 15:15:00+00:00,4014.297,4016.64,4011.184,4016.42,2944,40,0
2026-07-20 15:30:00+00:00,4016.469,4016.758,4010.226,4012.92,2960,40,0
2026-07-20 15:45:00+00:00,4012.871,4016.646,4011.871,4011.969,2299,40,0
2026-07-20 16:00:00+00:00,4011.919,4018.575,4011.359,4013.655,2306,40,0
2026-07-20 16:15:00+00:00,4013.937,4014.592,4010.691,4012.511,1973,40,0
2026-07-20 16:30:00+00:00,4012.562,4012.944,4001.489,4009.573,3933,40,0
2026-07-20 16:45:00+00:00,4009.464,4010.567,4006.987,4009.743,2663,40,0
2026-07-20 17:00:00+00:00,4009.979,4012.531,4009.451,4010.296,1976,40,0
2026-07-20 17:15:00+00:00,4010.357,4013.208,4008.972,4012.093,2177,40,0
2026-07-20 17:30:00+00:00,4012.38,4013.126,4007.846,4008.26,1855,40,0
2026-07-20 17:45:00+00:00,4008.222,4008.222,4003.807,4005.233,2012,40,0
2026-07-20 18:00:00+00:00,4005.352,4010.901,4005.314,4008.66,1704,40,0
2026-07-20 18:15:00+00:00,4008.692,4011.777,4003.195,4006.838,2444,40,0
2026-07-20 18:30:00+00:00,4006.593,4007.529,4004.34,4006.442,1944,40,0
2026-07-20 18:45:00+00:00,4006.591,4008.938,4005.276,4007.267,1865,40,0
2026-07-20 19:00:00+00:00,4007.219,4008.287,4004.279,4004.782,1702,40,0
2026-07-20 19:15:00+00:00,4004.723,4013.117,4004.443,4012.902,1982,40,0
2026-07-20 19:30:00+00:00,4013.128,4018.149,4005.408,4006.052,3380,40,0
2026-07-20 19:45:00+00:00,4005.939,4010.26,4005.681,4007.058,2402,40,0
2026-07-20 20:00:00+00:00,4006.94,4009.492,4005.862,4007.674,1468,40,0
2026-07-20 20:15:00+00:00,4007.779,4009.178,4007.132,4008.374,975,40,0
2026-07-20 20:30:00+00:00,4008.484,4009.659,4007.252,4008.705,909,40,0
2026-07-20 20:45:00+00:00,4008.735,4008.928,4007.36,4008.892,782,40,0
2026-07-20 22:00:00+00:00,4009.742,4009.841,4005.661,4007.196,779,40,0
2026-07-20 22:15:00+00:00,4006.977,4010.915,4005.293,4009.951,1354,40,0
2026-07-20 22:30:00+00:00,4009.979,4009.988,4002.937,4004.344,1561,40,0
2026-07-20 22:45:00+00:00,4004.409,4008.552,3999.952,4000.643,1771,40,0
2026-07-20 23:00:00+00:00,4000.752,4009.904,4000.258,4003.423,2252,40,0
2026-07-20 23:15:00+00:00,4003.217,4007.347,4003.096,4003.794,1415,40,0
2026-07-20 23:30:00+00:00,4003.737,4008.729,4003.607,4007.552,1459,40,0
2026-07-20 23:45:00+00:00,4007.568,4010.751,4004.5,4009.802,1679,40,0
2026-07-21 00:00:00+00:00,4009.912,4013.011,4003.853,4010.741,5807,40,0
2026-07-21 00:15:00+00:00,4010.541,4018.826,4007.952,4015.132,4242,40,0
2026-07-21 00:30:00+00:00,4015.066,4024.054,4014.189,4022.365,3081,40,0
2026-07-21 00:45:00+00:00,4022.329,4027.351,4021.836,4025.001,3131,40,0
2026-07-21 01:00:00+00:00,4024.935,4030.088,4018.533,4028.889,6357,40,0
2026-07-21 01:15:00+00:00,4029.077,4036.033,4026.35,4028.37,4682,40,0
2026-07-21 01:30:00+00:00,4028.167,4031.028,4023.352,4024.383,4203,40,0
2026-07-21 01:45:00+00:00,4024.584,4028.478,4021.562,4023.139,3031,40,0
2026-07-21 02:00:00+00:00,4023.189,4026.867,4022.099,4024.65,2477,40,0
2026-07-21 02:15:00+00:00,4024.382,4030.238,4021.946,4028.955,2506,40,0
2026-07-21 02:30:00+00:00,4028.806,4045.522,4027.945,4035.739,5912,40,0
2026-07-21 02:45:00+00:00,4035.9,4038.464,4031.066,4037.974,2689,40,0
2026-07-21 03:00:00+00:00,4037.861,4042.458,4037.661,4038.338,3028,40,0
2026-07-21 03:15:00+00:00,4038.322,4051.837,4036.788,4047.359,3381,40,0
2026-07-21 03:30:00+00:00,4047.336,4049.615,4041.899,4042.035,2077,40,0
2026-07-21 03:45:00+00:00,4042.019,4047.764,4042.019,4046.893,1853,40,0
2026-07-21 04:00:00+00:00,4047.006,4052.15,4045.675,4045.911,2385,40,0
2026-07-21 04:15:00+00:00,4045.857,4046.891,4043.659,4044.672,1606,40,0
2026-07-21 04:30:00+00:00,4044.67,4047.752,4044.475,4047.146,1393,40,0
2026-07-21 04:45:00+00:00,4047.195,4050.07,4045.45,4049.831,1364,40,0
2026-07-21 05:00:00+00:00,4049.582,4051.98,4046.437,4051.498,1984,40,0
2026-07-21 05:15:00+00:00,4051.377,4056.752,4048.286,4054.659,2211,40,0
2026-07-21 05:30:00+00:00,4054.736,4066.598,4054.641,4065.888,4354,40,0
2026-07-21 05:45:00+00:00,4065.898,4068.118,4061.378,4061.575,2682,40,0
2026-07-21 06:00:00+00:00,4061.49,4072.598,4061.454,4071.333,3014,40,0
2026-07-21 06:15:00+00:00,4071.356,4074.657,4068.328,4072.71,2886,40,0
2026-07-21 06:30:00+00:00,4072.513,4081.046,4071.812,4077.034,3270,40,0
2026-07-21 06:45:00+00:00,4077.225,4084.37,4077.065,4078.498,2831,40,0
2026-07-21 07:00:00+00:00,4078.665,4080.394,4071.938,4072.337,2672,40,0
2026-07-21 07:15:00+00:00,4072.283,4073.726,4068.459,4069.753,1948,40,0
2026-07-21 07:30:00+00:00,4069.609,4075.434,4067.729,4071.614,2159,40,0
2026-07-21 07:45:00+00:00,4071.665,4072.774,4069.837,4071.462,1997,40,0
2026-07-21 08:00:00+00:00,4071.392,4072.774,4065.595,4068.166,2581,40,0
2026-07-21 08:15:00+00:00,4068.175,4068.792,4062.978,4063.573,2208,40,0
2026-07-21 08:30:00+00:00,4063.524,4065.142,4061.063,4062.274,1956,40,0
2026-07-21 08:45:00+00:00,4062.581,4063.712,4059.173,4062.765,1835,40,0
2026-07-21 09:00:00+00:00,4062.815,4066.927,4062.815,4065.124,1712,40,0
2026-07-21 09:15:00+00:00,4065.183,4068.594,4062.511,4062.991,2131,40,0
2026-07-21 09:30:00+00:00,4063.115,4065.578,4061.112,4062.604,1957,40,0
2026-07-21 09:45:00+00:00,4062.392,4069.979,4062.147,4066.124,2123,40,0
2026-07-21 10:00:00+00:00,4066.074,4068.52,4060.935,4066.57,3088,40,0
2026-07-21 10:15:00+00:00,4066.62,4069.457,4064.887,4066.965,2228,40,0
2026-07-21 10:30:00+00:00,4067.027,4070.198,4066.654,4067.05,1785,40,0
2026-07-21 10:45:00+00:00,4067.253,4068.706,4062.468,4063.174,2012,40,0
2026-07-21 11:00:00+00:00,4063.244,4063.903,4055.48,4058.603,2452,40,0
2026-07-21 11:15:00+00:00,4058.492,4060.025,4056.437,4058.384,1858,40,0
2026-07-21 11:30:00+00:00,4058.326,4061.316,4055.533,4056.225,1961,40,0
2026-07-21 11:45:00+00:00,4056.172,4058.604,4054.385,4056.057,1566,40,0
2026-07-21 12:00:00+00:00,4055.995,4061.157,4055.83,4059.427,2237,40,0
2026-07-21 12:15:00+00:00,4059.435,4065.852,4055.877,4061.795,3231,40,0
2026-07-21 12:30:00+00:00,4061.855,4063.734,4051.193,4053.94,4400,40,0
2026-07-21 12:45:00+00:00,4054.143,4062.348,4052.98,4054.018,3255,40,0
2026-07-21 13:00:00+00:00,4053.964,4060.578,4053.768,4059.702,4557,40,0
2026-07-21 13:15:00+00:00,4059.701,4061.924,4050.305,4051.22,4161,40,0
2026-07-21 13:30:00+00:00,4051.273,4057.63,4044.736,4046.531,7279,40,0
2026-07-21 13:45:00+00:00,4046.623,4053.464,4044.525,4053.076,4657,40,0
2026-07-21 14:00:00+00:00,4053.416,4066.116,4051.586,4065.885,5225,40,0
2026-07-21 14:15:00+00:00,4065.823,4069.524,4061.091,4069.524,4406,40,0
2026-07-21 14:30:00+00:00,4069.563,4074.051,4062.344,4067.436,4065,40,0
2026-07-21 14:45:00+00:00,4067.502,4070.869,4066.271,4068.558,3933,40,0
2026-07-21 15:00:00+00:00,4068.507,4073.947,4065.508,4073.183,3478,40,0
2026-07-21 15:15:00+00:00,4073.234,4079.398,4073.234,4076.779,3384,40,0
2026-07-21 15:30:00+00:00,4076.725,4083.688,4075.512,4076.122,3399,40,0
2026-07-21 15:45:00+00:00,4075.941,4078.322,4072.143,4074.359,2329,40,0
2026-07-21 16:00:00+00:00,4074.287,4079.248,4073.745,4078.37,1912,40,0
2026-07-21 16:15:00+00:00,4078.382,4078.761,4074.126,4075.817,1691,40,0
2026-07-21 16:30:00+00:00,4075.604,4076.493,4071.079,4071.916,1882,40,0
2026-07-21 16:45:00+00:00,4072.114,4073.55,4070.069,4071.823,1692,40,0
2026-07-21 17:00:00+00:00,4071.875,4072.625,4069.414,4070.689,1887,40,0
2026-07-21 17:15:00+00:00,4070.641,4073.011,4069.056,4072.38,1754,40,0
2026-07-21 17:30:00+00:00,4072.177,4072.455,4066.813,4068.042,1459,40,0
2026-07-21 17:45:00+00:00,4068.292,4068.62,4066.759,4068.62,1129,40,0
2026-07-21 18:00:00+00:00,4068.677,4072.515,4067.597,4071.603,1432,40,0
2026-07-21 18:15:00+00:00,4071.407,4087.592,4071.131,4084.035,2582,40,0
2026-07-21 18:30:00+00:00,4083.809,4085.844,4081.47,4082.484,1928,40,0
2026-07-21 18:45:00+00:00,4082.532,4083.535,4079.427,4082.518,1351,40,0
2026-07-21 19:00:00+00:00,4082.393,4085.657,4080.171,4080.841,1792,40,0
2026-07-21 19:15:00+00:00,4080.959,4085.22,4080.959,4084.223,1508,40,0
2026-07-21 19:30:00+00:00,4084.036,4085.234,4081.904,4083.592,1444,40,0
2026-07-21 19:45:00+00:00,4083.592,4085.627,4082.782,4084.616,1672,40,0
2026-07-21 20:00:00+00:00,4084.567,4086.444,4083.447,4084.638,1151,40,0
2026-07-21 20:15:00+00:00,4084.606,4084.672,4081.449,4082.806,763,40,0
2026-07-21 20:30:00+00:00,4082.805,4085.359,4080.633,4081.235,1021,40,0
2026-07-21 20:45:00+00:00,4080.944,4081.14,4076.831,4078.034,1094,40,0
2026-07-21 22:00:00+00:00,4079.087,4080.931,4077.045,4079.03,1026,40,0
2026-07-21 22:15:00+00:00,4078.936,4083.178,4078.323,4082.726,1177,40,0
2026-07-21 22:30:00+00:00,4082.965,4085.154,4082.544,4084.196,1162,40,0
2026-07-21 22:45:00+00:00,4084.24,4084.411,4078.321,4080.63,1256,40,0
2026-07-21 23:00:00+00:00,4080.667,4082.141,4079.59,4081.326,958,40,0
2026-07-21 23:15:00+00:00,4081.483,4082.692,4081.158,4081.363,755,40,0
2026-07-21 23:30:00+00:00,4081.175,4082.594,4079.348,4080.377,885,40,0
2026-07-21 23:45:00+00:00,4080.629,4083.185,4079.4,4080.61,1082,40,0
2026-07-22 00:00:00+00:00,4080.711,4092.906,4076.916,4092.17,4511,40,0
2026-07-22 00:15:00+00:00,4092.182,4098.931,4092.182,4098.217,3556,40,0
2026-07-22 00:30:00+00:00,4098.201,4102.829,4089.657,4092.731,4308,40,0
2026-07-22 00:45:00+00:00,4092.931,4099.733,4091.324,4097.444,3202,40,0
2026-07-22 01:00:00+00:00,4097.509,4121.751,4096.612,4121.419,8979,40,0
2026-07-22 01:15:00+00:00,4121.111,4121.954,4111.597,4115.473,4187,40,0
2026-07-22 01:30:00+00:00,4115.414,4122.926,4113.085,4121.656,4758,40,0
2026-07-22 01:45:00+00:00,4121.725,4123.796,4117.552,4122.246,3283,40,0
2026-07-22 02:00:00+00:00,4122.025,4123.458,4119.08,4122.059,3047,40,0
2026-07-22 02:15:00+00:00,4122.09,4126.148,4119.896,4124.399,2342,40,0
2026-07-22 02:30:00+00:00,4124.274,4130.555,4122.312,4128.216,3843,40,0
2026-07-22 02:45:00+00:00,4128.156,4131.101,4126.167,4130.43,2882,40,0
2026-07-22 03:00:00+00:00,4130.793,4140.738,4129.202,4137.469,3349,40,0
2026-07-22 03:15:00+00:00,4137.189,4141.899,4136.676,4138.116,2466,40,0
2026-07-22 03:30:00+00:00,4138.236,4138.373,4132.524,4133.475,1970,40,0
2026-07-22 03:45:00+00:00,4133.838,4134.412,4130.283,4131.026,1671,40,0
2026-07-22 04:00:00+00:00,4130.973,4131.462,4126.422,4127.192,2062,40,0
2026-07-22 04:15:00+00:00,4127.081,4129.736,4127.081,4128.753,1481,40,0
2026-07-22 04:30:00+00:00,4129.01,4129.237,4124.893,4127.255,1734,40,0
2026-07-22 04:45:00+00:00,4127.306,4127.858,4125.231,4126.974,1402,40,0
2026-07-22 05:00:00+00:00,4127.025,4130.103,4125.977,4128.569,1812,40,0
2026-07-22 05:15:00+00:00,4128.62,4128.876,4123.183,4123.653,2063,40,0
2026-07-22 05:30:00+00:00,4123.834,4134.164,4122.921,4132.685,3830,40,0
2026-07-22 05:45:00+00:00,4132.571,4133.519,4128.04,4130.94,2635,40,0
2026-07-22 06:00:00+00:00,4131.079,4135.318,4129.571,4129.801,2424,40,0
2026-07-22 06:15:00+00:00,4129.752,4132.119,4114.027,4117.638,3661,40,0
2026-07-22 06:30:00+00:00,4117.693,4120.412,4114.65,4118.959,3355,40,0
2026-07-22 06:45:00+00:00,4118.903,4120.875,4113.367,4116.493,2761,40,0
2026-07-22 07:00:00+00:00,4116.59,4117.351,4111.876,4116.331,3011,40,0
2026-07-22 07:15:00+00:00,4116.28,4122.497,4115.933,4119.68,2171,40,0
2026-07-22 07:30:00+00:00,4119.566,4123.179,4111.125,4112.29,2893,40,0
2026-07-22 07:45:00+00:00,4112.593,4114.557,4109.309,4110.63,2824,40,0
2026-07-22 08:00:00+00:00,4110.681,4116.119,4110.644,4114.702,2722,40,0
2026-07-22 08:15:00+00:00,4114.749,4117.837,4113.416,4117.457,2329,40,0
2026-07-22 08:30:00+00:00,4117.398,4119.187,4114.078,4114.798,2345,40,0
2026-07-22 08:45:00+00:00,4114.848,4120.289,4113.294,4118.314,2070,40,0
2026-07-22 09:00:00+00:00,4118.371,4122.257,4117.814,4121.704,2274,40,0
2026-07-22 09:15:00+00:00,4121.782,4122.455,4118.033,4118.647,1978,40,0
2026-07-22 09:30:00+00:00,4118.521,4121.837,4114.36,4116.167,2540,40,0
2026-07-22 09:45:00+00:00,4116.196,4117.965,4113.185,4115.258,1845,40,0
2026-07-22 10:00:00+00:00,4115.311,4120.179,4114.833,4117.688,2002,40,0
2026-07-22 10:15:00+00:00,4117.554,4121.774,4116.745,4119.509,2100,40,0
2026-07-22 10:30:00+00:00,4119.512,4120.124,4116.058,4117.226,1673,40,0
2026-07-22 10:45:00+00:00,4117.238,4120.28,4116.241,4117.511,1517,40,0
2026-07-22 11:00:00+00:00,4117.571,4120.976,4115.351,4119.159,1834,40,0
2026-07-22 11:15:00+00:00,4119.111,4123.182,4117.443,4118.806,1751,40,0
2026-07-22 11:30:00+00:00,4118.786,4120.75,4112.575,4115.2,3100,40,0
2026-07-22 11:45:00+00:00,4115.109,4123.112,4114.908,4122.529,2286,40,0
2026-07-22 12:00:00+00:00,4122.552,4127.561,4121.709,4127.089,2881,40,0
2026-07-22 12:15:00+00:00,4127.183,4133.382,4124.846,4132.557,3089,40,0
2026-07-22 12:30:00+00:00,4132.508,4134.526,4124.634,4127.347,3030,40,0
2026-07-22 12:45:00+00:00,4127.4,4127.759,4106.342,4112.833,5146,40,0
2026-07-22 13:00:00+00:00,4113.155,4125.989,4112.751,4125.742,4217,40,0
2026-07-22 13:15:00+00:00,4125.686,4135.239,4124.98,4131.993,3254,40,0
2026-07-22 13:30:00+00:00,4131.802,4147.231,4131.802,4142.915,7924,40,0
2026-07-22 13:45:00+00:00,4142.97,4156.039,4142.495,4154.548,5937,40,0
2026-07-22 14:00:00+00:00,4154.626,4163.729,4153.374,4156.653,6581,40,0
2026-07-22 14:15:00+00:00,4156.481,4156.604,4144.612,4146.472,5204,40,0
2026-07-22 14:30:00+00:00,4146.572,4153.109,4146.216,4151.032,3863,40,0
2026-07-22 14:45:00+00:00,4150.895,4152.894,4144.005,4148.506,3606,40,0
2026-07-22 15:00:00+00:00,4148.659,4158.684,4148.659,4157.46,2988,40,0
2026-07-22 15:15:00+00:00,4157.478,4161.45,4153.236,4157.364,2557,40,0
2026-07-22 15:30:00+00:00,4157.294,4161.142,4155.683,4159.899,2512,40,0
2026-07-22 15:45:00+00:00,4159.95,4166.192,4158.441,4159.373,2870,40,0
2026-07-22 16:00:00+00:00,4159.281,4159.66,4153.372,4154.645,2348,40,0
2026-07-22 16:15:00+00:00,4154.697,4155.706,4147.885,4149.265,2353,40,0
2026-07-22 16:30:00+00:00,4149.337,4151.455,4144.569,4147.31,2657,40,0
2026-07-22 16:45:00+00:00,4147.366,4149.235,4144.746,4147.038,2097,40,0
2026-07-22 17:00:00+00:00,4147.163,4148.104,4143.116,4145.284,2239,40,0
2026-07-22 17:15:00+00:00,4145.482,4147.24,4142.704,4146.049,2324,40,0
2026-07-22 17:30:00+00:00,4145.884,4147.614,4138.369,4140.499,2214,40,0
2026-07-22 17:45:00+00:00,4140.608,4143.942,4140.479,4142.616,1574,40,0
2026-07-22 18:00:00+00:00,4142.502,4142.976,4136.707,4138.379,2290,40,0
2026-07-22 18:15:00+00:00,4138.265,4139.964,4134.941,4135.462,2156,40,0
2026-07-22 18:30:00+00:00,4135.512,4136.37,4131.908,4136.048,2473,40,0
2026-07-22 18:45:00+00:00,4135.987,4138.968,4135.324,4136.321,1457,40,0
2026-07-22 19:00:00+00:00,4136.238,4137.416,4133.001,4134.294,1585,40,0
2026-07-22 19:15:00+00:00,4134.283,4135.61,4131.654,4134.386,1469,40,0
2026-07-22 19:30:00+00:00,4134.586,4136.388,4132.613,4134.025,1523,40,0
2026-07-22 19:45:00+00:00,4134.076,4135.377,4129.037,4131.785,2198,40,0
2026-07-22 20:00:00+00:00,4131.677,4135.557,4130.375,4134.459,2730,40,0
2026-07-22 20:15:00+00:00,4134.385,4137.892,4133.822,4136.779,1338,40,0
2026-07-22 20:30:00+00:00,4136.729,4137.61,4130.754,4131.085,1386,40,0
2026-07-22 20:45:00+00:00,4131.096,4131.266,4128.239,4130.204,1923,40,0
2026-07-22 22:00:00+00:00,4117.985,4125.484,4115.883,4123.706,1769,50,0
2026-07-22 22:15:00+00:00,4123.768,4128.788,4120.811,4128.715,2191,40,0
2026-07-22 22:30:00+00:00,4128.643,4129.995,4119.988,4121.86,2162,40,0
2026-07-22 22:45:00+00:00,4121.803,4126.663,4120.79,4121.896,2324,40,0
2026-07-22 23:00:00+00:00,4121.954,4124.789,4116.662,4123.944,2748,40,0
2026-07-22 23:15:00+00:00,4123.894,4124.223,4119.265,4120.139,1544,40,0
2026-07-22 23:30:00+00:00,4120.236,4124.807,4119.131,4123.755,1366,40,0
2026-07-22 23:45:00+00:00,4123.58,4134.293,4123.163,4133.367,2091,40,0
2026-07-23 00:00:00+00:00,4133.419,4134.587,4126.359,4126.857,3441,40,0
2026-07-23 00:15:00+00:00,4126.731,4134.839,4126.678,4129.43,2632,40,0
2026-07-23 00:30:00+00:00,4129.378,4132.437,4127.293,4127.955,2313,40,0
2026-07-23 00:45:00+00:00,4127.904,4133.58,4125.124,4132.379,2264,40,0
2026-07-23 01:00:00+00:00,4132.318,4139.189,4129.718,4134.821,6812,40,0
2026-07-23 01:15:00+00:00,4134.764,4141.209,4133.65,4137.602,3695,40,0
2026-07-23 01:30:00+00:00,4137.731,4139.548,4121.489,4121.58,5865,40,0
2026-07-23 01:45:00+00:00,4121.515,4123.848,4114.393,4118.027,4723,40,0
2026-07-23 02:00:00+00:00,4117.971,4119.044,4112.289,4117.743,3963,40,0
2026-07-23 02:15:00+00:00,4117.983,4118.384,4113.249,4116.553,3080,40,0
2026-07-23 02:30:00+00:00,4116.5,4122.291,4113.904,4122.209,3662,40,0
2026-07-23 02:45:00+00:00,4122.158,4128.972,4121.357,4128.08,3094,40,0
2026-07-23 03:00:00+00:00,4128.028,4129.341,4124.018,4127.455,2644,40,0
2026-07-23 03:15:00+00:00,4127.509,4133.393,4126.645,4130.441,2543,40,0
2026-07-23 03:30:00+00:00,4130.402,4131.218,4126.135,4128.824,2233,40,0
2026-07-23 03:45:00+00:00,4128.89,4129.038,4124.01,4124.768,1523,40,0
2026-07-23 04:00:00+00:00,4124.776,4127.661,4122.494,4127.661,1750,40,0
2026-07-23 04:15:00+00:00,4127.7,4130.032,4125.085,4129.843,1946,40,0
2026-07-23 04:30:00+00:00,4129.727,4130.55,4123.07,4123.391,1928,40,0
2026-07-23 04:45:00+00:00,4123.329,4124.482,4120.125,4121.451,1584,40,0
2026-07-23 05:00:00+00:00,4121.426,4124.947,4119.597,4124.45,2006,40,0
2026-07-23 05:15:00+00:00,4124.289,4125.773,4119.885,4125.721,1871,40,0
2026-07-23 05:30:00+00:00,4125.575,4128.618,4123.381,4127.654,3421,40,0
2026-07-23 05:45:00+00:00,4127.604,4130.702,4120.588,4123.93,2823,40,0
2026-07-23 06:00:00+00:00,4123.991,4128.307,4121.195,4123.135,3289,40,0
2026-07-23 06:15:00+00:00,4123.075,4127.714,4121.232,4122.142,2387,40,0
2026-07-23 06:30:00+00:00,4122.174,4123.881,4116.978,4120.149,2797,40,0
2026-07-23 06:45:00+00:00,4120.148,4122.473,4117.836,4118.711,2365,40,0
2026-07-23 07:00:00+00:00,4118.691,4119.61,4101.995,4106.674,4284,40,0
2026-07-23 07:15:00+00:00,4106.623,4111.913,4105.464,4108.703,3686,40,0
2026-07-23 07:30:00+00:00,4108.699,4109.078,4091.349,4095.769,3885,40,0
2026-07-23 07:45:00+00:00,4095.824,4097.057,4090.038,4095.626,4308,40,0
2026-07-23 08:00:00+00:00,4095.577,4097.837,4090.146,4091.721,3783,40,0
2026-07-23 08:15:00+00:00,4091.671,4092.659,4088.469,4092.112,2860,40,0
2026-07-23 08:30:00+00:00,4092.049,4093.8,4088.537,4092.386,2776,40,0
2026-07-23 08:45:00+00:00,4092.278,4094.84,4087.068,4093.392,2513,40,0
2026-07-23 09:00:00+00:00,4093.283,4099.445,4092.845,4095.109,2965,40,0
2026-07-23 09:15:00+00:00,4095.049,4097.056,4089.434,4091.321,2321,40,0
2026-07-23 09:30:00+00:00,4091.374,4093.114,4088.743,4091.875,2658,40,0
2026-07-23 09:45:00+00:00,4091.919,4094.443,4088.482,4090.129,2217,40,0
2026-07-23 10:00:00+00:00,4090.076,4091.69,4088.038,4090.842,2611,40,0
2026-07-23 10:15:00+00:00,4090.789,4092.668,4086.035,4089.953,2508,40,0
2026-07-23 10:30:00+00:00,4089.937,4092.998,4086.645,4089.34,2535,40,0
2026-07-23 10:45:00+00:00,4089.271,4095.519,4087.288,4093.418,2216,40,0
2026-07-23 11:00:00+00:00,4093.221,4093.99,4086.894,4087.891,2791,40,0
2026-07-23 11:15:00+00:00,4087.83,4089.5,4080.882,4084.331,3593,40,0
2026-07-23 11:30:00+00:00,4084.193,4084.343,4072.811,4078.954,4691,40,0
2026-07-23 11:45:00+00:00,4078.904,4089.516,4077.869,4085.849,3319,40,0
2026-07-23 12:00:00+00:00,4085.797,4086.18,4081.15,4081.448,2834,40,0
2026-07-23 12:15:00+00:00,4081.707,4083.2,4070.395,4075.316,5052,40,0
2026-07-23 12:30:00+00:00,4074.891,4075.143,4063.999,4069.268,5553,40,0
2026-07-23 12:45:00+00:00,4069.324,4069.44,4060.918,4061.837,5725,40,0
2026-07-23 13:00:00+00:00,4061.865,4063.788,4040.388,4041.103,10875,40,0
2026-07-23 13:15:00+00:00,4041.177,4059.08,4040.606,4058.63,6546,40,0
2026-07-23 13:30:00+00:00,4058.575,4067.663,4055.463,4056.493,8652,40,0
2026-07-23 13:45:00+00:00,4056.542,4059.072,4042.781,4043.409,7339,40,0
2026-07-23 14:00:00+00:00,4043.603,4051.465,4040.186,4048.175,7385,40,0
2026-07-23 14:15:00+00:00,4047.852,4056.978,4042.291,4056.419,6935,40,0
2026-07-23 14:30:00+00:00,4056.354,4060.865,4051.653,4056.979,5840,40,0
2026-07-23 14:45:00+00:00,4057.154,4061.903,4055.979,4058.039,4378,40,0
2026-07-23 15:00:00+00:00,4058.096,4059.51,4049.457,4051.499,4713,40,0
2026-07-23 15:15:00+00:00,4051.422,4056.944,4045.504,4046.994,5545,40,0
2026-07-23 15:30:00+00:00,4047.182,4053.42,4042.288,4047.965,5797,40,0
2026-07-23 15:45:00+00:00,4048.194,4051.199,4046.827,4048.634,3262,40,0
2026-07-23 16:00:00+00:00,4048.75,4050.93,4047.439,4050.378,2700,40,0
2026-07-23 16:15:00+00:00,4050.316,4051.345,4045.862,4050.229,2174,40,0
2026-07-23 16:30:00+00:00,4050.281,4050.92,4046.964,4050.008,2021,40,0
2026-07-23 16:45:00+00:00,4049.957,4051.942,4047.945,4051.404,1965,40,0
2026-07-23 17:00:00+00:00,4051.457,4054.735,4046.823,4047.401,2866,40,0
2026-07-23 17:15:00+00:00,4047.454,4050.63,4046.144,4047.499,3005,40,0
2026-07-23 17:30:00+00:00,4047.39,4049.165,4041.804,4043.051,2774,40,0
2026-07-23 17:45:00+00:00,4042.992,4044.556,4041.739,4041.955,2257,40,0
2026-07-23 18:00:00+00:00,4042.083,4044.354,4040.604,4042.122,2374,40,0
2026-07-23 18:15:00+00:00,4042.137,4045.336,4040.64,4044.802,2482,40,0
2026-07-23 18:30:00+00:00,4044.692,4048.311,4044.515,4046.472,1949,40,0
2026-07-23 18:45:00+00:00,4046.494,4048.475,4044.781,4046.041,1612,40,0
2026-07-23 19:00:00+00:00,4046.342,4048.639,4042.976,4043.456,1604,40,0
2026-07-23 19:15:00+00:00,4043.375,4049.296,4043.149,4048.172,1570,40,0
2026-07-23 19:30:00+00:00,4048.224,4051.1,4045.813,4045.813,1710,40,0
2026-07-23 19:45:00+00:00,4045.867,4051.096,4044.953,4049.991,2052,40,0
2026-07-23 20:00:00+00:00,4050.056,4051.315,4048.24,4049.495,1333,40,0
2026-07-23 20:15:00+00:00,4049.443,4050.78,4047.545,4050.224,1015,40,0
2026-07-23 20:30:00+00:00,4050.535,4050.674,4048.921,4049.918,944,40,0
2026-07-23 20:45:00+00:00,4049.901,4050.295,4047.464,4049.299,873,40,0
2026-07-23 22:00:00+00:00,4050.741,4050.838,4048.657,4049.122,729,40,0
2026-07-23 22:15:00+00:00,4049.213,4050.349,4049.213,4049.952,625,40,0
2026-07-23 22:30:00+00:00,4050.008,4050.699,4048.994,4049.426,753,40,0
2026-07-23 22:45:00+00:00,4049.383,4050.661,4048.673,4049.539,673,40,0
2026-07-23 23:00:00+00:00,4049.539,4050.021,4047.426,4048.5,825,40,0
2026-07-23 23:15:00+00:00,4048.536,4050.127,4047.083,4049.228,859,40,0
2026-07-23 23:30:00+00:00,4049.398,4050.903,4046.974,4048.465,1135,40,0
2026-07-23 23:45:00+00:00,4048.456,4049.82,4046.605,4047.137,1400,40,0
2026-07-24 00:00:00+00:00,4047.197,4050.043,4041.338,4041.77,3152,40,0
2026-07-24 00:15:00+00:00,4041.836,4048.246,4041.151,4046.68,2496,40,0
2026-07-24 00:30:00+00:00,4046.982,4050.349,4044.978,4049.426,2241,40,0
2026-07-24 00:45:00+00:00,4049.482,4050.901,4048.424,4050.124,1811,40,0
2026-07-24 01:00:00+00:00,4050.174,4050.429,4040.058,4042.422,4419,40,0
2026-07-24 01:15:00+00:00,4042.471,4045.969,4041.596,4042.981,2917,40,0
2026-07-24 01:30:00+00:00,4042.927,4050.654,4041.502,4049.94,2633,40,0
2026-07-24 01:45:00+00:00,4049.874,4050.382,4041.601,4043.604,2431,40,0
2026-07-24 02:00:00+00:00,4043.587,4046.037,4041.021,4045.687,2521,40,0
2026-07-24 02:15:00+00:00,4045.634,4048.382,4042.763,4046.668,1754,40,0
2026-07-24 02:30:00+00:00,4046.835,4048.139,4041.303,4041.877,2498,40,0
2026-07-24 02:45:00+00:00,4041.799,4042.064,4023.261,4024.527,6322,40,0
2026-07-24 03:00:00+00:00,4024.609,4032.299,4023.085,4031.749,2950,40,0
2026-07-24 03:15:00+00:00,4031.726,4033.672,4028.18,4030.308,2406,40,0
2026-07-24 03:30:00+00:00,4030.357,4033.435,4030.318,4031.555,1927,40,0
2026-07-24 03:45:00+00:00,4031.729,4032.379,4028.32,4029.471,1562,40,0
2026-07-24 04:00:00+00:00,4029.411,4030.322,4027.067,4028.353,1769,40,0
2026-07-24 04:15:00+00:00,4028.343,4030.493,4027.716,4030.02,1457,40,0
2026-07-24 04:30:00+00:00,4029.823,4030.638,4026.019,4026.763,1473,40,0
2026-07-24 04:45:00+00:00,4026.98,4028.889,4025.762,4027.233,1360,40,0
2026-07-24 05:00:00+00:00,4027.032,4032.443,4025.304,4027.811,2071,40,0
2026-07-24 05:15:00+00:00,4027.79,4029.902,4022.324,4026.198,2214,40,0
2026-07-24 05:30:00+00:00,4026.115,4031.574,4024.169,4024.99,3544,40,0
2026-07-24 05:45:00+00:00,4024.939,4029.266,4021.953,4023.078,2473,40,0
2026-07-24 06:00:00+00:00,4023.089,4031.427,4022.856,4030.916,2676,40,0
2026-07-24 06:15:00+00:00,4030.967,4039.211,4029.318,4036.436,2809,40,0
2026-07-24 06:30:00+00:00,4036.388,4037.449,4033.38,4034.146,2366,40,0
2026-07-24 06:45:00+00:00,4034.116,4038.741,4031.812,4035.902,2547,40,0
2026-07-24 07:00:00+00:00,4035.596,4047.487,4035.109,4045.369,3346,40,0
2026-07-24 07:15:00+00:00,4045.635,4050.97,4043.993,4048.71,2662,40,0
2026-07-24 07:30:00+00:00,4048.944,4053.863,4045.848,4048.412,2349,40,0
2026-07-24 07:45:00+00:00,4048.469,4049.703,4045.943,4048.439,1838,40,0
2026-07-24 08:00:00+00:00,4048.316,4049.254,4045.212,4046.847,2103,40,0
2026-07-24 08:15:00+00:00,4046.736,4052.736,4045.203,4052.736,2092,40,0
2026-07-24 08:30:00+00:00,4052.684,4055.619,4049.013,4054.614,1941,40,0
2026-07-24 08:45:00+00:00,4054.772,4058.958,4052.298,4057.477,1884,40,0
2026-07-24 09:00:00+00:00,4057.529,4061.019,4053.323,4054.105,2181,40,0
2026-07-24 09:15:00+00:00,4054.336,4056.581,4052.611,4053.194,1802,40,0
2026-07-24 09:30:00+00:00,4053.142,4056.369,4051.683,4055.778,1725,40,0
2026-07-24 09:45:00+00:00,4055.926,4060.081,4054.583,4059.776,1524,40,0
2026-07-24 10:00:00+00:00,4059.828,4061.648,4057.72,4058.314,1801,40,0
2026-07-24 10:15:00+00:00,4058.342,4063.847,4057.54,4061.911,1600,40,0
2026-07-24 10:30:00+00:00,4062.108,4064.05,4058.342,4058.608,1464,40,0
2026-07-24 10:45:00+00:00,4058.657,4060.49,4057.149,4060.022,1434,40,0
2026-07-24 11:00:00+00:00,4060.131,4063.598,4058.619,4061.496,1562,40,0
2026-07-24 11:15:00+00:00,4061.552,4062.233,4059.16,4059.396,1230,40,0
2026-07-24 11:30:00+00:00,4059.106,4060.622,4055.206,4055.509,1798,40,0
2026-07-24 11:45:00+00:00,4055.5,4061.863,4051.604,4057.766,2656,40,0
2026-07-24 12:00:00+00:00,4057.737,4058.681,4052.413,4056.581,2372,40,0
2026-07-24 12:15:00+00:00,4056.578,4060.333,4054.769,4059.805,2572,40,0
2026-07-24 12:30:00+00:00,4059.756,4059.866,4052.033,4055.048,2549,40,0
2026-07-24 12:45:00+00:00,4055.037,4056.511,4051.687,4055.962,2248,40,0
2026-07-24 13:00:00+00:00,4056.012,4058.634,4044.663,4048.326,4113,40,0
2026-07-24 13:15:00+00:00,4048.022,4049.575,4044.739,4046.578,2911,40,0
2026-07-24 13:30:00+00:00,4046.526,4056.844,4044.618,4052.036,5455,40,0
2026-07-24 13:45:00+00:00,4052.18,4068.783,4048.532,4067.446,5047,40,0
2026-07-24 14:00:00+00:00,4067.316,4070.176,4057.396,4058.989,5023,40,0
2026-07-24 14:15:00+00:00,4059.039,4069.505,4055.92,4065.926,5004,40,0
2026-07-24 14:30:00+00:00,4066.044,4068.125,4059.268,4060.543,3947,40,0
2026-07-24 14:45:00+00:00,4060.656,4066.541,4058.626,4063.533,3556,40,0
2026-07-24 15:00:00+00:00,4063.587,4076.8,4061.74,4074.595,5559,40,0
2026-07-24 15:15:00+00:00,4074.546,4082.157,4071.946,4075.012,7139,40,0
2026-07-24 15:30:00+00:00,4075.078,4079.726,4071.519,4072.153,4295,40,0
2026-07-24 15:45:00+00:00,4072.204,4077.992,4070.819,4077.526,2931,40,0
2026-07-24 16:00:00+00:00,4077.421,4077.717,4074.386,4075.039,2179,40,0
2026-07-24 16:15:00+00:00,4075.024,4078.326,4073.715,4073.868,1934,40,0
2026-07-24 16:30:00+00:00,4073.92,4074.184,4066.607,4067.938,2522,40,0
2026-07-24 16:45:00+00:00,4067.88,4067.955,4064.13,4066.973,2006,40,0
2026-07-24 17:00:00+00:00,4067.022,4068.596,4063.06,4064.456,2366,40,0
2026-07-24 17:15:00+00:00,4064.208,4070.04,4063.608,4068.281,2202,40,0
2026-07-24 17:30:00+00:00,4068.417,4070.023,4066.072,4066.682,1760,40,0
2026-07-24 17:45:00+00:00,4066.683,4067.425,4063.014,4063.528,1589,40,0
2026-07-24 18:00:00+00:00,4063.579,4064.615,4061.239,4061.639,1665,40,0
2026-07-24 18:15:00+00:00,4061.88,4063.2,4054.937,4055.238,2039,40,0
2026-07-24 18:30:00+00:00,4055.542,4057.109,4051.301,4052.39,2148,40,0
2026-07-24 18:45:00+00:00,4052.387,4056.055,4051.825,4054.586,1529,40,0
2026-07-24 19:00:00+00:00,4054.716,4056.6,4052.132,4052.464,2005,40,0
2026-07-24 19:15:00+00:00,4052.31,4052.667,4049.184,4051.419,1753,40,0
2026-07-24 19:30:00+00:00,4051.664,4057.963,4051.269,4056.892,2212,40,0
2026-07-24 19:45:00+00:00,4056.947,4057.574,4052.732,4053.623,1759,40,0
2026-07-24 20:00:00+00:00,4053.787,4055.478,4052.139,4052.704,1070,40,0
2026-07-24 20:15:00+00:00,4052.717,4054.948,4052.069,4053.859,1068,40,0
2026-07-24 20:30:00+00:00,4053.675,4056.211,4051.78,4055.369,999,40,0
2026-07-24 20:45:00+00:00,4055.348,4056.22,4052.107,4053.032,1043,40,0
2026-07-26 22:00:00+00:00,4091.931,4096.764,4085.878,4087.371,1728,50,0
2026-07-26 22:15:00+00:00,4087.426,4090.307,4083.793,4086.606,1416,50,0
2026-07-26 22:30:00+00:00,4086.618,4093.161,4085.556,4091.257,1163,50,0
2026-07-26 22:45:00+00:00,4091.221,4093.862,4088.908,4089.883,1158,50,0
2026-07-26 23:00:00+00:00,4089.81,4091.41,4084.407,4085.026,1044,40,0
2026-07-26 23:15:00+00:00,4084.82,4086.425,4083.683,4084.845,1184,40,0
2026-07-26 23:30:00+00:00,4084.923,4089.529,4084.696,4088.948,1018,40,0
2026-07-26 23:45:00+00:00,4088.949,4096.484,4088.176,4094.276,2281,40,0
2026-07-27 00:00:00+00:00,4094.395,4116.322,4093.969,4115.478,5600,40,0
2026-07-27 00:15:00+00:00,4115.734,4115.734,4090.686,4094.645,4799,40,0
2026-07-27 00:30:00+00:00,4094.387,4102.609,4093.65,4100.037,3250,40,0
2026-07-27 00:45:00+00:00,4099.736,4109.237,4099.257,4100.788,3682,40,0
2026-07-27 01:00:00+00:00,4100.991,4112.738,4100.764,4107.499,7570,40,0
2026-07-27 01:15:00+00:00,4107.592,4109.12,4097.01,4100.141,4608,40,0
2026-07-27 01:30:00+00:00,4100.026,4104.505,4097.896,4102.865,3829,40,0
2026-07-27 01:45:00+00:00,4102.918,4110.306,4102.718,4110.185,3342,40,0
2026-07-27 02:00:00+00:00,4110.088,4111.071,4103.268,4105.46,3343,40,0
2026-07-27 02:15:00+00:00,4105.656,4106.027,4101.983,4103.331,2047,40,0
2026-07-27 02:30:00+00:00,4103.139,4103.383,4095.78,4096.704,2897,40,0
2026-07-27 02:45:00+00:00,4096.648,4097.865,4093.787,4093.854,2068,40,0
2026-07-27 03:00:00+00:00,4093.553,4095.988,4088.957,4092.136,2719,40,0
2026-07-27 03:15:00+00:00,4092.255,4093.663,4085.283,4085.78,2173,40,0
2026-07-27 03:30:00+00:00,4085.709,4090.975,4085.303,4089.951,2092,40,0
2026-07-27 03:45:00+00:00,4089.882,4091.223,4088.489,4090.942,1284,40,0
2026-07-27 04:00:00+00:00,4090.994,4092.868,4088.582,4090.023,1690,40,0
2026-07-27 04:15:00+00:00,4089.952,4090.562,4087.052,4089.034,1549,40,0
2026-07-27 04:30:00+00:00,4089.083,4092.359,4089.083,4090.447,1503,40,0
2026-07-27 04:45:00+00:00,4090.739,4091.402,4089.334,4090.573,1247,40,0
2026-07-27 05:00:00+00:00,4090.562,4094.865,4088.57,4094.705,1802,40,0
2026-07-27 05:15:00+00:00,4094.655,4094.655,4086.136,4087.151,1782,40,0
2026-07-27 05:30:00+00:00,4087.145,4090.315,4085.697,4088.086,3071,40,0
2026-07-27 05:45:00+00:00,4088.138,4093.621,4084.404,4093.092,2805,40,0
2026-07-27 06:00:00+00:00,4093.294,4096.509,4091.667,4094.251,3296,40,0
2026-07-27 06:15:00+00:00,4094.315,4096.51,4091.117,4096.059,2452,40,0
2026-07-27 06:30:00+00:00,4095.943,4099.467,4094.3,4098.54,2319,40,0
2026-07-27 06:45:00+00:00,4098.483,4099.177,4095.093,4095.78,2049,40,0
2026-07-27 07:00:00+00:00,4096.074,4102.263,4095.939,4102.021,3112,40,0
2026-07-27 07:15:00+00:00,4102.004,4106.194,4099.958,4103.313,2522,40,0
2026-07-27 07:30:00+00:00,4103.305,4103.76,4095.893,4097.242,2237,40,0
2026-07-27 07:45:00+00:00,4097.462,4099.187,4088.69,4089.008,2460,40,0
2026-07-27 08:00:00+00:00,4089.063,4093.263,4086.999,4091.269,2960,40,0
2026-07-27 08:15:00+00:00,4091.221,4092.726,4088.892,4090.808,2372,40,0
2026-07-27 08:30:00+00:00,4090.757,4093.017,4087.264,4091.353,2374,40,0
2026-07-27 08:45:00+00:00,4091.402,4096.875,4090.839,4095.408,1735,40,0
2026-07-27 09:00:00+00:00,4095.394,4098.634,4093.01,4093.935,1909,40,0
2026-07-27 09:15:00+00:00,4094.122,4096.021,4091.223,4091.763,1925,40,0
2026-07-27 09:30:00+00:00,4091.649,4094.923,4090.377,4094.08,2231,40,0
2026-07-27 09:45:00+00:00,4094.44,4100.494,4093.789,4096.267,1994,40,0
2026-07-27 10:00:00+00:00,4096.215,4096.609,4086.393,4090.778,2565,40,0
2026-07-27 10:15:00+00:00,4090.703,4094.082,4089.26,4093.067,1896,40,0
2026-07-27 10:30:00+00:00,4093.07,4102.147,4093.07,4100.219,2073,40,0
2026-07-27 10:45:00+00:00,4100.328,4102.385,4098.763,4099.664,1784,40,0
2026-07-27 11:00:00+00:00,4099.716,4104.233,4097.068,4101.93,2477,40,0
2026-07-27 11:15:00+00:00,4102.241,4103.542,4096.92,4096.92,1893,40,0
2026-07-27 11:30:00+00:00,4097.162,4100.192,4094.609,4095.842,2877,40,0
2026-07-27 11:45:00+00:00,4095.793,4097.505,4093.716,4094.079,2239,40,0
2026-07-27 12:00:00+00:00,4094.14,4097.868,4086.236,4087.862,3608,40,0
2026-07-27 12:15:00+00:00,4087.809,4089.239,4081.729,4086.7,3684,40,0
2026-07-27 12:30:00+00:00,4086.898,4088.761,4083.326,4086.659,2523,40,0
2026-07-27 12:45:00+00:00,4086.608,4089.169,4081.436,4083.869,3560,40,0
2026-07-27 13:00:00+00:00,4083.903,4089.131,4080.917,4085.213,5696,40,0
2026-07-27 13:15:00+00:00,4085.161,4087.435,4075.922,4076.166,4729,40,0
2026-07-27 13:30:00+00:00,4076.246,4089.374,4075.48,4086.692,7764,40,0
2026-07-27 13:45:00+00:00,4086.753,4089.713,4070.685,4074.117,6231,40,0
2026-07-27 14:00:00+00:00,4074.234,4079.379,4071.257,4076.931,6803,40,0
2026-07-27 14:15:00+00:00,4076.98,4078.764,4067.156,4068.355,5528,40,0
2026-07-27 14:30:00+00:00,4068.41,4070.861,4065.268,4068.748,6575,40,0
2026-07-27 14:45:00+00:00,4068.793,4077.614,4068.793,4076.09,4208,40,0
2026-07-27 15:00:00+00:00,4076.14,4076.557,4071.83,4076.007,3840,40,0
2026-07-27 15:15:00+00:00,4076.142,4079.359,4074.637,4076.608,3719,40,0
2026-07-27 15:30:00+00:00,4076.721,4077.929,4072.599,4076.124,3468,40,0
2026-07-27 15:45:00+00:00,4076.193,4080.077,4074.539,4078.708,2877,40,0
2026-07-27 16:00:00+00:00,4078.613,4084.79,4077.815,4081.374,2963,40,0
2026-07-27 16:15:00+00:00,4081.636,4088.984,4079.84,4085.0,4402,40,0
2026-07-27 16:30:00+00:00,4085.107,4094.008,4085.038,4088.508,3377,40,0
2026-07-27 16:45:00+00:00,4088.56,4088.766,4080.901,4082.354,2322,40,0
2026-07-27 17:00:00+00:00,4082.557,4082.557,4070.723,4073.458,3387,40,0
2026-07-27 17:15:00+00:00,4073.654,4076.925,4072.315,4074.883,2781,40,0
2026-07-27 17:30:00+00:00,4074.834,4076.14,4072.19,4074.471,2156,40,0
2026-07-27 17:45:00+00:00,4074.461,4077.385,4073.492,4076.557,1746,40,0
2026-07-27 18:00:00+00:00,4076.613,4079.419,4076.023,4076.859,2034,40,0
2026-07-27 18:15:00+00:00,4076.81,4077.121,4074.126,4077.053,1747,40,0
2026-07-27 18:30:00+00:00,4076.748,4079.674,4072.818,4076.373,2276,40,0
2026-07-27 18:45:00+00:00,4076.324,4079.453,4074.948,4077.856,1959,40,0
2026-07-27 19:00:00+00:00,4077.934,4081.846,4076.187,4080.234,1779,40,0
2026-07-27 19:15:00+00:00,4080.287,4088.891,4079.394,4085.966,1834,40,0
2026-07-27 19:30:00+00:00,4086.033,4087.402,4083.723,4086.907,1725,40,0
2026-07-27 19:45:00+00:00,4086.832,4089.316,4082.35,4083.308,1910,40,0
2026-07-27 20:00:00+00:00,4083.358,4084.194,4081.582,4082.196,1172,40,0
2026-07-27 20:15:00+00:00,4082.176,4082.349,4078.343,4078.808,963,40,0
2026-07-27 20:30:00+00:00,4078.938,4079.319,4075.663,4077.37,1119,40,0
2026-07-27 20:45:00+00:00,4077.261,4077.536,4075.209,4076.899,773,40,0
2026-07-27 22:00:00+00:00,4079.586,4082.228,4076.765,4077.502,869,40,0
2026-07-27 22:15:00+00:00,4077.441,4077.441,4071.13,4072.576,1047,40,0
2026-07-27 22:30:00+00:00,4072.504,4075.148,4072.383,4075.049,929,40,0
2026-07-27 22:45:00+00:00,4074.984,4075.072,4073.61,4074.144,885,40,0
2026-07-27 23:00:00+00:00,4074.359,4075.221,4071.755,4074.217,1022,40,0
2026-07-27 23:15:00+00:00,4074.219,4074.698,4072.106,4073.217,930,40,0
2026-07-27 23:30:00+00:00,4072.965,4073.713,4071.555,4072.175,767,40,0
2026-07-27 23:45:00+00:00,4072.283,4073.504,4069.984,4073.295,1338,40,0
2026-07-28 00:00:00+00:00,4073.246,4074.388,4061.922,4067.021,4110,40,0
2026-07-28 00:15:00+00:00,4066.948,4067.538,4059.105,4061.998,3183,40,0
2026-07-28 00:30:00+00:00,4062.056,4066.157,4060.642,4065.465,3031,40,0
2026-07-28 00:45:00+00:00,4065.391,4065.658,4057.494,4057.863,3021,40,0
2026-07-28 01:00:00+00:00,4057.812,4060.296,4053.914,4057.868,7205,40,0
2026-07-28 01:15:00+00:00,4057.811,4059.289,4046.311,4047.457,4936,40,0
2026-07-28 01:30:00+00:00,4047.522,4050.478,4043.389,4048.818,4234,40,0
2026-07-28 01:45:00+00:00,4049.132,4049.132,4042.569,4045.333,3094,40,0
2026-07-28 02:00:00+00:00,4045.265,4047.738,4042.397,4046.491,2936,40,0
2026-07-28 02:15:00+00:00,4046.441,4049.112,4045.274,4046.314,2241,40,0
2026-07-28 02:30:00+00:00,4046.252,4048.077,4041.484,4044.139,2883,40,0
2026-07-28 02:45:00+00:00,4044.089,4045.67,4040.708,4042.187,2437,40,0
2026-07-28 03:00:00+00:00,4042.123,4047.284,4040.238,4046.021,2228,40,0
2026-07-28 03:15:00+00:00,4045.798,4049.472,4045.421,4047.655,1981,40,0
2026-07-28 03:30:00+00:00,4047.529,4051.095,4047.231,4048.319,2254,40,0
2026-07-28 03:45:00+00:00,4048.384,4050.85,4047.959,4049.336,1650,40,0
2026-07-28 04:00:00+00:00,4049.289,4049.801,4043.379,4044.233,1937,40,0
2026-07-28 04:15:00+00:00,4043.856,4048.092,4043.606,4045.802,1555,40,0
2026-07-28 04:30:00+00:00,4045.911,4047.864,4043.987,4047.631,1475,40,0
2026-07-28 04:45:00+00:00,4047.604,4047.942,4041.522,4042.401,1658,40,0
2026-07-28 05:00:00+00:00,4042.351,4044.189,4039.871,4042.537,2343,40,0
2026-07-28 05:15:00+00:00,4042.587,4043.727,4040.744,4043.003,2037,40,0
2026-07-28 05:30:00+00:00,4042.928,4045.775,4034.863,4041.76,4322,40,0
2026-07-28 05:45:00+00:00,4041.814,4046.715,4039.764,4045.463,2063,40,0
2026-07-28 06:00:00+00:00,4045.262,4047.981,4042.931,4044.222,2808,40,0
2026-07-28 06:15:00+00:00,4044.439,4049.032,4043.945,4047.769,2477,40,0
2026-07-28 06:30:00+00:00,4048.072,4052.474,4047.02,4049.702,2378,40,0
2026-07-28 06:45:00+00:00,4050.009,4051.646,4048.013,4048.337,2338,40,0
2026-07-28 07:00:00+00:00,4048.538,4051.391,4047.42,4048.992,2155,40,0
2026-07-28 07:15:00+00:00,4049.019,4052.463,4048.724,4050.293,1810,40,0
2026-07-28 07:30:00+00:00,4050.115,4051.271,4048.413,4049.555,1996,40,0
2026-07-28 07:45:00+00:00,4049.31,4049.956,4046.366,4047.348,2182,40,0
2026-07-28 08:00:00+00:00,4047.573,4055.364,4042.986,4044.381,3960,40,0
2026-07-28 08:15:00+00:00,4044.33,4051.246,4044.112,4049.595,3812,40,0
2026-07-28 08:30:00+00:00,4049.546,4049.965,4041.858,4043.302,3314,40,0
2026-07-28 08:45:00+00:00,4043.352,4046.332,4041.879,4045.454,2405,40,0
2026-07-28 09:00:00+00:00,4045.401,4046.146,4040.65,4041.117,2074,40,0
2026-07-28 09:15:00+00:00,4041.17,4044.285,4038.959,4040.58,1930,40,0
2026-07-28 09:30:00+00:00,4040.592,4040.592,4029.517,4033.296,3443,40,0
2026-07-28 09:45:00+00:00,4033.245,4034.399,4019.16,4023.333,3663,40,0
2026-07-28 10:00:00+00:00,4023.283,4027.004,4020.526,4024.248,3378,40,0
2026-07-28 10:15:00+00:00,4024.376,4025.967,4016.877,4017.428,3165,40,0
2026-07-28 10:30:00+00:00,4017.704,4023.59,4017.101,4022.416,2956,40,0
2026-07-28 10:45:00+00:00,4022.417,4028.528,4022.05,4026.598,2554,40,0
2026-07-28 11:00:00+00:00,4026.539,4029.015,4023.144,4024.089,3494,40,0
2026-07-28 11:15:00+00:00,4024.036,4032.375,4023.902,4027.767,3465,40,0
2026-07-28 11:30:00+00:00,4027.666,4031.737,4026.45,4027.223,2548,40,0
2026-07-28 11:45:00+00:00,4027.291,4028.543,4023.965,4028.103,2360,40,0
2026-07-28 12:00:00+00:00,4028.006,4028.801,4022.942,4027.91,3170,40,0
2026-07-28 12:15:00+00:00,4027.93,4035.095,4026.263,4034.455,2888,40,0
2026-07-28 12:30:00+00:00,4034.544,4035.18,4025.513,4033.501,3894,40,0
2026-07-28 12:45:00+00:00,4033.614,4038.2,4028.35,4029.583,3231,40,0
2026-07-28 13:00:00+00:00,4029.554,4035.672,4029.465,4032.822,4530,40,0
2026-07-28 13:15:00+00:00,4032.872,4036.277,4028.408,4029.195,3591,40,0
2026-07-28 13:30:00+00:00,4028.892,4033.07,4020.194,4025.13,7353,40,0
2026-07-28 13:45:00+00:00,4025.267,4029.014,4021.617,4022.474,5773,40,0
2026-07-28 14:00:00+00:00,4022.472,4033.651,4021.914,4026.056,5197,40,0
2026-07-28 14:15:00+00:00,4026.107,4026.76,4011.392,4022.284,6122,40,0
2026-07-28 14:30:00+00:00,4022.234,4025.252,4018.843,4022.614,5061,40,0
2026-07-28 14:45:00+00:00,4022.751,4029.715,4021.219,4024.606,3678,40,0
2026-07-28 15:00:00+00:00,4024.306,4036.583,4022.369,4033.653,6197,40,0
2026-07-28 15:15:00+00:00,4033.717,4041.082,4031.706,4035.676,6519,40,0
2026-07-28 15:30:00+00:00,4035.744,4042.081,4032.182,4041.399,4252,40,0
2026-07-28 15:45:00+00:00,4041.254,4047.166,4041.037,4046.073,3343,40,0
2026-07-28 16:00:00+00:00,4046.381,4046.758,4042.372,4044.758,2567,40,0
2026-07-28 16:15:00+00:00,4044.636,4045.868,4042.216,4042.321,2066,40,0
2026-07-28 16:30:00+00:00,4042.378,4044.098,4040.347,4040.669,2002,40,0
2026-07-28 16:45:00+00:00,4040.62,4041.275,4036.574,4037.718,1978,40,0
2026-07-28 17:00:00+00:00,4037.769,4041.193,4035.613,4037.23,2225,40,0
2026-07-28 17:15:00+00:00,4037.178,4041.786,4035.141,4037.924,2906,40,0
2026-07-28 17:30:00+00:00,4037.975,4038.025,4027.744,4028.477,2011,40,0
2026-07-28 17:45:00+00:00,4028.464,4029.779,4025.634,4027.876,2158,40,0
2026-07-28 18:00:00+00:00,4027.919,4030.496,4027.08,4028.441,1932,40,0
2026-07-28 18:15:00+00:00,4028.443,4030.284,4025.829,4027.101,1910,40,0
2026-07-28 18:30:00+00:00,4027.176,4027.701,4023.202,4024.44,1960,40,0
2026-07-28 18:45:00+00:00,4024.465,4026.038,4021.683,4023.239,1767,40,0
2026-07-28 19:00:00+00:00,4022.931,4025.753,4022.383,4024.066,1649,40,0
2026-07-28 19:15:00+00:00,4024.209,4025.315,4021.931,4023.298,1309,40,0
2026-07-28 19:30:00+00:00,4023.584,4027.688,4022.945,4026.077,1547,40,0
2026-07-28 19:45:00+00:00,4026.151,4028.085,4025.427,4026.626,1703,40,0
2026-07-28 20:00:00+00:00,4026.317,4026.469,4022.642,4023.818,1407,40,0
2026-07-28 20:15:00+00:00,4023.552,4027.771,4023.552,4027.251,964,40,0
2026-07-28 20:30:00+00:00,4027.366,4030.302,4027.346,4030.001,1108,40,0
2026-07-28 20:45:00+00:00,4029.977,4030.535,4026.621,4028.938,1059,40,0
2026-07-28 22:00:00+00:00,4027.987,4028.725,4024.633,4024.66,826,50,0
2026-07-28 22:15:00+00:00,4024.72,4025.37,4017.514,4021.196,1053,40,0
2026-07-28 22:30:00+00:00,4020.978,4021.369,4014.004,4018.315,1597,40,0
2026-07-28 22:45:00+00:00,4018.206,4019.63,4015.373,4018.48,1404,40,0
2026-07-28 23:00:00+00:00,4018.53,4023.093,4016.378,4022.213,1558,40,0
2026-07-28 23:15:00+00:00,4022.322,4022.322,4015.065,4018.687,1774,40,0
2026-07-28 23:30:00+00:00,4018.602,4023.557,4017.577,4022.973,1298,40,0
2026-07-28 23:45:00+00:00,4022.923,4026.536,4019.095,4025.198,2414,40,0
2026-07-29 00:00:00+00:00,4024.998,4026.347,4017.688,4020.622,4928,40,0
2026-07-29 00:15:00+00:00,4020.57,4030.158,4020.57,4022.439,3546,40,0
2026-07-29 00:30:00+00:00,4022.76,4027.703,4021.521,4025.864,2908,40,0
2026-07-29 00:45:00+00:00,4025.964,4026.3,4020.563,4021.75,3110,40,0
2026-07-29 01:00:00+00:00,4021.702,4021.703,4010.103,4013.101,6645,40,0
2026-07-29 01:15:00+00:00,4013.165,4020.189,4011.692,4018.337,4130,40,0
2026-07-29 01:30:00+00:00,4018.219,4030.731,4015.172,4027.729,5897,40,0
2026-07-29 01:45:00+00:00,4027.783,4028.351,4022.024,4025.782,3691,40,0
2026-07-29 02:00:00+00:00,4025.871,4029.469,4023.073,4028.228,3961,40,0
2026-07-29 02:15:00+00:00,4028.154,4035.523,4026.245,4033.006,3085,40,0
2026-07-29 02:30:00+00:00,4033.072,4038.061,4030.721,4034.861,4002,40,0
2026-07-29 02:45:00+00:00,4034.813,4035.429,4029.235,4029.763,2703,40,0
2026-07-29 03:00:00+00:00,4029.714,4032.725,4027.453,4027.697,2888,40,0
2026-07-29 03:15:00+00:00,4028.0,4028.995,4025.484,4027.095,2335,40,0
2026-07-29 03:30:00+00:00,4027.038,4029.596,4024.539,4026.086,2028,40,0
2026-07-29 03:45:00+00:00,4026.083,4027.074,4023.098,4023.803,1641,40,0
2026-07-29 04:00:00+00:00,4023.856,4024.891,4021.231,4021.996,1841,40,0
2026-07-29 04:15:00+00:00,4021.973,4025.525,4020.551,4023.376,1895,40,0
2026-07-29 04:30:00+00:00,4023.571,4027.451,4023.248,4027.089,2074,40,0
2026-07-29 04:45:00+00:00,4027.145,4027.719,4023.769,4027.516,2321,40,0
2026-07-29 05:00:00+00:00,4027.544,4031.825,4026.664,4030.307,2393,40,0
2026-07-29 05:15:00+00:00,4030.511,4031.359,4026.95,4030.485,1874,40,0
2026-07-29 05:30:00+00:00,4030.541,4039.637,4029.766,4039.065,4137,40,0
2026-07-29 05:45:00+00:00,4039.118,4040.19,4031.744,4033.242,2976,40,0
2026-07-29 06:00:00+00:00,4033.021,4038.365,4033.021,4037.314,2696,40,0
2026-07-29 06:15:00+00:00,4037.414,4043.166,4035.991,4040.943,2299,40,0
2026-07-29 06:30:00+00:00,4040.894,4044.991,4040.642,4042.7,2452,40,0
2026-07-29 06:45:00+00:00,4042.701,4043.12,4039.943,4041.275,2067,40,0
2026-07-29 07:00:00+00:00,4041.024,4046.567,4041.024,4045.484,2201,40,0
2026-07-29 07:15:00+00:00,4045.218,4047.879,4044.112,4046.008,1720,40,0
2026-07-29 07:30:00+00:00,4046.058,4047.611,4044.781,4046.192,1811,40,0
2026-07-29 07:45:00+00:00,4045.878,4046.897,4042.782,4043.982,1536,40,0
2026-07-29 08:00:00+00:00,4043.932,4044.557,4039.197,4039.334,1975,40,0
2026-07-29 08:15:00+00:00,4039.369,4042.427,4035.62,4037.423,1810,40,0
2026-07-29 08:30:00+00:00,4037.368,4039.2,4035.88,4038.384,1831,40,0
2026-07-29 08:45:00+00:00,4038.385,4040.313,4037.022,4037.544,1806,40,0
2026-07-29 09:00:00+00:00,4037.593,4038.564,4035.529,4036.412,1481,40,0
2026-07-29 09:15:00+00:00,4036.433,4037.703,4033.51,4033.958,1364,40,0
2026-07-29 09:30:00+00:00,4034.011,4035.05,4031.153,4034.303,2164,40,0
2026-07-29 09:45:00+00:00,4034.194,4036.48,4031.999,4032.903,1559,40,0
2026-07-29 10:00:00+00:00,4032.845,4034.12,4030.959,4032.133,2271,40,0
2026-07-29 10:15:00+00:00,4032.066,4033.512,4030.242,4033.02,1629,40,0
2026-07-29 10:30:00+00:00,4033.165,4034.551,4026.241,4027.586,1910,40,0
2026-07-29 10:45:00+00:00,4027.523,4028.693,4025.892,4027.311,1486,40,0
2026-07-29 11:00:00+00:00,4027.44,4029.617,4024.885,4029.611,1933,40,0
2026-07-29 11:15:00+00:00,4029.614,4033.769,4028.354,4032.766,1613,40,0
2026-07-29 11:30:00+00:00,4032.816,4033.026,4030.074,4031.127,1431,40,0
2026-07-29 11:45:00+00:00,4031.141,4036.187,4030.444,4032.716,2153,40,0
2026-07-29 12:00:00+00:00,4032.765,4033.556,4025.964,4026.997,2099,40,0
2026-07-29 12:15:00+00:00,4027.328,4027.761,4012.549,4013.379,6587,40,0
2026-07-29 12:30:00+00:00,4013.258,4022.452,4009.235,4020.99,3938,40,0
2026-07-29 12:45:00+00:00,4020.878,4023.68,4019.009,4022.629,2542,40,0
2026-07-29 13:00:00+00:00,4022.7,4026.661,4015.09,4015.946,4442,40,0
2026-07-29 13:15:00+00:00,4015.581,4023.475,4013.73,4014.739,3957,40,0
2026-07-29 13:30:00+00:00,4014.688,4018.082,4009.936,4013.817,7404,40,0
2026-07-29 13:45:00+00:00,4013.76,4016.196,4002.492,4007.291,5966,40,0
2026-07-29 14:00:00+00:00,4007.388,4008.769,3995.884,3999.478,6580,40,0
2026-07-29 14:15:00+00:00,3999.279,4010.354,3998.799,4005.641,5634,40,0
2026-07-29 14:30:00+00:00,4005.408,4009.422,3998.989,4001.182,4300,40,0
2026-07-29 14:45:00+00:00,4001.334,4005.878,3998.28,4004.791,4857,40,0
2026-07-29 15:00:00+00:00,4004.85,4010.079,4003.184,4006.868,3924,40,0
2026-07-29 15:15:00+00:00,4006.97,4011.435,4003.736,4010.652,3316,40,0
2026-07-29 15:30:00+00:00,4010.903,4013.658,4006.985,4010.541,3468,40,0
2026-07-29 15:45:00+00:00,4010.49,4014.046,4008.344,4010.006,2824,40,0
2026-07-29 16:00:00+00:00,4009.836,4015.842,4007.535,4009.735,2935,40,0
2026-07-29 16:15:00+00:00,4009.425,4017.885,4007.872,4016.583,2551,40,0
2026-07-29 16:30:00+00:00,4016.367,4019.173,4014.86,4017.206,2368,40,0
2026-07-29 16:45:00+00:00,4017.097,4032.943,4015.272,4027.529,4087,40,0
2026-07-29 17:00:00+00:00,4027.389,4050.795,4027.274,4042.306,4823,40,0
2026-07-29 17:15:00+00:00,4042.277,4050.79,4037.447,4039.176,5210,40,0
2026-07-29 17:30:00+00:00,4039.03,4047.552,4036.273,4045.662,3373,40,0
2026-07-29 17:45:00+00:00,4045.633,4048.301,4041.392,4044.087,2811,40,0
2026-07-29 18:00:00+00:00,4044.31,4086.299,4043.18,4081.047,18716,40,0
2026-07-29 18:15:00+00:00,4081.349,4084.06,4063.755,4067.911,10415,40,0
2026-07-29 18:30:00+00:00,4067.837,4087.136,4051.993,4083.204,21324,40,0
2026-07-29 18:45:00+00:00,4083.334,4110.14,4081.915,4106.635,17607,40,0
2026-07-29 19:00:00+00:00,4106.691,4116.641,4089.875,4099.522,15864,40,0
2026-07-29 19:15:00+00:00,4099.599,4104.672,4081.047,4084.263,14122,40,0
2026-07-29 19:30:00+00:00,4084.192,4088.529,4065.182,4069.512,13143,40,0
2026-07-29 19:45:00+00:00,4069.311,4072.185,4044.139,4044.821,11308,40,0
2026-07-29 20:00:00+00:00,4044.942,4056.107,4042.567,4052.023,8999,40,0
2026-07-29 20:15:00+00:00,4051.962,4057.486,4043.942,4055.593,4891,40,0
2026-07-29 20:30:00+00:00,4055.542,4069.378,4053.927,4067.17,3378,40,0
2026-07-29 20:45:00+00:00,4067.102,4070.326,4063.335,4066.139,3277,40,0
2026-07-29 22:00:00+00:00,4068.372,4077.791,4064.923,4076.324,2069,50,0
2026-07-29 22:15:00+00:00,4076.271,4077.469,4072.497,4075.135,1546,40,0
2026-07-29 22:30:00+00:00,4074.937,4081.431,4072.872,4081.365,1740,40,0
2026-07-29 22:45:00+00:00,4081.354,4090.757,4079.722,4088.509,1998,40,0
2026-07-29 23:00:00+00:00,4088.455,4100.478,4088.275,4091.511,2135,40,0
2026-07-29 23:15:00+00:00,4091.577,4095.178,4090.397,4093.659,1647,40,0
2026-07-29 23:30:00+00:00,4093.438,4094.764,4089.355,4090.089,1639,40,0
2026-07-29 23:45:00+00:00,4090.148,4093.04,4084.493,4084.781,4000,40,0
2026-07-30 00:00:00+00:00,4084.853,4086.825,4079.261,4081.349,6622,40,0
2026-07-30 00:15:00+00:00,4081.297,4083.869,4072.788,4075.381,6157,40,0
2026-07-30 00:30:00+00:00,4075.545,4076.949,4064.977,4066.372,4963,40,0
2026-07-30 00:45:00+00:00,4066.396,4073.076,4064.86,4072.127,4067,40,0
2026-07-30 01:00:00+00:00,4072.184,4093.238,4070.24,4075.568,9218,40,0
2026-07-30 01:15:00+00:00,4075.537,4084.958,4073.272,4081.443,6890,40,0
2026-07-30 01:30:00+00:00,4081.354,4089.922,4080.543,4086.685,5188,40,0
2026-07-30 01:45:00+00:00,4086.737,4091.193,4083.721,4084.842,3825,40,0
2026-07-30 02:00:00+00:00,4084.767,4090.486,4082.353,4082.674,3781,40,0
2026-07-30 02:15:00+00:00,4082.724,4083.905,4079.957,4082.601,3126,40,0
2026-07-30 02:30:00+00:00,4082.711,4082.989,4073.573,4076.8,4913,40,0
2026-07-30 02:45:00+00:00,4076.852,4077.044,4063.401,4063.725,3792,40,0
2026-07-30 03:00:00+00:00,4063.852,4070.067,4060.449,4063.089,3985,40,0
2026-07-30 03:15:00+00:00,4063.174,4064.147,4052.546,4053.994,4068,40,0
2026-07-30 03:30:00+00:00,4054.159,4055.913,4050.772,4052.676,3564,40,0
2026-07-30 03:45:00+00:00,4052.537,4059.8,4052.149,4058.864,2662,40,0
2026-07-30 04:00:00+00:00,4059.122,4060.407,4052.784,4053.465,2667,40,0
2026-07-30 04:15:00+00:00,4053.409,4055.446,4050.844,4054.005,2052,40,0
2026-07-30 04:30:00+00:00,4053.956,4054.093,4047.581,4048.831,2047,40,0
2026-07-30 04:45:00+00:00,4048.771,4052.032,4044.328,4046.238,2764,40,0
2026-07-30 05:00:00+00:00,4046.29,4046.352,4041.766,4045.915,3572,40,0
2026-07-30 05:15:00+00:00,4045.965,4047.478,4037.599,4046.877,3543,40,0
2026-07-30 05:30:00+00:00,4046.904,4051.408,4028.399,4033.613,7211,40,0
2026-07-30 05:45:00+00:00,4033.562,4038.57,4030.109,4033.907,5137,40,0
2026-07-30 06:00:00+00:00,4033.853,4039.727,4031.416,4032.484,4730,40,0
2026-07-30 06:15:00+00:00,4032.433,4039.418,4029.296,4033.085,4717,40,0
2026-07-30 06:30:00+00:00,4033.023,4038.29,4031.196,4035.71,3909,40,0
2026-07-30 06:45:00+00:00,4035.657,4040.594,4034.2,4036.843,3257,40,0
2026-07-30 07:00:00+00:00,4036.486,4047.898,4035.502,4046.745,5002,40,0
2026-07-30 07:15:00+00:00,4046.676,4051.43,4043.208,4045.817,4130,40,0
2026-07-30 07:30:00+00:00,4045.842,4047.476,4036.319,4045.848,3693,40,0
2026-07-30 07:45:00+00:00,4045.837,4046.645,4038.173,4038.88,3357,40,0
2026-07-30 08:00:00+00:00,4038.707,4056.261,4036.66,4053.372,5392,40,0
2026-07-30 08:15:00+00:00,4053.226,4068.527,4052.228,4064.588,4780,40,0
2026-07-30 08:30:00+00:00,4064.543,4073.037,4063.114,4065.71,5763,40,0
2026-07-30 08:45:00+00:00,4065.646,4071.028,4059.58,4061.396,3384,40,0
2026-07-30 09:00:00+00:00,4061.707,4069.4,4060.287,4066.144,3313,40,0
2026-07-30 09:15:00+00:00,4066.207,4072.642,4064.383,4067.551,3988,40,0
2026-07-30 09:30:00+00:00,4067.854,4069.403,4060.68,4065.718,3730,40,0
2026-07-30 09:45:00+00:00,4065.562,4073.247,4062.285,4063.542,2806,40,0
2026-07-30 10:00:00+00:00,4063.615,4074.894,4062.939,4068.467,4410,40,0
2026-07-30 10:15:00+00:00,4068.521,4077.869,4067.518,4076.577,4445,40,0
2026-07-30 10:30:00+00:00,4076.714,4082.922,4075.203,4081.323,4353,40,0
2026-07-30 10:45:00+00:00,4081.01,4083.156,4078.098,4078.234,3117,40,0
2026-07-30 11:00:00+00:00,4078.125,4082.904,4077.647,4079.853,3180,40,0
2026-07-30 11:15:00+00:00,4079.906,4082.047,4076.613,4078.026,2733,40,0
2026-07-30 11:30:00+00:00,4078.111,4079.581,4076.134,4077.621,2653,40,0
2026-07-30 11:45:00+00:00,4077.64,4080.655,4075.711,4077.686,2523,40,0
2026-07-30 12:00:00+00:00,4077.581,4082.666,4074.658,4078.691,3300,40,0
2026-07-30 12:15:00+00:00,4078.741,4081.43,4071.629,4077.344,3745,40,0
2026-07-30 12:30:00+00:00,4077.205,4086.991,4071.657,4077.341,7287,40,0
2026-07-30 12:45:00+00:00,4077.4,4079.46,4067.132,4068.76,6040,40,0
2026-07-30 13:00:00+00:00,4069.052,4076.843,4065.087,4076.843,8755,40,0
2026-07-30 13:15:00+00:00,4076.643,4084.249,4071.965,4080.06,6118,40,0
2026-07-30 13:30:00+00:00,4080.009,4098.84,4074.905,4089.061,16250,40,0
2026-07-30 13:45:00+00:00,4089.123,4112.706,4085.642,4112.331,12316,40,0
2026-07-30 14:00:00+00:00,4112.281,4120.512,4093.917,4098.193,14793,40,0
2026-07-30 14:15:00+00:00,4098.004,4100.353,4087.219,4096.253,10360,40,0
2026-07-30 14:30:00+00:00,4096.117,4111.49,4094.673,4110.678,7772,40,0
2026-07-30 14:45:00+00:00,4110.738,4113.26,4096.385,4100.041,7548,40,0
2026-07-30 15:00:00+00:00,4100.155,4100.551,4083.063,4085.744,8608,40,0
2026-07-30 15:15:00+00:00,4085.631,4097.221,4084.748,4096.186,5952,40,0
2026-07-30 15:30:00+00:00,4096.131,4107.136,4092.595,4105.311,5254,40,0
2026-07-30 15:45:00+00:00,4105.427,4110.248,4103.52,4108.099,3802,40,0
2026-07-30 16:00:00+00:00,4108.045,4116.092,4107.728,4114.218,3627,40,0
2026-07-30 16:15:00+00:00,4114.128,4119.438,4113.591,4116.177,2753,40,0
2026-07-30 16:30:00+00:00,4116.29,4116.499,4108.3,4108.781,2845,40,0
2026-07-30 16:45:00+00:00,4108.916,4110.939,4106.555,4110.939,2145,40,0
2026-07-30 17:00:00+00:00,4110.878,4111.45,4104.831,4104.831,2308,40,0
2026-07-30 17:15:00+00:00,4105.027,4108.362,4098.691,4101.75,2532,40,0
2026-07-30 17:30:00+00:00,4101.586,4108.501,4099.97,4106.183,3939,40,0
2026-07-30 17:45:00+00:00,4106.251,4108.644,4101.17,4102.55,2195,40,0
2026-07-30 18:00:00+00:00,4102.745,4106.928,4102.745,4106.566,2108,40,0
2026-07-30 18:15:00+00:00,4106.685,4106.979,4100.742,4103.645,2033,40,0
2026-07-30 18:30:00+00:00,4103.774,4107.991,4103.04,4104.766,1758,40,0
2026-07-30 18:45:00+00:00,4105.029,4105.458,4098.793,4099.722,1775,40,0
2026-07-30 19:00:00+00:00,4099.613,4105.865,4098.805,4104.953,2127,40,0
2026-07-30 19:15:00+00:00,4105.007,4115.164,4103.001,4112.787,2391,40,0
2026-07-30 19:30:00+00:00,4112.881,4115.584,4111.488,4112.381,1854,40,0
2026-07-30 19:45:00+00:00,4112.236,4113.136,4109.309,4112.262,2052,40,0
2026-07-30 20:00:00+00:00,4112.317,4117.595,4110.093,4113.929,2674,40,0
2026-07-30 20:15:00+00:00,4113.987,4114.971,4111.661,4112.087,1563,40,0
2026-07-30 20:30:00+00:00,4112.126,4112.696,4102.313,4103.004,2147,40,0
2026-07-30 20:45:00+00:00,4103.06,4103.841,4099.087,4103.146,1766,40,0
2026-07-30 22:00:00+00:00,4105.342,4107.854,4102.537,4106.994,1191,50,0
2026-07-30 22:15:00+00:00,4106.908,4108.633,4106.558,4107.747,1103,40,0
2026-07-30 22:30:00+00:00,4107.673,4110.641,4107.203,4110.61,1101,40,0
2026-07-30 22:45:00+00:00,4110.404,4111.25,4108.968,4109.352,966,40,0
2026-07-30 23:00:00+00:00,4109.383,4111.911,4106.501,4107.22,1134,40,0
2026-07-30 23:15:00+00:00,4107.467,4107.691,4103.958,4104.317,1123,40,0
2026-07-30 23:30:00+00:00,4104.295,4107.393,4102.213,4106.326,1328,40,0
2026-07-30 23:45:00+00:00,4106.298,4110.244,4105.472,4105.745,1400,40,0
2026-07-31 00:00:00+00:00,4105.859,4107.332,4100.626,4101.456,2990,40,0
2026-07-31 00:15:00+00:00,4101.196,4103.85,4096.041,4096.525,2559,40,0
2026-07-31 00:30:00+00:00,4096.468,4097.69,4090.421,4092.891,2192,40,0
2026-07-31 00:45:00+00:00,4092.837,4096.255,4090.539,4094.89,2416,40,0
2026-07-31 01:00:00+00:00,4094.737,4101.771,4088.856,4089.15,5242,40,0
2026-07-31 01:15:00+00:00,4089.2,4095.293,4086.493,4092.176,3437,40,0
2026-07-31 01:30:00+00:00,4092.234,4092.234,4083.936,4085.941,3168,40,0
2026-07-31 01:45:00+00:00,4085.641,4089.425,4082.247,4084.197,2733,40,0
2026-07-31 02:00:00+00:00,4084.375,4090.633,4081.643,4085.718,2459,40,0
2026-07-31 02:15:00+00:00,4085.707,4085.707,4081.539,4082.252,1901,40,0
2026-07-31 02:30:00+00:00,4082.126,4084.609,4075.55,4075.655,2539,40,0
2026-07-31 02:45:00+00:00,4075.708,4078.634,4074.138,4076.348,2438,40,0
2026-07-31 03:00:00+00:00,4076.282,4076.403,4071.921,4073.466,2416,40,0
2026-07-31 03:15:00+00:00,4073.71,4076.295,4072.328,4075.364,1992,40,0
2026-07-31 03:30:00+00:00,4075.479,4079.487,4075.082,4076.681,2062,40,0
2026-07-31 03:45:00+00:00,4076.566,4077.785,4074.181,4075.136,1499,40,0
2026-07-31 04:00:00+00:00,4075.141,4077.123,4073.34,4076.643,1567,40,0
2026-07-31 04:15:00+00:00,4076.557,4079.974,4074.541,4079.946,1635,40,0
2026-07-31 04:30:00+00:00,4079.894,4081.487,4079.257,4079.333,1173,40,0
2026-07-31 04:45:00+00:00,4079.35,4080.257,4074.712,4080.095,1247,40,0
2026-07-31 05:00:00+00:00,4080.222,4083.502,4079.721,4080.048,1502,40,0
2026-07-31 05:15:00+00:00,4080.158,4083.185,4079.534,4081.044,1300,40,0
2026-07-31 05:30:00+00:00,4081.097,4081.835,4075.811,4076.599,2629,40,0
2026-07-31 05:45:00+00:00,4076.461,4076.569,4073.359,4074.637,2037,40,0
2026-07-31 06:00:00+00:00,4074.691,4083.036,4072.655,4082.518,2393,40,0
2026-07-31 06:15:00+00:00,4082.542,4087.595,4081.006,4084.873,2608,40,0
2026-07-31 06:30:00+00:00,4084.947,4085.245,4077.12,4078.207,2842,40,0
2026-07-31 06:45:00+00:00,4078.34,4081.71,4076.351,4077.803,2439,40,0
2026-07-31 07:00:00+00:00,4077.739,4079.25,4075.231,4077.462,2220,40,0
2026-07-31 07:15:00+00:00,4077.709,4079.21,4072.001,4072.801,2317,40,0
2026-07-31 07:30:00+00:00,4072.86,4074.072,4068.174,4072.136,2286,40,0
2026-07-31 07:45:00+00:00,4072.2,4074.4,4067.345,4067.757,2420,40,0
2026-07-31 08:00:00+00:00,4067.847,4067.914,4061.04,4062.375,2642,40,0
2026-07-31 08:15:00+00:00,4062.435,4067.314,4057.776,4058.756,3199,40,0
2026-07-31 08:30:00+00:00,4058.704,4061.539,4054.115,4059.436,2946,40,0
2026-07-31 08:45:00+00:00,4059.379,4064.394,4057.698,4061.134,3223,40,0
2026-07-31 09:00:00+00:00,4061.076,4064.036,4055.313,4056.921,3211,40,0
2026-07-31 09:15:00+00:00,4056.96,4057.733,4051.53,4052.575,2661,40,0
2026-07-31 09:30:00+00:00,4052.523,4054.609,4050.108,4053.061,2269,40,0
2026-07-31 09:45:00+00:00,4053.313,4057.269,4052.265,4055.053,1730,40,0
2026-07-31 10:00:00+00:00,4055.334,4058.472,4053.252,4055.835,1828,40,0
2026-07-31 10:15:00+00:00,4055.883,4056.187,4051.974,4053.165,1607,40,0
2026-07-31 10:30:00+00:00,4053.052,4056.535,4052.896,4054.693,1812,40,0
2026-07-31 10:45:00+00:00,4054.743,4057.272,4053.819,4054.411,1592,40,0
2026-07-31 11:00:00+00:00,4054.423,4059.531,4052.278,4056.919,2096,40,0
2026-07-31 11:15:00+00:00,4056.973,4061.252,4054.028,4058.935,2730,40,0
2026-07-31 11:30:00+00:00,4058.962,4058.962,4050.561,4052.219,2485,40,0
2026-07-31 11:45:00+00:00,4052.21,4055.634,4051.236,4053.831,1797,40,0
2026-07-31 12:00:00+00:00,4053.827,4059.601,4052.428,4059.026,2564,40,0
2026-07-31 12:15:00+00:00,4058.976,4059.262,4047.003,4047.277,2839,40,0
2026-07-31 12:30:00+00:00,4047.633,4051.769,4042.55,4044.509,3484,40,0
2026-07-31 12:45:00+00:00,4044.578,4046.466,4040.483,4041.02,3369,40,0
2026-07-31 13:00:00+00:00,4040.959,4042.812,4034.597,4036.482,5898,40,0
2026-07-31 13:15:00+00:00,4036.173,4047.134,4035.492,4042.751,5584,40,0
2026-07-31 13:30:00+00:00,4042.567,4044.07,4022.352,4025.227,9046,40,0
2026-07-31 13:45:00+00:00,4025.353,4032.279,4022.1,4025.596,6342,40,0
2026-07-31 14:00:00+00:00,4025.335,4032.57,4020.975,4031.902,7066,40,0
2026-07-31 14:15:00+00:00,4031.85,4040.245,4029.923,4038.933,5711,40,0
2026-07-31 14:30:00+00:00,4038.766,4043.125,4036.528,4041.386,4005,40,0
2026-07-31 14:45:00+00:00,4041.356,4050.469,4040.844,4049.151,4176,40,0
2026-07-31 15:00:00+00:00,4049.2,4050.766,4042.898,4047.222,4755,40,0
2026-07-31 15:15:00+00:00,4047.112,4052.909,4040.134,4041.386,4511,40,0
2026-07-31 15:30:00+00:00,4041.317,4043.852,4036.702,4042.358,3835,40,0
2026-07-31 15:45:00+00:00,4042.231,4046.908,4039.76,4045.666,3516,40,0
2026-07-31 16:00:00+00:00,4045.612,4047.018,4041.349,4046.301,3016,40,0
2026-07-31 16:15:00+00:00,4046.354,4048.545,4043.213,4047.391,2718,40,0
2026-07-31 16:30:00+00:00,4047.442,4050.035,4041.108,4042.617,2299,40,0
2026-07-31 16:45:00+00:00,4042.706,4045.249,4042.081,4043.464,1764,40,0
2026-07-31 17:00:00+00:00,4043.415,4046.568,4041.414,4045.436,1763,40,0
2026-07-31 17:15:00+00:00,4045.561,4053.42,4044.719,4050.314,2690,40,0
2026-07-31 17:30:00+00:00,4050.621,4053.294,4047.79,4051.89,2838,40,0
2026-07-31 17:45:00+00:00,4051.904,4054.875,4050.256,4053.486,2723,40,0
2026-07-31 18:00:00+00:00,4053.598,4055.156,4047.175,4048.198,2507,40,0
2026-07-31 18:15:00+00:00,4048.253,4051.662,4047.652,4051.04,2016,40,0
2026-07-31 18:30:00+00:00,4050.902,4051.714,4048.049,4049.625,1583,40,0
2026-07-31 18:45:00+00:00,4049.535,4051.744,4048.135,4050.718,1368,40,0
2026-07-31 19:00:00+00:00,4050.766,4053.077,4046.87,4048.019,1458,40,0
2026-07-31 19:15:00+00:00,4048.25,4050.703,4047.156,4050.502,1459,40,0
2026-07-31 19:30:00+00:00,4050.421,4054.854,4048.891,4054.089,1697,40,0
2026-07-31 19:45:00+00:00,4053.977,4055.729,4050.141,4050.959,2453,40,0
2026-07-31 20:00:00+00:00,4051.129,4051.9,4045.114,4048.079,2177,40,0
2026-07-31 20:15:00+00:00,4048.029,4049.136,4046.532,4048.028,1737,40,0
2026-07-31 20:30:00+00:00,4048.038,4053.162,4047.136,4051.455,2156,40,0
2026-07-31 20:45:00+00:00,4051.387,4052.414,4043.152,4043.917,5748,40,0
2026-08-02 22:00:00+00:00,4073.165,4079.518,4068.146,4076.432,2264,40,0
2026-08-02 22:15:00+00:00,4076.379,4077.375,4064.173,4065.969,2091,40,0
2026-08-02 22:30:00+00:00,4065.971,4068.576,4063.985,4067.031,1821,40,0
2026-08-02 22:45:00+00:00,4066.977,4067.344,4063.498,4064.014,1526,40,0
2026-08-02 23:00:00+00:00,4063.978,4067.4,4063.169,4066.425,1542,40,0
2026-08-02 23:15:00+00:00,4066.443,4072.67,4066.111,4071.984,1414,40,0
2026-08-02 23:30:00+00:00,4072.008,4072.539,4068.059,4069.56,1083,40,0
2026-08-02 23:45:00+00:00,4069.898,4075.032,4068.263,4074.878,2225,40,0
2026-08-03 00:00:00+00:00,4074.939,4079.14,4070.069,4072.225,4307,40,0
2026-08-03 00:15:00+00:00,4071.919,4073.155,4061.303,4064.483,4355,40,0
2026-08-03 00:30:00+00:00,4064.539,4070.109,4056.926,4058.422,4849,40,0
2026-08-03 00:45:00+00:00,4058.498,4060.874,4055.7,4057.219,3925,40,0
2026-08-03 01:00:00+00:00,4057.381,4063.562,4051.634,4052.597,8009,40,0
2026-08-03 01:15:00+00:00,4052.601,4055.106,4047.383,4053.076,4226,40,0
2026-08-03 01:30:00+00:00,4052.965,4057.07,4047.617,4051.058,4484,40,0
2026-08-03 01:45:00+00:00,4051.108,4057.551,4050.061,4056.484,3673,40,0
2026-08-03 02:00:00+00:00,4056.791,4061.122,4053.17,4055.776,3250,40,0
2026-08-03 02:15:00+00:00,4055.716,4060.896,4052.025,4058.241,2600,40,0
2026-08-03 02:30:00+00:00,4058.344,4060.934,4052.532,4059.489,3805,40,0
2026-08-03 02:45:00+00:00,4059.486,4067.332,4058.455,4062.331,3186,40,0
2026-08-03 03:00:00+00:00,4062.353,4065.649,4061.0,4064.136,2591,40,0
2026-08-03 03:15:00+00:00,4064.335,4068.129,4061.564,4063.831,2927,40,0
2026-08-03 03:30:00+00:00,4063.895,4065.063,4060.684,4060.813,2288,40,0
2026-08-03 03:45:00+00:00,4060.672,4066.84,4059.222,4064.984,1903,40,0
2026-08-03 04:00:00+00:00,4065.062,4068.412,4064.307,4066.621,1752,40,0
2026-08-03 04:15:00+00:00,4066.601,4071.185,4066.039,4068.4,1696,40,0
2026-08-03 04:30:00+00:00,4068.169,4071.554,4068.169,4070.828,1624,40,0
2026-08-03 04:45:00+00:00,4070.52,4071.978,4064.112,4064.112,1642,40,0
2026-08-03 05:00:00+00:00,4064.061,4065.481,4056.656,4057.457,2363,40,0
2026-08-03 05:15:00+00:00,4057.574,4062.965,4054.126,4060.326,1987,40,0
2026-08-03 05:30:00+00:00,4060.287,4064.67,4055.144,4063.365,3650,40,0
2026-08-03 05:45:00+00:00,4063.603,4069.985,4058.866,4068.918,2428,40,0
2026-08-03 06:00:00+00:00,4068.975,4071.291,4065.982,4066.279,3304,40,0
2026-08-03 06:15:00+00:00,4066.282,4072.317,4065.623,4068.534,3464,40,0
2026-08-03 06:30:00+00:00,4068.414,4068.946,4060.638,4065.483,3246,40,0
2026-08-03 06:45:00+00:00,4065.637,4067.195,4062.91,4064.111,2459,40,0
2026-08-03 07:00:00+00:00,4064.161,4065.311,4059.663,4061.467,3218,40,0
2026-08-03 07:15:00+00:00,4061.384,4062.151,4052.154,4057.954,4438,40,0
2026-08-03 07:30:00+00:00,4058.01,4061.324,4056.534,4059.576,2373,40,0
2026-08-03 07:45:00+00:00,4059.629,4063.489,4058.425,4060.935,2329,40,0
2026-08-03 08:00:00+00:00,4061.251,4062.35,4058.298,4061.716,2395,40,0
2026-08-03 08:15:00+00:00,4061.675,4062.638,4054.273,4056.115,2429,40,0
2026-08-03 08:30:00+00:00,4056.013,4060.746,4054.945,4058.635,2432,40,0
2026-08-03 08:45:00+00:00,4058.491,4061.144,4057.598,4059.374,1993,40,0
2026-08-03 09:00:00+00:00,4059.526,4062.411,4057.248,4061.646,2002,40,0
2026-08-03 09:15:00+00:00,4061.376,4061.396,4052.029,4052.769,2357,40,0
2026-08-03 09:30:00+00:00,4052.823,4054.971,4046.721,4053.438,3588,40,0
2026-08-03 09:45:00+00:00,4053.395,4058.069,4053.321,4055.473,2254,40,0
2026-08-03 10:00:00+00:00,4055.524,4057.313,4053.076,4056.24,2146,40,0
2026-08-03 10:15:00+00:00,4056.129,4057.074,4051.883,4053.344,2192,40,0
2026-08-03 10:30:00+00:00,4053.646,4053.851,4048.598,4049.351,2030,40,0
2026-08-03 10:45:00+00:00,4049.419,4050.904,4045.819,4049.599,2006,40,0
2026-08-03 11:00:00+00:00,4049.412,4053.041,4047.921,4049.776,2575,40,0
2026-08-03 11:15:00+00:00,4049.917,4050.061,4045.36,4048.702,2295,40,0
2026-08-03 11:30:00+00:00,4048.645,4055.121,4047.864,4053.56,2144,40,0
2026-08-03 11:45:00+00:00,4053.611,4063.158,4052.549,4062.643,3101,40,0
2026-08-03 12:00:00+00:00,4062.512,4064.749,4054.82,4056.048,2963,40,0
2026-08-03 12:15:00+00:00,4056.107,4056.646,4048.729,4050.973,3439,40,0
2026-08-03 12:30:00+00:00,4051.082,4052.91,4042.193,4044.762,3594,40,0
2026-08-03 12:45:00+00:00,4044.844,4049.058,4043.118,4047.594,2801,40,0
2026-08-03 13:00:00+00:00,4047.649,4053.695,4038.867,4038.967,6202,40,0
2026-08-03 13:15:00+00:00,4039.012,4040.627,4031.443,4034.167,5146,40,0
2026-08-03 13:30:00+00:00,4034.118,4035.716,4019.065,4032.224,8947,40,0
2026-08-03 13:45:00+00:00,4032.069,4035.378,4028.165,4032.426,4555,40,0
2026-08-03 14:00:00+00:00,4032.485,4036.389,4026.628,4033.328,5433,40,0
2026-08-03 14:15:00+00:00,4033.079,4036.114,4030.066,4032.705,3759,40,0
2026-08-03 14:30:00+00:00,4032.656,4038.301,4031.84,4036.55,3350,40,0
2026-08-03 14:45:00+00:00,4036.618,4039.387,4033.687,4036.501,2925,40,0
2026-08-03 15:00:00+00:00,4036.407,4037.315,4030.354,4033.571,3230,40,0
2026-08-03 15:15:00+00:00,4033.502,4038.598,4030.664,4032.789,3449,40,0
2026-08-03 15:30:00+00:00,4032.838,4039.015,4031.024,4036.92,2851,40,0
2026-08-03 15:45:00+00:00,4036.805,4041.134,4035.581,4036.204,2234,40,0
2026-08-03 16:00:00+00:00,4036.009,4037.766,4034.611,4036.526,1774,40,0
2026-08-03 16:15:00+00:00,4036.477,4038.736,4034.912,4037.169,1731,40,0
2026-08-03 16:30:00+00:00,4037.12,4039.511,4035.74,4038.841,1833,40,0
2026-08-03 16:45:00+00:00,4038.714,4038.945,4035.796,4037.145,1427,40,0
2026-08-03 17:00:00+00:00,4037.086,4037.845,4033.23,4034.475,1483,40,0
2026-08-03 17:15:00+00:00,4034.497,4037.956,4034.044,4034.38,1932,40,0
2026-08-03 17:30:00+00:00,4034.575,4037.1,4034.091,4035.996,1436,40,0
2026-08-03 17:45:00+00:00,4036.007,4036.562,4030.338,4030.724,1343,40,0
2026-08-03 18:00:00+00:00,4030.719,4038.478,4029.575,4035.18,1883,40,0
2026-08-03 18:15:00+00:00,4035.208,4039.003,4034.902,4037.921,1603,40,0
2026-08-03 18:30:00+00:00,4037.87,4041.456,4036.477,4041.456,1404,40,0
2026-08-03 18:45:00+00:00,4041.394,4045.222,4040.394,4043.433,1592,40,0
2026-08-03 19:00:00+00:00,4043.482,4049.435,4043.482,4046.193,1992,40,0
2026-08-03 19:15:00+00:00,4046.216,4054.467,4046.216,4053.037,1735,40,0
2026-08-03 19:30:00+00:00,4053.212,4055.936,4051.934,4053.995,1717,40,0
2026-08-03 19:45:00+00:00,4053.928,4055.677,4051.664,4052.22,1819,40,0
2026-08-03 20:00:00+00:00,4052.282,4053.082,4050.225,4052.463,1160,40,0
2026-08-03 20:15:00+00:00,4052.709,4055.953,4051.323,4054.258,926,40,0
2026-08-03 20:30:00+00:00,4054.328,4058.288,4053.752,4056.435,1122,40,0
2026-08-03 20:45:00+00:00,4056.474,4057.372,4054.518,4055.137,884,40,0
2026-08-03 22:00:00+00:00,4053.157,4054.758,4049.391,4051.415,995,40,0
2026-08-03 22:15:00+00:00,4051.358,4052.825,4050.755,4052.125,774,40,0
2026-08-03 22:30:00+00:00,4052.011,4053.719,4051.702,4053.124,809,40,0
2026-08-03 22:45:00+00:00,4053.094,4053.576,4051.269,4052.814,914,40,0
2026-08-03 23:00:00+00:00,4052.78,4055.253,4050.14,4051.392,1179,40,0
2026-08-03 23:15:00+00:00,4051.346,4054.72,4050.651,4051.699,1142,40,0
2026-08-03 23:30:00+00:00,4051.955,4053.176,4051.073,4052.364,847,40,0
2026-08-03 23:45:00+00:00,4052.363,4054.063,4051.31,4053.862,1152,40,0
2026-08-04 00:00:00+00:00,4053.803,4069.507,4053.065,4063.925,3675,40,0
2026-08-04 00:15:00+00:00,4063.871,4064.678,4058.107,4059.224,2262,40,0
2026-08-04 00:30:00+00:00,4059.297,4060.957,4055.616,4056.508,1888,40,0
2026-08-04 00:45:00+00:00,4056.391,4058.282,4048.706,4049.379,2701,40,0
2026-08-04 01:00:00+00:00,4049.269,4050.893,4042.503,4047.136,5488,40,0
2026-08-04 01:15:00+00:00,4046.938,4052.499,4046.938,4049.174,2548,40,0
2026-08-04 01:30:00+00:00,4049.182,4060.276,4048.405,4059.052,3750,40,0
2026-08-04 01:45:00+00:00,4058.996,4062.038,4056.82,4058.606,3035,40,0
2026-08-04 02:00:00+00:00,4058.919,4061.332,4055.858,4058.332,2592,40,0
2026-08-04 02:15:00+00:00,4058.192,4060.058,4055.908,4056.967,2142,40,0
2026-08-04 02:30:00+00:00,4056.805,4065.242,4055.683,4061.937,2761,40,0
2026-08-04 02:45:00+00:00,4061.979,4062.572,4058.071,4059.043,2053,40,0
2026-08-04 03:00:00+00:00,4058.99,4060.596,4056.589,4058.323,1930,40,0
2026-08-04 03:15:00+00:00,4058.045,4061.797,4057.755,4058.064,1903,40,0
2026-08-04 03:30:00+00:00,4058.115,4058.855,4052.647,4053.106,1926,40,0
2026-08-04 03:45:00+00:00,4053.092,4055.551,4052.041,4052.672,1417,40,0
2026-08-04 04:00:00+00:00,4052.699,4056.894,4051.102,4056.791,1456,40,0
2026-08-04 04:15:00+00:00,4056.841,4061.799,4056.036,4061.384,1630,40,0
2026-08-04 04:30:00+00:00,4061.41,4064.435,4060.507,4062.852,1484,40,0
2026-08-04 04:45:00+00:00,4062.842,4066.39,4062.405,4063.759,1506,40,0
2026-08-04 05:00:00+00:00,4063.809,4064.824,4057.299,4058.204,1724,40,0
2026-08-04 05:15:00+00:00,4058.165,4063.975,4057.384,4063.298,1537,40,0
2026-08-04 05:30:00+00:00,4063.435,4067.939,4059.381,4062.818,2782,40,0
2026-08-04 05:45:00+00:00,4062.867,4064.289,4058.645,4062.108,2277,40,0
2026-08-04 06:00:00+00:00,4062.048,4066.413,4061.883,4064.466,2599,40,0
2026-08-04 06:15:00+00:00,4064.412,4065.058,4059.737,4060.117,1967,40,0
2026-08-04 06:30:00+00:00,4060.171,4060.279,4055.705,4060.083,1936,40,0
2026-08-04 06:45:00+00:00,4060.018,4063.914,4058.781,4063.3,1936,40,0
2026-08-04 07:00:00+00:00,4063.575,4065.877,4060.898,4061.277,2278,40,0
2026-08-04 07:15:00+00:00,4061.167,4065.851,4060.916,4063.204,2030,40,0
2026-08-04 07:30:00+00:00,4063.153,4066.968,4061.353,4062.764,2027,40,0
2026-08-04 07:45:00+00:00,4062.867,4066.259,4062.404,4065.43,1559,40,0
2026-08-04 08:00:00+00:00,4065.477,4072.989,4064.478,4068.34,3027,40,0
2026-08-04 08:15:00+00:00,4068.343,4068.956,4060.478,4063.344,1963,40,0
2026-08-04 08:30:00+00:00,4063.291,4064.562,4058.575,4059.439,2564,40,0
2026-08-04 08:45:00+00:00,4059.384,4059.815,4054.564,4055.272,2153,40,0
2026-08-04 09:00:00+00:00,4055.163,4055.639,4048.58,4050.54,2156,40,0
2026-08-04 09:15:00+00:00,4050.483,4052.227,4048.727,4050.574,2060,40,0
2026-08-04 09:30:00+00:00,4050.366,4051.47,4046.213,4050.325,1862,40,0
2026-08-04 09:45:00+00:00,4050.264,4051.078,4047.436,4049.677,1666,40,0
2026-08-04 10:00:00+00:00,4049.716,4050.073,4046.918,4048.932,1482,40,0
2026-08-04 10:15:00+00:00,4048.876,4050.118,4045.536,4049.17,1368,40,0
2026-08-04 10:30:00+00:00,4049.346,4054.128,4046.485,4052.682,2309,40,0
2026-08-04 10:45:00+00:00,4052.733,4060.825,4052.453,4054.012,5437,40,0
2026-08-04 11:00:00+00:00,4054.063,4058.829,4052.51,4056.702,2852,40,0
2026-08-04 11:15:00+00:00,4056.703,4061.168,4055.535,4060.794,2044,40,0
2026-08-04 11:30:00+00:00,4060.845,4070.634,4059.829,4069.514,4137,40,0
2026-08-04 11:45:00+00:00,4069.601,4084.43,4067.03,4075.01,8111,40,0
2026-08-04 12:00:00+00:00,4075.078,4076.153,4060.934,4062.262,5144,40,0
2026-08-04 12:15:00+00:00,4062.314,4070.332,4061.022,4068.087,3571,40,0
2026-08-04 12:30:00+00:00,4068.378,4084.59,4068.378,4078.158,4714,40,0
2026-08-04 12:45:00+00:00,4078.211,4079.438,4069.487,4070.816,3779,40,0
2026-08-04 13:00:00+00:00,4071.091,4071.888,4061.038,4064.08,5238,40,0
2026-08-04 13:15:00+00:00,4063.966,4091.502,4062.233,4078.688,8629,40,0
2026-08-04 13:30:00+00:00,4078.526,4091.894,4076.041,4083.566,8719,40,0
2026-08-04 13:45:00+00:00,4083.515,4093.87,4081.654,4084.143,6151,40,0
2026-08-04 14:00:00+00:00,4084.386,4091.641,4083.22,4090.137,4386,40,0
2026-08-04 14:15:00+00:00,4090.198,4092.058,4080.684,4084.004,4873,40,0
2026-08-04 14:30:00+00:00,4084.077,4086.772,4074.339,4079.939,6317,40,0
2026-08-04 14:45:00+00:00,4079.877,4084.842,4077.806,4083.553,3693,40,0
2026-08-04 15:00:00+00:00,4083.698,4085.771,4079.534,4084.242,3128,40,0
2026-08-04 15:15:00+00:00,4084.174,4084.53,4074.767,4078.606,3827,40,0
2026-08-04 15:30:00+00:00,4078.31,4087.416,4076.675,4084.1,4575,40,0
2026-08-04 15:45:00+00:00,4084.079,4089.025,4082.759,4087.523,3025,40,0
2026-08-04 16:00:00+00:00,4087.592,4088.686,4084.429,4085.213,2739,40,0
2026-08-04 16:15:00+00:00,4085.322,4089.937,4083.022,4087.695,2096,40,0
2026-08-04 16:30:00+00:00,4087.786,4089.601,4084.917,4089.105,1958,40,0
2026-08-04 16:45:00+00:00,4089.085,4093.76,4088.649,4093.214,2067,40,0
2026-08-04 17:00:00+00:00,4093.385,4106.422,4092.386,4100.012,3858,40,0
2026-08-04 17:15:00+00:00,4100.067,4101.497,4094.194,4094.889,2875,40,0
2026-08-04 17:30:00+00:00,4094.835,4096.269,4091.768,4095.438,2013,40,0
2026-08-04 17:45:00+00:00,4095.328,4096.671,4086.228,4086.246,2200,40,0
2026-08-04 18:00:00+00:00,4086.191,4089.027,4084.884,4088.612,2414,40,0
2026-08-04 18:15:00+00:00,4088.558,4088.995,4084.438,4084.814,1917,40,0
2026-08-04 18:30:00+00:00,4084.744,4085.858,4076.287,4076.8,2183,40,0
2026-08-04 18:45:00+00:00,4076.82,4081.325,4075.146,4079.99,1952,40,0
2026-08-04 19:00:00+00:00,4079.778,4084.409,4078.708,4081.63,1894,40,0
2026-08-04 19:15:00+00:00,4081.917,4084.859,4079.341,4080.248,1775,40,0
2026-08-04 19:30:00+00:00,4080.168,4082.704,4078.864,4081.355,1483,40,0
2026-08-04 19:45:00+00:00,4081.296,4082.396,4076.477,4078.809,1704,40,0
2026-08-04 20:00:00+00:00,4078.697,4080.55,4078.282,4079.222,1415,40,0
2026-08-04 20:15:00+00:00,4078.91,4079.124,4074.675,4075.595,1577,40,0
2026-08-04 20:30:00+00:00,4075.545,4078.618,4075.425,4077.853,1151,40,0
2026-08-04 20:45:00+00:00,4077.8,4078.447,4076.086,4078.112,992,40,0
2026-08-04 22:00:00+00:00,4078.137,4078.756,4076.453,4076.96,726,40,0
2026-08-04 22:15:00+00:00,4076.904,4080.067,4075.854,4079.748,1182,40,0
2026-08-04 22:30:00+00:00,4079.973,4085.879,4079.211,4084.005,1211,40,0
2026-08-04 22:45:00+00:00,4084.059,4084.567,4075.708,4075.901,1512,40,0
2026-08-04 23:00:00+00:00,4076.047,4077.253,4068.49,4073.4,2206,40,0
2026-08-04 23:15:00+00:00,4073.306,4074.84,4065.432,4067.392,1546,40,0
2026-08-04 23:30:00+00:00,4067.392,4070.158,4065.987,4069.469,1188,40,0
2026-08-04 23:45:00+00:00,4069.441,4073.759,4069.194,4072.473,1165,40,0
2026-08-05 00:00:00+00:00,4072.456,4074.338,4070.401,4071.976,2227,40,0
2026-08-05 00:15:00+00:00,4071.949,4078.961,4071.483,4078.648,2012,40,0
2026-08-05 00:30:00+00:00,4078.607,4083.16,4077.994,4078.258,1831,40,0
2026-08-05 00:45:00+00:00,4078.249,4083.653,4077.771,4082.722,1827,40,0
2026-08-05 01:00:00+00:00,4082.53,4086.973,4077.685,4085.854,4878,40,0
2026-08-05 01:15:00+00:00,4085.907,4088.825,4082.724,4084.622,3290,40,0
2026-08-05 01:30:00+00:00,4084.689,4093.089,4080.041,4093.039,3247,40,0
2026-08-05 01:45:00+00:00,4092.989,4102.827,4092.707,4101.318,2859,40,0
2026-08-05 02:00:00+00:00,4101.268,4103.028,4096.457,4099.75,3132,40,0
2026-08-05 02:15:00+00:00,4099.809,4108.809,4095.527,4103.77,3465,40,0
2026-08-05 02:30:00+00:00,4103.657,4129.144,4101.57,4128.112,7496,40,0
2026-08-05 02:45:00+00:00,4128.164,4135.669,4124.823,4129.4,6055,40,0
2026-08-05 03:00:00+00:00,4129.35,4136.305,4126.916,4135.795,3899,40,0
2026-08-05 03:15:00+00:00,4135.851,4136.633,4129.799,4130.676,2558,40,0
2026-08-05 03:30:00+00:00,4130.624,4130.861,4127.503,4128.589,2073,40,0
2026-08-05 03:45:00+00:00,4128.639,4130.519,4127.48,4128.483,1505,40,0
2026-08-05 04:00:00+00:00,4128.49,4141.606,4128.38,4138.764,2846,40,0
2026-08-05 04:15:00+00:00,4138.83,4141.31,4137.875,4138.606,1934,40,0
2026-08-05 04:30:00+00:00,4138.528,4139.023,4133.314,4134.791,1687,40,0
2026-08-05 04:45:00+00:00,4134.781,4136.316,4132.523,4135.703,1616,40,0
2026-08-05 05:00:00+00:00,4135.765,4138.094,4134.699,4137.256,2004,40,0
2026-08-05 05:15:00+00:00,4137.266,4142.361,4135.501,4139.45,2115,40,0
2026-08-05 05:30:00+00:00,4139.575,4159.799,4139.575,4157.356,7747,40,0
2026-08-05 05:45:00+00:00,4157.195,4173.262,4156.791,4161.64,8996,40,0
2026-08-05 06:00:00+00:00,4161.58,4174.549,4160.004,4173.046,4641,40,0
2026-08-05 06:15:00+00:00,4173.03,4173.527,4160.99,4168.704,4277,40,0
2026-08-05 06:30:00+00:00,4168.653,4178.534,4167.038,4175.97,3601,40,0
2026-08-05 06:45:00+00:00,4175.975,4178.569,4172.085,4177.467,2833,40,0
2026-08-05 07:00:00+00:00,4177.773,4179.726,4166.207,4166.444,3660,40,0
2026-08-05 07:15:00+00:00,4166.498,4169.518,4163.083,4164.453,3378,40,0
2026-08-05 07:30:00+00:00,4164.565,4166.798,4162.223,4166.611,2898,40,0
2026-08-05 07:45:00+00:00,4166.861,4172.166,4164.305,4170.726,2354,40,0
2026-08-05 08:00:00+00:00,4170.674,4172.859,4164.825,4165.703,2743,40,0
2026-08-05 08:15:00+00:00,4165.755,4168.428,4162.153,4164.647,2498,40,0
2026-08-05 08:30:00+00:00,4164.71,4167.369,4161.326,4166.154,3761,40,0
2026-08-05 08:45:00+00:00,4166.222,4166.493,4158.962,4160.45,3080,40,0
2026-08-05 09:00:00+00:00,4160.507,4167.308,4160.483,4163.102,3304,40,0
2026-08-05 09:15:00+00:00,4163.17,4163.17,4155.329,4157.786,2834,40,0
2026-08-05 09:30:00+00:00,4157.842,4159.32,4154.391,4158.117,3674,40,0
2026-08-05 09:45:00+00:00,4158.157,4159.308,4152.988,4158.009,2148,40,0
2026-08-05 10:00:00+00:00,4158.07,4158.235,4150.478,4151.297,2129,40,0
2026-08-05 10:15:00+00:00,4151.408,4158.681,4150.349,4156.89,2127,40,0
2026-08-05 10:30:00+00:00,4156.694,4157.988,4153.879,4155.331,1780,40,0
2026-08-05 10:45:00+00:00,4155.135,4161.711,4154.091,4161.378,1996,40,0
2026-08-05 11:00:00+00:00,4161.319,4171.2,4160.738,4170.802,2764,40,0
2026-08-05 11:15:00+00:00,4170.81,4180.87,4169.298,4176.316,3091,40,0
2026-08-05 11:30:00+00:00,4176.13,4188.811,4174.083,4184.945,5587,40,0
2026-08-05 11:45:00+00:00,4185.123,4192.779,4182.947,4189.055,4083,40,0
2026-08-05 12:00:00+00:00,4189.112,4200.124,4188.895,4197.486,4329,40,0
2026-08-05 12:15:00+00:00,4197.671,4213.478,4197.671,4205.472,4583,40,0
2026-08-05 12:30:00+00:00,4205.528,4209.103,4192.703,4194.635,4942,40,0
2026-08-05 12:45:00+00:00,4194.941,4195.866,4183.298,4184.102,4472,40,0
2026-08-05 13:00:00+00:00,4184.052,4197.335,4183.875,4187.908,6535,40,0
2026-08-05 13:15:00+00:00,4188.048,4198.256,4185.684,4197.228,4662,40,0
2026-08-05 13:30:00+00:00,4197.289,4205.022,4192.555,4197.855,9072,40,0
2026-08-05 13:45:00+00:00,4197.662,4206.997,4189.53,4205.976,5994,40,0
2026-08-05 14:00:00+00:00,4205.918,4235.003,4203.75,4229.632,9369,40,0
2026-08-05 14:15:00+00:00,4229.55,4240.747,4226.611,4236.849,8206,40,0
2026-08-05 14:30:00+00:00,4236.679,4243.579,4228.704,4243.246,6915,40,0
2026-08-05 14:45:00+00:00,4243.512,4247.797,4233.147,4244.101,7149,40,0
2026-08-05 15:00:00+00:00,4244.036,4261.23,4242.634,4258.177,7717,40,0
2026-08-05 15:15:00+00:00,4257.869,4265.302,4250.135,4257.418,5352,40,0
2026-08-05 15:30:00+00:00,4257.618,4260.02,4252.411,4256.122,3988,40,0
2026-08-05 15:45:00+00:00,4255.758,4255.991,4232.325,4233.028,6223,40,0
2026-08-05 16:00:00+00:00,4233.079,4236.459,4224.731,4234.371,5630,40,0
2026-08-05 16:15:00+00:00,4234.216,4242.024,4232.684,4241.284,3472,40,0
2026-08-05 16:30:00+00:00,4241.497,4247.097,4239.014,4244.564,2832,40,0
2026-08-05 16:45:00+00:00,4244.616,4247.43,4238.281,4242.466,2978,40,0
2026-08-05 17:00:00+00:00,4242.295,4244.484,4239.11,4242.124,2904,40,0
2026-08-05 17:15:00+00:00,4241.807,4246.717,4236.793,4244.717,3445,40,0
2026-08-05 17:30:00+00:00,4244.653,4250.998,4240.931,4248.384,2693,40,0
2026-08-05 17:45:00+00:00,4248.373,4252.661,4247.378,4250.122,1913,40,0
2026-08-05 18:00:00+00:00,4250.059,4257.679,4249.1,4253.244,2557,40,0
2026-08-05 18:15:00+00:00,4253.215,4267.963,4252.825,4263.013,2453,40,0
2026-08-05 18:30:00+00:00,4263.055,4263.972,4254.533,4259.227,2337,40,0
2026-08-05 18:45:00+00:00,4259.244,4263.645,4257.906,4260.701,1917,40,0
2026-08-05 19:00:00+00:00,4260.814,4262.295,4256.087,4257.988,2125,40,0
2026-08-05 19:15:00+00:00,4258.048,4258.354,4250.519,4253.078,2123,40,0
2026-08-05 19:30:00+00:00,4253.136,4254.122,4248.282,4253.172,2120,40,0
2026-08-05 19:45:00+00:00,4253.119,4253.502,4246.307,4247.059,2411,40,0
2026-08-05 20:00:00+00:00,4246.892,4249.819,4246.797,4249.383,1438,40,0
2026-08-05 20:15:00+00:00,4249.496,4249.909,4245.321,4246.164,1029,40,0
2026-08-05 20:30:00+00:00,4246.147,4249.631,4245.043,4245.556,953,40,0
2026-08-05 20:45:00+00:00,4245.576,4246.762,4242.993,4246.313,991,40,0
2026-08-05 22:00:00+00:00,4248.49,4254.234,4245.723,4247.848,1307,50,0
2026-08-05 22:15:00+00:00,4247.71,4249.074,4247.121,4248.248,923,50,0
2026-08-05 22:30:00+00:00,4248.162,4250.52,4247.828,4248.5,884,40,0
2026-08-05 22:45:00+00:00,4248.446,4250.441,4247.762,4250.193,880,40,0
2026-08-05 23:00:00+00:00,4249.941,4258.168,4249.294,4256.204,1119,40,0
2026-08-05 23:15:00+00:00,4256.182,4264.5,4256.1,4263.451,1238,40,0
2026-08-05 23:30:00+00:00,4263.602,4282.091,4261.082,4280.763,2643,40,0
2026-08-05 23:45:00+00:00,4280.733,4281.031,4272.272,4278.155,2220,40,0
2026-08-06 00:00:00+00:00,4278.211,4278.211,4264.631,4270.678,5659,40,0
2026-08-06 00:15:00+00:00,4270.875,4284.874,4270.875,4274.223,5207,40,0
2026-08-06 00:30:00+00:00,4274.168,4291.352,4274.03,4286.437,4757,40,0
2026-08-06 00:45:00+00:00,4286.49,4300.451,4286.065,4294.839,4761,40,0
2026-08-06 01:00:00+00:00,4294.801,4303.069,4280.266,4284.819,10189,40,0
2026-08-06 01:15:00+00:00,4284.758,4288.065,4272.833,4276.236,6922,40,0
2026-08-06 01:30:00+00:00,4276.182,4297.483,4275.679,4288.017,6587,40,0
2026-08-06 01:45:00+00:00,4287.835,4297.664,4282.917,4286.809,5624,40,0
2026-08-06 02:00:00+00:00,4286.705,4304.309,4283.525,4295.313,4597,40,0
2026-08-06 02:15:00+00:00,4295.324,4300.095,4291.859,4292.203,2616,40,0
2026-08-06 02:30:00+00:00,4292.18,4292.612,4280.895,4286.083,4081,40,0
2026-08-06 02:45:00+00:00,4285.889,4287.358,4275.18,4278.652,3499,40,0
2026-08-06 03:00:00+00:00,4278.539,4281.13,4274.053,4274.18,3338,40,0
2026-08-06 03:15:00+00:00,4274.123,4274.316,4260.841,4266.264,4440,40,0
2026-08-06 03:30:00+00:00,4266.212,4266.896,4261.438,4262.847,2191,40,0
2026-08-06 03:45:00+00:00,4262.947,4265.928,4260.179,4265.702,2023,40,0
2026-08-06 04:00:00+00:00,4265.592,4267.291,4262.154,4263.514,2269,40,0
2026-08-06 04:15:00+00:00,4263.541,4264.019,4252.823,4255.623,2173,40,0
2026-08-06 04:30:00+00:00,4255.675,4261.257,4255.461,4259.292,2013,40,0
2026-08-06 04:45:00+00:00,4259.344,4263.116,4258.283,4262.436,1511,40,0
2026-08-06 05:00:00+00:00,4262.283,4265.433,4256.544,4259.47,2647,40,0
2026-08-06 05:15:00+00:00,4259.838,4259.838,4253.054,4254.062,2212,40,0
2026-08-06 05:30:00+00:00,4253.899,4266.055,4247.069,4263.322,4278,40,0
2026-08-06 05:45:00+00:00,4263.363,4268.799,4262.119,4267.363,2334,40,0
2026-08-06 06:00:00+00:00,4267.095,4268.735,4256.682,4260.581,2636,40,0
2026-08-06 06:15:00+00:00,4260.328,4261.341,4254.744,4257.387,2649,40,0
2026-08-06 06:30:00+00:00,4257.712,4258.19,4249.468,4256.733,2370,40,0
2026-08-06 06:45:00+00:00,4256.948,4258.158,4251.081,4256.075,2254,40,0
2026-08-06 07:00:00+00:00,4255.989,4263.761,4253.389,4263.12,2411,40,0
2026-08-06 07:15:00+00:00,4263.194,4265.489,4258.298,4261.672,2110,40,0
2026-08-06 07:30:00+00:00,4261.66,4262.105,4254.661,4255.012,1746,40,0
2026-08-06 07:45:00+00:00,4255.076,4262.842,4252.518,4262.669,2160,40,0
2026-08-06 08:00:00+00:00,4262.722,4269.617,4260.127,4269.161,2496,40,0
2026-08-06 08:15:00+00:00,4268.91,4270.823,4263.679,4267.858,2313,40,0
2026-08-06 08:30:00+00:00,4267.762,4275.131,4266.561,4273.144,2165,40,0
2026-08-06 08:45:00+00:00,4273.218,4278.96,4270.411,4278.215,3222,40,0
2026-08-06 09:00:00+00:00,4278.411,4283.788,4275.905,4279.795,2928,40,0
2026-08-06 09:15:00+00:00,4279.855,4284.86,4278.595,4283.24,2063,40,0
2026-08-06 09:30:00+00:00,4283.318,4284.329,4271.79,4271.897,2499,40,0
2026-08-06 09:45:00+00:00,4271.966,4276.203,4271.206,4273.043,1653,40,0
2026-08-06 10:00:00+00:00,4273.242,4273.907,4268.53,4269.505,1982,40,0
2026-08-06 10:15:00+00:00,4269.451,4271.189,4267.134,4269.258,1766,40,0
2026-08-06 10:30:00+00:00,4269.31,4270.049,4264.419,4265.556,1916,40,0
2026-08-06 10:45:00+00:00,4265.674,4271.658,4264.822,4270.912,1679,40,0
2026-08-06 11:00:00+00:00,4270.737,4273.532,4266.635,4268.905,2872,40,0
2026-08-06 11:15:00+00:00,4268.963,4271.7,4260.205,4264.203,2155,40,0
2026-08-06 11:30:00+00:00,4264.531,4267.19,4259.61,4260.587,2003,40,0
2026-08-06 11:45:00+00:00,4260.641,4263.841,4254.047,4263.237,2918,40,0
2026-08-06 12:00:00+00:00,4263.179,4265.935,4255.484,4256.335,2750,40,0
2026-08-06 12:15:00+00:00,4256.398,4263.205,4253.235,4261.635,3036,40,0
2026-08-06 12:30:00+00:00,4261.9,4270.863,4258.112,4267.23,2632,40,0
2026-08-06 12:45:00+00:00,4267.347,4267.884,4249.069,4250.386,4311,40,0
2026-08-06 13:00:00+00:00,4250.331,4256.043,4230.56,4238.577,7534,40,0
2026-08-06 13:15:00+00:00,4238.241,4248.392,4235.851,4247.571,4579,40,0
2026-08-06 13:30:00+00:00,4247.833,4274.284,4245.732,4270.33,8668,40,0
2026-08-06 13:45:00+00:00,4270.383,4270.545,4262.3,4267.048,6538,40,0
2026-08-06 14:00:00+00:00,4267.358,4275.441,4264.044,4268.487,7355,40,0
2026-08-06 14:15:00+00:00,4268.535,4269.229,4260.092,4265.206,5828,40,0
2026-08-06 14:30:00+00:00,4265.259,4274.901,4265.259,4273.701,5240,40,0
2026-08-06 14:45:00+00:00,4273.671,4275.464,4262.713,4272.931,4521,40,0
2026-08-06 15:00:00+00:00,4273.017,4274.636,4261.962,4263.875,5022,40,0
2026-08-06 15:15:00+00:00,4264.047,4264.138,4250.706,4255.056,5778,40,0
2026-08-06 15:30:00+00:00,4255.062,4255.857,4246.051,4251.472,4638,40,0
2026-08-06 15:45:00+00:00,4251.455,4251.697,4229.034,4233.928,7291,40,0
2026-08-06 16:00:00+00:00,4233.986,4243.127,4230.683,4233.01,7220,40,0
2026-08-06 16:15:00+00:00,4232.944,4233.168,4223.247,4230.091,6706,40,0
2026-08-06 16:30:00+00:00,4230.029,4236.261,4230.029,4233.421,3969,40,0
2026-08-06 16:45:00+00:00,4233.725,4242.729,4231.701,4241.573,2761,40,0
2026-08-06 17:00:00+00:00,4241.692,4244.816,4239.388,4240.977,2430,40,0
2026-08-06 17:15:00+00:00,4241.043,4242.843,4238.481,4241.625,2549,40,0
2026-08-06 17:30:00+00:00,4241.576,4243.774,4238.516,4242.251,2235,40,0
2026-08-06 17:45:00+00:00,4242.308,4248.387,4240.337,4247.16,2290,40,0
2026-08-06 18:00:00+00:00,4247.211,4249.193,4244.04,4246.98,1741,40,0
2026-08-06 18:15:00+00:00,4247.031,4249.782,4245.939,4246.672,1750,40,0
2026-08-06 18:30:00+00:00,4246.681,4247.787,4240.737,4241.938,1593,40,0
2026-08-06 18:45:00+00:00,4241.999,4245.739,4240.636,4243.638,1372,40,0
2026-08-06 19:00:00+00:00,4243.726,4251.449,4242.9,4247.622,1803,40,0
2026-08-06 19:15:00+00:00,4247.29,4248.58,4235.173,4237.513,3164,40,0
2026-08-06 19:30:00+00:00,4237.607,4239.842,4232.969,4234.642,2776,40,0
2026-08-06 19:45:00+00:00,4234.693,4250.886,4234.634,4248.895,3729,40,0
2026-08-06 20:00:00+00:00,4249.015,4250.35,4242.849,4244.692,1904,40,0
2026-08-06 20:15:00+00:00,4244.827,4245.927,4239.805,4242.105,1429,40,0
2026-08-06 20:30:00+00:00,4242.106,4242.675,4235.204,4235.617,1414,40,0
2026-08-06 20:45:00+00:00,4235.617,4242.086,4234.678,4240.535,1419,40,0
2026-08-06 22:00:00+00:00,4239.912,4240.647,4235.86,4239.187,843,40,0
2026-08-06 22:15:00+00:00,4239.08,4243.703,4239.046,4242.631,985,40,0
2026-08-06 22:30:00+00:00,4242.481,4243.515,4239.059,4239.585,969,40,0
2026-08-06 22:45:00+00:00,4239.569,4243.125,4238.843,4240.93,821,40,0
2026-08-06 23:00:00+00:00,4240.879,4245.75,4240.166,4245.605,986,40,0
2026-08-06 23:15:00+00:00,4245.433,4246.38,4243.153,4245.367,782,40,0
2026-08-06 23:30:00+00:00,4245.108,4248.942,4244.831,4246.898,993,40,0
2026-08-06 23:45:00+00:00,4246.909,4253.343,4245.723,4252.24,1633,40,0
2026-08-07 00:00:00+00:00,4252.494,4252.894,4243.367,4244.708,3089,40,0
2026-08-07 00:15:00+00:00,4244.769,4246.43,4239.084,4244.097,3078,40,0
2026-08-07 00:30:00+00:00,4244.156,4244.156,4230.442,4234.785,3953,40,0
2026-08-07 00:45:00+00:00,4234.839,4237.124,4229.701,4232.757,3879,40,0
2026-08-07 01:00:00+00:00,4232.644,4246.915,4231.334,4244.18,6127,40,0
2026-08-07 01:15:00+00:00,4244.235,4250.421,4240.01,4243.508,4384,40,0
2026-08-07 01:30:00+00:00,4243.237,4259.004,4239.101,4256.646,5350,40,0
2026-08-07 01:45:00+00:00,4256.708,4259.565,4251.811,4256.795,3883,40,0
2026-08-07 02:00:00+00:00,4256.746,4261.826,4255.99,4258.701,2952,40,0
2026-08-07 02:15:00+00:00,4258.633,4261.405,4257.483,4261.06,1683,40,0
2026-08-07 02:30:00+00:00,4261.001,4261.864,4249.802,4249.876,3805,40,0
2026-08-07 02:45:00+00:00,4249.821,4256.174,4247.089,4250.351,3001,40,0
2026-08-07 03:00:00+00:00,4250.298,4259.314,4249.675,4254.67,2859,40,0
2026-08-07 03:15:00+00:00,4254.596,4258.93,4251.796,4258.639,3090,40,0
2026-08-07 03:30:00+00:00,4258.523,4261.216,4257.613,4260.726,1754,40,0
2026-08-07 03:45:00+00:00,4260.629,4266.549,4259.096,4266.088,1989,40,0
2026-08-07 04:00:00+00:00,4266.024,4269.328,4262.235,4265.811,2903,40,0
2026-08-07 04:15:00+00:00,4265.973,4268.804,4261.82,4265.086,2871,40,0
2026-08-07 04:30:00+00:00,4265.147,4268.601,4260.897,4263.838,2879,40,0
2026-08-07 04:45:00+00:00,4264.094,4267.383,4262.254,4264.824,1346,40,0
2026-08-07 05:00:00+00:00,4264.951,4271.315,4261.787,4269.253,3069,40,0
2026-08-07 05:15:00+00:00,4269.558,4270.833,4264.671,4266.473,2544,40,0
2026-08-07 05:30:00+00:00,4266.53,4277.478,4265.911,4271.627,5401,40,0
2026-08-07 05:45:00+00:00,4271.619,4280.72,4271.602,4278.806,4032,40,0
2026-08-07 06:00:00+00:00,4278.833,4291.832,4278.293,4286.702,3919,40,0
2026-08-07 06:15:00+00:00,4286.639,4291.573,4283.218,4283.456,4586,40,0
2026-08-07 06:30:00+00:00,4283.26,4295.369,4280.049,4292.233,4097,40,0
2026-08-07 06:45:00+00:00,4292.177,4298.922,4288.647,4297.104,3589,40,0
2026-08-07 07:00:00+00:00,4297.324,4298.074,4290.335,4291.422,2924,40,0
2026-08-07 07:15:00+00:00,4291.457,4292.993,4284.663,4285.651,2906,40,0
2026-08-07 07:30:00+00:00,4285.596,4288.933,4283.913,4285.272,2623,40,0
2026-08-07 07:45:00+00:00,4285.307,4291.317,4282.853,4290.092,2365,40,0
2026-08-07 08:00:00+00:00,4290.147,4300.728,4289.026,4299.791,2993,40,0
2026-08-07 08:15:00+00:00,4300.096,4300.86,4293.222,4294.894,2656,40,0
2026-08-07 08:30:00+00:00,4295.024,4316.904,4294.013,4309.286,5292,40,0
2026-08-07 08:45:00+00:00,4309.349,4311.621,4303.306,4305.971,3147,40,0
2026-08-07 09:00:00+00:00,4306.024,4307.569,4304.413,4306.285,2787,40,0
2026-08-07 09:15:00+00:00,4306.151,4311.268,4304.78,4306.697,2637,40,0
2026-08-07 09:30:00+00:00,4307.013,4318.475,4302.267,4317.335,3518,40,0
2026-08-07 09:45:00+00:00,4317.397,4320.879,4314.522,4315.997,3511,40,0
2026-08-07 10:00:00+00:00,4315.993,4319.558,4308.013,4308.221,2766,40,0
2026-08-07 10:15:00+00:00,4308.435,4314.661,4308.435,4314.009,2271,40,0
2026-08-07 10:30:00+00:00,4313.683,4318.462,4313.178,4317.051,2006,40,0
2026-08-07 10:45:00+00:00,4316.866,4320.683,4316.295,4316.829,2353,40,0
2026-08-07 11:00:00+00:00,4316.818,4326.258,4316.708,4320.509,3178,40,0
2026-08-07 11:15:00+00:00,4320.451,4327.635,4317.086,4325.067,3544,50,0
2026-08-07 11:30:00+00:00,4325.125,4327.953,4320.848,4322.73,3136,40,0
2026-08-07 11:45:00+00:00,4322.83,4327.07,4320.787,4321.407,2475,40,0
2026-08-07 12:00:00+00:00,4321.396,4325.524,4314.844,4315.202,3686,40,0
2026-08-07 12:15:00+00:00,4315.149,4317.371,4301.002,4307.81,5230,40,0
2026-08-07 12:30:00+00:00,4307.668,4371.016,4307.19,4366.834,17191,50,0
2026-08-07 12:45:00+00:00,4367.176,4371.975,4355.522,4361.378,10167,50,0
2026-08-07 13:00:00+00:00,4361.432,4364.444,4345.947,4348.038,10084,50,0
2026-08-07 13:15:00+00:00,4347.975,4358.059,4339.076,4356.418,7241,50,0
2026-08-07 13:30:00+00:00,4356.475,4368.191,4350.365,4358.827,11121,50,0
2026-08-07 13:45:00+00:00,4358.765,4360.103,4342.474,4348.374,9167,50,0
2026-08-07 14:00:00+00:00,4348.366,4349.128,4327.486,4334.475,10982,50,0
2026-08-07 14:15:00+00:00,4334.537,4353.141,4330.596,4349.092,8435,40,0
2026-08-07 14:30:00+00:00,4348.878,4350.906,4342.267,4344.398,7195,50,0
2026-08-07 14:45:00+00:00,4344.457,4349.099,4340.3,4341.783,5747,40,0
2026-08-07 15:00:00+00:00,4341.723,4355.985,4340.079,4355.421,6333,50,0
2026-08-07 15:15:00+00:00,4355.483,4358.542,4351.008,4351.569,4568,50,0
2026-08-07 15:30:00+00:00,4351.626,4354.161,4347.084,4349.757,4718,50,0
2026-08-07 15:45:00+00:00,4349.893,4352.053,4339.755,4341.13,4185,40,0
2026-08-07 16:00:00+00:00,4341.267,4349.68,4338.449,4347.665,3828,40,0
2026-08-07 16:15:00+00:00,4347.734,4349.901,4334.416,4337.518,5144,40,0
2026-08-07 16:30:00+00:00,4337.454,4342.247,4332.637,4338.676,4417,40,0
2026-08-07 16:45:00+00:00,4338.939,4342.458,4329.143,4329.143,4029,40,0
2026-08-07 17:00:00+00:00,4329.321,4338.496,4327.819,4335.584,2906,40,0
2026-08-07 17:15:00+00:00,4335.516,4342.199,4333.69,4339.867,2911,40,0
2026-08-07 17:30:00+00:00,4339.811,4340.201,4329.674,4336.109,3396,40,0
2026-08-07 17:45:00+00:00,4336.319,4343.293,4334.929,4340.414,2090,40,0
2026-08-07 18:00:00+00:00,4340.454,4343.227,4334.859,4335.142,2147,40,0
2026-08-07 18:15:00+00:00,4335.155,4338.147,4332.068,4334.605,2309,40,0
2026-08-07 18:30:00+00:00,4334.445,4339.229,4333.406,4334.535,1925,40,0
2026-08-07 18:45:00+00:00,4334.526,4337.845,4333.387,4335.51,1684,40,0
2026-08-07 19:00:00+00:00,4335.577,4346.025,4335.414,4343.747,3733,40,0
2026-08-07 19:15:00+00:00,4343.799,4350.422,4342.892,4348.745,3255,40,0
2026-08-07 19:30:00+00:00,4348.533,4349.06,4344.439,4347.788,2633,40,0
2026-08-07 19:45:00+00:00,4347.817,4349.588,4340.152,4344.192,2967,40,0
2026-08-07 20:00:00+00:00,4344.128,4345.428,4338.182,4342.646,1732,50,0
2026-08-07 20:15:00+00:00,4342.674,4343.216,4337.079,4338.043,1340,50,0
2026-08-07 20:30:00+00:00,4338.039,4342.504,4335.98,4341.493,1312,50,0
2026-08-07 20:45:00+00:00,4341.44,4342.681,4339.11,4342.307,1841,50,0
2026-08-09 22:00:00+00:00,4347.907,4348.945,4332.85,4343.656,2843,50,0
2026-08-09 22:15:00+00:00,4343.662,4345.035,4338.406,4343.638,1708,40,0
2026-08-09 22:30:00+00:00,4343.974,4345.284,4340.147,4340.656,1329,40,0
2026-08-09 22:45:00+00:00,4340.582,4344.387,4340.36,4341.801,1038,40,0
2026-08-09 23:00:00+00:00,4341.783,4347.782,4341.245,4346.728,1377,40,0
2026-08-09 23:15:00+00:00,4346.732,4349.258,4344.107,4346.393,1124,40,0
2026-08-09 23:30:00+00:00,4346.383,4347.68,4339.997,4342.295,1342,40,0
2026-08-09 23:45:00+00:00,4342.474,4343.51,4331.996,4332.7,1688,40,0
2026-08-10 00:00:00+00:00,4332.637,4347.212,4332.466,4344.669,5326,40,0
2026-08-10 00:15:00+00:00,4344.729,4345.803,4337.221,4337.792,4172,50,0
2026-08-10 00:30:00+00:00,4337.794,4339.573,4333.651,4334.774,3621,50,0
2026-08-10 00:45:00+00:00,4334.653,4337.692,4330.716,4332.324,3494,50,0
2026-08-10 01:00:00+00:00,4332.378,4340.949,4322.104,4323.344,10698,50,0
2026-08-10 01:15:00+00:00,4323.398,4328.416,4316.229,4316.293,4804,50,0
2026-08-10 01:30:00+00:00,4316.511,4321.127,4313.221,4317.244,5434,50,0
2026-08-10 01:45:00+00:00,4317.44,4324.494,4316.058,4322.561,4058,50,0
2026-08-10 02:00:00+00:00,4322.779,4325.914,4318.708,4324.659,3870,50,0
2026-08-10 02:15:00+00:00,4324.489,4332.348,4323.549,4330.84,2643,50,0
2026-08-10 02:30:00+00:00,4330.772,4332.639,4323.156,4326.35,4332,50,0
2026-08-10 02:45:00+00:00,4326.409,4327.379,4318.685,4319.587,3229,40,0
2026-08-10 03:00:00+00:00,4319.808,4321.45,4317.565,4320.028,2583,50,0
2026-08-10 03:15:00+00:00,4319.908,4328.417,4319.661,4327.1,2768,40,0
2026-08-10 03:30:00+00:00,4327.152,4330.177,4324.646,4325.336,2128,50,0
2026-08-10 03:45:00+00:00,4325.025,4327.939,4324.271,4326.507,1550,50,0
2026-08-10 04:00:00+00:00,4326.808,4332.949,4322.914,4332.555,2358,50,0
2026-08-10 04:15:00+00:00,4332.219,4337.741,4330.934,4334.859,2142,50,0
2026-08-10 04:30:00+00:00,4334.804,4336.295,4329.739,4332.138,1947,50,0
2026-08-10 04:45:00+00:00,4332.19,4339.64,4331.777,4339.475,2081,50,0
2026-08-10 05:00:00+00:00,4339.422,4339.905,4333.671,4335.23,1926,50,0
2026-08-10 05:15:00+00:00,4335.31,4336.469,4332.918,4334.034,1505,40,0
2026-08-10 05:30:00+00:00,4333.919,4344.539,4331.546,4343.336,5368,50,0
2026-08-10 05:45:00+00:00,4343.406,4352.365,4340.853,4347.542,3854,50,0
2026-08-10 06:00:00+00:00,4347.486,4350.135,4341.943,4347.461,3555,50,0
2026-08-10 06:15:00+00:00,4347.594,4350.024,4342.57,4348.43,2813,50,0
2026-08-10 06:30:00+00:00,4348.368,4356.061,4345.982,4355.101,2741,50,0
2026-08-10 06:45:00+00:00,4355.456,4360.045,4354.962,4358.106,2723,50,0
2026-08-10 07:00:00+00:00,4357.985,4358.985,4350.221,4351.203,2817,50,0
2026-08-10 07:15:00+00:00,4351.112,4359.033,4350.585,4355.059,2612,50,0
2026-08-10 07:30:00+00:00,4355.148,4360.282,4352.695,4359.341,2651,50,0
2026-08-10 07:45:00+00:00,4359.289,4362.269,4354.867,4355.656,2692,40,0
2026-08-10 08:00:00+00:00,4355.601,4356.475,4351.628,4354.432,2289,50,0
2026-08-10 08:15:00+00:00,4354.569,4356.244,4352.257,4355.655,1866,40,0
2026-08-10 08:30:00+00:00,4355.511,4356.775,4345.819,4346.448,2255,50,0
2026-08-10 08:45:00+00:00,4346.57,4349.235,4343.799,4346.503,2556,50,0
2026-08-10 09:00:00+00:00,4346.848,4350.121,4345.545,4349.641,2603,40,0
2026-08-10 09:15:00+00:00,4349.694,4349.73,4344.789,4347.201,1823,50,0
2026-08-10 09:30:00+00:00,4347.139,4347.139,4340.366,4344.096,2604,40,0
2026-08-10 09:45:00+00:00,4344.314,4345.643,4340.889,4341.276,1690,40,0
2026-08-10 10:00:00+00:00,4341.075,4341.736,4339.113,4340.748,2132,40,0
2026-08-10 10:15:00+00:00,4340.627,4344.299,4339.581,4343.622,1708,40,0
2026-08-10 10:30:00+00:00,4343.556,4344.283,4337.823,4338.112,1978,50,0
2026-08-10 10:45:00+00:00,4338.032,4340.764,4335.48,4335.989,1904,40,0
2026-08-10 11:00:00+00:00,4336.044,4337.017,4329.838,4331.568,2423,40,0
2026-08-10 11:15:00+00:00,4331.787,4336.384,4328.859,4334.622,1976,40,0
2026-08-10 11:30:00+00:00,4334.689,4339.52,4334.538,4337.469,1996,40,0
2026-08-10 11:45:00+00:00,4337.524,4337.973,4331.998,4335.01,1993,40,0
2026-08-10 12:00:00+00:00,4334.952,4337.746,4331.113,4331.754,2862,50,0
2026-08-10 12:15:00+00:00,4332.08,4332.647,4324.12,4327.635,2967,40,0
2026-08-10 12:30:00+00:00,4327.878,4332.658,4326.416,4329.228,3267,40,0
2026-08-10 12:45:00+00:00,4329.208,4335.649,4328.917,4332.671,2514,40,0
2026-08-10 13:00:00+00:00,4332.606,4337.92,4325.912,4337.15,4848,40,0
2026-08-10 13:15:00+00:00,4337.143,4337.808,4329.121,4335.102,3217,40,0
2026-08-10 13:30:00+00:00,4334.984,4340.059,4329.85,4331.117,6983,40,0
2026-08-10 13:45:00+00:00,4331.193,4332.153,4316.638,4318.277,6391,40,0
2026-08-10 14:00:00+00:00,4318.182,4331.282,4318.058,4330.048,4279,40,0
2026-08-10 14:15:00+00:00,4330.101,4348.344,4328.488,4345.65,5673,40,0
2026-08-10 14:30:00+00:00,4345.707,4352.227,4344.867,4349.49,4696,50,0
2026-08-10 14:45:00+00:00,4349.491,4350.798,4342.732,4345.444,3784,40,0
2026-08-10 15:00:00+00:00,4345.802,4352.388,4343.194,4346.974,4218,40,0
2026-08-10 15:15:00+00:00,4346.854,4352.407,4345.923,4349.476,3101,40,0
2026-08-10 15:30:00+00:00,4349.537,4352.222,4347.84,4350.535,3211,50,0
2026-08-10 15:45:00+00:00,4350.414,4359.756,4348.613,4358.351,3287,40,0
2026-08-10 16:00:00+00:00,4358.41,4364.997,4356.924,4361.595,3479,50,0
2026-08-10 16:15:00+00:00,4361.653,4364.814,4360.938,4362.971,2235,40,0
2026-08-10 16:30:00+00:00,4363.049,4363.21,4349.142,4351.908,4846,50,0
2026-08-10 16:45:00+00:00,4351.967,4357.192,4351.832,4356.78,2353,40,0
2026-08-10 17:00:00+00:00,4356.838,4358.349,4351.622,4357.244,2078,40,0
2026-08-10 17:15:00+00:00,4356.949,4361.385,4356.256,4361.103,2084,40,0
2026-08-10 17:30:00+00:00,4361.011,4365.67,4359.599,4360.47,1891,40,0
2026-08-10 17:45:00+00:00,4360.473,4361.432,4357.712,4360.178,1935,40,0
2026-08-10 18:00:00+00:00,4360.233,4365.317,4359.857,4363.189,1862,40,0
2026-08-10 18:15:00+00:00,4362.962,4367.264,4361.516,4365.727,1957,40,0
2026-08-10 18:30:00+00:00,4366.122,4383.154,4365.04,4379.942,4327,50,0
2026-08-10 18:45:00+00:00,4379.645,4380.163,4373.55,4378.568,2559,50,0
2026-08-10 19:00:00+00:00,4378.624,4383.006,4378.624,4382.041,2195,50,0
2026-08-10 19:15:00+00:00,4382.109,4391.805,4381.211,4390.771,2839,50,0
2026-08-10 19:30:00+00:00,4390.826,4394.393,4384.483,4388.16,2869,50,0
2026-08-10 19:45:00+00:00,4388.49,4395.422,4387.206,4388.503,2632,50,0
2026-08-10 20:00:00+00:00,4388.464,4390.782,4385.681,4389.316,1385,50,0
2026-08-10 20:15:00+00:00,4389.37,4392.17,4386.592,4391.327,1159,50,0
2026-08-10 20:30:00+00:00,4391.054,4392.057,4389.789,4389.828,913,50,0
2026-08-10 20:45:00+00:00,4390.069,4390.913,4388.816,4389.262,963,50,0
2026-08-10 22:00:00+00:00,4391.272,4393.121,4388.73,4391.249,1058,50,0
2026-08-10 22:15:00+00:00,4391.305,4393.794,4391.132,4392.212,809,50,0
2026-08-10 22:30:00+00:00,4392.212,4396.467,4392.051,4395.351,963,50,0
2026-08-10 22:45:00+00:00,4395.581,4400.894,4395.581,4399.887,1060,50,0
2026-08-10 23:00:00+00:00,4399.946,4402.252,4395.691,4397.368,1491,50,0
2026-08-10 23:15:00+00:00,4397.641,4397.657,4394.598,4395.426,967,50,0
2026-08-10 23:30:00+00:00,4395.42,4399.129,4395.296,4398.64,978,40,0
2026-08-10 23:45:00+00:00,4398.736,4402.726,4396.434,4402.369,1441,40,0
2026-08-11 00:00:00+00:00,4402.317,4409.199,4396.563,4405.62,3852,50,0
2026-08-11 00:15:00+00:00,4405.677,4416.416,4404.448,4413.943,2746,50,0
2026-08-11 00:30:00+00:00,4414.012,4414.372,4407.495,4414.372,2557,50,0
2026-08-11 00:45:00+00:00,4414.444,4419.417,4408.3,4409.572,2931,50,0
2026-08-11 01:00:00+00:00,4409.63,4415.329,4393.637,4414.798,9239,50,0
2026-08-11 01:15:00+00:00,4414.64,4420.595,4412.565,4419.46,4945,50,0
2026-08-11 01:30:00+00:00,4419.307,4422.742,4415.118,4415.196,3692,50,0
2026-08-11 01:45:00+00:00,4415.337,4434.278,4414.48,4429.931,4345,50,0
2026-08-11 02:00:00+00:00,4429.857,4434.754,4421.629,4433.843,4232,50,0
2026-08-11 02:15:00+00:00,4433.762,4435.369,4426.216,4428.698,3013,50,0
2026-08-11 02:30:00+00:00,4428.627,4429.404,4413.738,4418.254,5051,50,0
2026-08-11 02:45:00+00:00,4418.587,4419.216,4407.949,4410.855,4066,50,0
2026-08-11 03:00:00+00:00,4411.066,4415.407,4409.54,4413.64,3199,50,0
2026-08-11 03:15:00+00:00,4413.32,4420.716,4412.972,4420.331,2603,50,0
2026-08-11 03:30:00+00:00,4420.264,4421.708,4415.536,4416.111,1733,50,0
2026-08-11 03:45:00+00:00,4416.093,4419.051,4414.038,4417.046,1852,50,0
2026-08-11 04:00:00+00:00,4417.116,4419.744,4412.252,4413.872,1994,50,0
2026-08-11 04:15:00+00:00,4414.091,4415.978,4410.06,4415.208,1949,50,0
2026-08-11 04:30:00+00:00,4415.544,4420.347,4408.423,4410.291,3717,50,0
2026-08-11 04:45:00+00:00,4410.199,4411.463,4403.27,4409.113,2568,50,0
2026-08-11 05:00:00+00:00,4408.784,4409.208,4399.308,4402.359,2362,50,0
2026-08-11 05:15:00+00:00,4402.303,4402.303,4390.801,4392.563,3325,50,0
2026-08-11 05:30:00+00:00,4392.509,4392.509,4372.415,4377.229,10046,50,0
2026-08-11 05:45:00+00:00,4377.113,4378.482,4367.343,4375.35,5763,50,0
2026-08-11 06:00:00+00:00,4375.287,4382.466,4371.611,4373.023,4883,50,0
2026-08-11 06:15:00+00:00,4372.848,4376.29,4361.895,4363.662,5417,50,0
2026-08-11 06:30:00+00:00,4363.548,4369.446,4359.88,4363.926,4827,50,0
2026-08-11 06:45:00+00:00,4363.979,4367.612,4359.606,4366.217,3575,50,0
2026-08-11 07:00:00+00:00,4366.381,4367.971,4361.331,4363.32,3482,50,0
2026-08-11 07:15:00+00:00,4363.22,4366.068,4357.477,4363.305,2858,50,0
2026-08-11 07:30:00+00:00,4363.397,4365.11,4356.727,4358.743,3150,50,0
2026-08-11 07:45:00+00:00,4358.874,4361.636,4356.793,4357.952,2383,50,0
2026-08-11 08:00:00+00:00,4357.886,4366.892,4356.964,4365.332,2596,50,0
2026-08-11 08:15:00+00:00,4365.301,4369.837,4359.131,4369.124,2840,50,0
2026-08-11 08:30:00+00:00,4369.057,4376.116,4368.561,4374.756,2278,50,0
2026-08-11 08:45:00+00:00,4374.811,4376.815,4369.005,4369.206,2307,50,0
2026-08-11 09:00:00+00:00,4369.259,4373.112,4367.489,4372.355,2272,50,0
2026-08-11 09:15:00+00:00,4372.625,4375.682,4370.749,4372.012,2839,50,0
2026-08-11 09:30:00+00:00,4371.937,4375.14,4369.949,4370.448,2522,50,0
2026-08-11 09:45:00+00:00,4370.66,4374.71,4370.348,4372.37,1597,50,0
2026-08-11 10:00:00+00:00,4372.648,4376.173,4371.058,4373.365,1929,50,0
2026-08-11 10:15:00+00:00,4373.313,4381.776,4372.285,4378.189,2667,50,0
2026-08-11 10:30:00+00:00,4378.409,4381.082,4377.065,4377.966,1747,50,0
2026-08-11 10:45:00+00:00,4377.681,4382.737,4377.611,4382.518,1767,50,0
2026-08-11 11:00:00+00:00,4382.374,4393.136,4380.345,4391.518,5882,50,0
2026-08-11 11:15:00+00:00,4391.58,4392.535,4385.286,4387.528,3032,50,0
2026-08-11 11:30:00+00:00,4387.647,4388.3,4382.876,4386.216,2368,50,0
2026-08-11 11:45:00+00:00,4386.161,4389.912,4385.181,4387.912,2440,50,0
2026-08-11 12:00:00+00:00,4387.66,4397.758,4383.814,4397.05,3648,50,0
2026-08-11 12:15:00+00:00,4396.851,4399.723,4387.453,4391.463,5124,50,0
2026-08-11 12:30:00+00:00,4391.279,4398.516,4388.663,4398.456,3570,50,0
2026-08-11 12:45:00+00:00,4398.672,4400.234,4392.329,4392.678,2790,50,0
2026-08-11 13:00:00+00:00,4392.799,4401.048,4391.806,4394.031,4304,50,0
2026-08-11 13:15:00+00:00,4393.85,4400.851,4389.708,4398.097,3895,50,0
2026-08-11 13:30:00+00:00,4397.888,4402.155,4388.853,4399.765,6511,50,0
2026-08-11 13:45:00+00:00,4399.837,4404.287,4384.513,4389.541,6189,50,0
2026-08-11 14:00:00+00:00,4389.599,4389.976,4381.148,4387.164,5072,50,0
2026-08-11 14:15:00+00:00,4387.073,4390.453,4381.667,4384.045,4879,50,0
2026-08-11 14:30:00+00:00,4384.345,4395.603,4384.291,4393.418,4007,50,0
2026-08-11 14:45:00+00:00,4393.478,4398.25,4391.792,4393.968,2858,50,0
2026-08-11 15:00:00+00:00,4394.023,4398.998,4389.19,4392.205,3325,50,0
2026-08-11 15:15:00+00:00,4392.208,4392.311,4382.101,4386.665,3997,50,0
2026-08-11 15:30:00+00:00,4386.724,4387.033,4369.118,4375.802,5905,50,0
2026-08-11 15:45:00+00:00,4375.83,4384.04,4374.85,4383.749,3312,50,0
2026-08-11 16:00:00+00:00,4383.867,4384.912,4378.645,4379.661,2238,50,0
2026-08-11 16:15:00+00:00,4379.779,4383.61,4378.368,4383.274,2164,50,0
2026-08-11 16:30:00+00:00,4383.216,4385.905,4379.218,4384.738,1877,50,0
2026-08-11 16:45:00+00:00,4384.649,4385.678,4381.106,4383.628,1865,50,0
2026-08-11 17:00:00+00:00,4383.391,4385.906,4381.171,4381.246,2113,50,0
2026-08-11 17:15:00+00:00,4381.193,4384.542,4379.019,4381.504,2633,50,0
2026-08-11 17:30:00+00:00,4381.642,4382.228,4374.241,4376.45,2335,50,0
2026-08-11 17:45:00+00:00,4376.162,4377.605,4368.97,4369.302,1941,50,0
2026-08-11 18:00:00+00:00,4369.391,4369.391,4360.082,4363.661,3299,50,0
2026-08-11 18:15:00+00:00,4363.608,4367.433,4360.328,4361.582,2483,40,0
2026-08-11 18:30:00+00:00,4361.634,4371.966,4361.318,4371.23,1941,50,0
2026-08-11 18:45:00+00:00,4370.997,4372.868,4369.984,4371.627,1407,50,0
2026-08-11 19:00:00+00:00,4371.754,4372.261,4363.367,4364.009,2062,50,0
2026-08-11 19:15:00+00:00,4364.061,4370.905,4361.248,4370.555,2100,50,0
2026-08-11 19:30:00+00:00,4370.698,4374.421,4366.338,4367.423,2047,50,0
2026-08-11 19:45:00+00:00,4367.654,4373.474,4366.201,4370.81,2158,50,0
2026-08-11 20:00:00+00:00,4370.865,4371.302,4368.583,4370.286,1144,50,0
2026-08-11 20:15:00+00:00,4370.531,4371.227,4367.742,4370.434,849,50,0
2026-08-11 20:30:00+00:00,4370.243,4370.535,4367.43,4367.699,733,50,0
2026-08-11 20:45:00+00:00,4367.646,4369.061,4367.127,4368.135,876,50,0
2026-08-11 22:00:00+00:00,4372.617,4375.608,4370.516,4374.128,939,50,0
2026-08-11 22:15:00+00:00,4373.914,4377.347,4373.341,4376.46,1078,50,0
2026-08-11 22:30:00+00:00,4376.444,4377.941,4374.99,4376.028,934,50,0
2026-08-11 22:45:00+00:00,4376.064,4378.391,4367.447,4369.173,1661,40,0
2026-08-11 23:00:00+00:00,4369.239,4369.812,4362.545,4366.734,2202,50,0
2026-08-11 23:15:00+00:00,4366.686,4374.648,4365.329,4372.998,1760,50,0
2026-08-11 23:30:00+00:00,4372.951,4373.066,4366.517,4367.882,1093,40,0
2026-08-11 23:45:00+00:00,4367.882,4371.863,4367.882,4371.473,1125,40,0
2026-08-12 00:00:00+00:00,4371.564,4379.5,4366.663,4377.939,3489,40,0
2026-08-12 00:15:00+00:00,4378.156,4381.038,4374.259,4380.675,3029,50,0
2026-08-12 00:30:00+00:00,4380.73,4383.87,4379.229,4382.815,2567,50,0
2026-08-12 00:45:00+00:00,4382.746,4383.312,4377.615,4380.432,2027,50,0
2026-08-12 01:00:00+00:00,4380.552,4390.755,4378.306,4390.238,4730,50,0
2026-08-12 01:15:00+00:00,4390.564,4394.203,4386.531,4390.512,2183,50,0
2026-08-12 01:30:00+00:00,4390.46,4393.177,4385.372,4393.092,2675,50,0
2026-08-12 01:45:00+00:00,4393.102,4397.516,4391.03,4396.276,2085,50,0
2026-08-12 02:00:00+00:00,4396.333,4405.002,4394.208,4401.835,2731,50,0
2026-08-12 02:15:00+00:00,4401.724,4403.735,4399.512,4402.449,2042,50,0
2026-08-12 02:30:00+00:00,4402.242,4408.495,4397.943,4405.435,2805,50,0
2026-08-12 02:45:00+00:00,4405.505,4414.585,4405.36,4411.513,2984,50,0
2026-08-12 03:00:00+00:00,4411.293,4416.44,4408.513,4410.818,2750,50,0
2026-08-12 03:15:00+00:00,4410.875,4410.938,4404.651,4407.584,2116,50,0
2026-08-12 03:30:00+00:00,4407.255,4408.933,4401.26,4401.653,1698,50,0
2026-08-12 03:45:00+00:00,4401.632,4403.862,4400.687,4402.248,1444,50,0
2026-08-12 04:00:00+00:00,4402.521,4403.524,4396.567,4397.561,1337,50,0
2026-08-12 04:15:00+00:00,4397.57,4399.495,4395.444,4398.888,1377,50,0
2026-08-12 04:30:00+00:00,4398.941,4400.289,4395.312,4399.997,1317,50,0
2026-08-12 04:45:00+00:00,4400.014,4402.577,4399.183,4400.984,1389,50,0
2026-08-12 05:00:00+00:00,4400.86,4405.05,4400.129,4400.994,1533,50,0
2026-08-12 05:15:00+00:00,4400.94,4400.961,4392.461,4392.538,2005,50,0
2026-08-12 05:30:00+00:00,4392.753,4397.033,4387.971,4388.022,3692,50,0
2026-08-12 05:45:00+00:00,4388.154,4394.019,4383.916,4391.473,3169,50,0
2026-08-12 06:00:00+00:00,4391.137,4393.176,4385.1,4387.218,2257,50,0
2026-08-12 06:15:00+00:00,4387.164,4390.703,4385.731,4389.685,2300,50,0
2026-08-12 06:30:00+00:00,4389.745,4397.535,4388.183,4394.611,2888,50,0
2026-08-12 06:45:00+00:00,4394.521,4406.466,4394.521,4403.304,2480,50,0
2026-08-12 07:00:00+00:00,4403.403,4406.213,4400.975,4401.583,2360,50,0
2026-08-12 07:15:00+00:00,4401.686,4402.91,4398.331,4402.329,1751,50,0
2026-08-12 07:30:00+00:00,4402.604,4408.712,4401.355,4407.979,1797,50,0
2026-08-12 07:45:00+00:00,4407.695,4410.238,4404.802,4406.267,1774,50,0
2026-08-12 08:00:00+00:00,4406.143,4410.657,4405.982,4408.435,1770,50,0
2026-08-12 08:15:00+00:00,4408.442,4409.545,4405.624,4407.242,1610,50,0
2026-08-12 08:30:00+00:00,4407.187,4407.806,4404.585,4406.052,1755,50,0
2026-08-12 08:45:00+00:00,4405.917,4406.025,4401.649,4401.884,1507,50,0
2026-08-12 09:00:00+00:00,4401.675,4413.333,4401.675,4412.742,1948,50,0
2026-08-12 09:15:00+00:00,4412.804,4424.312,4412.259,4413.362,3988,50,0
2026-08-12 09:30:00+00:00,4413.309,4417.309,4412.064,4413.729,2457,50,0
2026-08-12 09:45:00+00:00,4413.876,4416.881,4410.751,4416.03,2441,50,0
2026-08-12 10:00:00+00:00,4415.811,4419.489,4414.538,4417.876,1951,50,0
2026-08-12 10:15:00+00:00,4418.208,4421.148,4417.21,4419.492,1803,50,0
2026-08-12 10:30:00+00:00,4419.514,4419.836,4412.956,4414.981,1730,50,0
2026-08-12 10:45:00+00:00,4414.923,4415.984,4407.188,4412.729,2936,50,0
2026-08-12 11:00:00+00:00,4412.79,4415.224,4407.74,4408.077,1922,50,0
2026-08-12 11:15:00+00:00,4408.131,4416.992,4407.915,4415.304,1785,50,0
2026-08-12 11:30:00+00:00,4415.038,4416.142,4410.339,4413.305,1695,50,0
2026-08-12 11:45:00+00:00,4413.265,4415.689,4412.518,4412.777,1645,50,0
2026-08-12 12:00:00+00:00,4412.653,4413.323,4406.251,4408.928,2384,50,0
2026-08-12 12:15:00+00:00,4408.854,4427.27,4404.647,4427.27,5107,50,0
2026-08-12 12:30:00+00:00,4427.266,4438.529,4382.022,4428.517,15305,50,0
2026-08-12 12:45:00+00:00,4428.447,4438.503,4416.61,4437.211,8128,50,0
2026-08-12 13:00:00+00:00,4437.315,4441.47,4420.785,4422.233,9582,50,0
2026-08-12 13:15:00+00:00,4422.168,4429.112,4414.704,4418.685,6075,50,0
2026-08-12 13:30:00+00:00,4418.749,4420.963,4408.346,4416.518,11008,50,0
2026-08-12 13:45:00+00:00,4416.849,4434.245,4415.481,4427.71,7419,50,0
2026-08-12 14:00:00+00:00,4427.764,4434.958,4420.987,4432.031,6154,50,0
2026-08-12 14:15:00+00:00,4431.814,4439.897,4430.011,4431.569,4246,50,0
2026-08-12 14:30:00+00:00,4431.648,4436.172,4416.594,4425.101,6280,50,0
2026-08-12 14:45:00+00:00,4424.888,4432.472,4416.684,4421.994,7144,50,0
2026-08-12 15:00:00+00:00,4421.926,4430.226,4414.965,4426.885,6440,50,0
2026-08-12 15:15:00+00:00,4426.752,4428.325,4419.532,4421.68,3446,50,0
2026-08-12 15:30:00+00:00,4421.464,4425.639,4416.608,4418.28,3728,50,0
2026-08-12 15:45:00+00:00,4418.363,4422.362,4410.918,4420.953,3324,50,0
2026-08-12 16:00:00+00:00,4421.006,4425.791,4416.779,4423.349,3215,50,0
2026-08-12 16:15:00+00:00,4423.689,4426.689,4422.288,4423.297,2130,50,0
2026-08-12 16:30:00+00:00,4423.04,4424.077,4409.255,4411.124,3858,50,0
2026-08-12 16:45:00+00:00,4411.15,4411.555,4396.561,4401.509,4755,50,0
2026-08-12 17:00:00+00:00,4401.584,4407.675,4399.888,4403.636,3601,50,0
2026-08-12 17:15:00+00:00,4403.701,4409.972,4401.924,4406.592,3346,50,0
2026-08-12 17:30:00+00:00,4406.709,4411.629,4401.26,4401.935,2595,50,0
2026-08-12 17:45:00+00:00,4402.241,4405.74,4398.878,4399.659,2268,50,0
2026-08-12 18:00:00+00:00,4399.553,4406.629,4396.226,4405.839,2039,50,0
2026-08-12 18:15:00+00:00,4405.794,4411.465,4404.476,4408.604,1864,50,0
2026-08-12 18:30:00+00:00,4408.743,4413.902,4407.978,4413.519,1807,50,0
2026-08-12 18:45:00+00:00,4413.712,4418.018,4412.76,4413.205,1905,50,0
2026-08-12 19:00:00+00:00,4413.185,4418.506,4412.785,4416.312,1710,50,0
2026-08-12 19:15:00+00:00,4416.476,4418.07,4415.623,4416.642,1421,50,0
2026-08-12 19:30:00+00:00,4416.697,4416.852,4411.288,4413.45,1845,50,0
2026-08-12 19:45:00+00:00,4413.327,4414.201,4408.261,4413.759,2179,50,0
2026-08-12 20:00:00+00:00,4413.825,4414.364,4408.708,4409.209,1324,50,0
2026-08-12 20:15:00+00:00,4409.239,4410.155,4406.504,4407.65,968,50,0
2026-08-12 20:30:00+00:00,4407.706,4408.826,4406.636,4408.247,967,50,0
2026-08-12 20:45:00+00:00,4408.304,4409.206,4406.798,4408.831,938,50,0
2026-08-12 22:00:00+00:00,4408.534,4410.124,4402.443,4403.102,1160,50,0
2026-08-12 22:15:00+00:00,4403.416,4403.494,4398.281,4399.474,963,50,0
2026-08-12 22:30:00+00:00,4399.474,4401.847,4398.631,4400.191,929,50,0
2026-08-12 22:45:00+00:00,4400.131,4402.875,4399.741,4401.919,746,50,0
2026-08-12 23:00:00+00:00,4401.866,4406.15,4401.663,4405.534,841,50,0
2026-08-12 23:15:00+00:00,4405.592,4409.822,4405.592,4408.264,839,50,0
2026-08-12 23:30:00+00:00,4408.552,4410.588,4407.24,4408.58,885,50,0
2026-08-12 23:45:00+00:00,4408.854,4414.478,4407.874,4414.367,1047,40,0
2026-08-13 00:00:00+00:00,4414.432,4422.513,4412.909,4419.281,3471,50,0
2026-08-13 00:15:00+00:00,4419.319,4437.67,4419.319,4428.576,4253,50,0
2026-08-13 00:30:00+00:00,4428.458,4449.943,4424.503,4440.453,5702,50,0
2026-08-13 00:45:00+00:00,4440.12,4440.458,4424.037,4428.165,4601,50,0
2026-08-13 01:00:00+00:00,4428.1,4435.564,4422.884,4430.272,7909,50,0
2026-08-13 01:15:00+00:00,4430.184,4435.347,4419.007,4419.57,5010,50,0
2026-08-13 01:30:00+00:00,4419.328,4430.319,4417.683,4419.498,5046,50,0
2026-08-13 01:45:00+00:00,4419.44,4419.44,4406.236,4408.577,5294,50,0
2026-08-13 02:00:00+00:00,4408.544,4413.98,4405.349,4410.74,4535,50,0
2026-08-13 02:15:00+00:00,4410.637,4412.655,4405.998,4406.38,2387,50,0
2026-08-13 02:30:00+00:00,4406.595,4410.318,4398.861,4410.318,5196,50,0
2026-08-13 02:45:00+00:00,4410.386,4410.623,4405.379,4406.958,2610,50,0
2026-08-13 03:00:00+00:00,4406.902,4412.141,4404.05,4407.216,3048,50,0
2026-08-13 03:15:00+00:00,4406.909,4410.429,4405.444,4409.363,2380,50,0
2026-08-13 03:30:00+00:00,4409.418,4410.461,4405.652,4406.042,1487,50,0
2026-08-13 03:45:00+00:00,4405.951,4407.663,4398.659,4400.347,2094,50,0
2026-08-13 04:00:00+00:00,4400.355,4400.616,4391.553,4394.426,3273,50,0
2026-08-13 04:15:00+00:00,4394.698,4399.137,4392.657,4398.063,2032,50,0
2026-08-13 04:30:00+00:00,4398.066,4399.705,4395.124,4396.014,1499,50,0
2026-08-13 04:45:00+00:00,4395.833,4398.805,4395.318,4397.912,2022,50,0
2026-08-13 05:00:00+00:00,4397.964,4405.015,4393.051,4404.549,3255,50,0
2026-08-13 05:15:00+00:00,4404.491,4407.459,4400.78,4406.254,2541,50,0
2026-08-13 05:30:00+00:00,4406.427,4407.313,4386.545,4387.838,5176,50,0
2026-08-13 05:45:00+00:00,4387.779,4389.54,4380.698,4382.92,4941,50,0
2026-08-13 06:00:00+00:00,4382.905,4385.633,4375.16,4376.046,4535,50,0
2026-08-13 06:15:00+00:00,4375.958,4378.903,4374.24,4375.901,3668,50,0
2026-08-13 06:30:00+00:00,4376.11,4378.924,4368.938,4374.069,3939,50,0
2026-08-13 06:45:00+00:00,4374.308,4381.621,4373.861,4380.816,2928,50,0
2026-08-13 07:00:00+00:00,4380.746,4381.909,4375.21,4376.854,3194,50,0
2026-08-13 07:15:00+00:00,4377.027,4377.922,4373.628,4376.622,2652,50,0
2026-08-13 07:30:00+00:00,4376.567,4378.843,4372.011,4378.781,2707,50,0
2026-08-13 07:45:00+00:00,4378.841,4379.038,4369.168,4370.119,3030,50,0
2026-08-13 08:00:00+00:00,4370.062,4370.867,4364.072,4366.089,3584,50,0
2026-08-13 08:15:00+00:00,4365.889,4373.665,4364.824,4372.998,2581,50,0
2026-08-13 08:30:00+00:00,4372.943,4375.938,4371.852,4373.775,2106,50,0
2026-08-13 08:45:00+00:00,4373.708,4379.328,4373.491,4375.842,1870,50,0
2026-08-13 09:00:00+00:00,4375.765,4378.376,4372.399,4377.015,2015,50,0
2026-08-13 09:15:00+00:00,4376.96,4382.563,4376.233,4380.219,2164,50,0
2026-08-13 09:30:00+00:00,4380.089,4381.814,4378.729,4380.103,1945,50,0
2026-08-13 09:45:00+00:00,4380.132,4384.797,4378.429,4384.464,1635,50,0
2026-08-13 10:00:00+00:00,4384.524,4385.578,4381.509,4381.81,1738,50,0
2026-08-13 10:15:00+00:00,4381.863,4387.693,4381.735,4387.138,1720,50,0
2026-08-13 10:30:00+00:00,4387.173,4390.738,4384.551,4390.473,1405,50,0
2026-08-13 10:45:00+00:00,4390.53,4393.937,4388.281,4392.273,1468,50,0
2026-08-13 11:00:00+00:00,4392.214,4394.203,4388.521,4394.14,1747,50,0
2026-08-13 11:15:00+00:00,4394.197,4396.788,4388.069,4388.247,1998,50,0
2026-08-13 11:30:00+00:00,4388.3,4389.895,4383.717,4383.908,2010,50,0
2026-08-13 11:45:00+00:00,4383.856,4388.311,4382.79,4387.614,2104,50,0
2026-08-13 12:00:00+00:00,4387.678,4391.757,4385.653,4389.148,2460,50,0
2026-08-13 12:15:00+00:00,4389.196,4393.115,4384.016,4390.93,3054,50,0
2026-08-13 12:30:00+00:00,4391.006,4401.134,4380.68,4392.035,5794,50,0
2026-08-13 12:45:00+00:00,4392.109,4402.179,4391.608,4402.127,3751,50,0
2026-08-13 13:00:00+00:00,4401.797,4402.388,4390.93,4393.79,6122,50,0
2026-08-13 13:15:00+00:00,4393.847,4395.565,4384.111,4385.264,5014,50,0
2026-08-13 13:30:00+00:00,4385.203,4389.957,4375.112,4379.65,8364,50,0
2026-08-13 13:45:00+00:00,4379.706,4383.142,4370.814,4373.009,7939,50,0
2026-08-13 14:00:00+00:00,4373.068,4379.022,4366.813,4370.988,8526,50,0
2026-08-13 14:15:00+00:00,4371.106,4378.252,4367.626,4367.864,7234,50,0
2026-08-13 14:30:00+00:00,4367.805,4381.776,4357.407,4381.189,6942,50,0
2026-08-13 14:45:00+00:00,4381.248,4387.356,4381.146,4383.902,4456,50,0
2026-08-13 15:00:00+00:00,4383.954,4385.72,4368.127,4369.676,4918,50,0
2026-08-13 15:15:00+00:00,4369.875,4374.056,4363.447,4365.493,5273,50,0
2026-08-13 15:30:00+00:00,4365.438,4371.714,4357.561,4368.563,5413,50,0
2026-08-13 15:45:00+00:00,4368.364,4371.067,4363.409,4365.331,3181,50,0
2026-08-13 16:00:00+00:00,4365.118,4367.608,4353.991,4355.366,4196,50,0
2026-08-13 16:15:00+00:00,4355.422,4362.977,4351.348,4362.446,4624,50,0
2026-08-13 16:30:00+00:00,4362.509,4367.338,4362.399,4365.624,2981,50,0
2026-08-13 16:45:00+00:00,4365.856,4368.507,4363.959,4367.171,2010,50,0
2026-08-13 17:00:00+00:00,4367.232,4373.421,4365.012,4371.377,2412,50,0
2026-08-13 17:15:00+00:00,4371.434,4371.894,4362.526,4363.313,2650,40,0
2026-08-13 17:30:00+00:00,4363.346,4364.604,4355.695,4357.417,2564,40,0
2026-08-13 17:45:00+00:00,4357.454,4360.191,4355.668,4356.114,1878,40,0
2026-08-13 18:00:00+00:00,4356.168,4362.909,4356.082,4362.217,2257,40,0
2026-08-13 18:15:00+00:00,4362.19,4363.834,4354.634,4357.642,2097,40,0
2026-08-13 18:30:00+00:00,4357.838,4360.672,4356.32,4357.869,1955,40,0
2026-08-13 18:45:00+00:00,4357.957,4358.535,4354.898,4357.138,1572,40,0
2026-08-13 19:00:00+00:00,4357.207,4359.039,4346.324,4346.994,2334,40,0
2026-08-13 19:15:00+00:00,4346.941,4351.677,4343.626,4351.474,3133,40,0
2026-08-13 19:30:00+00:00,4351.377,4354.322,4349.786,4351.647,1918,40,0
2026-08-13 19:45:00+00:00,4351.71,4351.71,4347.72,4349.969,2091,40,0
2026-08-13 20:00:00+00:00,4350.024,4350.718,4346.842,4350.295,1447,50,0
2026-08-13 20:15:00+00:00,4350.348,4352.442,4349.335,4351.502,876,50,0
2026-08-13 20:30:00+00:00,4351.547,4351.655,4348.035,4349.715,1070,50,0
2026-08-13 20:45:00+00:00,4349.649,4350.89,4348.613,4350.703,912,50,0
2026-08-13 22:00:00+00:00,4353.714,4357.159,4351.952,4354.188,1055,50,0
2026-08-13 22:15:00+00:00,4354.308,4358.065,4352.77,4357.093,1034,50,0
2026-08-13 22:30:00+00:00,4357.104,4362.925,4355.745,4360.669,1412,50,0
2026-08-13 22:45:00+00:00,4360.654,4361.358,4353.223,4354.758,1616,50,0
2026-08-13 23:00:00+00:00,4354.795,4360.381,4349.075,4360.381,1678,50,0
2026-08-13 23:15:00+00:00,4360.446,4363.199,4357.051,4363.061,1720,50,0
2026-08-13 23:30:00+00:00,4362.987,4363.618,4358.593,4360.448,1344,40,0
2026-08-13 23:45:00+00:00,4360.251,4364.338,4356.526,4356.652,1546,40,0
2026-08-14 00:00:00+00:00,4356.6,4362.303,4350.516,4352.155,3691,50,0
2026-08-14 00:15:00+00:00,4352.473,4352.473,4339.394,4339.394,4187,50,0
2026-08-14 00:30:00+00:00,4339.453,4347.023,4334.533,4339.649,4762,50,0
2026-08-14 00:45:00+00:00,4339.772,4342.704,4329.059,4340.961,5306,50,0
2026-08-14 01:00:00+00:00,4340.839,4341.7,4322.2,4324.473,8835,50,0
2026-08-14 01:15:00+00:00,4324.549,4326.297,4315.032,4319.736,6056,50,0
2026-08-14 01:30:00+00:00,4319.857,4321.651,4313.161,4319.5,4359,50,0
2026-08-14 01:45:00+00:00,4319.833,4323.452,4312.165,4318.29,4434,40,0
2026-08-14 02:00:00+00:00,4318.081,4322.935,4310.932,4312.677,4539,50,0
2026-08-14 02:15:00+00:00,4312.698,4318.595,4312.449,4313.018,3094,40,0
2026-08-14 02:30:00+00:00,4313.174,4322.822,4311.606,4320.986,4941,50,0
2026-08-14 02:45:00+00:00,4320.921,4322.156,4312.912,4315.905,3826,50,0
2026-08-14 03:00:00+00:00,4315.966,4324.01,4313.791,4320.474,3199,50,0
2026-08-14 03:15:00+00:00,4320.254,4326.206,4319.897,4325.725,2289,50,0
2026-08-14 03:30:00+00:00,4325.67,4328.195,4325.014,4325.766,1482,40,0
2026-08-14 03:45:00+00:00,4325.94,4326.996,4323.425,4323.717,1186,40,0
2026-08-14 04:00:00+00:00,4323.773,4327.43,4322.769,4326.174,1570,40,0
2026-08-14 04:15:00+00:00,4326.119,4328.229,4325.098,4325.098,1387,40,0
2026-08-14 04:30:00+00:00,4325.363,4326.646,4323.327,4325.39,1492,40,0
2026-08-14 04:45:00+00:00,4325.327,4326.832,4323.724,4326.832,1134,40,0
2026-08-14 05:00:00+00:00,4326.897,4327.121,4319.465,4320.399,2012,40,0
2026-08-14 05:15:00+00:00,4320.426,4320.65,4317.16,4318.305,1661,40,0
2026-08-14 05:30:00+00:00,4318.523,4325.156,4310.917,4317.994,4806,50,0
2026-08-14 05:45:00+00:00,4317.743,4333.532,4317.319,4333.532,3625,50,0
2026-08-14 06:00:00+00:00,4333.59,4336.85,4329.736,4332.619,3911,50,0
2026-08-14 06:15:00+00:00,4332.526,4333.714,4328.419,4329.378,2664,50,0
2026-08-14 06:30:00+00:00,4329.311,4333.052,4328.027,4333.02,2454,50,0
2026-08-14 06:45:00+00:00,4333.081,4336.037,4332.572,4335.505,1943,40,0
2026-08-14 07:00:00+00:00,4335.569,4337.604,4331.093,4331.132,2211,40,0
2026-08-14 07:15:00+00:00,4331.225,4336.535,4329.926,4332.08,2155,40,0
2026-08-14 07:30:00+00:00,4332.136,4340.378,4331.579,4339.604,1982,40,0
2026-08-14 07:45:00+00:00,4339.715,4345.422,4339.341,4343.556,2332,50,0
2026-08-14 08:00:00+00:00,4343.609,4348.209,4341.879,4347.636,2758,50,0
2026-08-14 08:15:00+00:00,4347.636,4349.257,4343.618,4345.731,2119,50,0
2026-08-14 08:30:00+00:00,4345.792,4349.482,4343.611,4343.969,1950,40,0
2026-08-14 08:45:00+00:00,4343.814,4349.893,4342.874,4348.619,1657,50,0
2026-08-14 09:00:00+00:00,4348.496,4351.183,4346.142,4350.697,1685,50,0
2026-08-14 09:15:00+00:00,4350.647,4354.446,4348.933,4351.736,1967,50,0
2026-08-14 09:30:00+00:00,4351.67,4354.725,4350.116,4353.48,2071,50,0
2026-08-14 09:45:00+00:00,4353.535,4357.47,4352.545,4357.055,1567,40,0
2026-08-14 10:00:00+00:00,4357.173,4358.877,4353.971,4354.314,1718,40,0
2026-08-14 10:15:00+00:00,4354.481,4355.334,4350.368,4351.544,1652,50,0
2026-08-14 10:30:00+00:00,4351.601,4352.192,4348.413,4352.18,1473,50,0
2026-08-14 10:45:00+00:00,4351.875,4353.717,4348.356,4349.51,1448,40,0
2026-08-14 11:00:00+00:00,4349.571,4351.722,4348.543,4350.588,1459,40,0
2026-08-14 11:15:00+00:00,4350.744,4357.34,4350.634,4356.658,1684,50,0
2026-08-14 11:30:00+00:00,4356.694,4363.621,4356.418,4362.51,2280,50,0
2026-08-14 11:45:00+00:00,4362.441,4369.501,4360.934,4369.368,2185,50,0
2026-08-14 12:00:00+00:00,4369.216,4377.069,4365.681,4371.603,3269,50,0
2026-08-14 12:15:00+00:00,4371.901,4381.067,4369.575,4380.094,3023,50,0
2026-08-14 12:30:00+00:00,4379.952,4387.141,4372.242,4372.884,3677,50,0
2026-08-14 12:45:00+00:00,4373.066,4378.015,4370.92,4373.862,3252,50,0
2026-08-14 13:00:00+00:00,4373.916,4381.271,4370.244,4375.175,4786,50,0
2026-08-14 13:15:00+00:00,4375.235,4386.696,4375.235,4384.678,3414,50,0
2026-08-14 13:30:00+00:00,4384.504,4397.113,4383.642,4393.801,6387,50,0
2026-08-14 13:45:00+00:00,4393.97,4394.834,4382.789,4384.74,4465,50,0
2026-08-14 14:00:00+00:00,4384.589,4393.264,4384.32,4390.737,4287,50,0
2026-08-14 14:15:00+00:00,4390.504,4394.84,4385.144,4390.611,3902,50,0
2026-08-14 14:30:00+00:00,4390.671,4391.593,4381.484,4384.213,3414,50,0
2026-08-14 14:45:00+00:00,4384.459,4384.459,4378.82,4381.674,3336,50,0
2026-08-14 15:00:00+00:00,4381.456,4394.213,4381.031,4392.049,4049,50,0
2026-08-14 15:15:00+00:00,4392.17,4394.095,4379.142,4385.058,3867,50,0
2026-08-14 15:30:00+00:00,4385.126,4390.048,4383.83,4389.699,3220,50,0
2026-08-14 15:45:00+00:00,4389.635,4394.821,4389.258,4391.556,2487,50,0
2026-08-14 16:00:00+00:00,4391.842,4396.921,4388.723,4389.576,2233,50,0
2026-08-14 16:15:00+00:00,4389.621,4393.169,4386.821,4387.691,1671,50,0
2026-08-14 16:30:00+00:00,4387.808,4389.143,4380.099,4385.941,2328,50,0
2026-08-14 16:45:00+00:00,4385.979,4387.643,4384.797,4385.919,1481,50,0
2026-08-14 17:00:00+00:00,4385.85,4386.655,4380.49,4382.577,1687,50,0
2026-08-14 17:15:00+00:00,4382.603,4385.025,4379.216,4379.659,1754,50,0
2026-08-14 17:30:00+00:00,4379.594,4382.942,4376.957,4377.963,1867,50,0
2026-08-14 17:45:00+00:00,4377.668,4379.239,4376.332,4378.699,1355,40,0
2026-08-14 18:00:00+00:00,4378.76,4381.91,4376.565,4377.356,1648,50,0
2026-08-14 18:15:00+00:00,4377.258,4380.513,4376.99,4379.274,1342,50,0
2026-08-14 18:30:00+00:00,4379.339,4382.927,4376.167,4376.389,1571,50,0
2026-08-14 18:45:00+00:00,4376.37,4377.185,4371.047,4373.547,1672,50,0
2026-08-14 19:00:00+00:00,4373.594,4377.337,4372.168,4375.831,1376,50,0
2026-08-14 19:15:00+00:00,4375.812,4378.022,4374.546,4377.202,1201,50,0
2026-08-14 19:30:00+00:00,4377.088,4378.325,4375.63,4375.73,1347,50,0
2026-08-14 19:45:00+00:00,4375.785,4380.096,4373.619,4376.109,1944,50,0
2026-08-14 20:00:00+00:00,4376.189,4376.189,4371.398,4372.831,1309,50,0
2026-08-14 20:15:00+00:00,4372.831,4375.034,4372.325,4374.853,805,50,0
2026-08-14 20:30:00+00:00,4374.685,4377.155,4373.661,4375.48,984,50,0
2026-08-14 20:45:00+00:00,4375.559,4376.312,4375.066,4375.988,946,50,0
2026-08-16 22:00:00+00:00,4379.527,4379.527,4372.343,4375.719,1611,50,0
2026-08-16 22:15:00+00:00,4375.74,4376.24,4372.969,4374.808,1041,50,0
2026-08-16 22:30:00+00:00,4374.808,4379.045,4374.754,4377.904,1108,50,0
2026-08-16 22:45:00+00:00,4377.643,4387.022,4377.61,4386.156,1354,40,0
2026-08-16 23:00:00+00:00,4386.006,4386.426,4379.555,4380.0,1443,40,0
2026-08-16 23:15:00+00:00,4380.056,4381.431,4372.859,4374.704,1503,50,0
2026-08-16 23:30:00+00:00,4374.772,4375.399,4367.156,4368.522,1762,50,0
2026-08-16 23:45:00+00:00,4368.234,4373.829,4368.234,4370.459,1595,40,0
2026-08-17 00:00:00+00:00,4370.534,4379.742,4368.194,4378.941,3863,40,0
2026-08-17 00:15:00+00:00,4378.64,4391.107,4378.36,4389.716,2995,50,0
2026-08-17 00:30:00+00:00,4389.937,4398.042,4387.588,4396.094,2506,50,0
2026-08-17 00:45:00+00:00,4396.04,4402.194,4394.278,4401.094,2831,50,0
2026-08-17 01:00:00+00:00,4400.992,4412.05,4399.217,4409.47,6713,50,0
2026-08-17 01:15:00+00:00,4409.391,4416.689,4406.229,4407.41,4442,50,0
2026-08-17 01:30:00+00:00,4407.463,4408.346,4397.67,4403.627,4043,50,0
2026-08-17 01:45:00+00:00,4403.571,4404.147,4391.99,4395.852,3485,50,0
2026-08-17 02:00:00+00:00,4395.799,4398.444,4392.583,4394.426,2929,50,0
2026-08-17 02:15:00+00:00,4394.272,4397.709,4389.852,4395.592,2493,50,0
2026-08-17 02:30:00+00:00,4395.66,4398.419,4389.772,4393.201,3676,50,0
2026-08-17 02:45:00+00:00,4392.854,4393.67,4388.505,4393.278,2514,50,0
2026-08-17 03:00:00+00:00,4393.394,4395.082,4388.799,4390.251,2357,50,0
2026-08-17 03:15:00+00:00,4390.317,4393.585,4387.943,4392.82,1983,50,0
2026-08-17 03:30:00+00:00,4393.098,4397.289,4391.036,4395.368,2089,50,0
2026-08-17 03:45:00+00:00,4395.314,4397.838,4392.896,4396.956,1623,50,0
2026-08-17 04:00:00+00:00,4397.017,4399.698,4396.374,4398.483,1868,50,0
2026-08-17 04:15:00+00:00,4398.56,4399.02,4390.147,4390.818,1711,50,0
2026-08-17 04:30:00+00:00,4391.131,4396.617,4388.905,4395.858,1772,50,0
2026-08-17 04:45:00+00:00,4395.625,4397.98,4389.876,4390.776,1569,50,0
2026-08-17 05:00:00+00:00,4390.841,4393.41,4386.886,4387.94,2017,50,0
2026-08-17 05:15:00+00:00,4387.783,4399.665,4386.89,4399.665,2159,50,0
2026-08-17 05:30:00+00:00,4399.607,4401.398,4392.226,4395.886,4002,50,0
2026-08-17 05:45:00+00:00,4395.694,4397.66,4392.213,4394.965,2773,50,0
2026-08-17 06:00:00+00:00,4394.948,4398.402,4392.732,4396.739,3155,50,0
2026-08-17 06:15:00+00:00,4396.883,4400.093,4392.743,4398.565,2818,50,0
2026-08-17 06:30:00+00:00,4398.621,4398.649,4393.583,4396.033,2440,50,0
2026-08-17 06:45:00+00:00,4396.366,4404.658,4396.137,4402.976,2620,50,0
2026-08-17 07:00:00+00:00,4403.031,4404.088,4396.112,4396.632,2682,50,0
2026-08-17 07:15:00+00:00,4396.609,4405.194,4395.98,4404.888,2296,50,0
2026-08-17 07:30:00+00:00,4404.948,4411.374,4404.677,4409.213,2681,50,0
2026-08-17 07:45:00+00:00,4409.569,4410.02,4403.674,4405.172,1858,50,0
2026-08-17 08:00:00+00:00,4405.055,4405.055,4397.61,4402.799,2386,50,0
2026-08-17 08:15:00+00:00,4402.869,4403.714,4400.36,4401.752,1707,50,0
2026-08-17 08:30:00+00:00,4402.084,4402.307,4395.965,4396.531,1598,50,0
2026-08-17 08:45:00+00:00,4396.534,4397.043,4392.745,4395.225,1734,50,0
2026-08-17 09:00:00+00:00,4395.316,4400.605,4393.287,4398.912,1730,50,0
2026-08-17 09:15:00+00:00,4399.053,4400.127,4395.559,4397.009,1748,50,0
2026-08-17 09:30:00+00:00,4397.081,4397.674,4393.775,4394.184,2039,50,0
2026-08-17 09:45:00+00:00,4394.48,4396.141,4392.564,4395.527,1746,50,0
2026-08-17 10:00:00+00:00,4395.582,4396.645,4393.144,4395.945,1583,50,0
2026-08-17 10:15:00+00:00,4395.931,4405.715,4391.972,4405.056,3072,50,0
2026-08-17 10:30:00+00:00,4404.996,4406.095,4395.329,4398.147,3417,50,0
2026-08-17 10:45:00+00:00,4398.202,4399.688,4396.304,4399.149,1655,50,0
2026-08-17 11:00:00+00:00,4399.271,4404.084,4397.876,4399.895,1891,50,0
2026-08-17 11:15:00+00:00,4399.947,4404.87,4397.069,4403.806,1859,50,0
2026-08-17 11:30:00+00:00,4403.864,4405.081,4399.301,4399.861,1677,50,0
2026-08-17 11:45:00+00:00,4399.589,4400.961,4395.553,4396.812,1679,50,0
2026-08-17 12:00:00+00:00,4396.981,4397.768,4391.531,4393.848,2690,50,0
2026-08-17 12:15:00+00:00,4394.195,4398.9,4382.664,4385.919,4210,50,0
2026-08-17 12:30:00+00:00,4385.859,4390.456,4378.251,4378.251,3606,50,0
2026-08-17 12:45:00+00:00,4378.234,4386.643,4377.388,4384.904,2942,50,0
2026-08-17 13:00:00+00:00,4384.96,4389.746,4381.766,4386.567,4240,50,0
2026-08-17 13:15:00+00:00,4386.458,4388.93,4382.224,4386.483,2905,50,0
2026-08-17 13:30:00+00:00,4386.551,4392.096,4384.912,4385.943,4856,50,0
2026-08-17 13:45:00+00:00,4385.804,4416.537,4384.692,4408.78,5977,50,0
2026-08-17 14:00:00+00:00,4408.987,4413.099,4403.827,4412.426,4874,50,0
2026-08-17 14:15:00+00:00,4412.37,4427.755,4411.86,4418.196,5841,50,0
2026-08-17 14:30:00+00:00,4418.253,4424.798,4416.693,4417.466,3883,50,0
2026-08-17 14:45:00+00:00,4417.351,4421.271,4413.829,4417.281,3140,50,0
2026-08-17 15:00:00+00:00,4417.224,4422.633,4414.974,4421.194,3296,50,0
2026-08-17 15:15:00+00:00,4421.124,4426.065,4419.447,4425.504,3105,50,0
2026-08-17 15:30:00+00:00,4425.564,4426.653,4418.717,4419.421,2860,50,0
2026-08-17 15:45:00+00:00,4419.427,4427.973,4417.611,4427.465,2360,50,0
2026-08-17 16:00:00+00:00,4427.525,4429.019,4423.966,4425.891,2375,50,0
2026-08-17 16:15:00+00:00,4426.219,4427.821,4423.049,4424.758,1939,50,0
2026-08-17 16:30:00+00:00,4425.103,4427.24,4422.623,4424.603,1743,50,0
2026-08-17 16:45:00+00:00,4424.932,4425.681,4422.469,4424.156,1730,50,0
2026-08-17 17:00:00+00:00,4424.428,4426.334,4421.243,4422.981,2034,50,0
2026-08-17 17:15:00+00:00,4423.116,4423.44,4413.37,4416.453,2612,50,0
2026-08-17 17:30:00+00:00,4416.391,4418.703,4411.194,4417.419,2583,50,0
2026-08-17 17:45:00+00:00,4417.374,4420.784,4413.128,4413.891,1868,50,0
2026-08-17 18:00:00+00:00,4413.92,4414.669,4410.161,4413.763,2241,50,0
2026-08-17 18:15:00+00:00,4413.763,4416.358,4404.937,4406.483,2655,50,0
2026-08-17 18:30:00+00:00,4406.364,4407.06,4398.047,4401.565,3368,50,0
2026-08-17 18:45:00+00:00,4401.623,4407.507,4400.09,4406.843,1760,50,0
2026-08-17 19:00:00+00:00,4406.724,4408.665,4400.3,4408.503,2066,50,0
2026-08-17 19:15:00+00:00,4408.588,4417.634,4408.588,4414.618,2301,50,0
2026-08-17 19:30:00+00:00,4414.39,4420.61,4414.026,4419.341,1695,50,0
2026-08-17 19:45:00+00:00,4419.223,4421.138,4416.525,4420.021,1856,50,0
2026-08-17 20:00:00+00:00,4419.764,4421.428,4416.666,4417.666,1004,50,0
2026-08-17 20:15:00+00:00,4417.969,4418.348,4414.906,4415.176,599,50,0
2026-08-17 20:30:00+00:00,4415.451,4416.153,4414.787,4415.683,772,50,0
2026-08-17 20:45:00+00:00,4415.67,4416.931,4415.19,4416.537,720,50,0
2026-08-17 22:00:00+00:00,4417.873,4419.062,4415.236,4416.802,793,50,0
2026-08-17 22:15:00+00:00,4416.921,4417.504,4412.012,4412.419,822,50,0
2026-08-17 22:30:00+00:00,4412.636,4415.837,4411.697,4414.715,994,50,0
2026-08-17 22:45:00+00:00,4414.49,4416.45,4410.528,4411.984,873,50,0
2026-08-17 23:00:00+00:00,4412.105,4415.052,4409.847,4414.827,1033,50,0
2026-08-17 23:15:00+00:00,4415.003,4421.921,4414.823,4420.281,1157,50,0
2026-08-17 23:30:00+00:00,4420.226,4422.96,4419.949,4422.876,1138,50,0
2026-08-17 23:45:00+00:00,4422.933,4426.111,4421.568,4425.838,1295,50,0
2026-08-18 00:00:00+00:00,4425.844,4430.174,4418.892,4421.665,3109,50,0
2026-08-18 00:15:00+00:00,4421.603,4431.778,4420.971,4431.339,3812,50,0
2026-08-18 00:30:00+00:00,4431.285,4433.62,4428.353,4429.778,2255,50,0
2026-08-18 00:45:00+00:00,4429.579,4435.198,4428.463,4434.451,1914,50,0
2026-08-18 01:00:00+00:00,4434.521,4436.413,4428.557,4429.199,5831,50,0
2026-08-18 01:15:00+00:00,4429.227,4431.033,4420.343,4425.241,3683,50,0
2026-08-18 01:30:00+00:00,4425.096,4426.314,4411.762,4411.762,3175,50,0
2026-08-18 01:45:00+00:00,4411.981,4412.452,4404.253,4408.226,5117,50,0
2026-08-18 02:00:00+00:00,4408.027,4408.445,4398.439,4401.258,3654,50,0
2026-08-18 02:15:00+00:00,4401.265,4405.517,4400.378,4402.503,2283,50,0
2026-08-18 02:30:00+00:00,4402.443,4402.983,4394.165,4395.202,3310,50,0
2026-08-18 02:45:00+00:00,4395.256,4400.625,4394.344,4400.068,2330,50,0
2026-08-18 03:00:00+00:00,4399.759,4404.044,4398.769,4401.499,2794,50,0
2026-08-18 03:15:00+00:00,4401.825,4402.337,4394.286,4397.313,2289,50,0
2026-08-18 03:30:00+00:00,4397.112,4397.352,4394.557,4394.758,1686,50,0
2026-08-18 03:45:00+00:00,4394.968,4395.204,4390.796,4392.064,1632,50,0
2026-08-18 04:00:00+00:00,4392.012,4392.986,4389.885,4392.483,1499,50,0
2026-08-18 04:15:00+00:00,4392.548,4393.636,4390.628,4392.586,1321,50,0
2026-08-18 04:30:00+00:00,4392.57,4394.524,4388.681,4393.449,1701,50,0
2026-08-18 04:45:00+00:00,4393.653,4395.604,4392.209,4393.551,1318,50,0
2026-08-18 05:00:00+00:00,4393.771,4394.278,4390.766,4391.589,1560,50,0
2026-08-18 05:15:00+00:00,4391.59,4396.095,4391.078,4391.565,1443,50,0
2026-08-18 05:30:00+00:00,4391.495,4394.445,4386.04,4393.587,3650,50,0
2026-08-18 05:45:00+00:00,4393.918,4397.679,4392.996,4394.599,2044,50,0
2026-08-18 06:00:00+00:00,4394.268,4395.465,4387.589,4395.465,2729,50,0
2026-08-18 06:15:00+00:00,4395.137,4399.926,4393.494,4399.405,2274,50,0
2026-08-18 06:30:00+00:00,4399.334,4400.132,4395.102,4397.332,1911,50,0
2026-08-18 06:45:00+00:00,4397.179,4399.435,4397.14,4398.881,1732,50,0
2026-08-18 07:00:00+00:00,4398.8,4401.098,4396.833,4397.637,2233,50,0
2026-08-18 07:15:00+00:00,4397.581,4403.503,4397.433,4403.102,1907,50,0
2026-08-18 07:30:00+00:00,4403.401,4403.763,4396.584,4401.511,2161,50,0
2026-08-18 07:45:00+00:00,4401.566,4402.902,4395.489,4395.842,1651,50,0
2026-08-18 08:00:00+00:00,4395.671,4396.351,4388.075,4392.842,2569,50,0
2026-08-18 08:15:00+00:00,4392.78,4393.745,4386.891,4389.67,2192,50,0
2026-08-18 08:30:00+00:00,4389.338,4398.658,4389.072,4396.479,1972,50,0
2026-08-18 08:45:00+00:00,4396.753,4397.165,4391.554,4393.279,1825,50,0
2026-08-18 09:00:00+00:00,4393.148,4394.041,4391.011,4392.899,1828,50,0
2026-08-18 09:15:00+00:00,4392.831,4393.033,4388.625,4389.586,1946,50,0
2026-08-18 09:30:00+00:00,4389.497,4395.195,4387.228,4388.422,2304,50,0
2026-08-18 09:45:00+00:00,4388.369,4395.17,4386.852,4393.493,1903,50,0
2026-08-18 10:00:00+00:00,4393.277,4395.926,4392.361,4394.367,1695,50,0
2026-08-18 10:15:00+00:00,4394.604,4396.37,4389.783,4392.065,1523,50,0
2026-08-18 10:30:00+00:00,4392.319,4398.761,4391.599,4398.566,1474,50,0
2026-08-18 10:45:00+00:00,4398.572,4399.735,4396.386,4397.906,1331,50,0
2026-08-18 11:00:00+00:00,4397.968,4399.305,4392.176,4393.737,1623,50,0
2026-08-18 11:15:00+00:00,4393.713,4394.882,4389.662,4390.15,1578,50,0
2026-08-18 11:30:00+00:00,4389.973,4392.584,4388.528,4390.881,1707,50,0
2026-08-18 11:45:00+00:00,4391.209,4396.886,4390.019,4395.862,1610,50,0
2026-08-18 12:00:00+00:00,4395.94,4397.23,4389.472,4393.048,2686,50,0
2026-08-18 12:15:00+00:00,4393.176,4401.028,4391.43,4395.046,2996,50,0
2026-08-18 12:30:00+00:00,4395.163,4398.239,4390.977,4392.287,2571,50,0
2026-08-18 12:45:00+00:00,4392.34,4397.024,4390.811,4394.064,2569,50,0
2026-08-18 13:00:00+00:00,4393.994,4397.5,4388.389,4395.749,4359,50,0
2026-08-18 13:15:00+00:00,4395.805,4396.343,4388.222,4389.252,3542,50,0
2026-08-18 13:30:00+00:00,4389.31,4407.152,4376.065,4401.352,9684,50,0
2026-08-18 13:45:00+00:00,4401.176,4402.412,4389.396,4394.604,6954,50,0
2026-08-18 14:00:00+00:00,4394.606,4406.647,4391.12,4393.489,5641,50,0
2026-08-18 14:15:00+00:00,4393.437,4405.241,4392.251,4394.269,5398,50,0
2026-08-18 14:30:00+00:00,4394.322,4396.506,4377.793,4379.836,6779,50,0
2026-08-18 14:45:00+00:00,4379.677,4389.111,4363.682,4366.526,7745,50,0
2026-08-18 15:00:00+00:00,4366.744,4377.834,4358.87,4360.12,9538,50,0
2026-08-18 15:15:00+00:00,4360.066,4365.195,4351.457,4355.17,7337,50,0
2026-08-18 15:30:00+00:00,4355.111,4362.252,4354.431,4358.801,5900,50,0
2026-08-18 15:45:00+00:00,4358.59,4366.724,4358.59,4364.745,3841,50,0
2026-08-18 16:00:00+00:00,4365.143,4371.758,4365.012,4367.937,3046,50,0
2026-08-18 16:15:00+00:00,4367.718,4369.857,4363.54,4364.336,2696,50,0
2026-08-18 16:30:00+00:00,4364.458,4368.808,4363.025,4367.277,2638,50,0
2026-08-18 16:45:00+00:00,4367.627,4368.808,4362.935,4363.962,2368,50,0
2026-08-18 17:00:00+00:00,4363.91,4367.404,4363.567,4366.898,2504,50,0
2026-08-18 17:15:00+00:00,4366.964,4368.431,4363.357,4365.595,2588,50,0
2026-08-18 17:30:00+00:00,4365.537,4366.339,4358.666,4358.883,2496,50,0
2026-08-18 17:45:00+00:00,4358.934,4360.629,4356.681,4357.897,2081,50,0
2026-08-18 18:00:00+00:00,4358.016,4358.315,4352.67,4357.725,2215,40,0
2026-08-18 18:15:00+00:00,4357.86,4361.174,4355.823,4360.143,1797,40,0
2026-08-18 18:30:00+00:00,4360.478,4360.816,4353.665,4354.394,1791,40,0
2026-08-18 18:45:00+00:00,4354.385,4356.355,4352.777,4354.419,1587,40,0
2026-08-18 19:00:00+00:00,4354.472,4358.724,4354.126,4356.885,1928,50,0
2026-08-18 19:15:00+00:00,4356.89,4358.856,4352.38,4354.977,2113,50,0
2026-08-18 19:30:00+00:00,4355.031,4357.827,4349.615,4349.752,2100,40,0
2026-08-18 19:45:00+00:00,4349.807,4353.444,4338.332,4345.473,5035,50,0
2026-08-18 20:00:00+00:00,4345.533,4346.616,4340.789,4342.221,1907,50,0
2026-08-18 20:15:00+00:00,4342.165,4342.593,4333.368,4338.008,1890,50,0
2026-08-18 20:30:00+00:00,4338.199,4339.814,4331.816,4332.416,1314,50,0
2026-08-18 20:45:00+00:00,4332.36,4335.498,4328.979,4334.691,2001,50,0
2026-08-18 22:00:00+00:00,4340.293,4343.201,4339.58,4340.363,668,50,0
2026-08-18 22:15:00+00:00,4340.312,4341.261,4333.611,4336.265,1512,50,0
2026-08-18 22:30:00+00:00,4336.165,4336.579,4332.856,4333.932,1170,50,0
2026-08-18 22:45:00+00:00,4333.931,4335.588,4333.082,4333.944,926,40,0
2026-08-18 23:00:00+00:00,4334.096,4338.349,4332.567,4334.347,1317,40,0
2026-08-18 23:15:00+00:00,4333.952,4337.223,4330.147,4330.715,1581,40,0
2026-08-18 23:30:00+00:00,4330.774,4332.452,4327.204,4329.723,1630,40,0
2026-08-18 23:45:00+00:00,4330.026,4334.433,4329.53,4332.957,1434,40,0
2026-08-19 00:00:00+00:00,4333.049,4345.061,4331.44,4343.11,4837,40,0
2026-08-19 00:15:00+00:00,4343.035,4346.489,4339.118,4342.925,3952,50,0
2026-08-19 00:30:00+00:00,4342.875,4347.352,4339.602,4343.905,3502,50,0
2026-08-19 00:45:00+00:00,4343.852,4345.002,4337.094,4338.238,4153,40,0
2026-08-19 01:00:00+00:00,4338.17,4344.03,4324.582,4343.862,8861,50,0
2026-08-19 01:15:00+00:00,4343.917,4346.284,4333.049,4342.193,5710,50,0
2026-08-19 01:30:00+00:00,4342.24,4357.745,4342.24,4355.391,4049,50,0
2026-08-19 01:45:00+00:00,4355.443,4356.872,4350.661,4356.445,3353,50,0
2026-08-19 02:00:00+00:00,4356.508,4357.436,4351.782,4353.448,2665,50,0
2026-08-19 02:15:00+00:00,4353.559,4362.132,4352.616,4359.914,3248,50,0
2026-08-19 02:30:00+00:00,4359.76,4360.377,4354.36,4355.497,3555,50,0
2026-08-19 02:45:00+00:00,4355.592,4357.407,4351.451,4354.893,2669,50,0
2026-08-19 03:00:00+00:00,4355.22,4356.183,4352.004,4354.407,2429,50,0
2026-08-19 03:15:00+00:00,4354.459,4358.206,4351.862,4357.27,1943,50,0
2026-08-19 03:30:00+00:00,4357.335,4360.466,4355.975,4358.446,1449,50,0
2026-08-19 03:45:00+00:00,4358.567,4359.07,4354.724,4355.13,1256,40,0
2026-08-19 04:00:00+00:00,4355.12,4356.193,4353.295,4354.861,1203,40,0
2026-08-19 04:15:00+00:00,4354.588,4355.169,4349.989,4351.127,1695,40,0
2026-08-19 04:30:00+00:00,4351.179,4352.202,4344.918,4346.471,1799,40,0
2026-08-19 04:45:00+00:00,4346.69,4348.547,4343.736,4348.462,1559,40,0
2026-08-19 05:00:00+00:00,4348.369,4350.766,4338.713,4339.093,2122,40,0
2026-08-19 05:15:00+00:00,4339.101,4345.211,4336.682,4345.183,2062,50,0
2026-08-19 05:30:00+00:00,4345.243,4345.466,4336.779,4342.092,4765,50,0
2026-08-19 05:45:00+00:00,4342.136,4342.272,4335.11,4335.702,3225,50,0
2026-08-19 06:00:00+00:00,4335.725,4341.772,4335.325,4337.581,3463,50,0
2026-08-19 06:15:00+00:00,4337.602,4348.319,4336.931,4343.144,3123,50,0
2026-08-19 06:30:00+00:00,4343.175,4345.659,4337.036,4342.049,3277,50,0
2026-08-19 06:45:00+00:00,4342.109,4349.633,4340.837,4348.934,3029,50,0
2026-08-19 07:00:00+00:00,4349.056,4353.618,4347.442,4350.653,2525,50,0
2026-08-19 07:15:00+00:00,4350.594,4357.096,4347.437,4356.706,2344,50,0
2026-08-19 07:30:00+00:00,4356.653,4363.18,4352.941,4354.423,2299,50,0
2026-08-19 07:45:00+00:00,4354.678,4357.834,4354.148,4355.034,1868,40,0
2026-08-19 08:00:00+00:00,4355.021,4363.01,4351.114,4361.824,2951,50,0
2026-08-19 08:15:00+00:00,4361.805,4362.654,4357.365,4361.222,2026,50,0
2026-08-19 08:30:00+00:00,4360.895,4363.287,4356.567,4362.49,2241,50,0
2026-08-19 08:45:00+00:00,4362.487,4363.172,4354.75,4355.86,1906,40,0
2026-08-19 09:00:00+00:00,4355.823,4359.966,4354.919,4356.252,2041,50,0
2026-08-19 09:15:00+00:00,4356.456,4357.517,4353.384,4356.573,2177,40,0
2026-08-19 09:30:00+00:00,4356.79,4360.898,4355.424,4358.794,1871,40,0
2026-08-19 09:45:00+00:00,4358.917,4362.03,4358.106,4361.91,1681,40,0
2026-08-19 10:00:00+00:00,4361.891,4364.359,4359.561,4363.652,1953,40,0
2026-08-19 10:15:00+00:00,4363.848,4369.232,4363.518,4368.644,1841,40,0
2026-08-19 10:30:00+00:00,4368.759,4369.606,4365.712,4368.003,1529,40,0
2026-08-19 10:45:00+00:00,4368.058,4369.746,4366.25,4367.532,1380,40,0
2026-08-19 11:00:00+00:00,4367.652,4374.335,4367.466,4373.203,2308,50,0
2026-08-19 11:15:00+00:00,4373.263,4374.244,4368.816,4371.04,1778,40,0
2026-08-19 11:30:00+00:00,4371.099,4371.998,4363.15,4363.735,2030,50,0
2026-08-19 11:45:00+00:00,4363.677,4367.445,4363.397,4364.902,1811,40,0
2026-08-19 12:00:00+00:00,4364.848,4370.803,4361.943,4368.162,2502,50,0
2026-08-19 12:15:00+00:00,4368.218,4373.62,4365.916,4369.574,3165,50,0
2026-08-19 12:30:00+00:00,4369.632,4420.991,4368.587,4417.569,16703,50,0
2026-08-19 12:45:00+00:00,4417.622,4442.585,4411.537,4438.725,13404,50,0
2026-08-19 13:00:00+00:00,4438.84,4461.062,4424.205,4456.058,14774,50,0
2026-08-19 13:15:00+00:00,4456.162,4464.517,4454.926,4458.347,9492,50,0
2026-08-19 13:30:00+00:00,4458.412,4466.415,4442.483,4460.92,14125,50,0
2026-08-19 13:45:00+00:00,4460.854,4463.413,4445.191,4459.557,9313,50,0
2026-08-19 14:00:00+00:00,4459.483,4475.723,4455.11,4473.709,9488,50,0
2026-08-19 14:15:00+00:00,4473.767,4487.972,4470.184,4485.846,8657,50,0
2026-08-19 14:30:00+00:00,4485.964,4498.832,4483.911,4489.705,7313,50,0
2026-08-19 14:45:00+00:00,4489.773,4489.773,4478.244,4488.093,5645,50,0
2026-08-19 15:00:00+00:00,4488.237,4488.523,4479.724,4485.418,5538,50,0
2026-08-19 15:15:00+00:00,4485.475,4488.095,4478.141,4483.694,4630,50,0
2026-08-19 15:30:00+00:00,4483.627,4492.729,4480.102,4490.157,4684,50,0
2026-08-19 15:45:00+00:00,4490.097,4494.274,4488.503,4493.761,3462,50,0
2026-08-19 16:00:00+00:00,4493.82,4499.227,4490.946,4497.839,3575,50,0
2026-08-19 16:15:00+00:00,4497.704,4499.481,4490.603,4491.286,3108,50,0
2026-08-19 16:30:00+00:00,4491.133,4496.456,4490.539,4495.357,2930,50,0
2026-08-19 16:45:00+00:00,4495.24,4497.737,4493.448,4493.448,2821,50,0
2026-08-19 17:00:00+00:00,4493.236,4499.303,4488.98,4492.655,3665,50,0
2026-08-19 17:15:00+00:00,4492.716,4492.868,4486.235,4488.198,3155,50,0
2026-08-19 17:30:00+00:00,4488.021,4491.816,4484.449,4488.555,2589,50,0
2026-08-19 17:45:00+00:00,4488.466,4489.728,4484.414,4487.23,1980,50,0
2026-08-19 18:00:00+00:00,4487.348,4496.741,4485.551,4488.215,4661,50,0
2026-08-19 18:15:00+00:00,4487.885,4488.126,4472.779,4475.659,3644,50,0
2026-08-19 18:30:00+00:00,4475.711,4491.784,4472.039,4490.35,4078,50,0
2026-08-19 18:45:00+00:00,4490.469,4496.869,4489.386,4495.327,2544,50,0
2026-08-19 19:00:00+00:00,4495.383,4506.023,4494.309,4503.499,3654,50,0
2026-08-19 19:15:00+00:00,4503.171,4507.881,4502.519,4506.918,2718,50,0
2026-08-19 19:30:00+00:00,4506.985,4510.897,4502.401,4506.99,2823,50,0
2026-08-19 19:45:00+00:00,4506.922,4512.422,4505.174,4511.068,3186,50,0
2026-08-19 20:00:00+00:00,4511.156,4512.191,4505.384,4507.076,1724,50,0
2026-08-19 20:15:00+00:00,4507.132,4522.225,4506.368,4518.389,2296,50,0
2026-08-19 20:30:00+00:00,4518.328,4523.754,4517.865,4519.734,1902,50,0
2026-08-19 20:45:00+00:00,4519.806,4524.477,4519.407,4523.281,1754,50,0
2026-08-19 22:00:00+00:00,4523.075,4527.709,4518.873,4519.962,1522,50,0
2026-08-19 22:15:00+00:00,4519.912,4521.637,4519.162,4520.92,1085,50,0
2026-08-19 22:30:00+00:00,4520.918,4522.07,4517.641,4518.52,1385,50,0
2026-08-19 22:45:00+00:00,4518.613,4521.917,4516.566,4519.039,1226,50,0
2026-08-19 23:00:00+00:00,4519.096,4523.843,4517.545,4519.568,1798,50,0
2026-08-19 23:15:00+00:00,4519.543,4520.411,4515.227,4517.85,1283,50,0
2026-08-19 23:30:00+00:00,4517.673,4518.402,4513.57,4514.474,1338,50,0
2026-08-19 23:45:00+00:00,4514.277,4517.538,4511.359,4511.946,1454,50,0
2026-08-20 00:00:00+00:00,4512.003,4518.9,4510.197,4516.268,5361,50,0
2026-08-20 00:15:00+00:00,4516.522,4521.216,4508.572,4510.483,4144,50,0
2026-08-20 00:30:00+00:00,4510.427,4513.331,4504.117,4506.128,2839,50,0
2026-08-20 00:45:00+00:00,4506.18,4510.663,4503.96,4504.554,3965,50,0
2026-08-20 01:00:00+00:00,4504.881,4510.48,4491.77,4493.455,8571,50,0
2026-08-20 01:15:00+00:00,4493.523,4503.43,4493.3,4500.698,4857,50,0
2026-08-20 01:30:00+00:00,4500.643,4501.471,4493.51,4494.035,5697,50,0
2026-08-20 01:45:00+00:00,4494.006,4495.617,4484.577,4489.698,4039,50,0
2026-08-20 02:00:00+00:00,4489.835,4499.834,4488.672,4497.859,4470,50,0
2026-08-20 02:15:00+00:00,4497.797,4497.853,4489.613,4492.674,2415,50,0
2026-08-20 02:30:00+00:00,4493.076,4494.776,4490.323,4490.61,3309,50,0
2026-08-20 02:45:00+00:00,4490.524,4494.637,4488.83,4490.896,2836,50,0
2026-08-20 03:00:00+00:00,4490.99,4497.187,4487.881,4492.646,3022,50,0
2026-08-20 03:15:00+00:00,4492.612,4496.47,4490.447,4493.386,2812,50,0
2026-08-20 03:30:00+00:00,4493.602,4498.829,4492.323,4497.785,2267,50,0
2026-08-20 03:45:00+00:00,4497.896,4501.142,4496.889,4499.085,2051,50,0
2026-08-20 04:00:00+00:00,4499.141,4499.402,4495.074,4496.629,1912,50,0
2026-08-20 04:15:00+00:00,4496.301,4497.314,4489.986,4490.123,1869,50,0
2026-08-20 04:30:00+00:00,4489.854,4491.065,4486.313,4487.084,1971,50,0
2026-08-20 04:45:00+00:00,4487.04,4491.73,4486.883,4488.492,1755,50,0
2026-08-20 05:00:00+00:00,4488.759,4494.202,4484.094,4485.838,2138,50,0
2026-08-20 05:15:00+00:00,4485.831,4487.151,4482.803,4483.072,2291,50,0
2026-08-20 05:30:00+00:00,4483.275,4486.227,4478.138,4480.655,3648,50,0
2026-08-20 05:45:00+00:00,4480.989,4483.127,4477.82,4481.165,2258,50,0
2026-08-20 06:00:00+00:00,4481.108,4493.646,4480.186,4492.693,2733,50,0
2026-08-20 06:15:00+00:00,4492.748,4496.106,4491.811,4494.049,2588,50,0
2026-08-20 06:30:00+00:00,4493.991,4495.469,4491.667,4492.275,2152,50,0
2026-08-20 06:45:00+00:00,4492.329,4495.619,4491.186,4493.99,2223,50,0
2026-08-20 07:00:00+00:00,4493.823,4493.965,4487.026,4487.759,2737,50,0
2026-08-20 07:15:00+00:00,4488.046,4490.542,4483.726,4484.176,2106,50,0
2026-08-20 07:30:00+00:00,4484.141,4493.196,4483.445,4491.103,2610,50,0
2026-08-20 07:45:00+00:00,4491.293,4494.409,4488.298,4490.851,2055,50,0
2026-08-20 08:00:00+00:00,4490.84,4495.357,4490.584,4494.164,2761,50,0
2026-08-20 08:15:00+00:00,4494.276,4498.85,4489.876,4491.521,2583,50,0
2026-08-20 08:30:00+00:00,4491.228,4495.349,4487.063,4490.74,2822,50,0
2026-08-20 08:45:00+00:00,4490.666,4492.201,4487.636,4489.298,2136,50,0
2026-08-20 09:00:00+00:00,4489.242,4494.344,4488.487,4492.442,2284,50,0
2026-08-20 09:15:00+00:00,4492.585,4493.868,4488.163,4490.106,2190,50,0
2026-08-20 09:30:00+00:00,4490.04,4490.58,4484.548,4489.2,2481,50,0
2026-08-20 09:45:00+00:00,4489.408,4489.408,4481.883,4482.838,2195,50,0
2026-08-20 10:00:00+00:00,4482.503,4491.515,4480.631,4490.46,2090,50,0
2026-08-20 10:15:00+00:00,4490.676,4494.133,4486.573,4493.687,2150,50,0
2026-08-20 10:30:00+00:00,4493.745,4494.949,4489.965,4491.321,1959,50,0
2026-08-20 10:45:00+00:00,4491.376,4491.511,4487.421,4490.343,1641,50,0
2026-08-20 11:00:00+00:00,4490.462,4491.508,4482.653,4485.252,2776,50,0
2026-08-20 11:15:00+00:00,4485.198,4490.086,4481.221,4484.462,2440,50,0
2026-08-20 11:30:00+00:00,4484.539,4486.968,4474.221,4474.988,3238,50,0
2026-08-20 11:45:00+00:00,4475.045,4475.935,4465.389,4467.259,4535,50,0
2026-08-20 12:00:00+00:00,4467.315,4467.396,4450.495,4462.643,7261,50,0
2026-08-20 12:15:00+00:00,4462.461,4468.082,4456.903,4459.587,5289,50,0
2026-08-20 12:30:00+00:00,4459.76,4467.252,4450.985,4466.621,5089,50,0
2026-08-20 12:45:00+00:00,4466.812,4477.329,4464.116,4474.745,3448,50,0
2026-08-20 13:00:00+00:00,4474.922,4484.764,4471.787,4472.885,6186,50,0
2026-08-20 13:15:00+00:00,4472.818,4476.962,4470.131,4472.102,5101,50,0
2026-08-20 13:30:00+00:00,4471.967,4488.139,4469.267,4486.857,10254,50,0
2026-08-20 13:45:00+00:00,4486.704,4489.469,4479.396,4481.661,6456,50,0
2026-08-20 14:00:00+00:00,4481.716,4490.844,4480.786,4485.381,7028,50,0
2026-08-20 14:15:00+00:00,4485.194,4494.032,4481.875,4491.576,5870,50,0
2026-08-20 14:30:00+00:00,4491.906,4501.286,4491.805,4499.229,4728,50,0
2026-08-20 14:45:00+00:00,4499.16,4516.387,4498.662,4515.78,4994,50,0
2026-08-20 15:00:00+00:00,4515.912,4537.575,4515.035,4534.954,16323,50,0
2026-08-20 15:15:00+00:00,4535.024,4540.973,4523.443,4532.578,9565,50,0
2026-08-20 15:30:00+00:00,4532.396,4533.909,4509.191,4511.767,7912,50,0
2026-08-20 15:45:00+00:00,4511.826,4524.33,4511.021,4521.824,5967,50,0
2026-08-20 16:00:00+00:00,4521.88,4524.912,4510.324,4511.421,4785,50,0
2026-08-20 16:15:00+00:00,4511.324,4513.386,4505.278,4509.439,4518,50,0
2026-08-20 16:30:00+00:00,4509.324,4512.84,4502.826,4509.374,3963,50,0
2026-08-20 16:45:00+00:00,4509.313,4513.919,4507.584,4510.223,3096,50,0
2026-08-20 17:00:00+00:00,4510.033,4514.135,4507.655,4509.632,3001,50,0
2026-08-20 17:15:00+00:00,4509.362,4516.711,4508.056,4513.116,3679,50,0
2026-08-20 17:30:00+00:00,4513.175,4518.793,4510.749,4518.211,2897,50,0
2026-08-20 17:45:00+00:00,4518.155,4520.686,4517.06,4519.85,2326,50,0
2026-08-20 18:00:00+00:00,4519.921,4522.595,4509.341,4510.833,3652,50,0
2026-08-20 18:15:00+00:00,4510.779,4520.24,4508.158,4519.205,3134,50,0
2026-08-20 18:30:00+00:00,4519.137,4523.535,4518.399,4520.019,2435,50,0
2026-08-20 18:45:00+00:00,4520.144,4525.494,4517.791,4522.194,2333,50,0
2026-08-20 19:00:00+00:00,4522.099,4528.27,4518.159,4527.566,2410,50,0
2026-08-20 19:15:00+00:00,4527.834,4529.56,4522.653,4522.944,2100,50,0
2026-08-20 19:30:00+00:00,4522.883,4529.709,4521.984,4526.349,2392,50,0
2026-08-20 19:45:00+00:00,4526.315,4532.269,4524.847,4528.839,3065,50,0
2026-08-20 20:00:00+00:00,4528.5,4529.181,4522.344,4522.606,1814,50,0
2026-08-20 20:15:00+00:00,4522.567,4523.024,4520.5,4520.699,1190,50,0
2026-08-20 20:30:00+00:00,4521.109,4521.225,4516.87,4518.297,1257,50,0
2026-08-20 20:45:00+00:00,4518.361,4521.45,4517.863,4518.845,1069,50,0
2026-08-20 22:00:00+00:00,4519.119,4521.322,4516.872,4518.396,837,50,0
2026-08-20 22:15:00+00:00,4518.412,4520.901,4517.871,4519.595,849,50,0
2026-08-20 22:30:00+00:00,4519.63,4523.788,4518.642,4522.648,1013,50,0
2026-08-20 22:45:00+00:00,4522.928,4524.607,4519.548,4524.244,1006,50,0
2026-08-20 23:00:00+00:00,4524.23,4532.965,4523.483,4531.923,1525,50,0
2026-08-20 23:15:00+00:00,4531.785,4532.466,4522.724,4527.197,1391,50,0
2026-08-20 23:30:00+00:00,4527.356,4528.826,4521.04,4524.519,1457,50,0
2026-08-20 23:45:00+00:00,4524.504,4528.368,4523.193,4526.564,1242,50,0
2026-08-21 00:00:00+00:00,4526.445,4527.685,4517.393,4518.888,3209,50,0
2026-08-21 00:15:00+00:00,4518.712,4520.915,4513.924,4515.142,3149,50,0
2026-08-21 00:30:00+00:00,4515.203,4517.263,4510.853,4513.895,2957,50,0
2026-08-21 00:45:00+00:00,4513.702,4514.167,4509.832,4510.618,2845,50,0
2026-08-21 01:00:00+00:00,4510.684,4521.19,4508.719,4520.798,7318,50,0
2026-08-21 01:15:00+00:00,4520.741,4530.849,4520.33,4529.693,4305,50,0
2026-08-21 01:30:00+00:00,4529.475,4544.061,4523.638,4525.922,5227,50,0
2026-08-21 01:45:00+00:00,4526.043,4533.618,4525.342,4530.787,3199,50,0
2026-08-21 02:00:00+00:00,4530.731,4531.299,4518.398,4520.986,3761,50,0
2026-08-21 02:15:00+00:00,4521.104,4529.384,4520.037,4527.389,2000,50,0
2026-08-21 02:30:00+00:00,4527.581,4538.45,4525.178,4538.45,3750,50,0
2026-08-21 02:45:00+00:00,4538.104,4543.142,4532.251,4534.019,3206,50,0
2026-08-21 03:00:00+00:00,4534.08,4538.483,4531.805,4532.434,2723,50,0
2026-08-21 03:15:00+00:00,4532.707,4535.089,4529.742,4529.813,2527,50,0
2026-08-21 03:30:00+00:00,4529.795,4535.874,4526.698,4529.191,2321,50,0
2026-08-21 03:45:00+00:00,4529.236,4535.632,4528.093,4535.333,1732,50,0
2026-08-21 04:00:00+00:00,4535.453,4541.729,4535.36,4540.064,2088,50,0
2026-08-21 04:15:00+00:00,4540.124,4547.441,4537.417,4546.804,2376,50,0
2026-08-21 04:30:00+00:00,4546.91,4548.307,4540.698,4541.595,1941,50,0
2026-08-21 04:45:00+00:00,4541.898,4542.659,4540.097,4540.865,1438,50,0
2026-08-21 05:00:00+00:00,4540.537,4541.016,4534.653,4537.417,2082,50,0
2026-08-21 05:15:00+00:00,4537.086,4538.848,4530.67,4530.67,2300,50,0
2026-08-21 05:30:00+00:00,4530.569,4543.442,4529.338,4543.072,3834,50,0
2026-08-21 05:45:00+00:00,4543.088,4556.388,4541.649,4553.724,3243,50,0
2026-08-21 06:00:00+00:00,4553.816,4555.374,4545.483,4549.183,3204,50,0
2026-08-21 06:15:00+00:00,4549.241,4558.347,4549.241,4555.605,3437,50,0
2026-08-21 06:30:00+00:00,4555.67,4565.957,4554.515,4562.7,3529,50,0
2026-08-21 06:45:00+00:00,4562.484,4567.83,4561.146,4561.151,2926,50,0
2026-08-21 07:00:00+00:00,4560.965,4566.31,4558.449,4561.494,2669,50,0
2026-08-21 07:15:00+00:00,4561.834,4568.067,4559.703,4561.543,2490,50,0
2026-08-21 07:30:00+00:00,4561.735,4566.391,4560.1,4564.367,2707,50,0
2026-08-21 07:45:00+00:00,4564.705,4568.334,4560.758,4564.256,2547,50,0
2026-08-21 08:00:00+00:00,4564.315,4568.24,4559.166,4565.739,2761,50,0
2026-08-21 08:15:00+00:00,4565.683,4582.038,4563.909,4579.577,3193,50,0
2026-08-21 08:30:00+00:00,4579.647,4584.381,4576.742,4582.302,2728,50,0
2026-08-21 08:45:00+00:00,4582.341,4585.136,4580.372,4584.023,2108,50,0
2026-08-21 09:00:00+00:00,4584.082,4600.715,4582.154,4599.27,3232,50,0
2026-08-21 09:15:00+00:00,4599.326,4602.054,4581.221,4582.404,3243,50,0
2026-08-21 09:30:00+00:00,4582.337,4586.959,4580.702,4583.278,2634,50,0
2026-08-21 09:45:00+00:00,4583.218,4585.381,4580.336,4582.515,2051,50,0
2026-08-21 10:00:00+00:00,4582.451,4589.188,4577.954,4578.832,2700,50,0
2026-08-21 10:15:00+00:00,4578.9,4589.52,4578.344,4588.526,2272,50,0
2026-08-21 10:30:00+00:00,4588.521,4594.281,4585.859,4593.119,2121,50,0
2026-08-21 10:45:00+00:00,4593.182,4593.587,4587.838,4588.425,2269,50,0
2026-08-21 11:00:00+00:00,4588.819,4595.497,4587.162,4590.863,2606,50,0
2026-08-21 11:15:00+00:00,4590.635,4601.192,4590.596,4598.357,3684,50,0
2026-08-21 11:30:00+00:00,4598.417,4604.64,4593.289,4596.941,3638,50,0
2026-08-21 11:45:00+00:00,4597.27,4600.681,4595.61,4597.279,2668,50,0
2026-08-21 12:00:00+00:00,4597.341,4601.884,4589.172,4592.762,4011,50,0
2026-08-21 12:15:00+00:00,4592.889,4596.119,4582.128,4584.906,3959,50,0
2026-08-21 12:30:00+00:00,4584.847,4584.847,4563.426,4573.645,4351,50,0
2026-08-21 12:45:00+00:00,4573.575,4581.155,4573.018,4577.958,2974,50,0
2026-08-21 13:00:00+00:00,4578.174,4587.155,4575.789,4585.215,4818,50,0
2026-08-21 13:15:00+00:00,4585.271,4587.992,4579.077,4584.386,3593,50,0
2026-08-21 13:30:00+00:00,4584.331,4591.105,4573.231,4587.891,7798,50,0
2026-08-21 13:45:00+00:00,4587.722,4593.31,4576.69,4581.244,5894,50,0
2026-08-21 14:00:00+00:00,4581.174,4590.661,4579.952,4589.568,4394,50,0
2026-08-21 14:15:00+00:00,4589.623,4603.329,4586.493,4603.329,4653,50,0
2026-08-21 14:30:00+00:00,4603.348,4603.885,4580.513,4582.833,7614,50,0
2026-08-21 14:45:00+00:00,4582.773,4595.304,4580.555,4591.811,5405,50,0
2026-08-21 15:00:00+00:00,4591.866,4598.484,4587.234,4595.386,4565,50,0
2026-08-21 15:15:00+00:00,4595.542,4607.905,4595.009,4602.865,4172,50,0
2026-08-21 15:30:00+00:00,4602.927,4610.785,4599.571,4609.534,4137,50,0
2026-08-21 15:45:00+00:00,4609.591,4615.497,4607.051,4614.491,3896,50,0
2026-08-21 16:00:00+00:00,4614.554,4617.898,4609.071,4614.689,3716,50,0
2026-08-21 16:15:00+00:00,4614.766,4621.078,4610.526,4614.017,4369,50,0
2026-08-21 16:30:00+00:00,4614.053,4622.173,4612.166,4621.644,3235,50,0
2026-08-21 16:45:00+00:00,4621.442,4629.352,4620.968,4628.754,2673,50,0
2026-08-21 17:00:00+00:00,4628.809,4632.235,4621.72,4623.308,3906,50,0
2026-08-21 17:15:00+00:00,4623.367,4626.041,4615.429,4621.928,4356,50,0
2026-08-21 17:30:00+00:00,4622.016,4624.889,4618.572,4619.646,2650,50,0
2026-08-21 17:45:00+00:00,4619.522,4622.542,4616.857,4620.462,2627,50,0
2026-08-21 18:00:00+00:00,4620.497,4627.839,4620.347,4624.213,2028,50,0
2026-08-21 18:15:00+00:00,4624.223,4627.833,4623.958,4625.363,1537,50,0
2026-08-21 18:30:00+00:00,4625.242,4625.35,4619.465,4620.789,2022,50,0
2026-08-21 18:45:00+00:00,4620.792,4626.041,4620.737,4624.279,1647,50,0
2026-08-21 19:00:00+00:00,4624.355,4625.667,4618.508,4622.867,2174,50,0
2026-08-21 19:15:00+00:00,4622.88,4623.407,4617.925,4618.254,1799,50,0
2026-08-21 19:30:00+00:00,4618.309,4619.899,4615.753,4618.214,1949,50,0
2026-08-21 19:45:00+00:00,4618.371,4623.909,4615.728,4617.173,2488,50,0
2026-08-21 20:00:00+00:00,4617.263,4617.802,4615.059,4616.998,1466,50,0
2026-08-21 20:15:00+00:00,4617.129,4617.776,4610.159,4610.908,1754,50,0
2026-08-21 20:30:00+00:00,4610.96,4612.154,4607.408,4608.159,1660,50,0
2026-08-21 20:45:00+00:00,4608.28,4608.852,4602.55,4603.934,2718,50,0
2026-08-23 22:00:00+00:00,4615.78,4620.589,4607.517,4617.355,2447,50,0
2026-08-23 22:15:00+00:00,4617.473,4621.337,4612.849,4614.242,1710,50,0
2026-08-23 22:30:00+00:00,4614.008,4617.175,4606.867,4610.809,1807,50,0
2026-08-23 22:45:00+00:00,4611.141,4611.197,4606.06,4606.291,1400,50,0
2026-08-23 23:00:00+00:00,4606.42,4609.684,4604.604,4607.727,1364,50,0
2026-08-23 23:15:00+00:00,4607.727,4616.29,4606.79,4615.317,1327,50,0
2026-08-23 23:30:00+00:00,4615.314,4619.445,4607.791,4608.539,1626,50,0
2026-08-23 23:45:00+00:00,4608.635,4624.725,4608.213,4624.04,2644,50,0
2026-08-24 00:00:00+00:00,4624.24,4641.136,4620.245,4637.471,7188,50,0
2026-08-24 00:15:00+00:00,4637.354,4640.75,4594.319,4605.1,8643,50,0
2026-08-24 00:30:00+00:00,4605.042,4609.122,4600.982,4607.065,6078,50,0
2026-08-24 00:45:00+00:00,4607.009,4623.648,4603.849,4621.695,4639,50,0
2026-08-24 01:00:00+00:00,4621.751,4635.319,4619.005,4622.266,10695,50,0
2026-08-24 01:15:00+00:00,4622.316,4625.984,4611.094,4614.705,7535,50,0
2026-08-24 01:30:00+00:00,4614.565,4621.226,4608.071,4617.981,6259,50,0
2026-08-24 01:45:00+00:00,4618.135,4637.768,4614.954,4632.209,5409,50,0
2026-08-24 02:00:00+00:00,4632.143,4652.464,4627.856,4650.395,7137,50,0
2026-08-24 02:15:00+00:00,4650.336,4655.629,4649.125,4655.607,4352,50,0
2026-08-24 02:30:00+00:00,4655.664,4657.059,4637.477,4637.845,6246,50,0
2026-08-24 02:45:00+00:00,4637.788,4644.735,4627.599,4643.665,5599,50,0
2026-08-24 03:00:00+00:00,4643.726,4644.192,4633.288,4637.43,4128,50,0
2026-08-24 03:15:00+00:00,4637.343,4648.455,4635.369,4643.981,4116,50,0
2026-08-24 03:30:00+00:00,4643.924,4650.301,4642.499,4643.083,2863,50,0
2026-08-24 03:45:00+00:00,4643.008,4644.989,4640.006,4641.564,2357,50,0
2026-08-24 04:00:00+00:00,4641.509,4642.801,4632.602,4638.518,3334,50,0
2026-08-24 04:15:00+00:00,4638.455,4642.195,4634.426,4640.74,2999,50,0
2026-08-24 04:30:00+00:00,4640.654,4640.919,4632.969,4638.385,2773,50,0
2026-08-24 04:45:00+00:00,4638.055,4640.579,4635.728,4638.927,2094,50,0
2026-08-24 05:00:00+00:00,4638.888,4643.684,4638.512,4643.425,2859,50,0
2026-08-24 05:15:00+00:00,4643.269,4646.714,4636.223,4636.223,2989,50,0
2026-08-24 05:30:00+00:00,4636.165,4639.681,4629.707,4633.322,6763,50,0
2026-08-24 05:45:00+00:00,4633.162,4643.431,4630.146,4641.021,4239,50,0
2026-08-24 06:00:00+00:00,4640.839,4652.537,4639.305,4651.797,5116,50,0
2026-08-24 06:15:00+00:00,4651.893,4660.132,4640.744,4642.561,5634,50,0
2026-08-24 06:30:00+00:00,4642.876,4653.784,4642.027,4643.158,4383,50,0
2026-08-24 06:45:00+00:00,4643.279,4653.997,4643.013,4649.904,3503,50,0
2026-08-24 07:00:00+00:00,4650.117,4654.934,4644.107,4648.545,4399,50,0
2026-08-24 07:15:00+00:00,4648.583,4650.247,4642.237,4642.823,3897,50,0
2026-08-24 07:30:00+00:00,4642.829,4648.229,4634.684,4634.684,3830,50,0
2026-08-24 07:45:00+00:00,4634.744,4643.941,4630.271,4641.843,4241,50,0
2026-08-24 08:00:00+00:00,4641.927,4646.117,4635.908,4637.532,4931,50,0
2026-08-24 08:15:00+00:00,4637.744,4640.111,4629.33,4629.33,3722,50,0
2026-08-24 08:30:00+00:00,4629.272,4646.005,4628.76,4645.3,3153,50,0
2026-08-24 08:45:00+00:00,4645.427,4646.261,4636.109,4638.11,2720,50,0
2026-08-24 09:00:00+00:00,4638.055,4645.005,4637.267,4641.921,3073,50,0
2026-08-24 09:15:00+00:00,4641.892,4642.221,4634.872,4636.043,2636,50,0
2026-08-24 09:30:00+00:00,4636.109,4640.871,4632.823,4639.144,3437,50,0
2026-08-24 09:45:00+00:00,4639.087,4646.158,4638.879,4645.873,2198,50,0
2026-08-24 10:00:00+00:00,4645.943,4650.337,4645.59,4648.318,2589,50,0
2026-08-24 10:15:00+00:00,4648.379,4648.802,4642.315,4643.135,2402,50,0
2026-08-24 10:30:00+00:00,4643.071,4649.351,4642.622,4644.266,2193,50,0
2026-08-24 10:45:00+00:00,4644.404,4647.344,4641.775,4643.398,2290,50,0
2026-08-24 11:00:00+00:00,4643.296,4647.081,4639.032,4642.24,2788,50,0
2026-08-24 11:15:00+00:00,4642.49,4647.737,4640.476,4646.431,2387,50,0
2026-08-24 11:30:00+00:00,4646.566,4670.457,4643.502,4659.007,10404,50,0
2026-08-24 11:45:00+00:00,4659.103,4661.758,4648.079,4657.92,4857,50,0
2026-08-24 12:00:00+00:00,4658.113,4660.199,4650.007,4657.253,4489,50,0
2026-08-24 12:15:00+00:00,4657.466,4662.816,4651.738,4661.745,4859,50,0
2026-08-24 12:30:00+00:00,4662.021,4669.054,4645.79,4657.694,5592,50,0
2026-08-24 12:45:00+00:00,4657.751,4667.362,4654.629,4663.021,4091,50,0
2026-08-24 13:00:00+00:00,4663.063,4677.968,4661.762,4677.031,6324,50,0
2026-08-24 13:15:00+00:00,4677.093,4678.025,4667.732,4672.482,5101,50,0
2026-08-24 13:30:00+00:00,4672.54,4681.002,4658.412,4658.895,11677,50,0
2026-08-24 13:45:00+00:00,4658.817,4678.003,4656.095,4664.823,10138,50,0
2026-08-24 14:00:00+00:00,4664.754,4672.11,4659.759,4665.827,8810,50,0
2026-08-24 14:15:00+00:00,4665.741,4675.035,4655.506,4671.621,6966,50,0
2026-08-24 14:30:00+00:00,4671.881,4678.866,4669.538,4671.866,7724,50,0
2026-08-24 14:45:00+00:00,4672.14,4675.994,4656.86,4670.565,8371,50,0
2026-08-24 15:00:00+00:00,4670.627,4676.871,4665.215,4673.192,7316,50,0
2026-08-24 15:15:00+00:00,4673.251,4679.757,4668.094,4676.157,6564,50,0
2026-08-24 15:30:00+00:00,4676.079,4677.79,4659.911,4660.939,9684,50,0
2026-08-24 15:45:00+00:00,4660.983,4663.32,4639.83,4649.137,12576,50,0
2026-08-24 16:00:00+00:00,4649.048,4662.198,4646.402,4657.433,9943,50,0
2026-08-24 16:15:00+00:00,4657.475,4660.673,4656.018,4658.839,5370,50,0
2026-08-24 16:30:00+00:00,4658.758,4662.472,4658.36,4659.566,4000,50,0
2026-08-24 16:45:00+00:00,4659.631,4660.29,4642.035,4645.038,5767,50,0
2026-08-24 17:00:00+00:00,4645.125,4655.414,4641.577,4652.002,10037,50,0
2026-08-24 17:15:00+00:00,4652.047,4654.122,4630.381,4638.776,13683,50,0
2026-08-24 17:30:00+00:00,4638.722,4643.008,4635.514,4638.965,7149,50,0
2026-08-24 17:45:00+00:00,4638.923,4639.288,4632.552,4636.746,6104,50,0
2026-08-24 18:00:00+00:00,4636.785,4640.986,4624.896,4632.249,9680,50,0
2026-08-24 18:15:00+00:00,4632.292,4642.358,4627.211,4640.191,7765,50,0
2026-08-24 18:30:00+00:00,4640.258,4641.869,4625.345,4634.892,6970,50,0
2026-08-24 18:45:00+00:00,4634.935,4637.786,4631.648,4636.458,4381,50,0
2026-08-24 19:00:00+00:00,4636.401,4640.742,4636.014,4636.527,4154,50,0
2026-08-24 19:15:00+00:00,4636.59,4645.146,4635.889,4641.626,3336,50,0
2026-08-24 19:30:00+00:00,4641.73,4650.935,4640.168,4649.987,4120,50,0
2026-08-24 19:45:00+00:00,4650.046,4656.394,4649.852,4651.875,5111,50,0
2026-08-24 20:00:00+00:00,4651.978,4655.45,4650.254,4650.718,2135,50,0
2026-08-24 20:15:00+00:00,4650.699,4653.875,4648.89,4649.532,1298,50,0
2026-08-24 20:30:00+00:00,4649.563,4650.239,4647.272,4647.846,1095,50,0
2026-08-24 20:45:00+00:00,4648.133,4652.644,4647.157,4652.61,1788,50,0
2026-08-24 22:00:00+00:00,4655.023,4660.771,4652.646,4658.638,1649,50,0
2026-08-24 22:15:00+00:00,4658.627,4659.621,4656.819,4658.04,904,50,0
2026-08-24 22:30:00+00:00,4657.776,4661.845,4657.19,4661.568,1080,50,0
2026-08-24 22:45:00+00:00,4661.766,4668.508,4660.946,4667.612,1192,50,0
2026-08-24 23:00:00+00:00,4667.667,4672.421,4666.848,4672.185,1552,50,0
2026-08-24 23:15:00+00:00,4672.279,4677.113,4669.129,4669.178,1630,50,0
2026-08-24 23:30:00+00:00,4669.161,4677.164,4667.579,4676.394,1843,50,0
2026-08-24 23:45:00+00:00,4676.606,4683.013,4674.922,4679.867,3058,50,0
2026-08-25 00:00:00+00:00,4679.907,4691.756,4675.337,4690.446,10247,50,0
2026-08-25 00:15:00+00:00,4690.805,4691.338,4676.727,4682.734,8139,50,0
2026-08-25 00:30:00+00:00,4682.683,4697.232,4681.739,4693.685,8617,50,0
2026-08-25 00:45:00+00:00,4693.739,4695.01,4683.858,4684.605,6312,50,0
2026-08-25 01:00:00+00:00,4684.518,4686.768,4670.874,4678.304,12534,50,0
2026-08-25 01:15:00+00:00,4678.376,4680.279,4664.119,4669.74,9780,50,0
2026-08-25 01:30:00+00:00,4669.789,4674.86,4666.636,4670.933,10039,50,0
2026-08-25 01:45:00+00:00,4670.751,4675.879,4656.482,4658.158,9975,50,0
2026-08-25 02:00:00+00:00,4658.118,4661.734,4638.161,4641.885,15146,50,0
2026-08-25 02:15:00+00:00,4641.898,4656.863,4640.869,4656.213,7661,50,0
2026-08-25 02:30:00+00:00,4656.172,4656.891,4631.0,4631.108,12491,50,0
2026-08-25 02:45:00+00:00,4630.986,4637.521,4617.89,4629.563,15137,50,0
2026-08-25 03:00:00+00:00,4629.72,4638.338,4622.277,4634.014,11269,50,0
2026-08-25 03:15:00+00:00,4633.981,4638.568,4631.981,4637.849,7474,50,0
2026-08-25 03:30:00+00:00,4637.772,4641.552,4634.018,4634.604,4366,50,0
2026-08-25 03:45:00+00:00,4634.551,4636.032,4631.409,4633.942,4122,50,0
2026-08-25 04:00:00+00:00,4633.57,4638.026,4630.815,4637.07,3830,50,0
2026-08-25 04:15:00+00:00,4637.271,4637.539,4628.931,4630.841,3727,50,0
2026-08-25 04:30:00+00:00,4631.124,4632.99,4623.697,4625.808,5909,50,0
2026-08-25 04:45:00+00:00,4625.862,4629.151,4624.068,4626.133,4905,50,0
2026-08-25 05:00:00+00:00,4625.77,4639.224,4623.954,4637.879,5964,50,0
2026-08-25 05:15:00+00:00,4637.845,4648.072,4637.792,4646.543,4090,50,0
2026-08-25 05:30:00+00:00,4646.61,4647.123,4637.909,4639.299,8814,50,0
2026-08-25 05:45:00+00:00,4639.34,4646.059,4635.899,4643.053,6222,50,0
2026-08-25 06:00:00+00:00,4642.967,4650.643,4641.347,4649.656,5572,50,0
2026-08-25 06:15:00+00:00,4649.848,4653.605,4645.385,4650.326,5007,50,0
2026-08-25 06:30:00+00:00,4650.371,4653.642,4647.83,4648.006,4953,50,0
2026-08-25 06:45:00+00:00,4647.953,4649.501,4637.014,4638.6,4731,50,0
2026-08-25 07:00:00+00:00,4638.639,4642.142,4636.347,4640.054,6465,50,0
2026-08-25 07:15:00+00:00,4639.821,4643.96,4634.131,4634.775,5055,50,0
2026-08-25 07:30:00+00:00,4634.76,4640.286,4633.858,4639.661,4695,50,0
2026-08-25 07:45:00+00:00,4639.727,4640.621,4629.803,4630.295,4638,50,0
2026-08-25 08:00:00+00:00,4630.283,4631.393,4620.242,4626.607,5910,50,0
2026-08-25 08:15:00+00:00,4626.523,4645.379,4625.952,4632.777,9455,50,0
2026-08-25 08:30:00+00:00,4632.818,4635.461,4625.709,4632.177,6874,50,0
2026-08-25 08:45:00+00:00,4632.136,4633.981,4625.028,4630.262,4302,50,0
2026-08-25 09:00:00+00:00,4630.151,4633.578,4624.742,4630.628,5246,50,0
2026-08-25 09:15:00+00:00,4630.703,4633.644,4625.755,4626.773,4314,50,0
2026-08-25 09:30:00+00:00,4626.719,4639.724,4623.998,4637.198,8743,50,0
2026-08-25 09:45:00+00:00,4637.121,4642.75,4635.969,4636.596,5749,50,0
2026-08-25 10:00:00+00:00,4636.45,4638.735,4633.188,4635.328,3977,50,0
2026-08-25 10:15:00+00:00,4635.435,4639.259,4633.324,4633.926,2910,50,0
2026-08-25 10:30:00+00:00,4633.968,4641.21,4632.937,4637.727,3061,50,0
2026-08-25 10:45:00+00:00,4637.774,4642.54,4637.056,4639.398,2595,50,0
2026-08-25 11:00:00+00:00,4639.352,4643.69,4636.069,4642.816,3575,50,0
2026-08-25 11:15:00+00:00,4642.861,4645.385,4638.951,4641.693,2849,50,0
2026-08-25 11:30:00+00:00,4641.551,4645.312,4640.321,4640.855,3746,50,0
2026-08-25 11:45:00+00:00,4640.897,4647.641,4640.733,4642.62,4024,50,0
2026-08-25 12:00:00+00:00,4642.773,4642.875,4634.882,4638.966,4437,50,0
2026-08-25 12:15:00+00:00,4639.193,4639.492,4631.883,4637.204,4943,50,0
2026-08-25 12:30:00+00:00,4637.272,4640.877,4630.025,4638.595,5532,50,0
2026-08-25 12:45:00+00:00,4638.392,4644.46,4637.331,4640.822,4082,50,0
2026-08-25 13:00:00+00:00,4640.993,4641.294,4622.659,4623.34,10528,50,0
2026-08-25 13:15:00+00:00,4623.247,4628.18,4608.564,4609.917,11513,50,0
2026-08-25 13:30:00+00:00,4609.76,4623.694,4609.306,4612.925,16407,50,0
2026-08-25 13:45:00+00:00,4613.028,4618.105,4605.33,4616.476,13717,50,0
2026-08-25 14:00:00+00:00,4616.43,4626.601,4613.39,4622.925,10370,50,0
2026-08-25 14:15:00+00:00,4622.868,4628.691,4618.341,4624.111,9621,50,0
2026-08-25 14:30:00+00:00,4624.154,4638.374,4613.181,4637.045,10239,50,0
2026-08-25 14:45:00+00:00,4637.002,4640.257,4632.659,4635.469,7024,50,0
2026-08-25 15:00:00+00:00,4635.59,4637.371,4630.572,4633.13,6609,50,0
2026-08-25 15:15:00+00:00,4633.18,4644.967,4629.272,4639.817,6800,50,0
2026-08-25 15:30:00+00:00,4639.767,4659.771,4639.767,4656.024,12666,50,0
2026-08-25 15:45:00+00:00,4656.135,4657.442,4648.975,4652.888,6789,50,0
2026-08-25 16:00:00+00:00,4652.679,4653.58,4642.735,4644.648,5411,50,0
2026-08-25 16:15:00+00:00,4644.607,4647.485,4637.763,4640.82,4927,50,0
2026-08-25 16:30:00+00:00,4640.861,4645.555,4636.959,4644.155,5334,50,0
2026-08-25 16:45:00+00:00,4643.93,4646.511,4640.36,4643.636,3662,50,0
2026-08-25 17:00:00+00:00,4643.798,4644.014,4634.269,4638.13,4752,50,0
2026-08-25 17:15:00+00:00,4637.897,4645.032,4634.287,4637.225,4865,50,0
2026-08-25 17:30:00+00:00,4637.271,4644.825,4636.348,4643.062,4049,50,0
2026-08-25 17:45:00+00:00,4643.187,4648.594,4642.55,4648.314,2748,50,0
2026-08-25 18:00:00+00:00,4648.357,4650.517,4644.205,4646.984,2818,50,0
2026-08-25 18:15:00+00:00,4647.265,4650.692,4646.162,4649.911,2352,50,0
2026-08-25 18:30:00+00:00,4649.905,4650.546,4645.853,4649.217,2385,50,0
2026-08-25 18:45:00+00:00,4649.159,4655.211,4649.085,4654.404,2135,50,0
2026-08-25 19:00:00+00:00,4654.47,4663.453,4653.356,4662.116,3178,50,0
2026-08-25 19:15:00+00:00,4662.174,4668.309,4659.93,4661.067,2239,50,0
2026-08-25 19:30:00+00:00,4661.098,4664.657,4657.946,4662.188,2121,50,0
2026-08-25 19:45:00+00:00,4662.277,4667.68,4660.38,4666.833,3067,50,0
2026-08-25 20:00:00+00:00,4667.164,4669.18,4662.726,4665.708,1998,50,0
2026-08-25 20:15:00+00:00,4665.599,4667.922,4662.053,4662.574,1520,50,0
2026-08-25 20:30:00+00:00,4662.505,4664.441,4660.172,4661.492,1276,50,0
2026-08-25 20:45:00+00:00,4661.516,4662.458,4657.829,4658.776,1217,50,0
2026-08-25 22:00:00+00:00,4658.099,4664.92,4657.805,4664.597,1194,50,0
2026-08-25 22:15:00+00:00,4664.575,4666.95,4664.374,4666.701,813,50,0
2026-08-25 22:30:00+00:00,4666.718,4671.067,4666.69,4669.929,1135,50,0
2026-08-25 22:45:00+00:00,4669.865,4673.729,4669.807,4672.567,990,50,0
2026-08-25 23:00:00+00:00,4672.754,4673.444,4667.147,4667.986,1106,50,0
2026-08-25 23:15:00+00:00,4668.259,4668.356,4660.031,4661.2,1149,50,0
2026-08-25 23:30:00+00:00,4661.2,4661.583,4655.592,4656.335,1174,50,0
2026-08-25 23:45:00+00:00,4656.28,4658.921,4653.307,4654.885,1719,50,0
2026-08-26 00:00:00+00:00,4654.972,4657.905,4651.1,4651.203,3841,50,0
2026-08-26 00:15:00+00:00,4651.221,4655.11,4643.072,4646.534,2700,50,0
2026-08-26 00:30:00+00:00,4646.849,4650.114,4636.471,4637.206,3336,50,0
2026-08-26 00:45:00+00:00,4637.139,4639.088,4634.357,4637.488,3177,50,0
2026-08-26 01:00:00+00:00,4637.832,4648.041,4629.398,4644.043,6433,50,0
2026-08-26 01:15:00+00:00,4644.321,4650.544,4643.224,4643.452,3863,50,0
2026-08-26 01:30:00+00:00,4643.798,4647.238,4638.885,4644.684,5076,50,0
2026-08-26 01:45:00+00:00,4644.749,4661.128,4643.128,4657.262,4419,50,0
2026-08-26 02:00:00+00:00,4657.259,4661.996,4654.972,4660.328,3617,50,0
2026-08-26 02:15:00+00:00,4660.166,4661.995,4656.026,4659.219,2225,50,0
2026-08-26 02:30:00+00:00,4659.134,4670.78,4657.587,4667.447,4071,50,0
2026-08-26 02:45:00+00:00,4667.516,4669.274,4657.954,4658.661,2747,50,0
2026-08-26 03:00:00+00:00,4658.445,4658.942,4647.355,4648.482,3038,50,0
2026-08-26 03:15:00+00:00,4648.454,4650.788,4645.937,4650.195,2513,50,0
2026-08-26 03:30:00+00:00,4650.338,4651.513,4645.398,4645.477,1953,50,0
2026-08-26 03:45:00+00:00,4645.475,4645.685,4642.549,4642.888,1578,50,0
2026-08-26 04:00:00+00:00,4642.614,4644.452,4641.762,4642.733,1439,50,0
2026-08-26 04:15:00+00:00,4642.689,4643.525,4641.055,4642.464,1288,50,0
2026-08-26 04:30:00+00:00,4642.185,4643.479,4639.744,4641.011,1366,50,0
2026-08-26 04:45:00+00:00,4640.737,4641.926,4638.856,4640.74,1448,50,0
2026-08-26 05:00:00+00:00,4640.907,4645.995,4640.3,4643.246,1841,50,0
2026-08-26 05:15:00+00:00,4643.521,4645.571,4641.396,4643.347,1710,50,0
2026-08-26 05:30:00+00:00,4643.29,4649.427,4637.927,4638.222,4058,50,0
2026-08-26 05:45:00+00:00,4638.154,4640.847,4635.392,4639.898,2982,50,0
2026-08-26 06:00:00+00:00,4639.561,4641.606,4636.096,4637.696,3057,50,0
2026-08-26 06:15:00+00:00,4637.753,4638.05,4624.675,4626.905,3266,50,0
2026-08-26 06:30:00+00:00,4626.7,4634.024,4625.641,4633.267,2909,50,0
2026-08-26 06:45:00+00:00,4633.237,4636.85,4630.492,4634.186,2241,50,0
2026-08-26 07:00:00+00:00,4634.059,4639.384,4632.998,4636.368,2688,50,0
2026-08-26 07:15:00+00:00,4636.312,4638.047,4630.815,4631.613,2288,50,0
2026-08-26 07:30:00+00:00,4631.557,4636.637,4628.863,4631.93,2252,50,0
2026-08-26 07:45:00+00:00,4631.667,4635.039,4626.412,4628.869,2299,50,0
2026-08-26 08:00:00+00:00,4628.854,4630.523,4625.511,4625.878,2693,50,0
2026-08-26 08:15:00+00:00,4625.866,4629.634,4622.104,4629.634,2226,50,0
2026-08-26 08:30:00+00:00,4629.579,4630.841,4625.037,4629.646,2160,50,0
2026-08-26 08:45:00+00:00,4629.569,4630.132,4625.948,4628.234,1701,50,0
2026-08-26 09:00:00+00:00,4628.517,4631.138,4623.972,4625.152,2391,50,0
2026-08-26 09:15:00+00:00,4625.151,4625.405,4616.276,4616.944,2406,50,0
2026-08-26 09:30:00+00:00,4617.095,4622.593,4616.936,4622.215,1921,50,0
2026-08-26 09:45:00+00:00,4622.033,4625.708,4621.855,4623.361,1687,50,0
2026-08-26 10:00:00+00:00,4623.305,4624.267,4617.592,4618.909,1724,50,0
2026-08-26 10:15:00+00:00,4619.114,4620.629,4613.313,4615.391,2080,50,0
2026-08-26 10:30:00+00:00,4615.451,4624.159,4614.576,4622.291,1773,50,0
2026-08-26 10:45:00+00:00,4622.234,4624.179,4618.814,4620.379,1493,50,0
2026-08-26 11:00:00+00:00,4620.438,4621.975,4616.702,4618.668,1875,50,0
2026-08-26 11:15:00+00:00,4618.428,4623.107,4616.656,4621.004,1898,50,0
2026-08-26 11:30:00+00:00,4620.571,4622.967,4617.191,4619.274,2078,50,0
2026-08-26 11:45:00+00:00,4619.333,4625.338,4616.862,4624.586,2183,50,0
2026-08-26 12:00:00+00:00,4624.833,4629.799,4623.564,4625.639,2801,50,0
2026-08-26 12:15:00+00:00,4625.439,4631.092,4624.645,4631.092,2655,50,0
2026-08-26 12:30:00+00:00,4631.02,4633.559,4612.274,4622.634,7420,50,0
2026-08-26 12:45:00+00:00,4622.574,4626.498,4610.501,4614.222,6069,50,0
2026-08-26 13:00:00+00:00,4614.288,4621.533,4608.312,4611.401,8976,50,0
2026-08-26 13:15:00+00:00,4611.458,4614.395,4598.104,4611.185,7311,50,0
2026-08-26 13:30:00+00:00,4611.225,4623.215,4610.26,4619.823,8963,50,0
2026-08-26 13:45:00+00:00,4619.812,4631.98,4618.173,4631.541,6585,50,0
2026-08-26 14:00:00+00:00,4631.598,4633.608,4619.515,4620.524,6179,50,0
2026-08-26 14:15:00+00:00,4620.309,4627.104,4616.28,4616.867,5040,50,0
2026-08-26 14:30:00+00:00,4616.732,4623.128,4612.64,4622.142,4310,50,0
2026-08-26 14:45:00+00:00,4622.087,4622.88,4602.703,4602.897,5139,50,0
2026-08-26 15:00:00+00:00,4603.114,4605.59,4588.043,4589.214,8220,50,0
2026-08-26 15:15:00+00:00,4589.273,4598.12,4583.021,4594.978,6100,50,0
2026-08-26 15:30:00+00:00,4594.916,4604.855,4594.597,4604.761,3680,50,0
2026-08-26 15:45:00+00:00,4604.826,4609.462,4596.005,4596.256,4608,50,0
2026-08-26 16:00:00+00:00,4596.319,4601.672,4590.637,4600.321,4180,50,0
2026-08-26 16:15:00+00:00,4600.24,4601.129,4594.05,4595.128,3324,50,0
2026-08-26 16:30:00+00:00,4595.191,4596.479,4585.663,4588.473,3493,50,0
2026-08-26 16:45:00+00:00,4588.414,4597.029,4588.022,4591.821,2988,50,0
2026-08-26 17:00:00+00:00,4591.629,4596.202,4590.792,4594.707,2642,50,0
2026-08-26 17:15:00+00:00,4594.915,4599.09,4593.454,4597.797,2666,50,0
2026-08-26 17:30:00+00:00,4597.835,4602.451,4595.619,4597.323,2406,50,0
2026-08-26 17:45:00+00:00,4597.31,4599.527,4594.151,4597.787,1890,50,0
2026-08-26 18:00:00+00:00,4597.842,4604.85,4596.702,4600.348,2232,50,0
2026-08-26 18:15:00+00:00,4600.514,4600.756,4592.728,4595.043,2156,50,0
2026-08-26 18:30:00+00:00,4594.835,4597.661,4592.398,4596.975,1867,50,0
2026-08-26 18:45:00+00:00,4596.916,4597.984,4593.28,4593.976,1510,50,0
2026-08-26 19:00:00+00:00,4594.135,4595.828,4590.925,4594.355,1826,50,0
2026-08-26 19:15:00+00:00,4594.367,4599.139,4591.27,4598.744,1762,50,0
2026-08-26 19:30:00+00:00,4598.415,4601.689,4594.171,4595.908,1724,50,0
2026-08-26 19:45:00+00:00,4595.916,4596.686,4592.465,4594.368,1921,50,0
2026-08-26 20:00:00+00:00,4594.278,4596.901,4591.803,4591.803,1487,50,0
2026-08-26 20:15:00+00:00,4591.929,4592.179,4583.998,4591.273,2174,50,0
2026-08-26 20:30:00+00:00,4591.28,4593.679,4590.263,4592.193,1243,50,0
2026-08-26 20:45:00+00:00,4592.137,4594.595,4591.548,4594.265,1065,50,0
2026-08-26 22:00:00+00:00,4599.539,4606.599,4598.367,4602.513,1449,50,0
2026-08-26 22:15:00+00:00,4602.575,4613.463,4602.345,4610.719,1777,50,0
2026-08-26 22:30:00+00:00,4610.774,4611.822,4608.665,4610.791,1231,50,0
2026-08-26 22:45:00+00:00,4610.846,4612.326,4606.835,4609.244,1205,50,0
2026-08-26 23:00:00+00:00,4609.185,4615.758,4607.087,4615.374,1482,50,0
2026-08-26 23:15:00+00:00,4615.222,4622.558,4614.288,4620.086,1275,50,0
2026-08-26 23:30:00+00:00,4620.147,4625.054,4618.244,4622.608,1288,50,0
2026-08-26 23:45:00+00:00,4622.606,4625.039,4620.806,4623.571,1710,50,0
2026-08-27 00:00:00+00:00,4623.647,4627.257,4616.197,4617.955,3496,50,0
2026-08-27 00:15:00+00:00,4618.018,4621.673,4613.29,4619.298,2786,50,0
2026-08-27 00:30:00+00:00,4619.194,4619.194,4605.324,4606.264,3015,50,0
2026-08-27 00:45:00+00:00,4606.468,4611.354,4600.47,4605.062,3298,50,0
2026-08-27 01:00:00+00:00,4604.934,4625.114,4602.292,4624.708,7329,50,0
2026-08-27 01:15:00+00:00,4624.766,4625.371,4617.124,4618.789,3963,50,0
2026-08-27 01:30:00+00:00,4618.731,4631.634,4617.83,4624.101,4126,50,0
2026-08-27 01:45:00+00:00,4624.064,4641.158,4623.586,4639.986,3546,50,0
2026-08-27 02:00:00+00:00,4640.063,4643.186,4638.132,4640.307,3060,50,0
2026-08-27 02:15:00+00:00,4640.365,4640.823,4632.945,4633.223,2053,50,0
2026-08-27 02:30:00+00:00,4633.284,4634.075,4623.659,4627.247,3681,50,0
2026-08-27 02:45:00+00:00,4627.58,4631.494,4624.432,4629.653,2506,50,0
2026-08-27 03:00:00+00:00,4629.593,4635.273,4628.46,4634.199,2691,50,0
2026-08-27 03:15:00+00:00,4634.255,4638.868,4632.899,4635.661,2246,50,0
2026-08-27 03:30:00+00:00,4635.54,4635.876,4628.946,4629.468,1757,50,0
2026-08-27 03:45:00+00:00,4629.48,4629.821,4624.415,4625.443,1461,50,0
2026-08-27 04:00:00+00:00,4625.507,4627.421,4624.446,4625.535,1564,50,0
2026-08-27 04:15:00+00:00,4625.554,4627.19,4620.584,4620.719,1580,50,0
2026-08-27 04:30:00+00:00,4620.502,4621.112,4617.171,4619.065,1561,50,0
2026-08-27 04:45:00+00:00,4619.346,4620.909,4617.702,4618.761,1775,50,0
2026-08-27 05:00:00+00:00,4618.818,4621.589,4616.068,4619.903,1803,50,0
2026-08-27 05:15:00+00:00,4620.052,4621.667,4616.973,4617.088,1839,50,0
2026-08-27 05:30:00+00:00,4617.305,4620.132,4604.795,4605.509,4970,50,0
2026-08-27 05:45:00+00:00,4605.453,4610.016,4600.903,4607.012,3735,50,0
2026-08-27 06:00:00+00:00,4606.955,4607.733,4599.541,4605.983,3779,50,0
2026-08-27 06:15:00+00:00,4605.932,4610.411,4603.886,4610.352,2546,50,0
2026-08-27 06:30:00+00:00,4610.415,4611.874,4604.905,4607.78,2576,50,0
2026-08-27 06:45:00+00:00,4607.548,4609.689,4597.915,4600.214,2888,50,0
2026-08-27 07:00:00+00:00,4600.32,4605.937,4598.614,4603.849,3103,50,0
2026-08-27 07:15:00+00:00,4603.79,4603.995,4593.613,4599.311,2628,50,0
2026-08-27 07:30:00+00:00,4599.383,4601.369,4595.004,4597.848,2318,50,0
2026-08-27 07:45:00+00:00,4598.182,4602.726,4595.705,4600.474,2219,50,0
2026-08-27 08:00:00+00:00,4600.416,4607.029,4599.578,4603.435,2147,50,0
2026-08-27 08:15:00+00:00,4603.491,4606.301,4600.045,4601.025,2074,50,0
2026-08-27 08:30:00+00:00,4600.831,4602.061,4594.828,4596.256,2218,50,0
2026-08-27 08:45:00+00:00,4596.135,4602.359,4595.57,4599.168,1928,50,0
2026-08-27 09:00:00+00:00,4598.979,4600.792,4593.571,4596.279,2471,50,0
2026-08-27 09:15:00+00:00,4596.164,4599.508,4593.83,4597.932,2316,50,0
2026-08-27 09:30:00+00:00,4598.065,4599.286,4577.604,4582.671,4165,50,0
2026-08-27 09:45:00+00:00,4582.325,4585.785,4579.001,4580.51,2519,50,0
2026-08-27 10:00:00+00:00,4580.48,4582.153,4568.954,4581.569,3801,50,0
2026-08-27 10:15:00+00:00,4581.787,4583.703,4577.406,4580.583,2210,50,0
2026-08-27 10:30:00+00:00,4580.313,4586.083,4576.192,4585.558,2252,50,0
2026-08-27 10:45:00+00:00,4585.488,4590.745,4585.459,4590.2,2044,50,0
2026-08-27 11:00:00+00:00,4590.12,4592.718,4587.311,4592.467,2117,50,0
2026-08-27 11:15:00+00:00,4592.409,4597.136,4591.031,4594.315,1703,50,0
2026-08-27 11:30:00+00:00,4594.444,4599.841,4593.767,4597.766,2385,50,0
2026-08-27 11:45:00+00:00,4597.824,4600.471,4594.519,4598.23,1928,50,0
2026-08-27 12:00:00+00:00,4598.284,4601.378,4592.687,4592.946,2198,50,0
2026-08-27 12:15:00+00:00,4592.937,4600.892,4591.787,4595.533,3055,50,0
2026-08-27 12:30:00+00:00,4595.59,4596.593,4587.054,4587.68,3050,50,0
2026-08-27 12:45:00+00:00,4587.735,4588.282,4580.61,4585.737,2937,50,0
2026-08-27 13:00:00+00:00,4586.028,4591.043,4579.572,4585.507,5725,50,0
2026-08-27 13:15:00+00:00,4585.448,4593.497,4583.179,4590.185,4657,50,0
2026-08-27 13:30:00+00:00,4590.399,4593.333,4572.239,4578.952,7780,50,0
2026-08-27 13:45:00+00:00,4578.895,4583.057,4565.037,4572.552,7713,50,0
2026-08-27 14:00:00+00:00,4572.677,4579.353,4568.325,4573.648,7707,50,0
2026-08-27 14:15:00+00:00,4573.863,4584.193,4573.863,4581.202,5694,50,0
2026-08-27 14:30:00+00:00,4581.143,4597.488,4581.023,4595.428,5223,50,0
2026-08-27 14:45:00+00:00,4595.286,4598.478,4588.271,4591.459,4688,50,0
2026-08-27 15:00:00+00:00,4591.243,4595.583,4591.033,4592.793,3886,50,0
2026-08-27 15:15:00+00:00,4592.461,4598.066,4588.882,4593.288,3464,50,0
2026-08-27 15:30:00+00:00,4592.952,4605.998,4592.131,4601.428,3738,50,0
2026-08-27 15:45:00+00:00,4601.438,4611.516,4600.218,4610.367,3387,50,0
2026-08-27 16:00:00+00:00,4610.491,4612.975,4604.432,4604.621,3085,50,0
2026-08-27 16:15:00+00:00,4604.74,4608.687,4602.452,4607.869,2408,50,0
2026-08-27 16:30:00+00:00,4607.814,4612.954,4605.943,4611.467,2488,50,0
2026-08-27 16:45:00+00:00,4611.41,4616.912,4610.072,4614.893,2525,50,0
2026-08-27 17:00:00+00:00,4614.954,4616.568,4608.466,4610.34,2169,50,0
2026-08-27 17:15:00+00:00,4610.402,4612.21,4608.364,4610.439,1962,50,0
2026-08-27 17:30:00+00:00,4610.496,4614.432,4608.273,4611.196,1974,50,0
2026-08-27 17:45:00+00:00,4611.262,4611.894,4605.289,4606.662,2550,50,0
2026-08-27 18:00:00+00:00,4606.662,4608.044,4602.301,4605.593,2673,50,0
2026-08-27 18:15:00+00:00,4605.738,4608.13,4601.518,4601.518,2009,50,0
2026-08-27 18:30:00+00:00,4601.458,4605.016,4600.759,4604.506,1707,50,0
2026-08-27 18:45:00+00:00,4604.841,4611.372,4604.187,4610.337,1763,50,0
2026-08-27 19:00:00+00:00,4610.665,4618.285,4610.555,4615.495,2349,50,0
2026-08-27 19:15:00+00:00,4615.466,4616.103,4604.399,4605.798,1883,50,0
2026-08-27 19:30:00+00:00,4606.14,4610.341,4604.793,4609.742,1600,50,0
2026-08-27 19:45:00+00:00,4609.683,4612.958,4605.307,4609.431,2063,50,0
2026-08-27 20:00:00+00:00,4609.123,4609.88,4603.583,4605.056,1325,50,0
2026-08-27 20:15:00+00:00,4604.999,4605.653,4602.648,4603.782,840,50,0
2026-08-27 20:30:00+00:00,4603.907,4604.641,4601.936,4603.957,709,50,0
2026-08-27 20:45:00+00:00,4603.927,4604.971,4600.01,4600.89,1130,50,0
2026-08-27 22:00:00+00:00,4606.468,4607.793,4601.333,4604.879,1223,50,0
2026-08-27 22:15:00+00:00,4605.14,4608.552,4604.593,4607.948,1065,50,0
2026-08-27 22:30:00+00:00,4607.635,4610.297,4606.595,4607.829,1010,50,0
2026-08-27 22:45:00+00:00,4608.051,4611.015,4606.717,4610.894,820,50,0
2026-08-27 23:00:00+00:00,4610.894,4611.646,4602.813,4602.842,1023,50,0
2026-08-27 23:15:00+00:00,4603.087,4603.813,4599.831,4601.185,933,50,0
2026-08-27 23:30:00+00:00,4601.166,4602.546,4598.496,4599.943,1118,50,0
2026-08-27 23:45:00+00:00,4599.858,4599.858,4594.314,4594.661,1430,50,0
2026-08-28 00:00:00+00:00,4594.717,4602.688,4593.177,4600.864,2954,50,0
2026-08-28 00:15:00+00:00,4600.864,4601.025,4590.499,4594.26,2616,50,0
2026-08-28 00:30:00+00:00,4594.189,4594.445,4587.598,4591.386,2351,50,0
2026-08-28 00:45:00+00:00,4591.311,4591.311,4585.633,4588.713,2289,50,0
2026-08-28 01:00:00+00:00,4589.06,4602.196,4586.347,4594.125,5584,50,0
2026-08-28 01:15:00+00:00,4593.909,4598.22,4583.83,4585.809,4866,50,0
2026-08-28 01:30:00+00:00,4586.142,4589.23,4578.421,4582.293,5130,50,0
2026-08-28 01:45:00+00:00,4581.964,4583.478,4575.209,4576.138,3572,50,0
2026-08-28 02:00:00+00:00,4576.077,4582.78,4575.03,4581.685,2867,50,0
2026-08-28 02:15:00+00:00,4581.62,4585.102,4578.565,4583.544,1738,50,0
2026-08-28 02:30:00+00:00,4583.797,4589.591,4583.097,4585.254,2503,50,0
2026-08-28 02:45:00+00:00,4585.318,4587.36,4582.311,4586.27,2147,50,0
2026-08-28 03:00:00+00:00,4586.179,4588.521,4582.71,4584.068,2120,50,0
2026-08-28 03:15:00+00:00,4584.379,4590.122,4584.219,4588.131,2261,50,0
2026-08-28 03:30:00+00:00,4588.186,4588.558,4580.955,4581.87,1759,50,0
2026-08-28 03:45:00+00:00,4581.991,4582.157,4578.693,4580.164,1330,50,0
2026-08-28 04:00:00+00:00,4579.862,4580.467,4577.924,4579.397,1305,50,0
2026-08-28 04:15:00+00:00,4579.578,4585.492,4578.673,4584.761,1353,50,0
2026-08-28 04:30:00+00:00,4584.845,4584.845,4578.063,4580.06,1331,50,0
2026-08-28 04:45:00+00:00,4579.79,4585.262,4578.181,4584.293,1287,50,0
2026-08-28 05:00:00+00:00,4584.579,4585.435,4578.503,4580.102,1667,50,0
2026-08-28 05:15:00+00:00,4580.096,4586.543,4579.077,4583.958,1489,50,0
2026-08-28 05:30:00+00:00,4584.023,4584.284,4571.475,4572.889,4101,50,0
2026-08-28 05:45:00+00:00,4572.943,4577.614,4571.703,4573.571,2371,50,0
2026-08-28 06:00:00+00:00,4573.685,4583.539,4572.563,4581.849,3089,50,0
2026-08-28 06:15:00+00:00,4581.758,4585.915,4580.647,4584.981,2470,50,0
2026-08-28 06:30:00+00:00,4584.921,4588.592,4582.933,4588.169,2847,50,0
2026-08-28 06:45:00+00:00,4588.348,4613.476,4588.15,4612.582,5540,50,0
2026-08-28 07:00:00+00:00,4612.454,4613.655,4596.72,4600.945,3306,50,0
2026-08-28 07:15:00+00:00,4600.682,4610.253,4599.332,4607.556,2893,50,0
2026-08-28 07:30:00+00:00,4607.539,4614.524,4607.181,4609.408,2587,50,0
2026-08-28 07:45:00+00:00,4609.402,4613.42,4607.667,4611.706,1968,50,0
2026-08-28 08:00:00+00:00,4611.637,4614.788,4609.888,4611.606,2330,50,0
2026-08-28 08:15:00+00:00,4611.936,4612.469,4608.002,4609.347,1771,50,0
2026-08-28 08:30:00+00:00,4609.287,4611.577,4603.234,4603.834,2183,50,0
2026-08-28 08:45:00+00:00,4603.773,4606.135,4600.943,4603.109,2084,50,0
2026-08-28 09:00:00+00:00,4602.752,4604.441,4600.691,4601.817,1876,50,0
2026-08-28 09:15:00+00:00,4601.758,4604.292,4600.367,4601.976,2004,50,0
2026-08-28 09:30:00+00:00,4601.921,4605.348,4600.971,4604.135,2041,50,0
2026-08-28 09:45:00+00:00,4604.191,4607.539,4603.028,4605.268,1620,50,0
2026-08-28 10:00:00+00:00,4605.305,4609.079,4603.354,4608.486,1791,50,0
2026-08-28 10:15:00+00:00,4608.639,4610.055,4601.692,4605.245,1801,50,0
2026-08-28 10:30:00+00:00,4605.542,4608.165,4601.756,4602.957,1663,50,0
2026-08-28 10:45:00+00:00,4602.897,4603.469,4597.458,4600.01,1889,50,0
2026-08-28 11:00:00+00:00,4600.129,4601.363,4594.842,4599.074,2455,50,0
2026-08-28 11:15:00+00:00,4598.868,4601.484,4597.592,4598.948,1743,50,0
2026-08-28 11:30:00+00:00,4598.875,4600.843,4591.211,4594.867,2315,50,0
2026-08-28 11:45:00+00:00,4594.923,4596.207,4591.69,4593.566,2049,50,0
2026-08-28 12:00:00+00:00,4593.444,4597.303,4590.732,4594.515,2784,50,0
2026-08-28 12:15:00+00:00,4594.606,4603.943,4592.393,4601.493,2591,50,0
2026-08-28 12:30:00+00:00,4601.629,4602.352,4589.001,4591.838,3884,50,0
2026-08-28 12:45:00+00:00,4592.053,4602.707,4590.116,4601.495,3522,50,0
2026-08-28 13:00:00+00:00,4601.599,4605.616,4596.079,4598.86,5770,50,0
2026-08-28 13:15:00+00:00,4599.263,4604.666,4593.835,4603.886,4600,50,0
2026-08-28 13:30:00+00:00,4603.83,4608.049,4598.912,4604.828,6735,50,0
2026-08-28 13:45:00+00:00,4604.893,4627.653,4604.313,4604.968,5717,50,0
2026-08-28 14:00:00+00:00,4604.814,4632.4,4543.632,4546.349,32348,50,0
2026-08-28 14:15:00+00:00,4546.416,4568.593,4529.716,4552.006,22645,50,0
2026-08-28 14:30:00+00:00,4552.075,4577.222,4551.693,4561.609,17135,50,0
2026-08-28 14:45:00+00:00,4561.539,4581.088,4550.314,4576.756,14450,50,0
2026-08-28 15:00:00+00:00,4576.698,4583.186,4556.801,4559.335,13248,50,0
2026-08-28 15:15:00+00:00,4559.394,4569.268,4551.533,4567.151,11498,50,0
2026-08-28 15:30:00+00:00,4567.094,4567.695,4534.341,4539.521,12063,50,0
2026-08-28 15:45:00+00:00,4539.589,4546.179,4523.884,4524.734,15529,50,0
2026-08-28 16:00:00+00:00,4524.608,4529.56,4497.324,4498.122,16743,50,0
2026-08-28 16:15:00+00:00,4498.062,4503.811,4464.067,4481.224,20473,50,0
2026-08-28 16:30:00+00:00,4480.884,4487.802,4465.806,4469.353,14333,50,0
2026-08-28 16:45:00+00:00,4469.28,4485.316,4469.28,4479.602,9549,50,0
2026-08-28 17:00:00+00:00,4479.668,4482.896,4471.093,4480.947,9573,50,0
2026-08-28 17:15:00+00:00,4480.73,4486.735,4475.054,4478.435,7770,50,0
2026-08-28 17:30:00+00:00,4478.362,4481.671,4460.413,4467.265,7485,50,0
2026-08-28 17:45:00+00:00,4467.319,4475.787,4466.41,4469.28,5167,50,0
2026-08-28 18:00:00+00:00,4469.19,4471.877,4459.57,4461.165,6288,50,0
2026-08-28 18:15:00+00:00,4461.252,4463.679,4452.431,4456.411,6923,50,0
2026-08-28 18:30:00+00:00,4456.351,4458.873,4445.393,4451.24,5441,50,0
2026-08-28 18:45:00+00:00,4451.257,4458.433,4448.375,4457.011,4991,50,0
2026-08-28 19:00:00+00:00,4456.801,4462.858,4452.853,4457.362,5909,50,0
2026-08-28 19:15:00+00:00,4457.026,4463.865,4455.264,4462.25,3473,50,0
2026-08-28 19:30:00+00:00,4462.183,4467.109,4460.945,4465.242,3142,50,0
2026-08-28 19:45:00+00:00,4465.187,4465.219,4452.992,4458.572,4511,50,0
2026-08-28 20:00:00+00:00,4458.623,4462.851,4455.566,4457.95,2538,50,0
2026-08-28 20:15:00+00:00,4457.733,4460.81,4453.835,4458.072,1559,50,0
2026-08-28 20:30:00+00:00,4458.14,4458.342,4453.693,4457.124,1703,50,0
2026-08-28 20:45:00+00:00,4457.073,4460.082,4453.077,4456.185,2008,50,0
2026-08-30 22:00:00+00:00,4439.165,4459.617,4439.1,4458.891,2508,50,0
2026-08-30 22:15:00+00:00,4458.879,4466.055,4456.106,4459.834,1715,50,0
2026-08-30 22:30:00+00:00,4459.897,4462.72,4452.967,4458.055,1720,50,0
2026-08-30 22:45:00+00:00,4458.048,4462.73,4457.156,4461.479,1238,50,0
2026-08-30 23:00:00+00:00,4461.694,4466.996,4459.853,4460.715,1646,50,0
2026-08-30 23:15:00+00:00,4460.84,4465.413,4455.252,4457.452,1681,50,0
2026-08-30 23:30:00+00:00,4457.406,4458.099,4446.469,4447.725,2418,50,0
2026-08-30 23:45:00+00:00,4447.666,4460.58,4435.725,4458.345,4224,50,0
2026-08-31 00:00:00+00:00,4458.406,4463.524,4453.47,4461.794,6320,50,0
2026-08-31 00:15:00+00:00,4461.919,4465.249,4452.135,4456.68,3507,50,0
2026-08-31 00:30:00+00:00,4456.701,4472.528,4456.701,4465.217,3783,50,0
2026-08-31 00:45:00+00:00,4465.475,4469.123,4456.141,4456.548,3597,50,0
2026-08-31 01:00:00+00:00,4456.605,4463.446,4435.934,4443.645,13105,50,0
2026-08-31 01:15:00+00:00,4443.581,4454.615,4442.115,4444.064,8155,50,0
2026-08-31 01:30:00+00:00,4444.006,4454.179,4436.403,4451.143,7764,50,0
2026-08-31 01:45:00+00:00,4450.94,4452.866,4436.348,4440.366,6445,50,0
2026-08-31 02:00:00+00:00,4440.421,4441.683,4418.293,4424.508,8276,50,0
2026-08-31 02:15:00+00:00,4424.638,4428.25,4418.545,4423.184,5493,50,0
2026-08-31 02:30:00+00:00,4423.03,4426.558,4402.133,4403.346,7907,50,0
2026-08-31 02:45:00+00:00,4403.127,4423.125,4396.438,4423.125,5444,50,0
2026-08-31 03:00:00+00:00,4422.798,4428.459,4421.658,4428.173,4011,50,0
2026-08-31 03:15:00+00:00,4428.156,4434.174,4426.468,4427.698,3469,50,0
2026-08-31 03:30:00+00:00,4427.917,4427.986,4419.713,4423.079,2676,50,0
2026-08-31 03:45:00+00:00,4422.786,4427.014,4421.514,4422.689,1991,50,0
2026-08-31 04:00:00+00:00,4422.837,4423.029,4416.835,4421.219,2253,50,0
2026-08-31 04:15:00+00:00,4421.142,4421.561,4415.829,4416.16,2174,50,0
2026-08-31 04:30:00+00:00,4416.089,4422.089,4412.92,4420.408,2388,50,0
2026-08-31 04:45:00+00:00,4420.213,4425.122,4418.698,4424.704,2016,50,0
2026-08-31 05:00:00+00:00,4424.636,4427.287,4419.111,4422.898,2887,50,0
2026-08-31 05:15:00+00:00,4422.835,4441.084,4422.06,4440.195,2815,50,0
2026-08-31 05:30:00+00:00,4440.297,4442.441,4430.617,4437.666,5457,50,0
2026-08-31 05:45:00+00:00,4437.72,4444.077,4434.198,4442.896,3947,50,0
2026-08-31 06:00:00+00:00,4442.956,4443.399,4429.209,4432.043,4071,50,0
2026-08-31 06:15:00+00:00,4432.259,4439.119,4431.276,4435.817,3448,50,0
2026-08-31 06:30:00+00:00,4435.871,4441.391,4431.23,4439.838,2793,50,0
2026-08-31 06:45:00+00:00,4439.622,4442.612,4436.72,4439.397,2590,50,0
2026-08-31 07:00:00+00:00,4439.177,4442.139,4435.503,4436.363,2918,50,0
2026-08-31 07:15:00+00:00,4436.018,4448.476,4435.032,4444.158,2710,50,0
2026-08-31 07:30:00+00:00,4444.214,4447.248,4441.236,4446.441,2655,50,0
2026-08-31 07:45:00+00:00,4446.688,4447.955,4440.735,4443.228,2027,50,0
2026-08-31 08:00:00+00:00,4443.151,4449.69,4437.069,4439.092,2535,50,0
2026-08-31 08:15:00+00:00,4438.971,4441.524,4436.292,4440.046,2362,50,0
2026-08-31 08:30:00+00:00,4440.101,4440.398,4434.305,4435.485,1996,50,0
2026-08-31 08:45:00+00:00,4435.564,4437.176,4433.762,4435.552,1788,50,0
2026-08-31 09:00:00+00:00,4435.913,4443.204,4435.483,4442.906,2080,50,0
2026-08-31 09:15:00+00:00,4442.959,4444.417,4438.118,4439.264,1673,50,0
2026-08-31 09:30:00+00:00,4439.327,4444.823,4438.896,4442.965,1591,50,0
2026-08-31 09:45:00+00:00,4443.174,4445.65,4441.125,4445.586,1550,50,0
2026-08-31 10:00:00+00:00,4445.385,4453.971,4444.754,4451.625,2527,50,0
2026-08-31 10:15:00+00:00,4451.571,4452.126,4446.473,4448.69,2093,50,0
2026-08-31 10:30:00+00:00,4448.471,4451.824,4447.562,4451.174,1891,50,0
2026-08-31 10:45:00+00:00,4451.12,4455.735,4449.483,4453.866,1589,50,0
2026-08-31 11:00:00+00:00,4454.017,4457.811,4453.136,4453.871,1856,50,0
2026-08-31 11:15:00+00:00,4453.998,4464.212,4452.603,4463.165,1863,50,0
2026-08-31 11:30:00+00:00,4463.11,4464.051,4453.773,4454.89,2529,50,0
2026-08-31 11:45:00+00:00,4454.962,4456.473,4452.522,4455.317,2012,50,0
2026-08-31 12:00:00+00:00,4455.528,4461.164,4450.232,4457.147,3140,50,0
2026-08-31 12:15:00+00:00,4457.201,4458.964,4447.076,4447.905,4274,50,0
2026-08-31 12:30:00+00:00,4447.876,4450.144,4439.177,4440.345,4176,50,0
2026-08-31 12:45:00+00:00,4440.29,4441.896,4435.441,4435.648,3209,50,0
2026-08-31 13:00:00+00:00,4435.833,4446.869,4433.724,4446.035,5392,50,0
2026-08-31 13:15:00+00:00,4446.236,4448.304,4439.333,4446.184,3881,50,0
2026-08-31 13:30:00+00:00,4446.084,4447.45,4431.963,4433.578,8287,50,0
2026-08-31 13:45:00+00:00,4433.575,4433.791,4415.58,4418.8,6369,50,0
2026-08-31 14:00:00+00:00,4418.734,4428.035,4416.18,4427.583,7849,50,0
2026-08-31 14:15:00+00:00,4427.372,4431.197,4416.361,4420.186,6300,50,0
2026-08-31 14:30:00+00:00,4420.364,4436.264,4419.222,4432.914,5855,50,0
2026-08-31 14:45:00+00:00,4433.236,4436.364,4426.233,4431.79,5383,50,0
2026-08-31 15:00:00+00:00,4431.605,4437.793,4428.134,4435.207,5281,50,0
2026-08-31 15:15:00+00:00,4435.261,4438.02,4429.227,4432.837,4634,50,0
2026-08-31 15:30:00+00:00,4432.726,4434.312,4426.159,4427.612,5132,50,0
2026-08-31 15:45:00+00:00,4427.486,4433.648,4424.627,4426.123,4280,50,0
2026-08-31 16:00:00+00:00,4426.177,4437.524,4423.659,4434.736,3930,50,0
2026-08-31 16:15:00+00:00,4434.677,4438.822,4433.454,4438.313,2441,50,0
2026-08-31 16:30:00+00:00,4438.381,4440.45,4431.382,4435.972,3091,50,0
2026-08-31 16:45:00+00:00,4435.645,4437.714,4432.269,4433.144,2241,50,0
2026-08-31 17:00:00+00:00,4433.543,4435.42,4430.7,4433.975,2219,50,0
2026-08-31 17:15:00+00:00,4433.916,4437.368,4428.614,4430.74,2581,50,0
2026-08-31 17:30:00+00:00,4430.619,4437.071,4429.862,4436.515,2335,50,0
2026-08-31 17:45:00+00:00,4436.445,4440.17,4435.75,4436.636,2009,50,0
2026-08-31 18:00:00+00:00,4436.565,4437.041,4430.404,4433.991,2097,50,0
2026-08-31 18:15:00+00:00,4433.713,4434.742,4429.568,4429.87,1709,50,0
2026-08-31 18:30:00+00:00,4429.782,4430.485,4426.217,4429.131,1965,50,0
2026-08-31 18:45:00+00:00,4429.472,4434.772,4429.089,4430.817,1419,50,0
2026-08-31 19:00:00+00:00,4430.885,4435.634,4429.187,4434.024,1671,50,0
2026-08-31 19:15:00+00:00,4433.906,4442.588,4432.933,4440.337,1665,50,0
2026-08-31 19:30:00+00:00,4440.491,4445.459,4438.957,4443.111,2217,50,0
2026-08-31 19:45:00+00:00,4442.923,4453.95,4441.431,4453.562,3722,50,0
2026-08-31 20:00:00+00:00,4453.356,4456.06,4449.813,4450.385,2117,50,0
2026-08-31 20:15:00+00:00,4450.252,4450.686,4446.849,4447.482,1014,50,0
2026-08-31 20:30:00+00:00,4447.417,4449.374,4446.809,4448.452,855,50,0
2026-08-31 20:45:00+00:00,4448.395,4449.044,4446.578,4448.663,871,50,0
2026-08-31 22:00:00+00:00,4450.329,4456.008,4447.49,4451.929,1221,50,0
2026-08-31 22:15:00+00:00,4451.856,4452.37,4447.709,4449.684,846,50,0
2026-08-31 22:30:00+00:00,4449.647,4451.155,4447.29,4447.76,854,50,0
2026-08-31 22:45:00+00:00,4447.756,4448.446,4445.502,4447.138,829,50,0
2026-08-31 23:00:00+00:00,4447.209,4447.396,4443.899,4444.282,942,50,0
2026-08-31 23:15:00+00:00,4444.264,4444.506,4441.766,4443.571,785,50,0
2026-08-31 23:30:00+00:00,4443.591,4448.162,4443.087,4445.882,1000,50,0
2026-08-31 23:45:00+00:00,4445.552,4452.515,4445.552,4452.242,1541,50,0
2026-09-01 00:00:00+00:00,4452.325,4458.219,4446.107,4455.382,4451,50,0
