time,open,high,low,close,tick_volume,spread,real_volume
2026-04-17 00:00:00+00:00,4791.528,4801.267,4785.961,4795.023,6985,57,0
2026-04-17 01:00:00+00:00,4795.085,4795.668,4767.562,4789.384,15264,57,0
2026-04-17 02:00:00+00:00,4789.38,4794.685,4784.527,4784.783,7193,57,0
2026-04-17 03:00:00+00:00,4784.839,4798.253,4784.839,4793.515,6842,57,0
2026-04-17 04:00:00+00:00,4793.425,4804.648,4792.665,4802.92,4700,57,0
2026-04-17 05:00:00+00:00,4802.932,4806.431,4793.824,4794.397,8404,57,0
2026-04-17 06:00:00+00:00,4794.469,4795.395,4779.208,4785.098,9326,57,0
2026-04-17 07:00:00+00:00,4785.239,4794.915,4778.798,4784.572,7893,57,0
2026-04-17 08:00:00+00:00,4784.557,4796.868,4780.974,4795.855,7546,57,0
2026-04-17 09:00:00+00:00,4795.797,4801.067,4790.136,4790.573,6842,57,0
2026-04-17 10:00:00+00:00,4790.631,4794.001,4782.208,4787.314,6462,57,0
2026-04-17 11:00:00+00:00,4787.375,4811.853,4783.497,4799.311,7992,57,0
2026-04-17 12:00:00+00:00,4799.377,4847.82,4797.697,4846.592,22485,57,0
2026-04-17 13:00:00+00:00,4846.427,4889.592,4834.836,4880.13,44571,57,0
2026-04-17 14:00:00+00:00,4880.19,4885.605,4860.744,4873.339,22774,57,0
2026-04-17 15:00:00+00:00,4873.406,4880.457,4854.759,4867.624,20140,57,0
2026-04-17 16:00:00+00:00,4867.555,4873.612,4863.812,4866.917,9838,57,0
2026-04-17 17:00:00+00:00,4867.175,4869.684,4853.794,4862.69,13530,57,0
2026-04-17 18:00:00+00:00,4862.526,4868.133,4856.097,4858.435,8867,57,0
2026-04-17 19:00:00+00:00,4858.494,4861.338,4852.763,4854.607,8834,57,0
2026-04-17 20:00:00+00:00,4854.759,4855.325,4830.722,4832.819,9670,57,0
2026-04-19 22:00:00+00:00,4774.659,4795.453,4770.879,4779.452,11433,97,0
2026-04-19 23:00:00+00:00,4779.472,4779.472,4736.897,4755.225,12098,97,0
2026-04-20 00:00:00+00:00,4755.359,4774.406,4745.23,4772.366,15711,57,0
2026-04-20 01:00:00+00:00,4772.469,4814.547,4771.259,4808.038,19033,57,0
2026-04-20 02:00:00+00:00,4807.942,4809.073,4793.173,4797.415,9888,57,0
2026-04-20 03:00:00+00:00,4797.147,4798.412,4788.941,4791.089,7679,57,0
2026-04-20 04:00:00+00:00,4791.152,4795.896,4787.183,4788.886,6244,57,0
2026-04-20 05:00:00+00:00,4788.775,4795.9,4779.628,4790.91,11522,57,0
2026-04-20 06:00:00+00:00,4790.703,4795.565,4783.827,4795.477,11635,57,0
2026-04-20 07:00:00+00:00,4795.528,4805.62,4786.986,4789.902,11909,57,0
2026-04-20 08:00:00+00:00,4789.721,4796.235,4786.12,4796.044,8471,57,0
2026-04-20 09:00:00+00:00,4796.105,4797.938,4783.44,4791.535,8173,57,0
2026-04-20 10:00:00+00:00,4791.866,4800.951,4790.041,4795.769,6476,57,0
2026-04-20 11:00:00+00:00,4795.856,4810.904,4786.733,4810.406,9101,57,0
2026-04-20 12:00:00+00:00,4810.349,4822.115,4799.082,4803.58,13039,57,0
2026-04-20 13:00:00+00:00,4803.639,4826.525,4799.782,4818.03,19926,57,0
2026-04-20 14:00:00+00:00,4818.094,4827.755,4792.686,4805.174,23214,57,0
2026-04-20 15:00:00+00:00,4805.255,4809.496,4792.717,4799.71,18342,57,0
2026-04-20 16:00:00+00:00,4799.852,4806.293,4792.858,4805.431,9403,57,0
2026-04-20 17:00:00+00:00,4805.491,4812.381,4803.944,4806.925,8012,57,0
2026-04-20 18:00:00+00:00,4806.898,4816.566,4806.898,4813.956,6873,57,0
2026-04-20 19:00:00+00:00,4814.158,4821.49,4810.487,4814.29,5932,57,0
2026-04-20 20:00:00+00:00,4814.207,4822.115,4812.333,4820.897,3864,57,0
2026-04-20 22:00:00+00:00,4827.632,4833.186,4820.989,4827.856,6739,57,0
2026-04-20 23:00:00+00:00,4827.609,4831.887,4820.046,4821.727,4414,57,0
2026-04-21 00:00:00+00:00,4821.788,4830.673,4816.83,4824.055,9455,57,0
2026-04-21 01:00:00+00:00,4823.882,4824.532,4805.748,4810.12,10590,57,0
2026-04-21 02:00:00+00:00,4810.395,4810.554,4802.473,4807.027,7410,57,0
2026-04-21 03:00:00+00:00,4807.127,4807.844,4792.628,4797.318,7414,57,0
2026-04-21 04:00:00+00:00,4797.158,4797.982,4788.865,4789.271,5915,57,0
2026-04-21 05:00:00+00:00,4789.49,4796.85,4783.117,4784.316,9772,57,0
2026-04-21 06:00:00+00:00,4784.318,4790.678,4774.559,4778.596,11301,57,0
2026-04-21 07:00:00+00:00,4778.503,4792.738,4772.809,4786.267,8958,57,0
2026-04-21 08:00:00+00:00,4786.208,4792.946,4774.677,4786.355,8904,57,0
2026-04-21 09:00:00+00:00,4786.289,4789.829,4781.212,4783.912,7294,57,0
2026-04-21 10:00:00+00:00,4783.971,4790.484,4780.996,4789.619,5863,57,0
2026-04-21 11:00:00+00:00,4789.708,4798.133,4775.508,4794.815,9605,57,0
2026-04-21 12:00:00+00:00,4794.874,4797.093,4766.949,4778.714,14260,57,0
2026-04-21 13:00:00+00:00,4778.648,4794.26,4760.516,4779.283,22833,57,0
2026-04-21 14:00:00+00:00,4779.224,4782.768,4723.538,4738.99,32982,57,0
2026-04-21 15:00:00+00:00,4739.019,4757.573,4727.921,4741.637,31135,57,0
2026-04-21 16:00:00+00:00,4741.57,4746.884,4708.074,4711.25,19499,57,0
2026-04-21 17:00:00+00:00,4711.308,4722.367,4697.003,4710.971,26354,57,0
2026-04-21 18:00:00+00:00,4710.849,4714.766,4692.328,4709.156,16728,57,0
2026-04-21 19:00:00+00:00,4709.214,4715.178,4668.302,4679.522,29433,57,0
2026-04-21 20:00:00+00:00,4679.343,4719.463,4668.834,4718.89,20614,57,0
2026-04-21 22:00:00+00:00,4720.061,4729.518,4715.543,4719.421,6123,57,0
2026-04-21 23:00:00+00:00,4719.466,4740.502,4718.282,4737.982,6124,57,0
2026-04-22 00:00:00+00:00,4738.195,4747.529,4738.195,4739.985,8901,57,0
2026-04-22 01:00:00+00:00,4739.737,4754.658,4736.154,4752.416,12033,57,0
2026-04-22 02:00:00+00:00,4752.196,4758.985,4750.217,4755.713,7010,57,0
2026-04-22 03:00:00+00:00,4755.648,4765.12,4753.262,4758.36,6413,57,0
2026-04-22 04:00:00+00:00,4758.408,4759.703,4752.487,4754.7,5685,57,0
2026-04-22 05:00:00+00:00,4754.56,4772.294,4752.352,4767.652,10054,57,0
2026-04-22 06:00:00+00:00,4767.563,4767.955,4758.824,4767.568,6560,57,0
2026-04-22 07:00:00+00:00,4767.508,4772.474,4759.758,4760.752,7550,57,0
2026-04-22 08:00:00+00:00,4760.759,4762.309,4751.919,4757.224,7454,57,0
2026-04-22 09:00:00+00:00,4757.157,4762.512,4752.359,4755.176,7074,57,0
2026-04-22 10:00:00+00:00,4755.305,4760.203,4745.702,4759.25,7217,57,0
2026-04-22 11:00:00+00:00,4759.137,4760.897,4747.82,4750.555,7772,57,0
2026-04-22 12:00:00+00:00,4750.492,4760.415,4742.878,4744.437,11092,57,0
2026-04-22 13:00:00+00:00,4744.383,4760.832,4736.365,4752.825,20316,57,0
2026-04-22 14:00:00+00:00,4752.886,4757.446,4730.219,4735.871,17437,57,0
2026-04-22 15:00:00+00:00,4735.929,4740.362,4725.038,4727.848,13061,57,0
2026-04-22 16:00:00+00:00,4727.933,4735.155,4723.788,4728.589,9556,57,0
2026-04-22 17:00:00+00:00,4728.664,4739.497,4728.555,4737.355,8664,57,0
2026-04-22 18:00:00+00:00,4737.411,4749.503,4730.073,4741.77,7039,57,0
2026-04-22 19:00:00+00:00,4741.848,4745.38,4736.937,4740.201,7766,57,0
2026-04-22 20:00:00+00:00,4740.235,4740.527,4734.505,4739.583,4468,57,0
2026-04-22 22:00:00+00:00,4744.964,4746.023,4725.908,4726.165,4390,57,0
2026-04-22 23:00:00+00:00,4726.229,4729.924,4723.472,4728.057,4469,57,0
2026-04-23 00:00:00+00:00,4728.124,4753.905,4694.147,4747.97,26696,57,0
2026-04-23 01:00:00+00:00,4747.889,4750.05,4722.569,4723.471,15415,57,0
2026-04-23 02:00:00+00:00,4723.367,4724.892,4698.158,4698.855,18669,57,0
2026-04-23 03:00:00+00:00,4698.964,4708.715,4698.098,4704.003,13025,57,0
2026-04-23 04:00:00+00:00,4703.961,4707.167,4698.683,4704.604,6439,57,0
2026-04-23 05:00:00+00:00,4704.319,4715.231,4692.279,4713.554,11419,57,0
2026-04-23 06:00:00+00:00,4713.449,4721.275,4708.759,4712.822,10302,57,0
2026-04-23 07:00:00+00:00,4713.042,4720.544,4703.248,4719.049,10848,57,0
2026-04-23 08:00:00+00:00,4719.129,4724.903,4701.521,4703.557,8982,57,0
2026-04-23 09:00:00+00:00,4703.43,4703.875,4694.806,4697.495,9884,57,0
2026-04-23 10:00:00+00:00,4697.43,4701.869,4684.26,4696.473,10600,57,0
2026-04-23 11:00:00+00:00,4696.541,4720.934,4695.701,4720.598,10147,57,0
2026-04-23 12:00:00+00:00,4720.532,4743.241,4719.632,4740.022,18459,57,0
2026-04-23 13:00:00+00:00,4740.079,4741.299,4723.913,4724.619,17495,57,0
2026-04-23 14:00:00+00:00,4724.573,4736.803,4717.035,4733.805,19634,57,0
2026-04-23 15:00:00+00:00,4733.865,4741.122,4716.464,4720.551,15033,57,0
2026-04-23 16:00:00+00:00,4720.62,4737.058,4715.665,4732.838,10592,57,0
2026-04-23 17:00:00+00:00,4732.869,4734.486,4664.172,4709.226,46627,57,0
2026-04-23 18:00:00+00:00,4709.284,4722.247,4699.388,4701.311,22783,57,0
2026-04-23 19:00:00+00:00,4701.195,4704.578,4689.408,4696.19,15545,57,0
2026-04-23 20:00:00+00:00,4695.985,4698.323,4686.495,4693.066,6761,57,0
2026-04-23 22:00:00+00:00,4699.847,4700.069,4690.184,4693.195,4708,57,0
2026-04-23 23:00:00+00:00,4693.208,4700.661,4686.704,4695.342,5580,57,0
2026-04-24 00:00:00+00:00,4695.269,4707.943,4690.958,4704.605,12353,57,0
2026-04-24 01:00:00+00:00,4704.514,4711.203,4690.263,4699.488,14832,57,0
2026-04-24 02:00:00+00:00,4699.343,4700.595,4673.147,4676.905,12594,57,0
2026-04-24 03:00:00+00:00,4676.963,4678.437,4668.698,4672.275,9444,57,0
2026-04-24 04:00:00+00:00,4672.263,4676.988,4657.692,4674.37,9085,57,0
2026-04-24 05:00:00+00:00,4674.437,4687.534,4669.736,4686.312,9040,57,0
2026-04-24 06:00:00+00:00,4686.369,4688.257,4666.808,4672.165,9020,57,0
2026-04-24 07:00:00+00:00,4672.017,4695.35,4671.053,4694.506,7564,57,0
2026-04-24 08:00:00+00:00,4694.455,4697.442,4685.297,4691.026,8241,57,0
2026-04-24 09:00:00+00:00,4691.066,4696.741,4679.329,4682.149,9053,57,0
2026-04-24 10:00:00+00:00,4682.04,4686.432,4674.66,4678.011,7304,57,0
2026-04-24 11:00:00+00:00,4677.955,4717.5,4677.915,4706.868,21817,57,0
2026-04-24 12:00:00+00:00,4707.213,4711.771,4690.316,4700.791,13391,57,0
2026-04-24 13:00:00+00:00,4700.799,4717.582,4689.585,4712.067,18758,57,0
2026-04-24 14:00:00+00:00,4711.711,4740.383,4706.94,4726.492,22846,57,0
2026-04-24 15:00:00+00:00,4726.555,4733.379,4714.605,4727.164,19307,57,0
2026-04-24 16:00:00+00:00,4727.11,4729.799,4719.148,4726.624,11533,57,0
2026-04-24 17:00:00+00:00,4726.68,4730.029,4719.018,4723.51,10162,57,0
2026-04-24 18:00:00+00:00,4723.564,4724.914,4716.919,4722.633,6706,57,0
2026-04-24 19:00:00+00:00,4722.691,4726.125,4713.725,4716.664,6968,57,0
2026-04-24 20:00:00+00:00,4716.552,4717.565,4705.386,4708.529,5513,57,0
2026-04-26 22:00:00+00:00,4696.208,4699.968,4680.257,4684.829,6520,57,0
2026-04-26 23:00:00+00:00,4684.733,4684.903,4674.961,4680.173,5320,57,0
2026-04-27 00:00:00+00:00,4680.236,4698.136,4672.138,4697.735,9123,57,0
2026-04-27 01:00:00+00:00,4697.986,4709.746,4690.826,4702.622,15936,57,0
2026-04-27 02:00:00+00:00,4702.692,4723.6,4696.26,4718.327,10507,57,0
2026-04-27 03:00:00+00:00,4718.353,4729.55,4714.639,4724.365,8180,57,0
2026-04-27 04:00:00+00:00,4724.027,4730.168,4722.824,4724.953,5527,57,0
2026-04-27 05:00:00+00:00,4724.915,4725.452,4708.697,4710.244,7824,57,0
2026-04-27 06:00:00+00:00,4710.049,4715.753,4709.238,4713.006,8319,57,0
2026-04-27 07:00:00+00:00,4712.84,4718.234,4710.195,4713.524,8020,57,0
2026-04-27 08:00:00+00:00,4713.587,4714.8,4705.478,4706.726,7525,57,0
2026-04-27 09:00:00+00:00,4707.011,4708.329,4699.223,4703.567,6473,57,0
2026-04-27 10:00:00+00:00,4703.628,4711.074,4699.556,4708.981,5329,57,0
2026-04-27 11:00:00+00:00,4709.037,4709.087,4700.103,4704.753,6457,57,0
2026-04-27 12:00:00+00:00,4705.057,4712.612,4696.955,4699.386,10427,57,0
2026-04-27 13:00:00+00:00,4699.446,4703.568,4689.091,4696.272,16093,57,0
2026-04-27 14:00:00+00:00,4696.058,4696.845,4676.466,4678.069,17522,57,0
2026-04-27 15:00:00+00:00,4678.301,4682.497,4667.117,4670.249,15050,57,0
2026-04-27 16:00:00+00:00,4670.12,4679.4,4667.372,4676.59,8338,57,0
2026-04-27 17:00:00+00:00,4676.646,4686.34,4668.166,4682.299,9353,57,0
2026-04-27 18:00:00+00:00,4682.357,4685.557,4678.897,4680.934,5933,57,0
2026-04-27 19:00:00+00:00,4680.8,4682.831,4676.647,4680.852,5924,57,0
2026-04-27 20:00:00+00:00,4680.9,4681.36,4677.411,4680.151,3210,57,0
2026-04-27 22:00:00+00:00,4684.363,4691.292,4682.284,4688.045,4107,57,0
2026-04-27 23:00:00+00:00,4687.949,4695.194,4687.26,4692.153,3638,57,0
2026-04-28 00:00:00+00:00,4692.215,4701.529,4690.513,4690.513,6744,57,0
2026-04-28 01:00:00+00:00,4690.664,4691.517,4669.428,4670.893,10846,57,0
2026-04-28 02:00:00+00:00,4670.951,4679.684,4666.549,4669.174,9295,57,0
2026-04-28 03:00:00+00:00,4669.272,4675.96,4668.583,4671.061,6466,57,0
2026-04-28 04:00:00+00:00,4671.004,4671.433,4666.651,4667.717,4908,57,0
2026-04-28 05:00:00+00:00,4667.52,4668.147,4623.966,4632.395,17445,57,0
2026-04-28 06:00:00+00:00,4632.051,4643.034,4623.334,4629.07,13330,57,0
2026-04-28 07:00:00+00:00,4629.109,4639.427,4620.541,4633.233,12146,57,0
2026-04-28 08:00:00+00:00,4633.05,4635.347,4614.718,4629.632,13261,57,0
2026-04-28 09:00:00+00:00,4629.78,4630.184,4604.733,4605.035,11572,57,0
2026-04-28 10:00:00+00:00,4604.909,4616.403,4603.322,4603.322,8507,57,0
2026-04-28 11:00:00+00:00,4603.256,4608.672,4555.411,4562.513,20695,57,0
2026-04-28 12:00:00+00:00,4562.625,4600.25,4554.925,4593.922,23136,57,0
2026-04-28 13:00:00+00:00,4593.581,4594.693,4570.786,4580.571,28112,57,0
2026-04-28 14:00:00+00:00,4580.263,4580.866,4557.255,4574.361,28384,57,0
2026-04-28 15:00:00+00:00,4574.417,4586.563,4567.078,4586.326,20142,57,0
2026-04-28 16:00:00+00:00,4586.263,4595.061,4578.078,4592.262,13056,57,0
2026-04-28 17:00:00+00:00,4592.47,4601.663,4587.141,4594.908,10952,57,0
2026-04-28 18:00:00+00:00,4594.895,4600.789,4592.28,4594.467,7709,57,0
2026-04-28 19:00:00+00:00,4594.559,4600.075,4593.536,4595.849,7260,57,0
2026-04-28 20:00:00+00:00,4595.759,4598.696,4591.174,4596.609,4213,57,0
2026-04-28 22:00:00+00:00,4598.516,4599.604,4592.656,4594.043,3126,57,0
2026-04-28 23:00:00+00:00,4594.031,4596.261,4587.928,4595.881,4023,57,0
2026-04-29 00:00:00+00:00,4595.944,4610.32,4594.964,4600.16,9635,57,0
2026-04-29 01:00:00+00:00,4600.109,4600.54,4576.034,4584.702,18228,57,0
2026-04-29 02:00:00+00:00,4584.747,4604.21,4584.747,4593.671,10745,57,0
2026-04-29 03:00:00+00:00,4593.713,4603.437,4592.195,4595.442,7001,57,0
2026-04-29 04:00:00+00:00,4595.507,4605.823,4595.242,4604.752,5502,57,0
2026-04-29 05:00:00+00:00,4604.865,4607.913,4590.725,4591.234,7774,57,0
2026-04-29 06:00:00+00:00,4591.131,4598.688,4580.734,4584.473,10356,57,0
2026-04-29 07:00:00+00:00,4584.391,4588.766,4567.243,4568.069,11930,57,0
2026-04-29 08:00:00+00:00,4568.161,4576.66,4557.351,4573.371,12416,57,0
2026-04-29 09:00:00+00:00,4573.431,4580.85,4551.59,4555.647,11455,57,0
2026-04-29 10:00:00+00:00,4555.688,4576.641,4554.93,4569.88,8728,57,0
2026-04-29 11:00:00+00:00,4569.916,4572.045,4559.411,4561.688,9398,57,0
2026-04-29 12:00:00+00:00,4561.565,4568.985,4541.578,4545.074,12338,57,0
2026-04-29 13:00:00+00:00,4545.129,4553.478,4510.165,4521.971,24042,57,0
2026-04-29 14:00:00+00:00,4522.025,4542.877,4517.816,4539.241,20503,57,0
2026-04-29 15:00:00+00:00,4539.184,4558.782,4536.346,4547.912,21261,57,0
2026-04-29 16:00:00+00:00,4547.97,4565.144,4543.33,4545.4,14633,57,0
2026-04-29 17:00:00+00:00,4545.673,4554.533,4541.564,4547.481,12855,57,0
2026-04-29 18:00:00+00:00,4547.371,4552.786,4518.032,4537.95,31599,57,0
2026-04-29 19:00:00+00:00,4538.028,4550.631,4533.212,4547.08,16222,57,0
2026-04-29 20:00:00+00:00,4546.983,4553.513,4541.427,4543.785,12988,57,0
2026-04-29 22:00:00+00:00,4542.962,4552.786,4539.403,4552.267,4893,57,0
2026-04-29 23:00:00+00:00,4552.147,4562.205,4549.524,4561.786,4716,57,0
2026-04-30 00:00:00+00:00,4561.74,4574.226,4556.397,4569.782,12958,57,0
2026-04-30 01:00:00+00:00,4569.724,4582.48,4564.596,4579.288,13627,57,0
2026-04-30 02:00:00+00:00,4579.296,4582.006,4559.726,4564.805,12138,57,0
2026-04-30 03:00:00+00:00,4564.703,4569.146,4555.888,4556.212,8247,57,0
2026-04-30 04:00:00+00:00,4556.12,4557.178,4540.973,4542.291,9401,57,0
2026-04-30 05:00:00+00:00,4542.225,4569.844,4542.121,4562.825,9852,57,0
2026-04-30 06:00:00+00:00,4562.882,4591.687,4560.371,4589.387,12741,57,0
2026-04-30 07:00:00+00:00,4589.567,4605.487,4584.903,4598.331,10391,57,0
2026-04-30 08:00:00+00:00,4598.39,4629.851,4597.318,4616.433,17214,57,0
2026-04-30 09:00:00+00:00,4616.595,4631.8,4614.365,4625.081,14215,57,0
2026-04-30 10:00:00+00:00,4625.149,4647.126,4623.599,4639.745,14666,57,0
2026-04-30 11:00:00+00:00,4639.751,4645.961,4626.822,4630.056,16328,57,0
2026-04-30 12:00:00+00:00,4630.12,4639.977,4624.735,4639.617,14134,57,0
2026-04-30 13:00:00+00:00,4639.693,4646.24,4610.512,4610.625,24148,57,0
2026-04-30 14:00:00+00:00,4610.982,4626.133,4609.218,4619.864,34617,57,0
2026-04-30 15:00:00+00:00,4619.779,4625.577,4611.325,4615.482,16477,57,0
2026-04-30 16:00:00+00:00,4615.492,4617.771,4605.299,4607.701,11311,57,0
2026-04-30 17:00:00+00:00,4607.446,4621.895,4607.446,4616.742,11231,57,0
2026-04-30 18:00:00+00:00,4616.895,4625.3,4616.874,4622.586,8100,57,0
2026-04-30 19:00:00+00:00,4622.475,4627.607,4614.519,4617.13,8276,57,0
2026-04-30 20:00:00+00:00,4617.189,4622.161,4615.64,4620.778,5544,57,0
2026-04-30 22:00:00+00:00,4627.957,4632.845,4625.402,4630.537,4348,57,0
2026-04-30 23:00:00+00:00,4630.604,4634.124,4626.459,4626.459,4260,57,0
2026-05-01 00:00:00+00:00,4626.603,4631.012,4618.648,4619.791,9364,57,0
2026-05-01 01:00:00+00:00,4619.9,4622.142,4613.846,4621.094,7336,57,0
2026-05-01 02:00:00+00:00,4621.01,4636.042,4616.48,4619.269,7694,57,0
2026-05-01 03:00:00+00:00,4619.212,4631.94,4617.699,4626.876,6412,57,0
2026-05-01 04:00:00+00:00,4626.943,4628.989,4609.199,4609.342,7115,57,0
2026-05-01 05:00:00+00:00,4609.194,4616.191,4603.086,4605.121,6684,57,0
2026-05-01 06:00:00+00:00,4605.124,4607.914,4590.849,4594.659,9235,57,0
2026-05-01 07:00:00+00:00,4594.602,4598.096,4576.056,4578.121,9384,57,0
2026-05-01 08:00:00+00:00,4578.457,4582.703,4565.116,4569.164,8836,57,0
2026-05-01 09:00:00+00:00,4569.203,4572.938,4559.877,4562.776,7588,57,0
2026-05-01 10:00:00+00:00,4562.628,4576.116,4561.43,4566.833,5970,57,0
2026-05-01 11:00:00+00:00,4566.89,4579.703,4562.666,4578.878,7588,57,0
2026-05-01 12:00:00+00:00,4578.799,4607.956,4574.936,4591.183,14822,57,0
2026-05-01 13:00:00+00:00,4591.026,4629.06,4586.613,4625.584,18258,57,0
2026-05-01 14:00:00+00:00,4625.194,4660.368,4625.194,4632.123,27673,57,0
2026-05-01 15:00:00+00:00,4632.201,4648.264,4619.14,4643.432,18193,57,0
2026-05-01 16:00:00+00:00,4643.082,4650.079,4634.024,4639.145,14007,57,0
2026-05-01 17:00:00+00:00,4639.082,4642.769,4626.755,4629.726,9639,57,0
2026-05-01 18:00:00+00:00,4629.804,4630.712,4613.877,4624.493,9437,57,0
2026-05-01 19:00:00+00:00,4624.295,4627.885,4608.931,4610.695,8113,57,0
2026-05-01 20:00:00+00:00,4610.767,4617.206,4607.144,4613.705,5916,57,0
2026-05-03 22:00:00+00:00,4626.147,4629.515,4612.597,4619.079,5894,60,0
2026-05-03 23:00:00+00:00,4619.066,4620.847,4611.223,4613.822,5849,60,0
2026-05-04 00:00:00+00:00,4614.047,4616.469,4601.811,4613.26,11731,60,0
2026-05-04 01:00:00+00:00,4613.139,4614.229,4592.611,4613.006,10650,60,0
2026-05-04 02:00:00+00:00,4612.949,4618.72,4591.196,4605.904,10340,60,0
2026-05-04 03:00:00+00:00,4606.031,4617.337,4598.532,4615.172,10243,60,0
2026-05-04 04:00:00+00:00,4615.136,4615.61,4605.389,4606.19,7360,60,0
2026-05-04 05:00:00+00:00,4606.227,4613.187,4592.45,4599.126,12059,60,0
2026-05-04 06:00:00+00:00,4599.042,4600.76,4583.558,4588.802,11927,60,0
2026-05-04 07:00:00+00:00,4588.759,4593.446,4578.024,4579.173,9768,60,0
2026-05-04 08:00:00+00:00,4579.191,4581.379,4573.805,4577.161,9706,60,0
2026-05-04 09:00:00+00:00,4577.036,4584.628,4572.208,4575.603,6768,60,0
2026-05-04 10:00:00+00:00,4575.592,4576.026,4525.932,4562.542,30115,60,0
2026-05-04 11:00:00+00:00,4562.732,4571.003,4551.551,4560.545,18677,60,0
2026-05-04 12:00:00+00:00,4560.456,4579.505,4559.194,4568.463,17603,60,0
2026-05-04 13:00:00+00:00,4568.302,4575.9,4555.758,4564.281,28085,60,0
2026-05-04 14:00:00+00:00,4564.205,4583.472,4553.509,4561.641,26326,60,0
2026-05-04 15:00:00+00:00,4561.698,4566.226,4512.307,4521.511,45266,60,0
2026-05-04 16:00:00+00:00,4521.556,4527.17,4500.741,4510.689,29722,60,0
2026-05-04 17:00:00+00:00,4510.733,4531.694,4510.733,4522.335,15023,60,0
2026-05-04 18:00:00+00:00,4522.391,4525.583,4509.773,4516.352,9575,60,0
2026-05-04 19:00:00+00:00,4516.156,4527.239,4511.423,4517.788,11264,60,0
2026-05-04 20:00:00+00:00,4517.897,4523.478,4511.688,4523.478,4646,60,0
2026-05-04 22:00:00+00:00,4522.748,4524.411,4515.623,4517.448,3427,60,0
2026-05-04 23:00:00+00:00,4517.379,4521.774,4516.398,4519.079,3581,60,0
2026-05-05 00:00:00+00:00,4519.091,4530.495,4513.531,4529.692,9133,60,0
2026-05-05 01:00:00+00:00,4529.826,4542.25,4525.279,4540.943,9317,60,0
2026-05-05 02:00:00+00:00,4540.897,4546.943,4534.842,4539.221,6681,60,0
2026-05-05 03:00:00+00:00,4539.049,4542.766,4532.52,4534.731,5344,60,0
2026-05-05 04:00:00+00:00,4534.694,4536.827,4528.054,4533.657,5673,60,0
2026-05-05 05:00:00+00:00,4533.595,4551.894,4531.36,4545.633,9113,60,0
2026-05-05 06:00:00+00:00,4545.835,4552.312,4533.782,4548.273,9639,60,0
2026-05-05 07:00:00+00:00,4548.331,4558.45,4543.403,4545.466,8855,60,0
2026-05-05 08:00:00+00:00,4545.731,4559.696,4545.504,4558.403,8819,60,0
2026-05-05 09:00:00+00:00,4558.452,4560.643,4551.224,4556.175,8195,60,0
2026-05-05 10:00:00+00:00,4556.233,4556.92,4540.313,4543.699,7223,60,0
2026-05-05 11:00:00+00:00,4543.628,4565.08,4539.807,4562.663,8843,60,0
2026-05-05 12:00:00+00:00,4562.905,4574.745,4554.35,4564.488,11617,60,0
2026-05-05 13:00:00+00:00,4564.452,4585.097,4564.398,4579.62,14180,60,0
2026-05-05 14:00:00+00:00,4579.715,4586.835,4565.939,4582.433,16131,60,0
2026-05-05 15:00:00+00:00,4582.524,4583.963,4568.374,4568.75,10009,60,0
2026-05-05 16:00:00+00:00,4568.695,4569.197,4553.865,4561.1,9085,60,0
2026-05-05 17:00:00+00:00,4561.115,4562.926,4553.212,4559.769,7440,60,0
2026-05-05 18:00:00+00:00,4559.891,4565.819,4557.603,4561.156,5259,60,0
2026-05-05 19:00:00+00:00,4561.043,4561.602,4551.697,4554.922,5402,60,0
2026-05-05 20:00:00+00:00,4555.0,4559.982,4553.957,4556.433,3721,60,0
2026-05-05 22:00:00+00:00,4555.049,4577.281,4546.319,4573.308,6557,60,0
2026-05-05 23:00:00+00:00,4573.369,4595.913,4569.698,4593.918,8846,60,0
2026-05-06 00:00:00+00:00,4593.86,4620.152,4588.326,4618.753,12337,60,0
2026-05-06 01:00:00+00:00,4618.691,4628.693,4609.501,4625.988,14510,60,0
2026-05-06 02:00:00+00:00,4625.921,4642.092,4625.294,4640.787,9094,60,0
2026-05-06 03:00:00+00:00,4640.573,4652.254,4638.489,4644.009,8559,60,0
2026-05-06 04:00:00+00:00,4643.898,4653.763,4643.497,4648.919,7914,60,0
2026-05-06 05:00:00+00:00,4649.242,4664.001,4644.608,4662.827,8976,60,0
2026-05-06 06:00:00+00:00,4662.891,4669.733,4657.05,4669.233,9597,60,0
2026-05-06 07:00:00+00:00,4669.304,4681.915,4657.623,4681.342,9579,60,0
2026-05-06 08:00:00+00:00,4681.535,4702.788,4671.505,4700.139,14313,60,0
2026-05-06 09:00:00+00:00,4700.249,4708.592,4688.817,4701.717,15915,60,0
2026-05-06 10:00:00+00:00,4701.873,4723.156,4695.378,4717.888,14041,60,0
2026-05-06 11:00:00+00:00,4717.857,4721.225,4690.847,4692.242,14724,60,0
2026-05-06 12:00:00+00:00,4692.179,4693.249,4660.196,4683.387,19382,60,0
2026-05-06 13:00:00+00:00,4683.417,4707.926,4668.799,4702.49,23553,60,0
2026-05-06 14:00:00+00:00,4702.286,4717.523,4697.471,4702.96,18832,60,0
2026-05-06 15:00:00+00:00,4702.903,4705.962,4687.666,4687.968,12067,60,0
2026-05-06 16:00:00+00:00,4687.907,4691.983,4679.502,4683.181,10677,60,0
2026-05-06 17:00:00+00:00,4682.958,4688.083,4678.838,4683.973,8770,60,0
2026-05-06 18:00:00+00:00,4684.108,4690.703,4681.969,4686.24,6353,60,0
2026-05-06 19:00:00+00:00,4686.309,4700.308,4686.087,4692.456,6810,60,0
2026-05-06 20:00:00+00:00,4692.37,4699.695,4685.123,4690.908,4950,60,0
2026-05-06 22:00:00+00:00,4692.841,4699.861,4689.391,4695.149,4438,60,0
2026-05-06 23:00:00+00:00,4695.087,4699.593,4690.141,4699.087,4500,60,0
2026-05-07 00:00:00+00:00,4698.923,4701.35,4685.578,4688.607,11827,60,0
2026-05-07 01:00:00+00:00,4688.667,4721.545,4685.356,4715.028,14409,60,0
2026-05-07 02:00:00+00:00,4714.991,4718.636,4699.81,4707.167,10299,60,0
2026-05-07 03:00:00+00:00,4707.336,4710.05,4698.947,4699.331,6575,60,0
2026-05-07 04:00:00+00:00,4699.224,4701.147,4692.318,4696.338,7376,60,0
2026-05-07 05:00:00+00:00,4696.605,4706.59,4694.922,4701.297,7471,60,0
2026-05-07 06:00:00+00:00,4701.354,4750.362,4701.223,4739.37,13512,60,0
2026-05-07 07:00:00+00:00,4739.3,4750.737,4731.547,4743.28,14665,60,0
2026-05-07 08:00:00+00:00,4743.34,4753.567,4730.967,4731.316,11720,60,0
2026-05-07 09:00:00+00:00,4731.428,4739.44,4721.704,4729.066,9646,60,0
2026-05-07 10:00:00+00:00,4728.958,4739.819,4726.635,4735.858,8156,60,0
2026-05-07 11:00:00+00:00,4735.931,4743.757,4727.2,4742.774,9150,60,0
2026-05-07 12:00:00+00:00,4742.904,4752.871,4733.314,4750.008,12523,60,0
2026-05-07 13:00:00+00:00,4750.088,4758.203,4731.152,4746.259,19559,60,0
2026-05-07 14:00:00+00:00,4746.297,4763.499,4741.0,4762.587,16245,60,0
2026-05-07 15:00:00+00:00,4762.649,4764.847,4726.226,4729.423,18031,60,0
2026-05-07 16:00:00+00:00,4729.514,4729.954,4704.428,4714.915,20435,60,0
2026-05-07 17:00:00+00:00,4714.962,4719.595,4687.491,4711.57,26078,60,0
2026-05-07 18:00:00+00:00,4711.424,4716.261,4695.636,4709.661,17459,60,0
2026-05-07 19:00:00+00:00,4709.741,4713.132,4697.76,4703.208,14638,60,0
2026-05-07 20:00:00+00:00,4703.27,4719.237,4686.444,4688.584,11861,60,0
2026-05-07 22:00:00+00:00,4689.19,4699.299,4681.823,4686.085,7732,60,0
2026-05-07 23:00:00+00:00,4685.949,4705.626,4684.511,4704.181,5184,60,0
2026-05-08 00:00:00+00:00,4704.118,4709.566,4693.994,4701.291,11303,60,0
2026-05-08 01:00:00+00:00,4701.219,4725.605,4700.615,4722.775,14047,60,0
2026-05-08 02:00:00+00:00,4722.832,4732.852,4707.148,4713.487,12537,60,0
2026-05-08 03:00:00+00:00,4713.43,4731.057,4711.01,4719.814,8890,60,0
2026-05-08 04:00:00+00:00,4719.872,4723.169,4708.835,4711.201,7394,60,0
2026-05-08 05:00:00+00:00,4711.286,4731.437,4709.682,4727.758,9180,60,0
2026-05-08 06:00:00+00:00,4727.478,4734.684,4712.805,4725.64,12701,60,0
2026-05-08 07:00:00+00:00,4725.575,4726.636,4697.173,4708.15,15051,60,0
2026-05-08 08:00:00+00:00,4708.152,4723.434,4706.737,4715.916,9722,60,0
2026-05-08 09:00:00+00:00,4715.829,4722.846,4707.513,4711.829,9054,60,0
2026-05-08 10:00:00+00:00,4711.864,4728.142,4711.231,4719.668,7985,60,0
2026-05-08 11:00:00+00:00,4719.739,4727.305,4713.812,4717.879,8211,60,0
2026-05-08 12:00:00+00:00,4717.712,4732.154,4702.624,4724.307,17393,60,0
2026-05-08 13:00:00+00:00,4724.244,4747.862,4716.482,4747.848,20417,60,0
2026-05-08 14:00:00+00:00,4748.089,4749.645,4713.365,4715.773,21102,60,0
2026-05-08 15:00:00+00:00,4715.935,4721.081,4701.87,4707.261,17243,60,0
2026-05-08 16:00:00+00:00,4707.067,4720.199,4705.627,4712.331,9045,60,0
2026-05-08 17:00:00+00:00,4712.268,4722.906,4712.245,4720.762,7102,60,0
2026-05-08 18:00:00+00:00,4720.899,4729.143,4719.977,4722.143,7167,60,0
2026-05-08 19:00:00+00:00,4722.041,4727.008,4721.101,4723.906,5798,60,0
2026-05-08 20:00:00+00:00,4723.975,4724.424,4714.5,4715.22,4485,60,0
2026-05-10 22:00:00+00:00,4692.018,4696.391,4679.139,4692.104,7399,60,0
2026-05-10 23:00:00+00:00,4692.038,4698.659,4688.921,4691.792,5593,60,0
2026-05-11 00:00:00+00:00,4691.59,4693.367,4670.147,4683.633,15504,60,0
2026-05-11 01:00:00+00:00,4683.572,4705.438,4674.705,4685.906,22833,60,0
2026-05-11 02:00:00+00:00,4685.851,4700.258,4676.707,4681.643,14028,60,0
2026-05-11 03:00:00+00:00,4681.572,4690.555,4674.933,4678.928,9248,60,0
2026-05-11 04:00:00+00:00,4678.734,4679.791,4668.581,4672.266,7910,60,0
2026-05-11 05:00:00+00:00,4672.237,4680.661,4648.348,4652.392,12666,60,0
2026-05-11 06:00:00+00:00,4652.565,4680.552,4649.329,4678.31,12859,60,0
2026-05-11 07:00:00+00:00,4678.384,4680.318,4664.544,4667.746,9448,60,0
2026-05-11 08:00:00+00:00,4667.882,4678.73,4664.175,4667.618,9376,60,0
2026-05-11 09:00:00+00:00,4667.783,4669.976,4650.654,4656.89,9157,60,0
2026-05-11 10:00:00+00:00,4656.811,4667.369,4656.274,4664.118,7610,60,0
2026-05-11 11:00:00+00:00,4663.981,4677.364,4663.981,4674.444,7940,60,0
2026-05-11 12:00:00+00:00,4674.613,4701.259,4667.467,4700.138,16921,60,0
2026-05-11 13:00:00+00:00,4699.903,4748.705,4698.651,4736.43,24474,60,0
2026-05-11 14:00:00+00:00,4736.422,4738.759,4715.336,4725.767,17991,60,0
2026-05-11 15:00:00+00:00,4725.702,4738.311,4722.837,4731.996,11345,60,0
2026-05-11 16:00:00+00:00,4732.36,4733.666,4707.979,4716.402,11316,60,0
2026-05-11 17:00:00+00:00,4716.671,4724.676,4715.894,4723.57,7287,60,0
2026-05-11 18:00:00+00:00,4723.631,4729.565,4720.831,4725.158,6277,60,0
2026-05-11 19:00:00+00:00,4725.225,4736.537,4722.389,4733.449,6366,60,0
2026-05-11 20:00:00+00:00,4733.508,4738.708,4729.878,4735.292,4234,60,0
2026-05-11 22:00:00+00:00,4739.645,4755.087,4737.631,4751.082,4976,60,0
2026-05-11 23:00:00+00:00,4750.866,4770.144,4746.006,4767.708,6728,60,0
2026-05-12 00:00:00+00:00,4767.626,4773.703,4748.43,4749.467,14521,60,0
2026-05-12 01:00:00+00:00,4749.532,4755.54,4720.168,4727.327,21913,60,0
2026-05-12 02:00:00+00:00,4727.26,4733.812,4722.087,4729.963,13407,60,0
2026-05-12 03:00:00+00:00,4730.2,4733.143,4718.055,4720.414,8962,60,0
2026-05-12 04:00:00+00:00,4720.098,4730.512,4711.202,4714.345,8140,60,0
2026-05-12 05:00:00+00:00,4713.985,4722.072,4708.873,4714.529,12492,60,0
2026-05-12 06:00:00+00:00,4714.153,4714.616,4694.36,4696.86,14543,60,0
2026-05-12 07:00:00+00:00,4696.924,4704.019,4686.622,4700.044,11328,60,0
2026-05-12 08:00:00+00:00,4699.981,4706.713,4696.956,4703.662,8970,60,0
2026-05-12 09:00:00+00:00,4703.604,4705.319,4694.336,4699.391,8957,60,0
2026-05-12 10:00:00+00:00,4699.487,4708.646,4685.225,4694.313,9896,60,0
2026-05-12 11:00:00+00:00,4694.668,4709.488,4687.066,4706.851,10351,60,0
2026-05-12 12:00:00+00:00,4706.92,4711.765,4689.534,4705.635,16002,60,0
2026-05-12 13:00:00+00:00,4705.871,4709.109,4676.947,4679.466,24013,60,0
2026-05-12 14:00:00+00:00,4679.53,4695.202,4669.262,4673.105,21934,60,0
2026-05-12 15:00:00+00:00,4673.039,4676.06,4638.121,4666.289,23093,60,0
2026-05-12 16:00:00+00:00,4666.053,4675.244,4664.201,4671.053,10520,60,0
2026-05-12 17:00:00+00:00,4671.111,4682.493,4671.111,4679.046,9100,60,0
2026-05-12 18:00:00+00:00,4679.103,4698.357,4676.206,4695.929,9687,60,0
2026-05-12 19:00:00+00:00,4696.215,4715.993,4696.215,4715.897,7278,60,0
2026-05-12 20:00:00+00:00,4715.84,4719.612,4712.214,4715.278,4686,60,0
2026-05-12 22:00:00+00:00,4717.115,4722.373,4711.696,4717.173,4929,60,0
2026-05-12 23:00:00+00:00,4717.111,4723.89,4715.336,4716.811,6445,60,0
2026-05-13 00:00:00+00:00,4717.201,4727.184,4713.643,4714.53,11776,60,0
2026-05-13 01:00:00+00:00,4714.59,4717.142,4701.146,4702.702,14467,60,0
2026-05-13 02:00:00+00:00,4702.547,4707.533,4687.535,4692.062,10391,60,0
2026-05-13 03:00:00+00:00,4692.01,4705.99,4689.036,4696.208,7820,60,0
2026-05-13 04:00:00+00:00,4696.162,4703.539,4695.493,4699.462,6250,60,0
2026-05-13 05:00:00+00:00,4699.696,4707.44,4693.573,4703.954,9850,60,0
2026-05-13 06:00:00+00:00,4703.987,4715.271,4699.166,4701.912,10192,60,0
2026-05-13 07:00:00+00:00,4701.803,4709.012,4696.625,4703.062,9008,60,0
2026-05-13 08:00:00+00:00,4703.002,4704.444,4694.406,4700.811,8112,60,0
2026-05-13 09:00:00+00:00,4700.709,4701.983,4685.971,4700.811,8560,60,0
2026-05-13 10:00:00+00:00,4700.875,4710.715,4693.808,4694.025,8543,60,0
2026-05-13 11:00:00+00:00,4694.376,4705.344,4691.44,4697.617,8438,60,0
2026-05-13 12:00:00+00:00,4697.555,4701.587,4675.921,4683.964,16503,60,0
2026-05-13 13:00:00+00:00,4683.903,4694.752,4669.478,4679.612,18033,60,0
2026-05-13 14:00:00+00:00,4679.551,4690.984,4672.849,4680.008,15363,60,0
2026-05-13 15:00:00+00:00,4680.066,4700.32,4678.9,4695.417,11193,60,0
2026-05-13 16:00:00+00:00,4695.585,4710.116,4695.042,4695.849,10064,60,0
2026-05-13 17:00:00+00:00,4695.905,4701.465,4684.786,4685.757,8265,60,0
2026-05-13 18:00:00+00:00,4685.825,4694.004,4677.517,4684.874,7722,60,0
2026-05-13 19:00:00+00:00,4684.931,4690.667,4683.28,4688.179,6118,60,0
2026-05-13 20:00:00+00:00,4688.276,4693.679,4686.017,4688.938,3778,60,0
2026-05-13 22:00:00+00:00,4691.816,4700.782,4689.102,4700.332,3770,60,0
2026-05-13 23:00:00+00:00,4700.268,4702.398,4693.236,4696.806,3891,60,0
2026-05-14 00:00:00+00:00,4696.44,4706.983,4689.641,4705.249,9760,60,0
2026-05-14 01:00:00+00:00,4705.17,4707.046,4683.59,4688.958,20095,60,0
2026-05-14 02:00:00+00:00,4688.729,4699.573,4679.939,4686.572,12306,60,0
2026-05-14 03:00:00+00:00,4686.659,4693.293,4674.198,4674.921,11329,60,0
2026-05-14 04:00:00+00:00,4675.007,4712.951,4667.932,4702.645,11430,60,0
2026-05-14 05:00:00+00:00,4702.716,4704.302,4689.294,4690.037,11230,60,0
2026-05-14 06:00:00+00:00,4690.005,4702.569,4686.158,4700.17,10346,60,0
2026-05-14 07:00:00+00:00,4700.083,4719.02,4690.693,4693.334,13193,60,0
2026-05-14 08:00:00+00:00,4693.397,4706.537,4691.949,4693.51,10331,60,0
2026-05-14 09:00:00+00:00,4693.581,4702.514,4688.554,4699.64,9514,60,0
2026-05-14 10:00:00+00:00,4699.492,4705.441,4691.17,4696.909,9069,60,0
2026-05-14 11:00:00+00:00,4696.848,4704.91,4689.346,4694.184,8926,60,0
2026-05-14 12:00:00+00:00,4694.12,4710.129,4692.466,4705.015,12609,60,0
2026-05-14 13:00:00+00:00,4704.753,4707.901,4666.726,4679.827,25529,60,0
2026-05-14 14:00:00+00:00,4679.766,4701.07,4677.69,4679.755,18198,60,0
2026-05-14 15:00:00+00:00,4679.699,4689.406,4676.997,4685.746,11023,60,0
2026-05-14 16:00:00+00:00,4685.67,4687.029,4670.285,4678.753,9424,60,0
2026-05-14 17:00:00+00:00,4678.81,4683.208,4676.385,4678.445,7793,60,0
2026-05-14 18:00:00+00:00,4678.502,4678.668,4667.116,4671.536,7572,60,0
2026-05-14 19:00:00+00:00,4671.594,4672.002,4653.112,4654.407,7896,60,0
2026-05-14 20:00:00+00:00,4654.229,4657.479,4644.424,4651.463,5365,60,0
2026-05-14 22:00:00+00:00,4651.93,4662.952,4647.045,4662.321,4770,60,0
2026-05-14 23:00:00+00:00,4662.619,4665.521,4646.721,4652.391,7064,60,0
2026-05-15 00:00:00+00:00,4652.242,4658.312,4613.393,4630.27,22109,60,0
2026-05-15 01:00:00+00:00,4630.208,4631.564,4607.208,4614.196,31517,60,0
2026-05-15 02:00:00+00:00,4614.285,4623.463,4609.267,4618.253,16423,60,0
2026-05-15 03:00:00+00:00,4618.135,4622.208,4607.507,4615.642,10125,60,0
2026-05-15 04:00:00+00:00,4615.701,4621.671,4604.373,4606.325,9276,60,0
2026-05-15 05:00:00+00:00,4606.388,4606.691,4556.744,4559.018,27449,60,0
2026-05-15 06:00:00+00:00,4558.935,4580.715,4556.286,4570.146,22872,60,0
2026-05-15 07:00:00+00:00,4569.794,4588.678,4566.105,4571.011,16647,60,0
2026-05-15 08:00:00+00:00,4570.725,4572.153,4549.966,4554.624,18555,60,0
2026-05-15 09:00:00+00:00,4554.28,4563.725,4532.005,4545.983,19274,60,0
2026-05-15 10:00:00+00:00,4545.909,4572.615,4544.068,4566.216,18900,60,0
2026-05-15 11:00:00+00:00,4566.152,4570.326,4549.836,4552.206,14302,60,0
2026-05-15 12:00:00+00:00,4552.175,4558.991,4543.689,4546.177,16686,60,0
2026-05-15 13:00:00+00:00,4546.086,4557.762,4511.34,4533.667,33731,60,0
2026-05-15 14:00:00+00:00,4533.609,4566.687,4525.548,4562.892,31813,60,0
2026-05-15 15:00:00+00:00,4562.96,4563.771,4533.752,4539.774,19874,60,0
2026-05-15 16:00:00+00:00,4540.057,4548.162,4529.374,4544.383,12184,60,0
2026-05-15 17:00:00+00:00,4544.328,4564.692,4543.237,4559.702,11307,60,0
2026-05-15 18:00:00+00:00,4559.766,4563.203,4552.295,4559.499,8133,60,0
2026-05-15 19:00:00+00:00,4559.261,4560.382,4544.945,4546.059,7780,60,0
2026-05-15 20:00:00+00:00,4545.995,4546.564,4533.076,4539.713,7451,60,0
2026-05-17 22:00:00+00:00,4538.508,4554.87,4538.205,4546.4,8507,60,0
2026-05-17 23:00:00+00:00,4546.405,4548.293,4532.086,4537.014,10857,60,0
2026-05-18 00:00:00+00:00,4537.082,4542.749,4480.382,4515.223,36477,60,0
2026-05-18 01:00:00+00:00,4515.155,4535.763,4489.579,4525.644,42300,60,0
2026-05-18 02:00:00+00:00,4525.584,4543.117,4522.23,4533.638,19066,60,0
2026-05-18 03:00:00+00:00,4533.697,4548.154,4525.399,4541.152,17302,60,0
2026-05-18 04:00:00+00:00,4541.306,4550.094,4530.273,4540.529,14760,60,0
2026-05-18 05:00:00+00:00,4540.603,4552.243,4530.11,4531.178,18521,60,0
2026-05-18 06:00:00+00:00,4531.123,4548.297,4529.661,4546.659,17454,60,0
2026-05-18 07:00:00+00:00,4546.728,4560.107,4538.391,4546.187,16259,60,0
2026-05-18 08:00:00+00:00,4546.132,4557.06,4542.461,4550.112,11056,60,0
2026-05-18 09:00:00+00:00,4550.099,4552.076,4540.198,4543.237,9910,60,0
2026-05-18 10:00:00+00:00,4543.176,4547.89,4532.064,4540.167,10191,60,0
2026-05-18 11:00:00+00:00,4540.243,4567.314,4529.886,4550.808,23067,60,0
2026-05-18 12:00:00+00:00,4550.874,4575.036,4545.217,4571.208,21545,60,0
2026-05-18 13:00:00+00:00,4571.289,4584.501,4561.814,4575.86,27218,60,0
2026-05-18 14:00:00+00:00,4575.788,4575.788,4537.854,4546.425,29407,60,0
2026-05-18 15:00:00+00:00,4546.516,4548.111,4531.751,4543.725,21976,60,0
2026-05-18 16:00:00+00:00,4543.855,4554.702,4534.017,4550.342,14177,60,0
2026-05-18 17:00:00+00:00,4550.284,4558.371,4545.567,4546.953,9139,60,0
2026-05-18 18:00:00+00:00,4547.204,4547.977,4534.308,4535.697,8851,60,0
2026-05-18 19:00:00+00:00,4535.763,4565.207,4535.264,4558.546,22008,60,0
2026-05-18 20:00:00+00:00,4558.603,4566.886,4557.828,4566.417,5282,60,0
2026-05-18 22:00:00+00:00,4570.538,4578.264,4567.449,4573.799,4257,60,0
2026-05-18 23:00:00+00:00,4574.033,4589.037,4573.731,4581.685,5541,60,0
2026-05-19 00:00:00+00:00,4582.043,4589.425,4561.195,4563.226,15963,60,0
2026-05-19 01:00:00+00:00,4563.141,4572.563,4554.004,4563.68,18873,60,0
2026-05-19 02:00:00+00:00,4563.595,4563.718,4545.893,4547.349,14934,60,0
2026-05-19 03:00:00+00:00,4547.268,4555.01,4543.671,4545.16,10410,60,0
2026-05-19 04:00:00+00:00,4545.104,4545.885,4538.167,4542.372,9168,60,0
2026-05-19 05:00:00+00:00,4542.592,4546.693,4530.856,4541.031,15128,60,0
2026-05-19 06:00:00+00:00,4541.109,4553.821,4533.799,4548.005,14159,60,0
2026-05-19 07:00:00+00:00,4548.06,4559.175,4541.481,4557.065,13352,60,0
2026-05-19 08:00:00+00:00,4557.138,4559.114,4536.329,4542.975,11322,60,0
2026-05-19 09:00:00+00:00,4542.915,4546.896,4536.005,4542.014,11414,60,0
2026-05-19 10:00:00+00:00,4541.953,4544.594,4525.578,4544.594,12932,60,0
2026-05-19 11:00:00+00:00,4544.53,4548.021,4529.828,4530.902,11954,60,0
2026-05-19 12:00:00+00:00,4530.957,4547.133,4527.37,4537.297,13340,60,0
2026-05-19 13:00:00+00:00,4537.351,4537.572,4464.49,4503.592,48178,60,0
2026-05-19 14:00:00+00:00,4503.738,4514.448,4484.465,4494.033,37545,60,0
2026-05-19 15:00:00+00:00,4493.978,4509.217,4489.706,4508.346,19677,60,0
2026-05-19 16:00:00+00:00,4508.703,4512.658,4496.145,4507.668,10464,60,0
2026-05-19 17:00:00+00:00,4507.866,4511.191,4499.11,4500.994,8892,60,0
2026-05-19 18:00:00+00:00,4500.833,4503.894,4490.207,4493.78,8570,60,0
2026-05-19 19:00:00+00:00,4493.691,4497.833,4481.188,4483.66,8253,60,0
2026-05-19 20:00:00+00:00,4483.58,4488.203,4480.915,4482.119,4862,60,0
2026-05-19 22:00:00+00:00,4482.035,4486.074,4477.457,4484.277,4939,60,0
2026-05-19 23:00:00+00:00,4484.201,4496.455,4480.156,4489.569,6492,60,0
2026-05-20 00:00:00+00:00,4489.513,4509.138,4479.596,4500.907,21949,60,0
2026-05-20 01:00:00+00:00,4500.969,4506.376,4456.205,4481.316,30555,60,0
2026-05-20 02:00:00+00:00,4481.413,4487.159,4458.562,4465.277,21567,60,0
2026-05-20 03:00:00+00:00,4465.21,4467.567,4453.516,4463.659,15918,60,0
2026-05-20 04:00:00+00:00,4463.604,4470.894,4456.598,4462.19,11256,60,0
2026-05-20 05:00:00+00:00,4462.052,4479.019,4461.739,4472.649,14579,60,0
2026-05-20 06:00:00+00:00,4472.542,4478.529,4461.379,4474.18,17357,60,0
2026-05-20 07:00:00+00:00,4474.119,4486.07,4472.164,4478.756,13734,60,0
2026-05-20 08:00:00+00:00,4478.512,4490.338,4476.838,4484.254,14795,60,0
2026-05-20 09:00:00+00:00,4484.247,4491.337,4472.63,4485.066,10060,60,0
2026-05-20 10:00:00+00:00,4484.971,4497.3,4484.624,4494.655,8748,60,0
2026-05-20 11:00:00+00:00,4494.527,4501.303,4490.855,4499.013,9236,60,0
2026-05-20 12:00:00+00:00,4498.948,4505.564,4493.301,4496.141,11412,60,0
2026-05-20 13:00:00+00:00,4496.321,4506.33,4482.025,4483.305,22125,60,0
2026-05-20 14:00:00+00:00,4483.362,4537.39,4467.131,4531.114,46896,60,0
2026-05-20 15:00:00+00:00,4531.466,4553.1,4523.374,4529.294,31256,60,0
2026-05-20 16:00:00+00:00,4529.354,4535.755,4524.094,4534.537,12226,60,0
2026-05-20 17:00:00+00:00,4534.47,4538.48,4529.8,4531.331,9872,60,0
2026-05-20 18:00:00+00:00,4531.592,4545.237,4529.461,4542.556,7851,60,0
2026-05-20 19:00:00+00:00,4542.612,4550.55,4541.589,4545.968,7026,60,0
2026-05-20 20:00:00+00:00,4545.913,4550.599,4542.137,4544.029,6308,60,0
2026-05-20 22:00:00+00:00,4547.829,4547.898,4535.286,4540.345,6046,60,0
2026-05-20 23:00:00+00:00,4540.312,4547.072,4534.852,4546.438,5194,60,0
2026-05-21 00:00:00+00:00,4546.489,4553.577,4537.18,4545.461,13440,60,0
2026-05-21 01:00:00+00:00,4545.522,4571.063,4539.872,4561.258,18698,60,0
2026-05-21 02:00:00+00:00,4561.318,4564.872,4531.365,4533.232,14586,60,0
2026-05-21 03:00:00+00:00,4533.31,4540.159,4527.169,4528.182,8987,60,0
2026-05-21 04:00:00+00:00,4528.42,4540.496,4527.225,4538.356,6746,60,0
2026-05-21 05:00:00+00:00,4538.52,4540.571,4518.267,4528.119,12789,60,0
2026-05-21 06:00:00+00:00,4528.098,4539.806,4518.927,4521.475,14356,60,0
2026-05-21 07:00:00+00:00,4521.406,4524.395,4511.705,4519.859,11269,60,0
2026-05-21 08:00:00+00:00,4519.978,4536.924,4518.219,4532.397,14320,60,0
2026-05-21 09:00:00+00:00,4532.342,4543.133,4528.2,4530.873,11130,60,0
2026-05-21 10:00:00+00:00,4530.52,4535.302,4504.851,4511.836,24459,60,0
2026-05-21 11:00:00+00:00,4511.915,4521.468,4508.018,4514.035,12984,60,0
2026-05-21 12:00:00+00:00,4514.115,4519.255,4502.041,4504.029,17267,60,0
2026-05-21 13:00:00+00:00,4503.967,4521.292,4488.452,4513.452,30937,60,0
2026-05-21 14:00:00+00:00,4513.206,4515.332,4498.275,4508.648,25180,60,0
2026-05-21 15:00:00+00:00,4508.707,4515.509,4496.68,4511.797,19280,60,0
2026-05-21 16:00:00+00:00,4512.148,4520.66,4512.148,4519.404,11946,60,0
2026-05-21 17:00:00+00:00,4519.472,4559.436,4514.177,4551.653,28115,60,0
2026-05-21 18:00:00+00:00,4551.589,4556.186,4527.427,4531.822,21059,60,0
2026-05-21 19:00:00+00:00,4531.881,4543.905,4529.765,4543.022,11929,60,0
2026-05-21 20:00:00+00:00,4542.966,4545.016,4539.798,4542.822,4436,60,0
2026-05-21 22:00:00+00:00,4543.353,4546.125,4539.771,4543.283,3775,60,0
2026-05-21 23:00:00+00:00,4543.235,4545.317,4532.528,4535.416,4581,60,0
2026-05-22 00:00:00+00:00,4535.608,4541.143,4525.759,4527.019,10405,60,0
2026-05-22 01:00:00+00:00,4526.683,4536.274,4520.941,4526.267,16332,60,0
2026-05-22 02:00:00+00:00,4526.205,4529.367,4518.448,4523.0,9928,60,0
2026-05-22 03:00:00+00:00,4522.945,4529.88,4519.231,4529.421,7707,60,0
2026-05-22 04:00:00+00:00,4529.478,4533.214,4525.757,4527.462,6011,60,0
2026-05-22 05:00:00+00:00,4527.4,4534.36,4507.315,4511.395,11030,60,0
2026-05-22 06:00:00+00:00,4511.476,4528.98,4510.286,4526.814,13292,60,0
2026-05-22 07:00:00+00:00,4526.707,4527.467,4516.156,4521.877,9492,60,0
2026-05-22 08:00:00+00:00,4521.996,4531.214,4517.207,4521.87,11019,60,0
2026-05-22 09:00:00+00:00,4522.1,4536.2,4514.827,4532.444,9647,60,0
2026-05-22 10:00:00+00:00,4532.5,4536.968,4510.176,4514.759,10376,60,0
2026-05-22 11:00:00+00:00,4514.671,4525.21,4511.493,4520.836,8465,60,0
2026-05-22 12:00:00+00:00,4520.757,4536.013,4515.137,4528.395,16239,60,0
2026-05-22 13:00:00+00:00,4528.157,4534.461,4510.324,4513.773,22204,60,0
2026-05-22 14:00:00+00:00,4513.904,4513.904,4491.596,4500.829,24333,60,0
2026-05-22 15:00:00+00:00,4500.711,4522.459,4500.223,4520.217,12352,60,0
2026-05-22 16:00:00+00:00,4520.038,4526.986,4512.31,4514.856,9219,60,0
2026-05-22 17:00:00+00:00,4514.918,4527.945,4513.206,4519.454,12077,60,0
2026-05-22 18:00:00+00:00,4519.351,4520.337,4511.714,4515.323,7183,60,0
2026-05-22 19:00:00+00:00,4515.399,4515.932,4504.372,4508.453,8734,60,0
2026-05-22 20:00:00+00:00,4508.565,4510.399,4504.443,4508.069,5241,60,0
2026-05-24 22:00:00+00:00,4545.554,4565.561,4543.496,4564.955,9458,60,0
2026-05-24 23:00:00+00:00,4565.193,4580.123,4565.172,4567.195,6387,60,0
2026-05-25 00:00:00+00:00,4567.243,4579.891,4566.037,4569.366,11281,60,0
2026-05-25 01:00:00+00:00,4569.295,4576.443,4560.169,4563.034,16168,60,0
2026-05-25 02:00:00+00:00,4562.685,4570.412,4558.919,4561.267,10052,60,0
2026-05-25 03:00:00+00:00,4561.617,4564.535,4556.652,4559.691,7983,60,0
2026-05-25 04:00:00+00:00,4559.909,4566.161,4559.386,4564.805,5999,60,0
2026-05-25 05:00:00+00:00,4564.75,4566.287,4551.96,4553.68,7764,60,0
2026-05-25 06:00:00+00:00,4553.613,4563.477,4550.496,4562.409,8261,60,0
2026-05-25 07:00:00+00:00,4562.465,4565.383,4552.466,4564.697,9871,60,0
2026-05-25 08:00:00+00:00,4564.755,4565.168,4553.364,4556.348,6291,60,0
2026-05-25 09:00:00+00:00,4556.042,4569.18,4554.969,4567.557,5781,60,0
2026-05-25 10:00:00+00:00,4567.62,4573.745,4567.522,4568.875,5831,60,0
2026-05-25 11:00:00+00:00,4568.935,4577.181,4567.614,4569.644,5931,60,0
2026-05-25 12:00:00+00:00,4569.587,4570.181,4552.903,4567.909,10041,60,0
2026-05-25 13:00:00+00:00,4567.964,4571.447,4560.116,4563.422,8083,60,0
2026-05-25 14:00:00+00:00,4563.058,4570.748,4562.378,4567.092,6751,60,0
2026-05-25 15:00:00+00:00,4566.811,4574.744,4565.578,4571.074,7858,60,0
2026-05-25 16:00:00+00:00,4571.118,4574.63,4567.942,4573.451,4598,60,0
2026-05-25 17:00:00+00:00,4573.68,4578.248,4563.206,4565.319,5220,60,0
2026-05-25 18:00:00+00:00,4565.322,4571.363,4564.468,4570.689,2246,60,0
2026-05-25 22:00:00+00:00,4571.558,4576.579,4569.622,4574.857,4247,60,0
2026-05-25 23:00:00+00:00,4575.151,4580.453,4555.108,4559.811,6986,60,0
2026-05-26 00:00:00+00:00,4559.581,4560.065,4539.601,4549.52,14333,60,0
2026-05-26 01:00:00+00:00,4549.596,4550.301,4527.803,4536.927,16579,60,0
2026-05-26 02:00:00+00:00,4536.871,4539.674,4529.868,4532.528,7643,60,0
2026-05-26 03:00:00+00:00,4532.471,4545.512,4532.032,4542.554,6072,60,0
2026-05-26 04:00:00+00:00,4542.215,4543.225,4523.469,4525.707,6668,60,0
2026-05-26 05:00:00+00:00,4525.347,4535.299,4523.013,4527.542,8723,60,0
2026-05-26 06:00:00+00:00,4527.44,4536.409,4527.073,4531.217,9350,60,0
2026-05-26 07:00:00+00:00,4531.277,4539.147,4521.638,4538.14,12074,60,0
2026-05-26 08:00:00+00:00,4538.225,4538.881,4519.987,4523.64,9631,60,0
2026-05-26 09:00:00+00:00,4523.83,4526.554,4512.143,4522.657,10101,60,0
2026-05-26 10:00:00+00:00,4522.726,4540.757,4519.426,4534.681,11077,60,0
2026-05-26 11:00:00+00:00,4534.782,4536.458,4503.716,4507.212,16010,60,0
2026-05-26 12:00:00+00:00,4507.053,4523.821,4500.695,4520.32,16524,60,0
2026-05-26 13:00:00+00:00,4520.26,4531.472,4512.313,4514.324,19147,60,0
2026-05-26 14:00:00+00:00,4514.305,4525.119,4507.831,4515.276,14223,60,0
2026-05-26 15:00:00+00:00,4515.332,4515.676,4502.297,4506.704,14620,60,0
2026-05-26 16:00:00+00:00,4506.776,4511.535,4499.77,4505.131,8924,60,0
2026-05-26 17:00:00+00:00,4505.092,4507.687,4489.876,4491.326,8279,60,0
2026-05-26 18:00:00+00:00,4491.27,4499.77,4482.414,4499.172,7949,60,0
2026-05-26 19:00:00+00:00,4499.546,4509.909,4497.609,4508.995,6312,60,0
2026-05-26 20:00:00+00:00,4509.118,4510.774,4504.291,4507.245,3957,60,0
2026-05-26 22:00:00+00:00,4508.435,4512.583,4497.993,4511.206,8267,60,0
2026-05-26 23:00:00+00:00,4511.007,4527.987,4504.457,4519.851,6848,60,0
2026-05-27 00:00:00+00:00,4519.791,4525.817,4513.98,4515.347,9671,60,0
2026-05-27 01:00:00+00:00,4515.292,4521.262,4506.827,4508.165,11761,60,0
2026-05-27 02:00:00+00:00,4507.93,4509.847,4498.038,4505.676,8556,60,0
2026-05-27 03:00:00+00:00,4505.641,4512.074,4496.744,4497.294,6524,60,0
2026-05-27 04:00:00+00:00,4497.252,4517.287,4495.795,4510.345,7046,60,0
2026-05-27 05:00:00+00:00,4510.421,4513.953,4491.67,4497.623,14293,60,0
2026-05-27 06:00:00+00:00,4497.49,4499.373,4479.89,4485.452,14205,60,0
2026-05-27 07:00:00+00:00,4485.51,4489.137,4475.825,4482.001,10482,60,0
2026-05-27 08:00:00+00:00,4481.936,4498.721,4481.083,4498.057,9000,60,0
2026-05-27 09:00:00+00:00,4497.701,4497.701,4487.129,4490.347,7087,60,0
2026-05-27 10:00:00+00:00,4490.16,4490.885,4442.642,4446.077,18698,60,0
2026-05-27 11:00:00+00:00,4446.152,4453.256,4424.885,4428.787,17947,60,0
2026-05-27 12:00:00+00:00,4428.428,4466.629,4427.49,4438.792,27493,60,0
2026-05-27 13:00:00+00:00,4438.771,4439.27,4401.395,4427.284,39365,60,0
2026-05-27 14:00:00+00:00,4427.343,4455.609,4426.171,4434.159,26769,60,0
2026-05-27 15:00:00+00:00,4434.13,4441.456,4428.1,4436.416,13504,60,0
2026-05-27 16:00:00+00:00,4436.471,4453.435,4434.126,4450.971,8076,60,0
2026-05-27 17:00:00+00:00,4450.7,4454.542,4441.716,4450.596,8612,60,0
2026-05-27 18:00:00+00:00,4450.512,4458.429,4447.871,4454.589,5399,60,0
2026-05-27 19:00:00+00:00,4454.283,4454.98,4448.883,4451.143,5374,60,0
2026-05-27 20:00:00+00:00,4451.2,4459.009,4450.243,4456.276,3394,60,0
2026-05-27 22:00:00+00:00,4462.581,4465.002,4455.311,4457.373,4437,60,0
2026-05-27 23:00:00+00:00,4457.236,4457.613,4443.756,4447.258,5876,60,0
2026-05-28 00:00:00+00:00,4447.316,4458.04,4443.363,4456.97,11266,60,0
2026-05-28 01:00:00+00:00,4456.91,4459.024,4406.868,4409.899,20898,60,0
2026-05-28 02:00:00+00:00,4409.954,4412.822,4392.594,4394.557,15527,60,0
2026-05-28 03:00:00+00:00,4394.394,4397.797,4368.394,4374.888,17119,60,0
2026-05-28 04:00:00+00:00,4374.667,4382.172,4366.349,4372.986,13574,60,0
2026-05-28 05:00:00+00:00,4373.337,4395.853,4367.162,4388.188,14834,60,0
2026-05-28 06:00:00+00:00,4388.247,4390.742,4374.294,4383.59,11938,60,0
2026-05-28 07:00:00+00:00,4383.814,4396.577,4382.884,4387.684,10743,60,0
2026-05-28 08:00:00+00:00,4387.403,4395.045,4385.875,4387.191,9603,60,0
2026-05-28 09:00:00+00:00,4387.069,4399.027,4386.455,4393.779,9355,60,0
2026-05-28 10:00:00+00:00,4393.853,4404.264,4375.168,4383.218,11743,60,0
2026-05-28 11:00:00+00:00,4382.896,4390.647,4380.763,4387.705,10856,60,0
2026-05-28 12:00:00+00:00,4387.797,4434.034,4379.509,4432.079,16304,60,0
2026-05-28 13:00:00+00:00,4432.136,4439.239,4418.388,4430.44,24351,60,0
2026-05-28 14:00:00+00:00,4430.358,4480.636,4420.851,4469.481,46615,60,0
2026-05-28 15:00:00+00:00,4469.569,4485.067,4468.601,4482.179,16216,60,0
2026-05-28 16:00:00+00:00,4482.546,4511.038,4477.7,4510.899,13886,60,0
2026-05-28 17:00:00+00:00,4510.901,4514.725,4500.914,4508.806,8781,60,0
2026-05-28 18:00:00+00:00,4508.87,4516.705,4498.559,4501.242,8357,60,0
2026-05-28 19:00:00+00:00,4501.315,4503.963,4497.414,4498.076,6248,60,0
2026-05-28 20:00:00+00:00,4498.013,4500.822,4494.877,4496.599,4415,60,0
2026-05-28 22:00:00+00:00,4497.36,4498.848,4490.869,4491.212,3762,60,0
2026-05-28 23:00:00+00:00,4491.268,4497.072,4489.234,4495.293,5170,60,0
2026-05-29 00:00:00+00:00,4495.452,4500.786,4492.015,4496.083,10167,60,0
2026-05-29 01:00:00+00:00,4496.143,4520.845,4492.312,4506.66,15530,60,0
2026-05-29 02:00:00+00:00,4506.328,4511.32,4498.373,4501.713,9324,60,0
2026-05-29 03:00:00+00:00,4501.643,4502.262,4494.743,4501.236,8713,60,0
2026-05-29 04:00:00+00:00,4501.214,4514.945,4501.033,4514.081,7054,60,0
2026-05-29 05:00:00+00:00,4514.026,4515.985,4502.532,4514.832,8364,60,0
2026-05-29 06:00:00+00:00,4515.168,4524.284,4509.864,4523.64,12303,60,0
2026-05-29 07:00:00+00:00,4523.871,4526.299,4510.807,4524.604,10099,60,0
2026-05-29 08:00:00+00:00,4524.818,4524.9,4510.046,4514.819,8752,60,0
2026-05-29 09:00:00+00:00,4514.893,4539.934,4513.229,4531.31,10152,60,0
2026-05-29 10:00:00+00:00,4531.314,4543.527,4525.449,4538.491,8814,60,0
2026-05-29 11:00:00+00:00,4538.717,4540.648,4525.898,4538.316,9872,60,0
2026-05-29 12:00:00+00:00,4538.381,4538.649,4512.682,4523.018,13020,60,0
2026-05-29 13:00:00+00:00,4523.118,4540.947,4515.218,4537.025,17790,60,0
2026-05-29 14:00:00+00:00,4536.96,4570.571,4525.238,4564.408,31236,60,0
2026-05-29 15:00:00+00:00,4564.353,4595.306,4557.858,4571.32,30870,60,0
2026-05-29 16:00:00+00:00,4571.385,4573.617,4559.772,4566.879,12124,60,0
2026-05-29 17:00:00+00:00,4566.939,4568.74,4551.617,4553.392,8657,60,0
2026-05-29 18:00:00+00:00,4553.722,4561.756,4550.702,4553.533,8183,60,0
2026-05-29 19:00:00+00:00,4553.472,4560.067,4542.916,4545.71,7378,60,0
2026-05-29 20:00:00+00:00,4545.768,4549.119,4539.53,4540.48,5261,60,0
2026-05-31 22:00:00+00:00,4521.379,4540.317,4518.493,4535.541,7092,60,0
2026-05-31 23:00:00+00:00,4535.31,4545.795,4535.084,4539.759,6187,60,0
2026-06-01 00:00:00+00:00,4539.82,4546.276,4535.33,4540.664,10188,60,0
2026-06-01 01:00:00+00:00,4540.948,4541.324,4523.643,4525.73,13837,60,0
2026-06-01 02:00:00+00:00,4525.683,4534.811,4521.128,4521.634,9747,60,0
2026-06-01 03:00:00+00:00,4521.573,4525.478,4509.829,4516.255,9014,60,0
2026-06-01 04:00:00+00:00,4516.212,4519.592,4508.376,4514.637,6234,60,0
2026-06-01 05:00:00+00:00,4514.692,4525.204,4512.662,4518.45,8690,60,0
2026-06-01 06:00:00+00:00,4518.39,4518.852,4500.131,4501.851,11894,60,0
2026-06-01 07:00:00+00:00,4501.492,4510.123,4492.379,4503.062,10263,60,0
2026-06-01 08:00:00+00:00,4502.952,4504.44,4490.529,4497.945,10057,60,0
2026-06-01 09:00:00+00:00,4498.15,4506.307,4489.242,4496.235,9542,60,0
2026-06-01 10:00:00+00:00,4496.009,4511.131,4496.009,4503.886,7684,60,0
2026-06-01 11:00:00+00:00,4504.122,4513.066,4499.895,4505.793,7794,60,0
2026-06-01 12:00:00+00:00,4505.737,4510.641,4497.488,4502.49,12082,60,0
2026-06-01 13:00:00+00:00,4502.257,4504.113,4448.504,4450.48,41976,60,0
2026-06-01 14:00:00+00:00,4450.046,4464.898,4447.675,4458.606,20220,60,0
2026-06-01 15:00:00+00:00,4458.677,4479.943,4455.279,4474.009,15292,60,0
2026-06-01 16:00:00+00:00,4474.244,4482.162,4462.926,4479.947,9727,60,0
2026-06-01 17:00:00+00:00,4480.003,4495.566,4471.677,4487.719,12127,60,0
2026-06-01 18:00:00+00:00,4487.728,4490.285,4484.785,4486.884,5054,60,0
2026-06-01 19:00:00+00:00,4486.825,4488.405,4479.144,4481.345,5505,60,0
2026-06-01 20:00:00+00:00,4481.106,4486.021,4480.319,4484.248,3872,60,0
2026-06-01 22:00:00+00:00,4486.76,4487.097,4479.949,4485.546,3392,60,0
2026-06-01 23:00:00+00:00,4485.685,4488.455,4479.321,4484.392,4385,60,0
2026-06-02 00:00:00+00:00,4484.508,4497.305,4476.633,4481.315,11687,60,0
2026-06-02 01:00:00+00:00,4481.26,4492.628,4463.072,4474.004,21014,60,0
2026-06-02 02:00:00+00:00,4473.95,4486.744,4472.139,4485.906,11266,60,0
2026-06-02 03:00:00+00:00,4485.968,4499.679,4485.679,4499.226,9519,60,0
2026-06-02 04:00:00+00:00,4499.218,4518.441,4497.741,4517.312,8011,60,0
2026-06-02 05:00:00+00:00,4517.257,4528.523,4515.183,4517.22,10573,60,0
2026-06-02 06:00:00+00:00,4517.161,4538.601,4517.005,4535.612,10880,60,0
2026-06-02 07:00:00+00:00,4535.528,4541.713,4527.836,4535.144,8881,60,0
2026-06-02 08:00:00+00:00,4534.952,4539.404,4525.906,4526.96,8330,60,0
2026-06-02 09:00:00+00:00,4526.952,4535.914,4521.341,4529.748,8333,60,0
2026-06-02 10:00:00+00:00,4529.804,4534.022,4524.834,4533.034,5996,60,0
2026-06-02 11:00:00+00:00,4533.096,4534.741,4525.495,4527.651,6020,60,0
2026-06-02 12:00:00+00:00,4527.777,4534.183,4513.494,4514.916,10724,60,0
2026-06-02 13:00:00+00:00,4514.971,4524.994,4503.025,4503.025,17065,60,0
2026-06-02 14:00:00+00:00,4502.962,4507.024,4490.128,4504.066,14283,60,0
2026-06-02 15:00:00+00:00,4504.122,4508.716,4500.116,4502.282,10289,60,0
2026-06-02 16:00:00+00:00,4502.297,4503.07,4486.341,4492.072,8440,60,0
2026-06-02 17:00:00+00:00,4491.839,4493.312,4482.184,4484.59,7790,60,0
2026-06-02 18:00:00+00:00,4484.944,4491.112,4478.683,4487.364,6360,60,0
2026-06-02 19:00:00+00:00,4487.406,4490.406,4483.434,4488.01,5117,60,0
2026-06-02 20:00:00+00:00,4487.951,4491.148,4486.276,4488.491,3426,60,0
2026-06-02 22:00:00+00:00,4490.581,4493.307,4484.288,4485.178,5090,60,0
2026-06-02 23:00:00+00:00,4485.115,4488.68,4462.287,4474.309,11242,60,0
2026-06-03 00:00:00+00:00,4474.237,4496.888,4473.701,4486.324,9374,60,0
2026-06-03 01:00:00+00:00,4486.264,4487.722,4463.281,4475.715,16753,60,0
2026-06-03 02:00:00+00:00,4475.701,4485.331,4472.751,4482.199,9294,60,0
2026-06-03 03:00:00+00:00,4481.847,4487.757,4481.847,4484.301,6653,60,0
2026-06-03 04:00:00+00:00,4484.651,4488.418,4468.36,4469.608,6153,60,0
2026-06-03 05:00:00+00:00,4469.374,4474.357,4456.699,4457.222,10414,60,0
2026-06-03 06:00:00+00:00,4456.967,4471.025,4455.266,4462.94,13013,60,0
2026-06-03 07:00:00+00:00,4462.839,4472.414,4452.91,4453.455,11289,60,0
2026-06-03 08:00:00+00:00,4453.516,4459.195,4440.281,4443.91,11346,60,0
2026-06-03 09:00:00+00:00,4443.846,4458.882,4438.99,4443.001,10286,60,0
2026-06-03 10:00:00+00:00,4442.948,4467.146,4440.913,4458.855,14646,60,0
2026-06-03 11:00:00+00:00,4458.919,4467.963,4458.629,4462.674,8571,60,0
2026-06-03 12:00:00+00:00,4462.729,4467.388,4448.463,4460.253,13842,60,0
2026-06-03 13:00:00+00:00,4460.197,4465.847,4426.412,4445.86,23396,60,0
2026-06-03 14:00:00+00:00,4446.244,4459.816,4442.315,4457.368,20246,60,0
2026-06-03 15:00:00+00:00,4457.128,4458.491,4436.711,4442.105,15186,60,0
2026-06-03 16:00:00+00:00,4442.046,4443.932,4433.8,4441.767,9819,60,0
2026-06-03 17:00:00+00:00,4441.837,4448.547,4435.697,4439.105,7635,60,0
2026-06-03 18:00:00+00:00,4439.14,4442.908,4434.644,4442.07,5988,60,0
2026-06-03 19:00:00+00:00,4442.016,4452.186,4441.389,4444.108,6741,60,0
2026-06-03 20:00:00+00:00,4444.048,4445.35,4430.491,4434.16,5956,60,0
2026-06-03 22:00:00+00:00,4438.419,4453.074,4423.783,4448.9,7815,60,0
2026-06-03 23:00:00+00:00,4448.955,4464.775,4445.444,4457.206,8216,60,0
2026-06-04 00:00:00+00:00,4457.559,4465.238,4443.996,4448.349,14220,60,0
2026-06-04 01:00:00+00:00,4448.288,4473.688,4443.079,4465.677,18118,60,0
2026-06-04 02:00:00+00:00,4465.618,4476.821,4455.682,4474.925,12817,60,0
2026-06-04 03:00:00+00:00,4474.863,4477.44,4458.258,4464.075,8905,60,0
2026-06-04 04:00:00+00:00,4464.017,4484.212,4462.318,4481.205,8295,60,0
2026-06-04 05:00:00+00:00,4481.279,4482.489,4466.934,4469.379,9586,60,0
2026-06-04 06:00:00+00:00,4469.299,4477.248,4462.913,4467.664,10868,60,0
2026-06-04 07:00:00+00:00,4467.763,4470.831,4459.418,4461.873,9566,60,0
2026-06-04 08:00:00+00:00,4461.808,4469.623,4458.671,4463.224,10505,60,0
2026-06-04 09:00:00+00:00,4463.486,4475.808,4461.195,4470.634,10111,60,0
2026-06-04 10:00:00+00:00,4470.567,4474.06,4464.238,4473.578,8594,60,0
2026-06-04 11:00:00+00:00,4473.645,4514.669,4468.973,4511.428,16978,60,0
2026-06-04 12:00:00+00:00,4511.349,4513.792,4491.15,4504.143,15914,60,0
2026-06-04 13:00:00+00:00,4504.227,4515.627,4495.509,4496.018,21245,60,0
2026-06-04 14:00:00+00:00,4495.952,4500.041,4457.267,4465.908,24286,60,0
2026-06-04 15:00:00+00:00,4465.97,4479.122,4463.685,4477.67,12548,60,0
2026-06-04 16:00:00+00:00,4477.373,4485.282,4475.392,4482.687,9271,60,0
2026-06-04 17:00:00+00:00,4482.67,4482.725,4473.982,4478.064,6318,60,0
2026-06-04 18:00:00+00:00,4478.117,4481.279,4472.841,4478.054,5323,60,0
2026-06-04 19:00:00+00:00,4478.07,4483.391,4476.188,4481.034,5304,60,0
2026-06-04 20:00:00+00:00,4480.963,4481.74,4474.433,4475.775,3684,60,0
2026-06-04 22:00:00+00:00,4475.443,4481.496,4468.697,4469.787,5186,60,0
2026-06-04 23:00:00+00:00,4469.853,4474.07,4460.449,4461.573,6386,60,0
2026-06-05 00:00:00+00:00,4461.635,4467.017,4450.657,4459.439,13382,60,0
2026-06-05 01:00:00+00:00,4459.495,4470.172,4444.046,4446.772,21120,60,0
2026-06-05 02:00:00+00:00,4447.007,4454.956,4438.463,4440.581,14136,60,0
2026-06-05 03:00:00+00:00,4440.698,4443.774,4435.204,4442.285,9720,60,0
2026-06-05 04:00:00+00:00,4442.529,4446.454,4437.641,4445.221,7328,60,0
2026-06-05 05:00:00+00:00,4445.298,4450.08,4438.648,4440.171,11028,60,0
2026-06-05 06:00:00+00:00,4440.116,4456.331,4428.591,4452.971,13916,60,0
2026-06-05 07:00:00+00:00,4452.765,4467.529,4451.824,4461.047,10464,60,0
2026-06-05 08:00:00+00:00,4460.986,4468.476,4458.765,4462.749,8280,60,0
2026-06-05 09:00:00+00:00,4462.65,4469.501,4458.886,4464.864,10727,60,0
2026-06-05 10:00:00+00:00,4464.911,4468.018,4461.889,4466.824,5681,60,0
2026-06-05 11:00:00+00:00,4466.751,4475.416,4458.29,4470.394,8419,60,0
2026-06-05 12:00:00+00:00,4470.242,4476.021,4404.748,4406.569,25507,60,0
2026-06-05 13:00:00+00:00,4406.65,4421.318,4365.399,4365.881,42277,60,0
2026-06-05 14:00:00+00:00,4365.947,4379.3,4344.309,4369.898,40178,60,0
2026-06-05 15:00:00+00:00,4369.658,4372.751,4334.017,4335.681,22661,50,0
2026-06-05 16:00:00+00:00,4335.623,4345.025,4323.198,4344.509,19416,50,0
2026-06-05 17:00:00+00:00,4344.564,4347.515,4335.642,4341.682,15274,50,0
2026-06-05 18:00:00+00:00,4341.762,4342.218,4315.135,4322.388,17120,50,0
2026-06-05 19:00:00+00:00,4322.457,4325.282,4313.838,4318.533,18565,50,0
2026-06-05 20:00:00+00:00,4318.613,4331.202,4311.76,4328.884,11653,60,0
2026-06-07 22:00:00+00:00,4325.235,4330.9,4310.288,4317.532,14396,50,0
2026-06-07 23:00:00+00:00,4317.595,4347.093,4317.533,4343.931,10122,50,0
2026-06-08 00:00:00+00:00,4343.984,4353.471,4339.615,4342.155,14974,60,0
2026-06-08 01:00:00+00:00,4342.213,4346.12,4300.064,4325.843,39127,60,0
2026-06-08 02:00:00+00:00,4325.96,4330.726,4307.182,4310.8,20702,50,0
2026-06-08 03:00:00+00:00,4310.762,4317.31,4303.53,4317.131,12296,50,0
2026-06-08 04:00:00+00:00,4316.892,4321.954,4307.534,4312.592,11179,50,0
2026-06-08 05:00:00+00:00,4312.685,4316.25,4268.533,4291.9,24829,50,0
2026-06-08 06:00:00+00:00,4291.962,4311.541,4291.962,4299.957,19454,50,0
2026-06-08 07:00:00+00:00,4299.89,4316.874,4294.307,4294.655,17506,50,0
2026-06-08 08:00:00+00:00,4294.582,4297.315,4285.34,4288.836,15683,50,0
2026-06-08 09:00:00+00:00,4288.991,4302.137,4273.054,4294.234,16763,50,0
2026-06-08 10:00:00+00:00,4294.286,4305.778,4286.251,4301.978,15208,50,0
2026-06-08 11:00:00+00:00,4302.212,4333.459,4297.106,4331.337,20848,50,0
2026-06-08 12:00:00+00:00,4331.132,4339.589,4320.26,4333.293,17844,50,0
2026-06-08 13:00:00+00:00,4333.24,4346.879,4321.337,4326.916,29579,50,0
2026-06-08 14:00:00+00:00,4327.155,4331.388,4314.546,4330.868,26744,50,0
2026-06-08 15:00:00+00:00,4330.928,4345.942,4322.508,4341.744,18201,50,0
2026-06-08 16:00:00+00:00,4341.672,4346.364,4337.773,4340.587,11104,50,0
2026-06-08 17:00:00+00:00,4340.639,4342.337,4332.185,4339.013,10118,50,0
2026-06-08 18:00:00+00:00,4339.219,4345.909,4333.052,4334.549,7820,50,0
2026-06-08 19:00:00+00:00,4334.484,4338.244,4323.481,4326.897,8606,50,0
2026-06-08 20:00:00+00:00,4326.548,4330.181,4324.32,4330.056,4794,60,0
2026-06-08 22:00:00+00:00,4332.266,4332.613,4322.776,4328.076,4158,50,0
2026-06-08 23:00:00+00:00,4328.136,4328.984,4312.883,4317.67,5455,50,0
2026-06-09 00:00:00+00:00,4317.608,4324.019,4315.114,4319.765,12629,50,0
2026-06-09 01:00:00+00:00,4319.711,4338.912,4318.684,4336.624,16573,50,0
2026-06-09 02:00:00+00:00,4336.763,4341.195,4328.401,4336.224,11200,60,0
2026-06-09 03:00:00+00:00,4336.164,4342.496,4331.172,4336.512,10052,60,0
2026-06-09 04:00:00+00:00,4336.792,4339.333,4324.146,4332.271,7637,60,0
2026-06-09 05:00:00+00:00,4332.346,4351.672,4330.777,4343.588,12404,60,0
2026-06-09 06:00:00+00:00,4343.711,4349.008,4330.247,4330.904,12462,60,0
2026-06-09 07:00:00+00:00,4330.836,4334.693,4322.147,4326.815,12332,50,0
2026-06-09 08:00:00+00:00,4326.872,4336.969,4321.221,4326.776,10684,50,0
2026-06-09 09:00:00+00:00,4326.69,4336.066,4324.156,4332.076,8730,50,0
2026-06-09 10:00:00+00:00,4332.022,4340.962,4325.333,4339.105,8927,50,0
2026-06-09 11:00:00+00:00,4339.048,4343.881,4335.614,4340.058,7439,50,0
2026-06-09 12:00:00+00:00,4340.119,4344.314,4334.819,4341.35,9597,50,0
2026-06-09 13:00:00+00:00,4341.313,4363.584,4325.255,4329.263,23248,60,0
2026-06-09 14:00:00+00:00,4328.867,4336.198,4278.496,4300.739,42939,50,0
2026-06-09 15:00:00+00:00,4300.508,4302.385,4263.073,4272.577,39127,50,0
2026-06-09 16:00:00+00:00,4272.56,4281.2,4236.501,4251.891,53396,50,0
2026-06-09 17:00:00+00:00,4251.959,4268.252,4251.207,4263.064,26921,50,0
2026-06-09 18:00:00+00:00,4263.128,4274.487,4259.59,4270.227,15037,50,0
2026-06-09 19:00:00+00:00,4270.014,4271.737,4249.934,4259.01,15264,50,0
2026-06-09 20:00:00+00:00,4258.955,4262.282,4255.625,4260.551,4989,50,0
2026-06-09 22:00:00+00:00,4256.248,4257.439,4232.448,4237.075,8127,60,0
2026-06-09 23:00:00+00:00,4237.311,4247.276,4210.345,4222.223,12688,50,0
2026-06-10 00:00:00+00:00,4222.325,4228.59,4198.802,4218.096,25367,50,0
2026-06-10 01:00:00+00:00,4218.044,4218.94,4183.631,4188.885,32639,50,0
2026-06-10 02:00:00+00:00,4188.938,4192.727,4173.003,4174.265,21741,50,0
2026-06-10 03:00:00+00:00,4174.109,4186.53,4172.652,4184.802,13696,50,0
2026-06-10 04:00:00+00:00,4184.748,4187.472,4172.242,4174.978,10271,50,0
2026-06-10 05:00:00+00:00,4174.829,4209.247,4173.499,4205.141,18094,50,0
2026-06-10 06:00:00+00:00,4205.105,4221.993,4201.872,4204.081,17123,50,0
2026-06-10 07:00:00+00:00,4204.03,4208.163,4181.585,4186.126,15165,50,0
2026-06-10 08:00:00+00:00,4186.065,4187.58,4161.373,4168.974,21686,50,0
2026-06-10 09:00:00+00:00,4169.221,4179.715,4163.13,4168.633,16836,50,0
2026-06-10 10:00:00+00:00,4168.693,4178.657,4155.758,4174.506,15024,50,0
2026-06-10 11:00:00+00:00,4174.452,4176.231,4145.752,4147.827,31005,50,0
2026-06-10 12:00:00+00:00,4147.764,4173.78,4129.282,4147.014,40137,50,0
2026-06-10 13:00:00+00:00,4147.072,4186.482,4132.833,4179.466,46249,50,0
2026-06-10 14:00:00+00:00,4179.571,4181.21,4117.698,4124.838,38062,50,0
2026-06-10 15:00:00+00:00,4124.902,4137.2,4106.833,4128.755,48018,50,0
2026-06-10 16:00:00+00:00,4128.814,4135.198,4115.898,4122.084,24477,50,0
2026-06-10 17:00:00+00:00,4121.907,4135.117,4100.702,4111.819,21122,50,0
2026-06-10 18:00:00+00:00,4111.868,4120.626,4096.846,4101.781,15969,50,0
2026-06-10 19:00:00+00:00,4101.563,4102.189,4081.542,4082.953,17062,50,0
2026-06-10 20:00:00+00:00,4082.875,4083.229,4067.06,4070.682,9722,50,0
2026-06-10 22:00:00+00:00,4071.915,4072.17,4036.228,4046.562,14982,50,0
2026-06-10 23:00:00+00:00,4046.636,4064.917,4023.878,4047.424,22189,50,0
2026-06-11 00:00:00+00:00,4047.494,4078.176,4036.153,4075.726,46579,50,0
2026-06-11 01:00:00+00:00,4075.675,4118.392,4066.153,4102.204,42141,50,0
2026-06-11 02:00:00+00:00,4102.262,4102.913,4052.388,4067.881,30007,50,0
2026-06-11 03:00:00+00:00,4067.826,4078.459,4056.947,4072.772,22106,50,0
2026-06-11 04:00:00+00:00,4072.955,4086.024,4070.198,4082.863,14053,50,0
2026-06-11 05:00:00+00:00,4082.917,4106.532,4072.565,4094.457,21885,50,0
2026-06-11 06:00:00+00:00,4094.389,4097.68,4076.327,4094.675,20971,50,0
2026-06-11 07:00:00+00:00,4094.63,4110.744,4091.874,4104.879,17321,50,0
2026-06-11 08:00:00+00:00,4104.827,4112.816,4084.6,4084.659,17380,50,0
2026-06-11 09:00:00+00:00,4084.702,4096.483,4077.439,4091.556,12724,50,0
2026-06-11 10:00:00+00:00,4091.502,4094.734,4086.483,4089.992,10396,50,0
2026-06-11 11:00:00+00:00,4090.026,4096.191,4079.786,4080.541,16018,50,0
2026-06-11 12:00:00+00:00,4080.523,4087.115,4057.492,4081.739,34917,50,0
2026-06-11 13:00:00+00:00,4082.056,4092.852,4067.129,4083.504,45713,50,0
2026-06-11 14:00:00+00:00,4083.44,4085.583,4053.129,4073.558,45358,50,0
2026-06-11 15:00:00+00:00,4073.604,4095.662,4070.313,4088.766,33932,50,0
2026-06-11 16:00:00+00:00,4088.84,4107.566,4078.012,4080.477,21218,50,0
2026-06-11 17:00:00+00:00,4080.136,4170.243,4071.909,4152.12,62700,50,0
2026-06-11 18:00:00+00:00,4152.066,4171.842,4131.437,4162.005,36266,50,0
2026-06-11 19:00:00+00:00,4161.822,4220.078,4161.822,4209.077,35366,50,0
2026-06-11 20:00:00+00:00,4209.171,4218.634,4208.107,4211.626,10351,50,0
2026-06-11 22:00:00+00:00,4220.314,4246.369,4205.303,4243.414,9886,50,0
2026-06-11 23:00:00+00:00,4243.479,4246.017,4214.335,4219.89,12240,50,0
2026-06-12 00:00:00+00:00,4220.102,4230.648,4200.809,4208.259,23682,50,0
2026-06-12 01:00:00+00:00,4208.312,4211.108,4171.375,4186.995,28245,50,0
2026-06-12 02:00:00+00:00,4186.928,4200.014,4182.685,4191.516,16225,50,0
2026-06-12 03:00:00+00:00,4191.461,4205.09,4189.684,4197.382,14304,50,0
2026-06-12 04:00:00+00:00,4197.331,4201.171,4189.521,4190.22,9339,50,0
2026-06-12 05:00:00+00:00,4190.186,4193.008,4170.983,4173.135,17580,50,0
2026-06-12 06:00:00+00:00,4173.203,4185.747,4172.294,4184.107,14486,50,0
2026-06-12 07:00:00+00:00,4184.161,4194.422,4170.128,4194.422,16707,50,0
2026-06-12 08:00:00+00:00,4194.701,4226.164,4191.899,4219.8,25087,50,0
2026-06-12 09:00:00+00:00,4219.586,4228.019,4217.44,4222.031,15341,50,0
2026-06-12 10:00:00+00:00,4221.974,4225.535,4203.093,4210.838,13937,50,0
2026-06-12 11:00:00+00:00,4211.174,4215.478,4197.515,4207.122,12305,50,0
2026-06-12 12:00:00+00:00,4206.845,4215.522,4188.545,4191.925,17402,50,0
2026-06-12 13:00:00+00:00,4191.873,4210.327,4182.775,4186.604,35987,50,0
2026-06-12 14:00:00+00:00,4186.266,4208.674,4177.069,4204.219,37232,50,0
2026-06-12 15:00:00+00:00,4204.275,4235.765,4200.28,4212.068,29889,50,0
2026-06-12 16:00:00+00:00,4212.122,4233.112,4208.048,4216.229,22196,50,0
2026-06-12 17:00:00+00:00,4216.283,4226.688,4213.979,4221.579,12038,50,0
2026-06-12 18:00:00+00:00,4221.63,4235.497,4214.231,4215.797,10621,50,0
2026-06-12 19:00:00+00:00,4215.744,4219.126,4201.829,4210.607,10025,50,0
2026-06-12 20:00:00+00:00,4210.666,4219.406,4209.361,4218.775,4598,50,0
2026-06-14 22:00:00+00:00,4270.511,4309.084,4269.387,4285.901,13383,60,0
2026-06-14 23:00:00+00:00,4285.768,4295.362,4281.19,4294.05,6691,60,0
2026-06-15 00:00:00+00:00,4294.236,4308.338,4291.623,4292.8,12574,50,0
2026-06-15 01:00:00+00:00,4292.589,4319.728,4285.532,4316.736,23344,60,0
2026-06-15 02:00:00+00:00,4316.681,4335.642,4316.029,4329.697,12412,50,0
2026-06-15 03:00:00+00:00,4329.651,4331.275,4321.407,4324.883,8895,50,0
2026-06-15 04:00:00+00:00,4325.229,4330.107,4320.592,4328.469,6247,50,0
2026-06-15 05:00:00+00:00,4328.11,4333.073,4307.492,4310.28,11001,50,0
2026-06-15 06:00:00+00:00,4310.302,4313.634,4300.729,4308.355,12826,50,0
2026-06-15 07:00:00+00:00,4308.415,4325.486,4305.223,4323.081,10165,50,0
2026-06-15 08:00:00+00:00,4323.018,4345.645,4321.75,4334.436,11124,50,0
2026-06-15 09:00:00+00:00,4334.443,4343.513,4334.236,4336.901,9548,50,0
2026-06-15 10:00:00+00:00,4336.964,4341.751,4335.274,4338.08,7340,50,0
2026-06-15 11:00:00+00:00,4338.44,4347.677,4331.906,4335.348,9567,50,0
2026-06-15 12:00:00+00:00,4335.397,4349.561,4324.634,4348.924,11340,50,0
2026-06-15 13:00:00+00:00,4348.851,4368.798,4341.256,4355.442,19155,60,0
2026-06-15 14:00:00+00:00,4355.384,4369.431,4353.866,4356.922,17894,60,0
2026-06-15 15:00:00+00:00,4356.867,4360.798,4349.594,4356.392,12508,60,0
2026-06-15 16:00:00+00:00,4356.192,4358.897,4334.5,4339.167,10065,50,0
2026-06-15 17:00:00+00:00,4339.1,4339.332,4320.454,4324.698,10061,50,0
2026-06-15 18:00:00+00:00,4324.76,4328.058,4317.909,4325.914,7497,50,0
2026-06-15 19:00:00+00:00,4325.735,4326.939,4316.512,4320.718,7044,50,0
2026-06-15 20:00:00+00:00,4320.789,4322.227,4306.424,4309.0,4919,50,0
2026-06-15 22:00:00+00:00,4311.502,4315.633,4306.007,4312.059,4870,50,0
2026-06-15 23:00:00+00:00,4312.007,4319.2,4311.714,4315.825,4924,50,0
2026-06-16 00:00:00+00:00,4315.768,4320.814,4306.734,4319.285,10075,50,0
2026-06-16 01:00:00+00:00,4319.286,4325.895,4312.342,4313.557,14995,50,0
2026-06-16 02:00:00+00:00,4313.532,4320.8,4307.662,4318.566,8172,50,0
2026-06-16 03:00:00+00:00,4318.808,4333.232,4315.506,4330.345,7572,50,0
2026-06-16 04:00:00+00:00,4330.345,4331.994,4321.113,4322.738,6253,50,0
2026-06-16 05:00:00+00:00,4322.793,4331.055,4314.378,4316.024,9419,50,0
2026-06-16 06:00:00+00:00,4316.076,4324.449,4313.447,4323.813,9655,50,0
2026-06-16 07:00:00+00:00,4323.871,4335.617,4322.603,4335.018,8829,50,0
2026-06-16 08:00:00+00:00,4334.964,4348.128,4332.865,4346.893,8644,60,0
2026-06-16 09:00:00+00:00,4346.951,4348.511,4338.536,4345.168,7255,50,0
2026-06-16 10:00:00+00:00,4345.527,4349.075,4342.09,4348.815,5620,50,0
2026-06-16 11:00:00+00:00,4348.879,4349.576,4335.334,4340.873,8725,60,0
2026-06-16 12:00:00+00:00,4340.821,4355.101,4337.7,4354.607,10473,50,0
2026-06-16 13:00:00+00:00,4354.546,4355.039,4331.619,4331.698,17770,50,0
2026-06-16 14:00:00+00:00,4332.051,4338.97,4313.118,4323.951,20326,50,0
2026-06-16 15:00:00+00:00,4323.999,4343.653,4321.02,4335.491,15014,50,0
2026-06-16 16:00:00+00:00,4335.434,4347.059,4334.989,4340.814,11736,50,0
2026-06-16 17:00:00+00:00,4340.688,4341.405,4325.246,4340.196,10123,50,0
2026-06-16 18:00:00+00:00,4340.25,4343.023,4336.182,4338.44,6339,50,0
2026-06-16 19:00:00+00:00,4338.508,4343.11,4330.567,4334.212,6919,50,0
2026-06-16 20:00:00+00:00,4334.061,4335.068,4329.528,4331.19,3636,60,0
2026-06-16 22:00:00+00:00,4335.158,4336.328,4328.907,4335.677,3060,60,0
2026-06-16 23:00:00+00:00,4335.614,4338.377,4329.735,4331.221,3258,50,0
2026-06-17 00:00:00+00:00,4331.362,4341.64,4328.513,4337.02,8808,60,0
2026-06-17 01:00:00+00:00,4336.966,4349.921,4334.267,4341.121,12799,60,0
2026-06-17 02:00:00+00:00,4341.09,4344.547,4329.699,4331.8,8861,50,0
2026-06-17 03:00:00+00:00,4331.731,4334.202,4328.547,4332.359,6759,50,0
2026-06-17 04:00:00+00:00,4332.179,4334.089,4317.487,4326.643,6572,50,0
2026-06-17 05:00:00+00:00,4326.699,4334.197,4321.127,4326.617,8677,50,0
2026-06-17 06:00:00+00:00,4326.643,4331.875,4320.436,4331.589,9624,50,0
2026-06-17 07:00:00+00:00,4331.524,4332.976,4324.854,4325.43,7918,50,0
2026-06-17 08:00:00+00:00,4325.486,4327.775,4317.17,4324.646,9300,50,0
2026-06-17 09:00:00+00:00,4324.579,4335.838,4321.338,4329.773,7694,50,0
2026-06-17 10:00:00+00:00,4329.835,4335.382,4327.06,4331.577,6108,50,0
2026-06-17 11:00:00+00:00,4331.359,4331.955,4320.857,4323.43,7173,50,0
2026-06-17 12:00:00+00:00,4323.473,4335.681,4319.829,4333.544,9201,50,0
2026-06-17 13:00:00+00:00,4333.485,4345.4,4324.054,4339.989,14694,50,0
2026-06-17 14:00:00+00:00,4339.852,4364.086,4330.932,4344.741,24479,50,0
2026-06-17 15:00:00+00:00,4344.67,4365.022,4343.794,4363.807,14179,60,0
2026-06-17 16:00:00+00:00,4363.448,4366.635,4355.089,4359.489,7926,50,0
2026-06-17 17:00:00+00:00,4359.428,4382.551,4355.339,4379.703,13918,60,0
2026-06-17 18:00:00+00:00,4379.781,4379.781,4269.901,4286.095,113204,60,0
2026-06-17 19:00:00+00:00,4286.205,4295.784,4218.942,4235.656,85409,50,0
2026-06-17 20:00:00+00:00,4235.576,4269.836,4234.902,4257.599,18245,50,0
2026-06-17 22:00:00+00:00,4258.669,4271.615,4254.532,4266.925,6825,50,0
2026-06-17 23:00:00+00:00,4266.854,4284.056,4264.316,4277.951,8102,50,0
2026-06-18 00:00:00+00:00,4278.01,4315.501,4276.408,4308.638,18148,50,0
2026-06-18 01:00:00+00:00,4308.707,4328.671,4306.897,4318.067,20442,50,0
2026-06-18 02:00:00+00:00,4318.123,4330.0,4310.604,4310.866,12616,50,0
2026-06-18 03:00:00+00:00,4311.076,4322.69,4309.037,4319.62,9325,50,0
2026-06-18 04:00:00+00:00,4319.855,4324.183,4309.716,4315.638,7875,50,0
2026-06-18 05:00:00+00:00,4315.989,4325.002,4301.468,4307.997,12607,50,0
2026-06-18 06:00:00+00:00,4308.066,4310.092,4296.327,4306.422,14749,50,0
2026-06-18 07:00:00+00:00,4306.369,4309.485,4287.43,4288.804,11945,50,0
2026-06-18 08:00:00+00:00,4288.897,4292.897,4265.364,4266.866,14002,50,0
2026-06-18 09:00:00+00:00,4266.926,4273.362,4259.49,4268.716,12924,50,0
2026-06-18 10:00:00+00:00,4268.663,4272.934,4254.782,4255.714,11411,50,0
2026-06-18 11:00:00+00:00,4255.853,4255.927,4239.804,4242.163,14539,50,0
2026-06-18 12:00:00+00:00,4241.951,4269.257,4240.345,4246.574,20471,50,0
2026-06-18 13:00:00+00:00,4246.511,4276.876,4244.892,4256.528,26558,50,0
2026-06-18 14:00:00+00:00,4256.588,4257.981,4236.984,4252.582,28801,50,0
2026-06-18 15:00:00+00:00,4252.645,4254.99,4223.065,4226.607,21764,50,0
2026-06-18 16:00:00+00:00,4226.729,4233.506,4213.958,4219.344,17479,50,0
2026-06-18 17:00:00+00:00,4219.4,4233.168,4218.549,4230.399,11750,50,0
2026-06-18 18:00:00+00:00,4230.614,4233.168,4218.146,4218.569,9157,50,0
2026-06-18 19:00:00+00:00,4218.634,4219.223,4201.369,4216.883,14205,50,0
2026-06-18 20:00:00+00:00,4216.936,4219.745,4207.841,4208.321,5204,50,0
2026-06-18 22:00:00+00:00,4208.952,4213.438,4202.901,4207.694,4236,50,0
2026-06-18 23:00:00+00:00,4207.689,4208.558,4186.878,4188.664,7760,50,0
2026-06-19 00:00:00+00:00,4188.6,4198.162,4184.279,4190.561,12483,50,0
2026-06-19 01:00:00+00:00,4190.616,4194.701,4183.86,4184.855,9406,50,0
2026-06-19 02:00:00+00:00,4184.803,4186.362,4171.859,4176.535,9907,50,0
2026-06-19 03:00:00+00:00,4176.527,4177.187,4145.751,4153.364,11932,50,0
2026-06-19 04:00:00+00:00,4153.419,4155.409,4125.093,4126.04,14939,50,0
2026-06-19 05:00:00+00:00,4125.989,4141.783,4121.718,4139.627,14012,50,0
2026-06-19 06:00:00+00:00,4139.678,4150.681,4133.057,4147.866,14668,50,0
2026-06-19 07:00:00+00:00,4147.536,4163.378,4147.536,4158.198,12297,50,0
2026-06-19 08:00:00+00:00,4157.983,4178.737,4155.206,4169.035,12609,50,0
2026-06-19 09:00:00+00:00,4169.197,4171.074,4160.959,4163.082,9381,50,0
2026-06-19 10:00:00+00:00,4163.136,4163.242,4148.066,4149.784,10460,50,0
2026-06-19 11:00:00+00:00,4150.021,4155.153,4141.84,4152.54,10962,50,0
2026-06-19 12:00:00+00:00,4152.568,4180.251,4147.184,4179.031,16734,50,0
2026-06-19 13:00:00+00:00,4178.974,4183.145,4150.576,4151.609,18721,50,0
2026-06-19 14:00:00+00:00,4151.275,4154.741,4142.595,4149.189,13203,50,0
2026-06-19 15:00:00+00:00,4149.252,4154.17,4147.572,4151.112,8433,50,0
2026-06-19 16:00:00+00:00,4151.019,4157.946,4144.38,4155.531,7028,50,0
2026-06-21 22:00:00+00:00,4153.548,4159.79,4147.914,4156.421,7061,50,0
2026-06-21 23:00:00+00:00,4156.189,4164.886,4136.552,4140.339,10262,50,0
2026-06-22 00:00:00+00:00,4140.392,4201.102,4140.007,4200.754,21699,50,0
2026-06-22 01:00:00+00:00,4201.111,4221.155,4189.641,4191.16,34966,50,0
2026-06-22 02:00:00+00:00,4191.212,4200.284,4183.549,4188.632,16307,50,0
2026-06-22 03:00:00+00:00,4188.581,4190.059,4170.898,4171.749,11307,50,0
2026-06-22 04:00:00+00:00,4171.822,4182.155,4170.751,4181.834,7928,50,0
2026-06-22 05:00:00+00:00,4181.663,4198.535,4179.367,4193.947,13418,50,0
2026-06-22 06:00:00+00:00,4194.019,4207.543,4191.218,4197.645,13769,50,0
2026-06-22 07:00:00+00:00,4197.851,4201.862,4188.757,4190.3,10295,50,0
2026-06-22 08:00:00+00:00,4190.507,4197.977,4188.762,4197.308,10159,50,0
2026-06-22 09:00:00+00:00,4197.241,4210.308,4195.97,4208.418,10412,50,0
2026-06-22 10:00:00+00:00,4208.472,4214.381,4203.605,4204.612,7908,50,0
2026-06-22 11:00:00+00:00,4204.682,4215.422,4201.436,4207.606,10558,50,0
2026-06-22 12:00:00+00:00,4207.427,4211.857,4192.409,4193.562,11158,50,0
2026-06-22 13:00:00+00:00,4193.62,4206.007,4182.929,4200.066,24516,50,0
2026-06-22 14:00:00+00:00,4200.122,4210.981,4186.462,4198.215,25033,50,0
2026-06-22 15:00:00+00:00,4198.548,4201.43,4169.738,4183.065,18920,50,0
2026-06-22 16:00:00+00:00,4182.742,4192.874,4174.435,4189.838,11885,50,0
2026-06-22 17:00:00+00:00,4189.94,4191.704,4177.132,4183.374,9494,50,0
2026-06-22 18:00:00+00:00,4183.452,4192.948,4182.448,4191.251,7077,50,0
2026-06-22 19:00:00+00:00,4191.539,4193.475,4184.161,4190.601,7301,50,0
2026-06-22 20:00:00+00:00,4190.549,4193.818,4188.709,4192.443,3824,50,0
2026-06-22 22:00:00+00:00,4192.41,4194.734,4188.404,4190.077,3437,50,0
2026-06-22 23:00:00+00:00,4189.862,4195.492,4186.716,4187.787,4238,50,0
2026-06-23 00:00:00+00:00,4187.73,4194.892,4178.331,4193.283,14442,50,0
2026-06-23 01:00:00+00:00,4193.5,4198.781,4150.151,4161.315,24925,50,0
2026-06-23 02:00:00+00:00,4161.253,4163.566,4146.634,4147.126,15472,50,0
2026-06-23 03:00:00+00:00,4147.181,4149.784,4130.866,4144.007,14853,50,0
2026-06-23 04:00:00+00:00,4144.057,4147.104,4114.917,4118.371,10084,50,0
2026-06-23 05:00:00+00:00,4118.417,4137.506,4115.396,4121.214,21371,50,0
2026-06-23 06:00:00+00:00,4121.291,4126.956,4110.286,4114.512,21024,50,0
2026-06-23 07:00:00+00:00,4114.456,4124.703,4096.568,4099.006,16842,50,0
2026-06-23 08:00:00+00:00,4098.966,4110.964,4090.732,4105.288,16311,50,0
2026-06-23 09:00:00+00:00,4105.238,4122.257,4104.169,4122.2,11680,50,0
2026-06-23 10:00:00+00:00,4122.53,4133.345,4119.641,4119.924,12621,50,0
2026-06-23 11:00:00+00:00,4119.869,4132.04,4117.511,4123.221,14990,50,0
2026-06-23 12:00:00+00:00,4123.444,4127.46,4111.839,4113.446,16051,50,0
2026-06-23 13:00:00+00:00,4113.393,4140.617,4105.36,4135.528,29382,50,0
2026-06-23 14:00:00+00:00,4135.467,4145.035,4122.756,4130.113,29359,50,0
2026-06-23 15:00:00+00:00,4130.287,4141.588,4123.502,4138.558,18495,50,0
2026-06-23 16:00:00+00:00,4138.607,4144.042,4131.52,4134.549,10076,50,0
2026-06-23 17:00:00+00:00,4134.482,4139.904,4127.69,4128.187,11140,50,0
2026-06-23 18:00:00+00:00,4127.967,4130.92,4112.812,4117.704,8851,50,0
2026-06-23 19:00:00+00:00,4117.755,4126.215,4111.585,4112.007,11328,50,0
2026-06-23 20:00:00+00:00,4111.875,4113.106,4107.429,4109.95,5573,50,0
2026-06-23 22:00:00+00:00,4112.38,4115.235,4096.934,4104.502,7634,50,0
2026-06-23 23:00:00+00:00,4104.257,4104.552,4080.854,4099.153,10934,50,0
2026-06-24 00:00:00+00:00,4099.091,4112.037,4093.732,4097.173,22305,50,0
2026-06-24 01:00:00+00:00,4097.23,4102.361,4068.289,4089.07,37858,50,0
2026-06-24 02:00:00+00:00,4089.279,4096.17,4052.064,4061.357,22749,50,0
2026-06-24 03:00:00+00:00,4061.304,4070.809,4050.312,4062.916,19790,50,0
2026-06-24 04:00:00+00:00,4062.977,4067.259,4055.043,4064.674,13174,50,0
2026-06-24 05:00:00+00:00,4064.618,4086.377,4061.031,4075.863,16678,50,0
2026-06-24 06:00:00+00:00,4076.048,4097.705,4075.821,4087.01,20120,50,0
2026-06-24 07:00:00+00:00,4086.944,4090.888,4073.674,4074.813,12918,50,0
2026-06-24 08:00:00+00:00,4074.912,4087.685,4073.125,4076.434,13060,50,0
2026-06-24 09:00:00+00:00,4076.372,4079.147,4064.043,4064.74,11399,50,0
2026-06-24 10:00:00+00:00,4064.789,4067.048,4054.384,4055.749,12129,50,0
2026-06-24 11:00:00+00:00,4055.813,4058.569,4037.681,4046.919,44000,0,0
2026-06-24 12:00:00+00:00,4046.885,4049.008,3987.445,3987.945,85567,0,0
2026-06-24 13:00:00+00:00,3988.053,4042.28,3964.491,4038.338,163924,0,0
2026-06-24 14:00:00+00:00,4038.232,4041.249,4002.983,4007.924,54739,0,0
2026-06-24 15:00:00+00:00,4008.234,4017.105,3997.279,4002.477,60604,0,0
2026-06-24 16:00:00+00:00,4002.676,4022.366,3995.553,4006.605,47985,0,0
2026-06-24 17:00:00+00:00,4006.682,4011.378,3972.848,3973.03,26979,50,0
2026-06-24 18:00:00+00:00,3973.077,3994.455,3958.916,3981.604,28744,50,0
2026-06-24 19:00:00+00:00,3981.657,3990.99,3973.545,3987.919,18038,50,0
2026-06-24 20:00:00+00:00,3987.975,4003.047,3984.896,4001.217,12829,50,0
2026-06-24 22:00:00+00:00,4004.566,4009.02,3993.129,3996.251,6492,50,0
2026-06-24 23:00:00+00:00,3996.305,4018.548,3990.846,4012.43,8908,50,0
2026-06-25 00:00:00+00:00,4012.375,4016.545,3978.503,3991.405,23698,50,0
2026-06-25 01:00:00+00:00,3991.34,4006.005,3972.37,3976.726,39076,50,0
2026-06-25 02:00:00+00:00,3977.019,3991.27,3962.475,3983.182,27785,50,0
2026-06-25 03:00:00+00:00,3982.935,4001.263,3966.486,3995.431,24839,50,0
2026-06-25 04:00:00+00:00,3995.378,3997.776,3983.66,3996.285,13375,50,0
2026-06-25 05:00:00+00:00,3996.335,4000.276,3980.492,3986.624,21012,50,0
2026-06-25 06:00:00+00:00,3986.545,3989.214,3973.989,3977.81,19087,50,0
2026-06-25 07:00:00+00:00,3977.75,3989.946,3971.388,3987.712,15341,50,0
2026-06-25 08:00:00+00:00,3987.789,4002.216,3984.261,3989.341,18286,50,0
2026-06-25 09:00:00+00:00,3989.046,3997.731,3986.182,3988.413,12184,50,0
2026-06-25 10:00:00+00:00,3988.36,3989.518,3981.322,3984.226,8419,50,0
2026-06-25 11:00:00+00:00,3984.269,3987.921,3973.641,3980.309,12281,40,0
2026-06-25 12:00:00+00:00,3980.373,4019.536,3978.901,4012.653,37684,40,0
2026-06-25 13:00:00+00:00,4012.7,4034.114,4000.881,4002.4,56807,40,0
2026-06-25 14:00:00+00:00,4002.357,4028.845,3999.002,4012.147,39644,40,0
2026-06-25 15:00:00+00:00,4012.196,4042.894,4004.999,4041.287,30827,40,0
2026-06-25 16:00:00+00:00,4041.34,4044.199,4023.939,4028.946,18109,40,0
2026-06-25 17:00:00+00:00,4028.999,4036.847,4026.86,4034.638,12553,40,0
2026-06-25 18:00:00+00:00,4034.736,4044.317,4025.93,4034.651,13852,40,0
2026-06-25 19:00:00+00:00,4034.699,4043.94,4021.941,4026.665,11900,40,0
2026-06-25 20:00:00+00:00,4026.727,4035.143,4024.421,4026.887,6254,40,0
2026-06-25 22:00:00+00:00,4029.043,4036.724,4019.817,4026.304,7681,40,0
2026-06-25 23:00:00+00:00,4026.354,4030.43,4012.478,4014.751,7681,40,0
2026-06-26 00:00:00+00:00,4014.69,4024.62,4011.466,4020.576,17952,40,0
2026-06-26 01:00:00+00:00,4020.528,4029.784,4014.212,4020.896,22146,40,0
2026-06-26 02:00:00+00:00,4020.946,4023.297,3982.979,3990.678,18899,40,0
2026-06-26 03:00:00+00:00,3990.615,4006.786,3986.851,4004.321,15039,40,0
2026-06-26 04:00:00+00:00,4004.259,4015.343,3998.793,4011.824,12044,40,0
2026-06-26 05:00:00+00:00,4011.753,4021.789,4005.649,4008.273,16012,40,0
2026-06-26 06:00:00+00:00,4008.332,4033.239,4006.723,4032.028,20429,40,0
2026-06-26 07:00:00+00:00,4031.973,4039.847,4026.83,4030.768,11890,40,0
2026-06-26 08:00:00+00:00,4030.598,4038.024,4025.769,4031.104,10657,40,0
2026-06-26 09:00:00+00:00,4030.846,4054.359,4029.496,4047.173,14028,40,0
2026-06-26 10:00:00+00:00,4047.375,4055.174,4042.412,4054.859,10593,40,0
2026-06-26 11:00:00+00:00,4054.718,4055.93,4042.625,4045.864,10830,40,0
2026-06-26 12:00:00+00:00,4045.916,4061.727,4035.79,4058.928,14826,40,0
2026-06-26 13:00:00+00:00,4058.98,4078.153,4043.321,4073.553,36683,40,0
2026-06-26 14:00:00+00:00,4073.774,4093.203,4068.004,4080.486,27593,40,0
2026-06-26 15:00:00+00:00,4080.688,4096.207,4075.708,4090.502,19535,40,0
2026-06-26 16:00:00+00:00,4090.552,4093.617,4082.107,4085.219,12269,40,0
2026-06-26 17:00:00+00:00,4085.247,4088.365,4073.669,4074.752,10122,40,0
2026-06-26 18:00:00+00:00,4074.924,4078.985,4067.129,4067.552,7650,40,0
2026-06-26 19:00:00+00:00,4067.636,4074.646,4064.517,4071.914,8326,40,0
2026-06-26 20:00:00+00:00,4071.864,4090.508,4064.699,4088.35,8826,40,0
2026-06-28 22:00:00+00:00,4076.006,4085.412,4053.502,4066.491,9399,40,0
2026-06-28 23:00:00+00:00,4066.495,4070.745,4051.808,4062.931,8872,40,0
2026-06-29 00:00:00+00:00,4062.987,4074.435,4048.3,4069.723,23113,40,0
2026-06-29 01:00:00+00:00,4069.81,4074.62,4053.795,4061.443,26559,40,0
2026-06-29 02:00:00+00:00,4061.385,4072.048,4058.442,4066.342,19352,40,0
2026-06-29 03:00:00+00:00,4066.422,4075.712,4065.253,4069.019,12188,40,0
2026-06-29 04:00:00+00:00,4069.091,4069.153,4049.79,4052.52,8909,40,0
2026-06-29 05:00:00+00:00,4052.418,4057.549,4039.309,4054.708,17362,40,0
2026-06-29 06:00:00+00:00,4054.606,4065.149,4053.833,4062.479,13933,40,0
2026-06-29 07:00:00+00:00,4062.597,4068.771,4056.182,4061.829,10521,40,0
2026-06-29 08:00:00+00:00,4061.777,4066.824,4043.667,4046.965,11838,40,0
2026-06-29 09:00:00+00:00,4046.909,4055.275,4024.395,4031.462,14870,40,0
2026-06-29 10:00:00+00:00,4031.511,4039.666,4027.488,4036.88,11487,40,0
2026-06-29 11:00:00+00:00,4036.796,4042.474,4027.33,4039.369,10656,40,0
2026-06-29 12:00:00+00:00,4039.506,4052.576,4037.799,4043.594,13815,40,0
2026-06-29 13:00:00+00:00,4043.647,4051.915,4028.262,4032.503,21215,40,0
2026-06-29 14:00:00+00:00,4032.557,4035.628,4000.296,4025.624,31158,40,0
2026-06-29 15:00:00+00:00,4025.69,4030.561,4016.787,4027.141,14684,40,0
2026-06-29 16:00:00+00:00,4027.026,4028.867,4018.768,4024.026,8555,40,0
2026-06-29 17:00:00+00:00,4024.078,4032.17,4019.277,4021.148,8580,40,0
2026-06-29 18:00:00+00:00,4020.948,4025.34,4011.956,4013.308,5850,40,0
2026-06-29 19:00:00+00:00,4013.504,4019.692,4005.368,4016.024,7537,40,0
2026-06-29 20:00:00+00:00,4016.072,4017.992,4012.713,4016.48,3594,40,0
2026-06-29 22:00:00+00:00,4018.356,4022.343,4009.546,4014.273,5448,40,0
2026-06-29 23:00:00+00:00,4014.093,4022.586,4013.467,4015.128,5906,40,0
2026-06-30 00:00:00+00:00,4015.07,4015.402,3979.855,3987.073,18062,40,0
2026-06-30 01:00:00+00:00,3987.13,3987.245,3942.204,3969.373,43371,40,0
2026-06-30 02:00:00+00:00,3969.254,3973.398,3952.414,3963.041,22771,40,0
2026-06-30 03:00:00+00:00,3962.79,3971.214,3960.181,3969.824,14772,40,0
2026-06-30 04:00:00+00:00,3969.774,3998.043,3968.155,3985.709,12930,40,0
2026-06-30 05:00:00+00:00,3985.765,3990.839,3975.182,3978.129,15922,40,0
2026-06-30 06:00:00+00:00,3978.179,4034.38,3978.091,4029.558,28699,40,0
2026-06-30 07:00:00+00:00,4029.752,4034.955,4023.758,4032.422,12366,40,0
2026-06-30 08:00:00+00:00,4032.091,4037.803,4013.589,4015.458,12429,40,0
2026-06-30 09:00:00+00:00,4015.381,4024.079,4012.338,4023.816,9079,40,0
2026-06-30 10:00:00+00:00,4023.867,4031.361,4021.668,4029.749,7804,40,0
2026-06-30 11:00:00+00:00,4029.769,4037.434,4025.514,4033.843,10054,40,0
2026-06-30 12:00:00+00:00,4033.947,4034.373,4008.635,4009.839,14200,40,0
2026-06-30 13:00:00+00:00,4009.893,4033.551,4009.295,4029.906,24976,40,0
2026-06-30 14:00:00+00:00,4029.561,4063.485,4025.28,4037.557,29471,40,0
2026-06-30 15:00:00+00:00,4037.614,4039.568,4022.228,4029.592,17186,40,0
2026-06-30 16:00:00+00:00,4029.642,4033.997,4025.826,4026.33,8600,40,0
2026-06-30 17:00:00+00:00,4026.278,4032.278,4020.668,4030.701,9302,40,0
2026-06-30 18:00:00+00:00,4030.751,4033.989,4028.32,4028.777,5535,40,0
2026-06-30 19:00:00+00:00,4028.724,4029.648,4014.832,4015.903,7287,40,0
2026-06-30 20:00:00+00:00,4015.981,4021.089,4006.375,4007.399,5305,40,0
2026-06-30 22:00:00+00:00,4011.952,4018.077,4011.111,4013.1,5148,40,0
2026-06-30 23:00:00+00:00,4013.152,4018.524,4005.338,4005.693,6022,40,0
2026-07-01 00:00:00+00:00,4005.789,4010.008,3992.992,3996.953,11739,40,0
2026-07-01 01:00:00+00:00,3996.961,3999.94,3973.947,3978.005,23817,40,0
2026-07-01 02:00:00+00:00,3977.951,3986.217,3970.299,3979.48,13854,40,0
2026-07-01 03:00:00+00:00,3979.431,3987.188,3976.735,3980.425,8563,40,0
2026-07-01 04:00:00+00:00,3980.473,3982.984,3972.351,3976.817,7890,40,0
2026-07-01 05:00:00+00:00,3976.762,3979.006,3969.755,3974.25,12336,40,0
2026-07-01 06:00:00+00:00,3974.194,3977.627,3963.24,3972.063,14808,40,0
2026-07-01 07:00:00+00:00,3972.005,3978.407,3960.038,3976.252,14503,40,0
2026-07-01 08:00:00+00:00,3976.198,3984.449,3969.466,3974.702,10173,40,0
2026-07-01 09:00:00+00:00,3974.648,3986.132,3972.841,3984.383,8155,40,0
2026-07-01 10:00:00+00:00,3984.683,3998.919,3981.406,3998.326,8384,40,0
2026-07-01 11:00:00+00:00,3998.268,4035.704,3997.86,4030.371,16928,40,0
2026-07-01 12:00:00+00:00,4030.658,4034.1,4019.54,4022.727,17948,40,0
2026-07-01 13:00:00+00:00,4022.725,4108.183,4012.934,4089.603,49976,40,0
2026-07-01 14:00:00+00:00,4089.594,4115.841,4082.803,4093.7,33602,40,0
2026-07-01 15:00:00+00:00,4093.393,4094.794,4076.742,4081.276,18474,40,0
2026-07-01 16:00:00+00:00,4081.341,4088.709,4070.45,4071.057,12102,40,0
2026-07-01 17:00:00+00:00,4071.355,4073.681,4067.364,4068.123,10636,40,0
2026-07-01 18:00:00+00:00,4068.175,4070.837,4057.987,4062.121,8655,40,0
2026-07-01 19:00:00+00:00,4062.173,4068.542,4034.456,4038.679,10927,40,0
2026-07-01 20:00:00+00:00,4038.616,4039.946,4028.494,4031.715,7304,40,0
2026-07-01 22:00:00+00:00,4034.307,4045.379,4032.986,4045.041,5434,40,0
2026-07-01 23:00:00+00:00,4045.002,4045.048,4033.3,4035.269,5708,40,0
2026-07-02 00:00:00+00:00,4035.072,4052.869,4030.757,4052.104,14546,40,0
2026-07-02 01:00:00+00:00,4052.001,4068.717,4045.313,4050.496,21041,40,0
2026-07-02 02:00:00+00:00,4050.45,4061.173,4041.244,4057.289,13345,40,0
2026-07-02 03:00:00+00:00,4057.362,4074.32,4055.47,4070.182,11316,40,0
2026-07-02 04:00:00+00:00,4070.238,4072.992,4060.676,4060.676,7445,40,0
2026-07-02 05:00:00+00:00,4060.988,4067.833,4053.211,4066.033,14160,40,0
2026-07-02 06:00:00+00:00,4066.339,4079.829,4065.991,4073.184,15263,40,0
2026-07-02 07:00:00+00:00,4073.242,4075.599,4060.795,4064.659,12335,40,0
2026-07-02 08:00:00+00:00,4064.605,4080.313,4061.304,4076.239,12748,40,0
2026-07-02 09:00:00+00:00,4076.19,4077.097,4063.929,4065.507,10019,40,0
2026-07-02 10:00:00+00:00,4065.559,4068.875,4061.452,4066.286,8360,40,0
2026-07-02 11:00:00+00:00,4066.362,4072.349,4057.372,4065.475,10572,40,0
2026-07-02 12:00:00+00:00,4065.525,4140.784,4061.23,4117.582,40004,0,0
2026-07-02 13:00:00+00:00,4117.783,4144.232,4109.302,4136.833,43674,40,0
2026-07-02 14:00:00+00:00,4137.03,4138.503,4113.946,4128.607,31792,40,0
2026-07-02 15:00:00+00:00,4128.572,4131.612,4114.745,4128.416,20262,40,0
2026-07-02 16:00:00+00:00,4128.565,4130.388,4100.294,4118.288,18111,40,0
2026-07-02 17:00:00+00:00,4118.089,4120.094,4105.779,4106.965,14127,40,0
2026-07-02 18:00:00+00:00,4106.964,4127.196,4106.069,4122.881,11037,40,0
2026-07-02 19:00:00+00:00,4122.936,4124.615,4108.124,4121.566,10348,40,0
2026-07-02 20:00:00+00:00,4121.429,4125.227,4116.293,4124.182,4903,40,0
2026-07-02 22:00:00+00:00,4126.637,4128.281,4122.555,4124.577,3522,40,0
2026-07-02 23:00:00+00:00,4124.825,4134.246,4121.029,4126.39,7130,40,0
2026-07-03 00:00:00+00:00,4126.25,4151.237,4123.07,4147.274,18167,40,0
2026-07-03 01:00:00+00:00,4147.103,4195.606,4146.512,4182.598,29804,40,0
2026-07-03 02:00:00+00:00,4182.492,4186.986,4176.453,4183.66,12874,40,0
2026-07-03 03:00:00+00:00,4183.357,4184.694,4175.211,4176.007,8836,40,0
2026-07-03 04:00:00+00:00,4176.231,4182.956,4173.141,4179.069,5987,40,0
2026-07-03 05:00:00+00:00,4179.015,4182.139,4169.231,4171.336,9612,40,0
2026-07-03 06:00:00+00:00,4171.446,4174.548,4160.411,4173.219,12456,40,0
2026-07-03 07:00:00+00:00,4173.278,4181.88,4169.323,4177.59,9236,40,0
2026-07-03 08:00:00+00:00,4177.521,4186.604,4176.868,4180.929,8877,40,0
2026-07-03 09:00:00+00:00,4181.057,4181.969,4168.373,4172.163,8046,40,0
2026-07-03 10:00:00+00:00,4172.11,4181.382,4170.786,4177.18,5736,40,0
2026-07-03 11:00:00+00:00,4176.956,4186.39,4175.506,4180.985,6442,40,0
2026-07-03 12:00:00+00:00,4181.055,4183.439,4172.203,4176.768,7358,40,0
2026-07-03 13:00:00+00:00,4176.825,4179.338,4163.489,4164.696,11852,40,0
2026-07-03 14:00:00+00:00,4164.631,4171.212,4155.284,4169.7,9603,40,0
2026-07-03 15:00:00+00:00,4169.743,4174.368,4164.453,4165.04,6516,40,0
2026-07-03 16:00:00+00:00,4164.985,4176.447,4162.764,4175.013,5734,40,0
2026-07-05 22:00:00+00:00,4178.022,4191.788,4173.296,4188.448,8688,40,0
2026-07-05 23:00:00+00:00,4188.401,4202.378,4177.475,4183.235,9706,40,0
2026-07-06 00:00:00+00:00,4183.354,4189.122,4170.273,4179.546,20154,40,0
2026-07-06 01:00:00+00:00,4179.492,4203.29,4172.505,4186.222,25923,40,0
2026-07-06 02:00:00+00:00,4186.282,4188.036,4168.564,4174.084,17960,40,0
2026-07-06 03:00:00+00:00,4174.271,4176.361,4161.041,4165.39,11279,40,0
2026-07-06 04:00:00+00:00,4165.34,4166.867,4157.38,4159.97,7619,40,0
2026-07-06 05:00:00+00:00,4159.844,4161.051,4144.725,4148.158,13155,40,0
2026-07-06 06:00:00+00:00,4148.211,4159.551,4145.801,4150.488,11662,40,0
2026-07-06 07:00:00+00:00,4150.436,4166.449,4147.09,4164.633,10437,40,0
2026-07-06 08:00:00+00:00,4164.333,4166.212,4147.011,4150.603,8281,40,0
2026-07-06 09:00:00+00:00,4150.574,4151.358,4136.311,4143.433,9343,40,0
2026-07-06 10:00:00+00:00,4143.171,4156.03,4142.107,4154.966,8088,40,0
2026-07-06 11:00:00+00:00,4155.028,4159.753,4151.666,4155.12,10387,40,0
2026-07-06 12:00:00+00:00,4155.059,4158.636,4131.45,4139.517,15128,40,0
2026-07-06 13:00:00+00:00,4139.568,4150.509,4136.524,4140.901,20651,40,0
2026-07-06 14:00:00+00:00,4140.987,4147.363,4128.53,4138.104,18259,40,0
2026-07-06 15:00:00+00:00,4138.157,4152.184,4137.467,4148.288,11354,40,0
2026-07-06 16:00:00+00:00,4148.34,4156.432,4140.347,4154.999,8353,40,0
2026-07-06 17:00:00+00:00,4155.054,4161.626,4150.479,4161.132,8653,40,0
2026-07-06 18:00:00+00:00,4161.183,4167.78,4155.403,4164.118,6298,40,0
2026-07-06 19:00:00+00:00,4163.964,4165.655,4158.847,4163.732,5992,40,0
2026-07-06 20:00:00+00:00,4163.805,4165.148,4160.849,4164.415,3188,40,0
2026-07-06 22:00:00+00:00,4166.213,4168.737,4163.574,4164.135,3355,40,0
2026-07-06 23:00:00+00:00,4164.435,4165.876,4157.014,4157.472,4169,40,0
2026-07-07 00:00:00+00:00,4157.418,4162.917,4145.193,4146.239,12478,40,0
2026-07-07 01:00:00+00:00,4145.973,4148.094,4125.804,4142.009,19482,40,0
2026-07-07 02:00:00+00:00,4141.737,4145.353,4131.399,4136.523,11124,40,0
2026-07-07 03:00:00+00:00,4136.588,4140.106,4124.492,4131.264,9667,40,0
2026-07-07 04:00:00+00:00,4131.046,4141.424,4125.919,4126.869,8029,40,0
2026-07-07 05:00:00+00:00,4126.916,4131.324,4116.545,4124.26,14539,40,0
2026-07-07 06:00:00+00:00,4124.207,4133.193,4121.471,4130.368,11102,40,0
2026-07-07 07:00:00+00:00,4130.451,4133.798,4124.25,4124.871,8964,40,0
2026-07-07 08:00:00+00:00,4124.818,4139.302,4121.867,4126.223,10574,40,0
2026-07-07 09:00:00+00:00,4126.171,4133.906,4119.723,4131.126,9602,40,0
2026-07-07 10:00:00+00:00,4131.178,4139.074,4131.114,4135.638,7813,40,0
2026-07-07 11:00:00+00:00,4135.945,4158.628,4131.892,4156.949,10557,40,0
2026-07-07 12:00:00+00:00,4157.042,4175.253,4154.462,4172.27,17544,40,0
2026-07-07 13:00:00+00:00,4172.316,4180.612,4156.175,4158.769,25511,40,0
2026-07-07 14:00:00+00:00,4158.585,4163.632,4143.568,4154.353,21222,40,0
2026-07-07 15:00:00+00:00,4154.292,4155.692,4135.854,4139.025,13922,40,0
2026-07-07 16:00:00+00:00,4139.023,4147.417,4137.025,4145.048,9394,40,0
2026-07-07 17:00:00+00:00,4145.105,4148.366,4140.434,4144.532,8090,40,0
2026-07-07 18:00:00+00:00,4144.583,4145.428,4125.004,4127.162,11940,40,0
2026-07-07 19:00:00+00:00,4127.077,4127.966,4092.25,4114.128,23922,40,0
2026-07-07 20:00:00+00:00,4114.071,4115.992,4103.508,4106.72,6075,40,0
2026-07-07 22:00:00+00:00,4097.863,4106.475,4094.268,4098.258,5640,40,0
2026-07-07 23:00:00+00:00,4098.268,4108.076,4095.785,4098.719,7730,40,0
2026-07-08 00:00:00+00:00,4098.571,4126.999,4096.894,4111.756,20250,40,0
2026-07-08 01:00:00+00:00,4111.687,4118.084,4096.555,4111.203,28643,40,0
2026-07-08 02:00:00+00:00,4111.261,4125.078,4106.214,4114.552,15881,40,0
2026-07-08 03:00:00+00:00,4114.497,4131.34,4114.485,4123.614,12144,40,0
2026-07-08 04:00:00+00:00,4123.557,4128.878,4120.779,4125.195,10021,40,0
2026-07-08 05:00:00+00:00,4125.352,4133.928,4121.117,4127.794,14942,40,0
2026-07-08 06:00:00+00:00,4127.847,4133.757,4122.129,4123.65,12926,40,0
2026-07-08 07:00:00+00:00,4123.709,4127.282,4114.681,4121.498,11073,40,0
2026-07-08 08:00:00+00:00,4121.446,4121.446,4052.207,4056.815,48144,40,0
2026-07-08 09:00:00+00:00,4056.75,4061.198,4041.514,4043.477,25461,40,0
2026-07-08 10:00:00+00:00,4043.529,4058.595,4040.459,4053.113,16386,40,0
2026-07-08 11:00:00+00:00,4053.059,4072.811,4041.353,4062.09,23219,40,0
2026-07-08 12:00:00+00:00,4062.035,4086.599,4058.656,4072.57,26282,40,0
2026-07-08 13:00:00+00:00,4072.514,4083.258,4065.213,4070.765,37519,40,0
2026-07-08 14:00:00+00:00,4070.709,4071.675,4033.82,4040.998,33326,40,0
2026-07-08 15:00:00+00:00,4040.922,4043.835,4021.695,4034.179,24137,40,0
2026-07-08 16:00:00+00:00,4034.233,4064.62,4033.205,4063.661,20841,40,0
2026-07-08 17:00:00+00:00,4063.779,4076.571,4059.718,4065.84,15279,40,0
2026-07-08 18:00:00+00:00,4065.778,4091.643,4063.487,4084.283,17378,40,0
2026-07-08 19:00:00+00:00,4084.334,4091.513,4078.261,4080.105,13496,40,0
2026-07-08 20:00:00+00:00,4080.159,4083.697,4071.711,4077.5,7723,40,0
2026-07-08 22:00:00+00:00,4078.137,4080.055,4072.674,4076.705,5293,40,0
2026-07-08 23:00:00+00:00,4076.726,4077.949,4071.95,4076.376,4676,40,0
2026-07-09 00:00:00+00:00,4076.184,4090.093,4070.18,4073.922,14908,40,0
2026-07-09 01:00:00+00:00,4073.851,4078.96,4062.477,4072.856,19489,40,0
2026-07-09 02:00:00+00:00,4073.114,4082.902,4064.301,4065.243,12151,40,0
2026-07-09 03:00:00+00:00,4065.183,4067.625,4054.293,4064.16,10705,40,0
2026-07-09 04:00:00+00:00,4064.211,4064.624,4056.433,4064.25,7637,40,0
2026-07-09 05:00:00+00:00,4064.301,4084.429,4063.604,4081.988,15004,40,0
2026-07-09 06:00:00+00:00,4082.04,4108.305,4081.483,4108.168,19396,40,0
2026-07-09 07:00:00+00:00,4107.969,4111.362,4101.444,4107.813,10992,40,0
2026-07-09 08:00:00+00:00,4107.865,4117.906,4105.248,4108.475,10600,40,0
2026-07-09 09:00:00+00:00,4108.524,4112.587,4103.226,4106.246,8901,40,0
2026-07-09 10:00:00+00:00,4106.296,4110.262,4093.637,4099.029,8503,40,0
2026-07-09 11:00:00+00:00,4099.111,4110.746,4097.839,4108.628,9538,40,0
2026-07-09 12:00:00+00:00,4108.723,4122.834,4105.189,4107.903,15580,40,0
2026-07-09 13:00:00+00:00,4107.846,4129.748,4106.775,4121.902,22467,40,0
2026-07-09 14:00:00+00:00,4121.838,4136.421,4114.245,4127.735,19951,40,0
2026-07-09 15:00:00+00:00,4127.799,4132.873,4124.747,4126.696,11444,40,0
2026-07-09 16:00:00+00:00,4126.973,4138.177,4125.737,4128.186,9352,40,0
2026-07-09 17:00:00+00:00,4128.281,4138.272,4124.933,4136.066,9203,40,0
2026-07-09 18:00:00+00:00,4136.268,4136.343,4121.398,4124.66,6805,40,0
2026-07-09 19:00:00+00:00,4124.611,4127.008,4118.741,4122.35,6172,40,0
2026-07-09 20:00:00+00:00,4122.301,4125.6,4120.688,4124.03,3463,40,0
2026-07-09 22:00:00+00:00,4125.633,4127.648,4121.469,4121.962,3815,40,0
2026-07-09 23:00:00+00:00,4121.944,4125.289,4121.009,4123.647,3364,40,0
2026-07-10 00:00:00+00:00,4123.595,4128.329,4114.23,4126.439,9446,40,0
2026-07-10 01:00:00+00:00,4126.491,4131.176,4108.588,4117.043,15617,40,0
2026-07-10 02:00:00+00:00,4117.102,4129.264,4116.087,4128.021,9799,40,0
2026-07-10 03:00:00+00:00,4127.958,4134.905,4119.375,4120.405,8766,40,0
2026-07-10 04:00:00+00:00,4120.323,4121.267,4112.113,4115.322,6571,40,0
2026-07-10 05:00:00+00:00,4115.272,4117.303,4108.305,4116.831,10618,40,0
2026-07-10 06:00:00+00:00,4116.89,4120.318,4111.291,4111.961,9668,40,0
2026-07-10 07:00:00+00:00,4111.951,4115.324,4104.391,4108.937,9010,40,0
2026-07-10 08:00:00+00:00,4108.988,4109.619,4094.927,4098.094,9005,40,0
2026-07-10 09:00:00+00:00,4097.789,4105.587,4094.348,4104.237,7293,40,0
2026-07-10 10:00:00+00:00,4104.307,4112.744,4104.209,4104.744,6834,40,0
2026-07-10 11:00:00+00:00,4104.691,4108.334,4096.08,4102.551,7862,40,0
2026-07-10 12:00:00+00:00,4102.556,4117.716,4097.388,4100.669,14210,40,0
2026-07-10 13:00:00+00:00,4100.971,4106.897,4085.714,4099.789,18721,40,0
2026-07-10 14:00:00+00:00,4100.112,4109.237,4072.976,4092.96,29682,40,0
2026-07-10 15:00:00+00:00,4093.014,4113.603,4091.218,4112.977,14515,40,0
2026-07-10 16:00:00+00:00,4113.033,4115.572,4104.563,4104.621,8944,40,0
2026-07-10 17:00:00+00:00,4104.558,4106.995,4100.388,4100.855,7574,40,0
2026-07-10 18:00:00+00:00,4100.965,4105.87,4098.027,4101.268,6194,40,0
2026-07-10 19:00:00+00:00,4101.405,4109.026,4097.791,4108.312,5743,40,0
2026-07-10 20:00:00+00:00,4108.248,4121.195,4108.248,4119.859,4722,40,0
2026-07-12 22:00:00+00:00,4098.686,4099.378,4069.948,4076.728,10071,40,0
2026-07-12 23:00:00+00:00,4076.59,4084.991,4068.505,4084.411,8496,40,0
2026-07-13 00:00:00+00:00,4084.459,4091.276,4061.109,4074.234,18693,40,0
2026-07-13 01:00:00+00:00,4073.873,4089.908,4065.38,4072.36,27735,40,0
2026-07-13 02:00:00+00:00,4072.423,4077.608,4064.736,4068.762,17246,40,0
2026-07-13 03:00:00+00:00,4068.709,4069.687,4053.079,4060.456,12155,40,0
2026-07-13 04:00:00+00:00,4060.342,4060.572,4050.274,4058.843,8393,40,0
2026-07-13 05:00:00+00:00,4058.731,4073.348,4052.149,4053.88,16703,40,0
2026-07-13 06:00:00+00:00,4053.947,4063.758,4043.748,4055.469,15750,40,0
2026-07-13 07:00:00+00:00,4055.527,4065.105,4048.91,4064.739,11682,40,0
2026-07-13 08:00:00+00:00,4064.787,4080.828,4063.098,4074.831,13379,40,0
2026-07-13 09:00:00+00:00,4074.777,4076.718,4068.322,4068.417,8795,40,0
2026-07-13 10:00:00+00:00,4068.361,4070.679,4046.567,4060.557,11910,40,0
2026-07-13 11:00:00+00:00,4060.614,4068.641,4055.133,4056.573,12121,40,0
2026-07-13 12:00:00+00:00,4056.607,4067.701,4053.597,4067.348,13086,40,0
2026-07-13 13:00:00+00:00,4067.6,4067.749,4041.973,4043.5,23011,40,0
2026-07-13 14:00:00+00:00,4043.388,4047.162,4000.318,4015.271,45026,40,0
2026-07-13 15:00:00+00:00,4015.319,4020.3,4010.179,4016.205,16104,40,0
2026-07-13 16:00:00+00:00,4015.984,4018.044,3986.511,3993.263,21074,40,0
2026-07-13 17:00:00+00:00,3993.381,4002.103,3992.035,3993.198,14044,40,0
2026-07-13 18:00:00+00:00,3993.25,4005.296,3986.703,4001.692,11827,40,0
2026-07-13 19:00:00+00:00,4001.755,4004.716,3993.545,4001.958,9959,40,0
2026-07-13 20:00:00+00:00,4002.013,4006.39,3996.328,4002.256,6361,40,0
2026-07-13 22:00:00+00:00,4004.225,4006.391,4000.848,4001.062,3941,40,0
2026-07-13 23:00:00+00:00,4001.132,4003.226,3992.824,4001.013,6196,40,0
2026-07-14 00:00:00+00:00,4001.07,4007.371,3983.412,4004.162,25180,40,0
2026-07-14 01:00:00+00:00,4004.215,4012.238,3992.099,4010.812,23179,40,0
2026-07-14 02:00:00+00:00,4010.867,4019.254,4006.026,4012.428,13536,40,0
2026-07-14 03:00:00+00:00,4012.483,4019.201,4011.206,4016.896,9921,40,0
2026-07-14 04:00:00+00:00,4016.95,4023.569,4013.628,4020.494,7940,40,0
2026-07-14 05:00:00+00:00,4020.555,4034.283,4019.637,4031.332,10587,40,0
2026-07-14 06:00:00+00:00,4031.381,4033.436,4021.739,4024.163,9775,40,0
2026-07-14 07:00:00+00:00,4024.054,4030.133,4020.305,4020.925,10024,40,0
2026-07-14 08:00:00+00:00,4021.039,4023.949,4014.603,4016.162,10347,40,0
2026-07-14 09:00:00+00:00,4016.112,4024.673,4013.672,4021.929,9757,40,0
2026-07-14 10:00:00+00:00,4021.797,4023.035,4015.122,4021.847,8465,40,0
2026-07-14 11:00:00+00:00,4021.526,4032.087,4015.439,4031.131,11336,40,0
2026-07-14 12:00:00+00:00,4031.063,4103.355,4023.351,4076.418,35008,0,0
2026-07-14 13:00:00+00:00,4076.475,4088.747,4070.807,4076.489,32193,40,0
2026-07-14 14:00:00+00:00,4076.728,4090.679,4070.627,4085.026,30291,40,0
2026-07-14 15:00:00+00:00,4085.075,4100.539,4064.531,4066.491,25313,40,0
2026-07-14 16:00:00+00:00,4066.549,4067.251,4057.704,4061.54,13952,40,0
2026-07-14 17:00:00+00:00,4061.594,4065.314,4054.408,4062.725,10286,40,0
2026-07-14 18:00:00+00:00,4062.613,4063.307,4042.773,4054.029,10843,40,0
2026-07-14 19:00:00+00:00,4054.151,4057.322,4047.521,4055.964,9178,40,0
2026-07-14 20:00:00+00:00,4055.807,4056.568,4049.234,4052.969,4386,40,0
2026-07-14 22:00:00+00:00,4052.682,4053.601,4048.449,4048.884,4228,40,0
2026-07-14 23:00:00+00:00,4049.047,4056.173,4046.73,4053.223,4707,40,0
2026-07-15 00:00:00+00:00,4053.028,4060.823,4051.028,4059.213,10824,40,0
2026-07-15 01:00:00+00:00,4059.238,4062.13,4035.583,4037.546,16975,40,0
2026-07-15 02:00:00+00:00,4037.411,4042.398,4029.277,4035.423,11813,40,0
2026-07-15 03:00:00+00:00,4035.365,4040.449,4027.923,4031.371,9014,40,0
2026-07-15 04:00:00+00:00,4031.42,4035.092,4028.343,4033.137,6363,40,0
2026-07-15 05:00:00+00:00,4033.446,4036.687,4022.136,4035.025,11799,40,0
2026-07-15 06:00:00+00:00,4034.717,4035.6,4021.166,4032.017,11521,40,0
2026-07-15 07:00:00+00:00,4032.137,4034.443,4019.693,4024.647,10542,40,0
2026-07-15 08:00:00+00:00,4024.446,4033.177,4017.335,4031.374,10007,40,0
2026-07-15 09:00:00+00:00,4031.432,4034.411,4025.662,4030.162,9179,40,0
2026-07-15 10:00:00+00:00,4030.234,4036.258,4026.718,4028.038,8958,40,0
2026-07-15 11:00:00+00:00,4028.006,4040.515,4027.715,4038.489,8625,40,0
2026-07-15 12:00:00+00:00,4038.289,4071.594,4035.979,4068.042,17555,40,0
2026-07-15 13:00:00+00:00,4067.857,4074.362,4054.213,4061.865,21475,40,0
2026-07-15 14:00:00+00:00,4061.99,4066.119,4053.313,4060.57,18286,40,0
2026-07-15 15:00:00+00:00,4060.629,4063.132,4039.519,4047.02,17213,40,0
2026-07-15 16:00:00+00:00,4046.971,4047.92,4026.783,4033.671,18385,40,0
2026-07-15 17:00:00+00:00,4033.74,4066.228,4032.832,4062.099,15378,40,0
2026-07-15 18:00:00+00:00,4062.219,4081.54,4058.082,4059.335,13350,40,0
2026-07-15 19:00:00+00:00,4059.388,4063.093,4048.146,4057.027,11465,40,0
2026-07-15 20:00:00+00:00,4056.859,4063.386,4055.103,4060.179,4559,40,0
2026-07-15 22:00:00+00:00,4065.922,4065.929,4058.215,4059.858,4211,40,0
2026-07-15 23:00:00+00:00,4059.808,4062.231,4055.603,4058.0,4877,40,0
2026-07-16 00:00:00+00:00,4057.83,4061.488,4043.76,4044.805,10542,40,0
2026-07-16 01:00:00+00:00,4044.811,4050.705,4033.772,4039.102,17964,40,0
2026-07-16 02:00:00+00:00,4039.343,4040.334,4024.119,4031.692,12688,40,0
2026-07-16 03:00:00+00:00,4031.608,4037.024,4027.824,4036.175,8097,40,0
2026-07-16 04:00:00+00:00,4036.23,4038.119,4031.85,4033.36,5743,40,0
2026-07-16 05:00:00+00:00,4033.311,4034.198,4025.242,4027.524,12538,40,0
2026-07-16 06:00:00+00:00,4027.468,4036.778,4022.902,4030.765,12630,40,0
2026-07-16 07:00:00+00:00,4030.815,4031.918,4022.907,4030.618,9830,40,0
2026-07-16 08:00:00+00:00,4030.496,4036.756,4025.359,4035.474,8994,40,0
2026-07-16 09:00:00+00:00,4035.341,4037.894,4030.665,4031.824,7550,40,0
2026-07-16 10:00:00+00:00,4031.754,4034.899,4028.691,4029.671,6819,40,0
2026-07-16 11:00:00+00:00,4029.72,4042.547,4021.184,4038.604,13523,40,0
2026-07-16 12:00:00+00:00,4038.659,4043.518,3990.337,3992.48,27073,40,0
2026-07-16 13:00:00+00:00,3992.28,4008.629,3973.637,3990.197,36981,40,0
2026-07-16 14:00:00+00:00,3990.06,4006.791,3987.059,3997.832,23964,40,0
2026-07-16 15:00:00+00:00,3997.883,4017.062,3989.352,4006.997,19289,40,0
2026-07-16 16:00:00+00:00,4007.047,4007.911,3982.309,3992.214,17681,40,0
2026-07-16 17:00:00+00:00,3992.164,3993.011,3979.865,3984.922,12714,40,0
2026-07-16 18:00:00+00:00,3984.985,3990.584,3976.507,3980.559,10860,40,0
2026-07-16 19:00:00+00:00,3980.639,3986.278,3969.211,3979.914,10970,40,0
2026-07-16 20:00:00+00:00,3980.027,3980.377,3971.798,3976.441,5109,40,0
2026-07-16 22:00:00+00:00,3978.769,3980.547,3973.32,3978.324,4065,40,0
2026-07-16 23:00:00+00:00,3978.277,3986.638,3975.472,3985.882,5151,40,0
2026-07-17 00:00:00+00:00,3985.93,3992.235,3980.569,3991.91,13886,40,0
2026-07-17 01:00:00+00:00,3991.839,3996.264,3979.287,3983.181,19933,40,0
2026-07-17 02:00:00+00:00,3983.355,3987.403,3970.568,3979.152,14585,40,0
2026-07-17 03:00:00+00:00,3979.337,4008.919,3978.709,3991.336,14951,40,0
2026-07-17 04:00:00+00:00,3991.48,3991.877,3980.112,3981.956,9318,40,0
2026-07-17 05:00:00+00:00,3981.783,3991.502,3975.13,3985.288,16209,40,0
2026-07-17 06:00:00+00:00,3985.164,4007.308,3985.115,3999.323,16461,40,0
2026-07-17 07:00:00+00:00,3999.612,4002.696,3992.643,3992.903,11903,40,0
2026-07-17 08:00:00+00:00,3992.855,4000.05,3987.716,3994.552,13208,40,0
2026-07-17 09:00:00+00:00,3994.411,4002.721,3992.911,3998.027,10950,40,0
2026-07-17 10:00:00+00:00,3997.973,3999.244,3990.394,3990.96,8367,40,0
2026-07-17 11:00:00+00:00,3991.016,3998.982,3989.866,3993.988,9292,40,0
2026-07-17 12:00:00+00:00,3994.186,3995.804,3964.021,3966.386,16375,40,0
2026-07-17 13:00:00+00:00,3966.439,4003.755,3959.46,3996.91,37700,40,0
2026-07-17 14:00:00+00:00,3997.315,4004.689,3990.424,4001.146,27037,40,0
2026-07-17 15:00:00+00:00,4001.034,4021.335,3997.741,4019.137,23301,40,0
2026-07-17 16:00:00+00:00,4019.21,4023.901,4010.894,4015.168,15555,40,0
2026-07-17 17:00:00+00:00,4015.223,4019.18,4008.299,4010.013,9361,40,0
2026-07-17 18:00:00+00:00,4010.182,4016.272,4006.527,4011.221,8030,40,0
2026-07-17 19:00:00+00:00,4011.273,4016.673,4002.356,4015.488,8084,40,0
2026-07-17 20:00:00+00:00,4015.366,4018.851,4008.656,4017.852,5347,40,0
2026-07-19 22:00:00+00:00,4000.257,4003.023,3993.378,3995.109,7250,40,0
2026-07-19 23:00:00+00:00,3995.16,3996.251,3989.312,3995.473,6842,40,0
2026-07-20 00:00:00+00:00,3995.594,4010.447,3982.726,4008.513,18458,40,0
2026-07-20 01:00:00+00:00,4008.625,4021.19,3995.668,4002.106,24513,40,0
2026-07-20 02:00:00+00:00,4002.295,4028.965,4001.232,4022.003,16518,40,0
2026-07-20 03:00:00+00:00,4021.955,4028.096,4018.724,4024.305,11299,40,0
2026-07-20 04:00:00+00:00,4024.255,4026.811,4018.532,4019.093,7038,40,0
2026-07-20 05:00:00+00:00,4018.908,4021.121,4005.361,4008.948,11575,40,0
2026-07-20 06:00:00+00:00,4008.886,4011.857,4002.973,4004.113,11137,40,0
2026-07-20 07:00:00+00:00,4004.015,4021.837,4002.108,4017.515,12705,40,0
2026-07-20 08:00:00+00:00,4017.363,4030.791,4017.282,4019.169,10571,40,0
2026-07-20 09:00:00+00:00,4019.121,4023.45,4014.774,4021.166,8067,40,0
2026-07-20 10:00:00+00:00,4021.219,4025.881,4018.102,4024.118,7242,40,0
2026-07-20 11:00:00+00:00,4024.173,4040.871,4019.958,4025.4,18904,40,0
2026-07-20 12:00:00+00:00,4025.335,4025.335,4006.533,4008.247,18505,40,0
2026-07-20 13:00:00+00:00,4008.3,4017.504,4005.726,4006.015,19046,40,0
2026-07-20 14:00:00+00:00,4005.951,4013.758,3998.254,4006.064,17547,40,0
2026-07-20 15:00:00+00:00,4006.394,4019.728,4004.47,4011.969,13353,40,0
2026-07-20 16:00:00+00:00,4011.919,4018.575,4001.489,4009.743,10875,40,0
2026-07-20 17:00:00+00:00,4009.979,4013.208,4003.807,4005.233,8020,40,0
2026-07-20 18:00:00+00:00,4005.352,4011.777,4003.195,4007.267,7957,40,0
2026-07-20 19:00:00+00:00,4007.219,4018.149,4004.279,4007.058,9466,40,0
2026-07-20 20:00:00+00:00,4006.94,4009.659,4005.862,4008.892,4134,40,0
2026-07-20 22:00:00+00:00,4009.742,4010.915,3999.952,4000.643,5465,40,0
2026-07-20 23:00:00+00:00,4000.752,4010.751,4000.258,4009.802,6805,40,0
2026-07-21 00:00:00+00:00,4009.912,4027.351,4003.853,4025.001,16261,40,0
2026-07-21 01:00:00+00:00,4024.935,4036.033,4018.533,4023.139,18273,40,0
2026-07-21 02:00:00+00:00,4023.189,4045.522,4021.946,4037.974,13584,40,0
2026-07-21 03:00:00+00:00,4037.861,4051.837,4036.788,4046.893,10339,40,0
2026-07-21 04:00:00+00:00,4047.006,4052.15,4043.659,4049.831,6748,40,0
2026-07-21 05:00:00+00:00,4049.582,4068.118,4046.437,4061.575,11231,40,0
2026-07-21 06:00:00+00:00,4061.49,4084.37,4061.454,4078.498,12001,40,0
2026-07-21 07:00:00+00:00,4078.665,4080.394,4067.729,4071.462,8776,40,0
2026-07-21 08:00:00+00:00,4071.392,4072.774,4059.173,4062.765,8580,40,0
2026-07-21 09:00:00+00:00,4062.815,4069.979,4061.112,4066.124,7923,40,0
2026-07-21 10:00:00+00:00,4066.074,4070.198,4060.935,4063.174,9113,40,0
2026-07-21 11:00:00+00:00,4063.244,4063.903,4054.385,4056.057,7837,40,0
2026-07-21 12:00:00+00:00,4055.995,4065.852,4051.193,4054.018,13123,40,0
2026-07-21 13:00:00+00:00,4053.964,4061.924,4044.525,4053.076,20654,40,0
2026-07-21 14:00:00+00:00,4053.416,4074.051,4051.586,4068.558,17629,40,0
2026-07-21 15:00:00+00:00,4068.507,4083.688,4065.508,4074.359,12590,40,0
2026-07-21 16:00:00+00:00,4074.287,4079.248,4070.069,4071.823,7177,40,0
2026-07-21 17:00:00+00:00,4071.875,4073.011,4066.759,4068.62,6229,40,0
2026-07-21 18:00:00+00:00,4068.677,4087.592,4067.597,4082.518,7293,40,0
2026-07-21 19:00:00+00:00,4082.393,4085.657,4080.171,4084.616,6416,40,0
2026-07-21 20:00:00+00:00,4084.567,4086.444,4076.831,4078.034,4029,40,0
2026-07-21 22:00:00+00:00,4079.087,4085.154,4077.045,4080.63,4621,40,0
2026-07-21 23:00:00+00:00,4080.667,4083.185,4079.348,4080.61,3680,40,0
2026-07-22 00:00:00+00:00,4080.711,4102.829,4076.916,4097.444,15577,40,0
2026-07-22 01:00:00+00:00,4097.509,4123.796,4096.612,4122.246,21207,40,0
2026-07-22 02:00:00+00:00,4122.025,4131.101,4119.08,4130.43,12114,40,0
2026-07-22 03:00:00+00:00,4130.793,4141.899,4129.202,4131.026,9456,40,0
2026-07-22 04:00:00+00:00,4130.973,4131.462,4124.893,4126.974,6679,40,0
2026-07-22 05:00:00+00:00,4127.025,4134.164,4122.921,4130.94,10340,40,0
2026-07-22 06:00:00+00:00,4131.079,4135.318,4113.367,4116.493,12201,40,0
2026-07-22 07:00:00+00:00,4116.59,4123.179,4109.309,4110.63,10899,40,0
2026-07-22 08:00:00+00:00,4110.681,4120.289,4110.644,4118.314,9466,40,0
2026-07-22 09:00:00+00:00,4118.371,4122.455,4113.185,4115.258,8637,40,0
2026-07-22 10:00:00+00:00,4115.311,4121.774,4114.833,4117.511,7292,40,0
2026-07-22 11:00:00+00:00,4117.571,4123.182,4112.575,4122.529,8971,40,0
2026-07-22 12:00:00+00:00,4122.552,4134.526,4106.342,4112.833,14146,40,0
2026-07-22 13:00:00+00:00,4113.155,4156.039,4112.751,4154.548,21332,40,0
2026-07-22 14:00:00+00:00,4154.626,4163.729,4144.005,4148.506,19254,40,0
2026-07-22 15:00:00+00:00,4148.659,4166.192,4148.659,4159.373,10927,40,0
2026-07-22 16:00:00+00:00,4159.281,4159.66,4144.569,4147.038,9455,40,0
2026-07-22 17:00:00+00:00,4147.163,4148.104,4138.369,4142.616,8351,40,0
2026-07-22 18:00:00+00:00,4142.502,4142.976,4131.908,4136.321,8376,40,0
2026-07-22 19:00:00+00:00,4136.238,4137.416,4129.037,4131.785,6775,40,0
2026-07-22 20:00:00+00:00,4131.677,4137.892,4128.239,4130.204,7377,40,0
2026-07-22 22:00:00+00:00,4117.985,4129.995,4115.883,4121.896,8446,40,0
2026-07-22 23:00:00+00:00,4121.954,4134.293,4116.662,4133.367,7749,40,0
2026-07-23 00:00:00+00:00,4133.419,4134.839,4125.124,4132.379,10650,40,0
2026-07-23 01:00:00+00:00,4132.318,4141.209,4114.393,4118.027,21095,40,0
2026-07-23 02:00:00+00:00,4117.971,4128.972,4112.289,4128.08,13799,40,0
2026-07-23 03:00:00+00:00,4128.028,4133.393,4124.01,4124.768,8943,40,0
2026-07-23 04:00:00+00:00,4124.776,4130.55,4120.125,4121.451,7208,40,0
2026-07-23 05:00:00+00:00,4121.426,4130.702,4119.597,4123.93,10121,40,0
2026-07-23 06:00:00+00:00,4123.991,4128.307,4116.978,4118.711,10838,40,0
2026-07-23 07:00:00+00:00,4118.691,4119.61,4090.038,4095.626,16163,40,0
2026-07-23 08:00:00+00:00,4095.577,4097.837,4087.068,4093.392,11932,40,0
2026-07-23 09:00:00+00:00,4093.283,4099.445,4088.482,4090.129,10161,40,0
2026-07-23 10:00:00+00:00,4090.076,4095.519,4086.035,4093.418,9870,40,0
2026-07-23 11:00:00+00:00,4093.221,4093.99,4072.811,4085.849,14394,40,0
2026-07-23 12:00:00+00:00,4085.797,4086.18,4060.918,4061.837,19164,40,0
2026-07-23 13:00:00+00:00,4061.865,4067.663,4040.388,4043.409,33412,40,0
2026-07-23 14:00:00+00:00,4043.603,4061.903,4040.186,4058.039,24538,40,0
2026-07-23 15:00:00+00:00,4058.096,4059.51,4042.288,4048.634,19317,40,0
2026-07-23 16:00:00+00:00,4048.75,4051.942,4045.862,4051.404,8860,40,0
2026-07-23 17:00:00+00:00,4051.457,4054.735,4041.739,4041.955,10902,40,0
2026-07-23 18:00:00+00:00,4042.083,4048.475,4040.604,4046.041,8417,40,0
2026-07-23 19:00:00+00:00,4046.342,4051.1,4042.976,4049.991,6936,40,0
2026-07-23 20:00:00+00:00,4050.056,4051.315,4047.464,4049.299,4165,40,0
2026-07-23 22:00:00+00:00,4050.741,4050.838,4048.657,4049.539,2780,40,0
2026-07-23 23:00:00+00:00,4049.539,4050.903,4046.605,4047.137,4219,40,0
2026-07-24 00:00:00+00:00,4047.197,4050.901,4041.151,4050.124,9700,40,0
2026-07-24 01:00:00+00:00,4050.174,4050.654,4040.058,4043.604,12400,40,0
2026-07-24 02:00:00+00:00,4043.587,4048.382,4023.261,4024.527,13095,40,0
2026-07-24 03:00:00+00:00,4024.609,4033.672,4023.085,4029.471,8845,40,0
2026-07-24 04:00:00+00:00,4029.411,4030.638,4025.762,4027.233,6059,40,0
2026-07-24 05:00:00+00:00,4027.032,4032.443,4021.953,4023.078,10302,40,0
2026-07-24 06:00:00+00:00,4023.089,4039.211,4022.856,4035.902,10398,40,0
2026-07-24 07:00:00+00:00,4035.596,4053.863,4035.109,4048.439,10195,40,0
2026-07-24 08:00:00+00:00,4048.316,4058.958,4045.203,4057.477,8020,40,0
2026-07-24 09:00:00+00:00,4057.529,4061.019,4051.683,4059.776,7232,40,0
2026-07-24 10:00:00+00:00,4059.828,4064.05,4057.149,4060.022,6299,40,0
2026-07-24 11:00:00+00:00,4060.131,4063.598,4051.604,4057.766,7246,40,0
2026-07-24 12:00:00+00:00,4057.737,4060.333,4051.687,4055.962,9741,40,0
2026-07-24 13:00:00+00:00,4056.012,4068.783,4044.618,4067.446,17526,40,0
2026-07-24 14:00:00+00:00,4067.316,4070.176,4055.92,4063.533,17530,40,0
2026-07-24 15:00:00+00:00,4063.587,4082.157,4061.74,4077.526,19924,40,0
2026-07-24 16:00:00+00:00,4077.421,4078.326,4064.13,4066.973,8641,40,0
2026-07-24 17:00:00+00:00,4067.022,4070.04,4063.014,4063.528,7917,40,0
2026-07-24 18:00:00+00:00,4063.579,4064.615,4051.301,4054.586,7381,40,0
2026-07-24 19:00:00+00:00,4054.716,4057.963,4049.184,4053.623,7729,40,0
2026-07-24 20:00:00+00:00,4053.787,4056.22,4051.78,4053.032,4180,40,0
2026-07-26 22:00:00+00:00,4091.931,4096.764,4083.793,4089.883,5465,50,0
2026-07-26 23:00:00+00:00,4089.81,4096.484,4083.683,4094.276,5527,40,0
2026-07-27 00:00:00+00:00,4094.395,4116.322,4090.686,4100.788,17331,40,0
2026-07-27 01:00:00+00:00,4100.991,4112.738,4097.01,4110.185,19349,40,0
2026-07-27 02:00:00+00:00,4110.088,4111.071,4093.787,4093.854,10355,40,0
2026-07-27 03:00:00+00:00,4093.553,4095.988,4085.283,4090.942,8268,40,0
2026-07-27 04:00:00+00:00,4090.994,4092.868,4087.052,4090.573,5989,40,0
2026-07-27 05:00:00+00:00,4090.562,4094.865,4084.404,4093.092,9460,40,0
2026-07-27 06:00:00+00:00,4093.294,4099.467,4091.117,4095.78,10116,40,0
2026-07-27 07:00:00+00:00,4096.074,4106.194,4088.69,4089.008,10331,40,0
2026-07-27 08:00:00+00:00,4089.063,4096.875,4086.999,4095.408,9441,40,0
2026-07-27 09:00:00+00:00,4095.394,4100.494,4090.377,4096.267,8059,40,0
2026-07-27 10:00:00+00:00,4096.215,4102.385,4086.393,4099.664,8318,40,0
2026-07-27 11:00:00+00:00,4099.716,4104.233,4093.716,4094.079,9486,40,0
2026-07-27 12:00:00+00:00,4094.14,4097.868,4081.436,4083.869,13375,40,0
2026-07-27 13:00:00+00:00,4083.903,4089.713,4070.685,4074.117,24420,40,0
2026-07-27 14:00:00+00:00,4074.234,4079.379,4065.268,4076.09,23114,40,0
2026-07-27 15:00:00+00:00,4076.14,4080.077,4071.83,4078.708,13904,40,0
2026-07-27 16:00:00+00:00,4078.613,4094.008,4077.815,4082.354,13064,40,0
2026-07-27 17:00:00+00:00,4082.557,4082.557,4070.723,4076.557,10070,40,0
2026-07-27 18:00:00+00:00,4076.613,4079.674,4072.818,4077.856,8016,40,0
2026-07-27 19:00:00+00:00,4077.934,4089.316,4076.187,4083.308,7248,40,0
2026-07-27 20:00:00+00:00,4083.358,4084.194,4075.209,4076.899,4027,40,0
2026-07-27 22:00:00+00:00,4079.586,4082.228,4071.13,4074.144,3730,40,0
2026-07-27 23:00:00+00:00,4074.359,4075.221,4069.984,4073.295,4057,40,0
2026-07-28 00:00:00+00:00,4073.246,4074.388,4057.494,4057.863,13345,40,0
2026-07-28 01:00:00+00:00,4057.812,4060.296,4042.569,4045.333,19469,40,0
2026-07-28 02:00:00+00:00,4045.265,4049.112,4040.708,4042.187,10497,40,0
2026-07-28 03:00:00+00:00,4042.123,4051.095,4040.238,4049.336,8113,40,0
2026-07-28 04:00:00+00:00,4049.289,4049.801,4041.522,4042.401,6625,40,0
2026-07-28 05:00:00+00:00,4042.351,4046.715,4034.863,4045.463,10765,40,0
2026-07-28 06:00:00+00:00,4045.262,4052.474,4042.931,4048.337,10001,40,0
2026-07-28 07:00:00+00:00,4048.538,4052.463,4046.366,4047.348,8143,40,0
2026-07-28 08:00:00+00:00,4047.573,4055.364,4041.858,4045.454,13491,40,0
2026-07-28 09:00:00+00:00,4045.401,4046.146,4019.16,4023.333,11110,40,0
2026-07-28 10:00:00+00:00,4023.283,4028.528,4016.877,4026.598,12053,40,0
2026-07-28 11:00:00+00:00,4026.539,4032.375,4023.144,4028.103,11867,40,0
2026-07-28 12:00:00+00:00,4028.006,4038.2,4022.942,4029.583,13183,40,0
2026-07-28 13:00:00+00:00,4029.554,4036.277,4020.194,4022.474,21247,40,0
2026-07-28 14:00:00+00:00,4022.472,4033.651,4011.392,4024.606,20058,40,0
2026-07-28 15:00:00+00:00,4024.306,4047.166,4022.369,4046.073,20311,40,0
2026-07-28 16:00:00+00:00,4046.381,4046.758,4036.574,4037.718,8613,40,0
2026-07-28 17:00:00+00:00,4037.769,4041.786,4025.634,4027.876,9300,40,0
2026-07-28 18:00:00+00:00,4027.919,4030.496,4021.683,4023.239,7569,40,0
2026-07-28 19:00:00+00:00,4022.931,4028.085,4021.931,4026.626,6208,40,0
2026-07-28 20:00:00+00:00,4026.317,4030.535,4022.642,4028.938,4538,40,0
2026-07-28 22:00:00+00:00,4027.987,4028.725,4014.004,4018.48,4880,40,0
2026-07-28 23:00:00+00:00,4018.53,4026.536,4015.065,4025.198,7044,40,0
2026-07-29 00:00:00+00:00,4024.998,4030.158,4017.688,4021.75,14492,40,0
2026-07-29 01:00:00+00:00,4021.702,4030.731,4010.103,4025.782,20363,40,0
2026-07-29 02:00:00+00:00,4025.871,4038.061,4023.073,4029.763,13751,40,0
2026-07-29 03:00:00+00:00,4029.714,4032.725,4023.098,4023.803,8892,40,0
2026-07-29 04:00:00+00:00,4023.856,4027.719,4020.551,4027.516,8131,40,0
2026-07-29 05:00:00+00:00,4027.544,4040.19,4026.664,4033.242,11380,40,0
2026-07-29 06:00:00+00:00,4033.021,4044.991,4033.021,4041.275,9514,40,0
2026-07-29 07:00:00+00:00,4041.024,4047.879,4041.024,4043.982,7268,40,0
2026-07-29 08:00:00+00:00,4043.932,4044.557,4035.62,4037.544,7422,40,0
2026-07-29 09:00:00+00:00,4037.593,4038.564,4031.153,4032.903,6568,40,0
2026-07-29 10:00:00+00:00,4032.845,4034.551,4025.892,4027.311,7296,40,0
2026-07-29 11:00:00+00:00,4027.44,4036.187,4024.885,4032.716,7130,40,0
2026-07-29 12:00:00+00:00,4032.765,4033.556,4009.235,4022.629,15166,40,0
2026-07-29 13:00:00+00:00,4022.7,4026.661,4002.492,4007.291,21769,40,0
2026-07-29 14:00:00+00:00,4007.388,4010.354,3995.884,4004.791,21371,40,0
2026-07-29 15:00:00+00:00,4004.85,4014.046,4003.184,4010.006,13532,40,0
2026-07-29 16:00:00+00:00,4009.836,4032.943,4007.535,4027.529,11941,40,0
2026-07-29 17:00:00+00:00,4027.389,4050.795,4027.274,4044.087,16217,40,0
2026-07-29 18:00:00+00:00,4044.31,4110.14,4043.18,4106.635,68062,40,0
2026-07-29 19:00:00+00:00,4106.691,4116.641,4044.139,4044.821,54437,40,0
2026-07-29 20:00:00+00:00,4044.942,4070.326,4042.567,4066.139,20545,40,0
2026-07-29 22:00:00+00:00,4068.372,4090.757,4064.923,4088.509,7353,40,0
2026-07-29 23:00:00+00:00,4088.455,4100.478,4084.493,4084.781,9421,40,0
2026-07-30 00:00:00+00:00,4084.853,4086.825,4064.86,4072.127,21809,40,0
2026-07-30 01:00:00+00:00,4072.184,4093.238,4070.24,4084.842,25121,40,0
2026-07-30 02:00:00+00:00,4084.767,4090.486,4063.401,4063.725,15612,40,0
2026-07-30 03:00:00+00:00,4063.852,4070.067,4050.772,4058.864,14279,40,0
2026-07-30 04:00:00+00:00,4059.122,4060.407,4044.328,4046.238,9530,40,0
2026-07-30 05:00:00+00:00,4046.29,4051.408,4028.399,4033.907,19463,40,0
2026-07-30 06:00:00+00:00,4033.853,4040.594,4029.296,4036.843,16613,40,0
2026-07-30 07:00:00+00:00,4036.486,4051.43,4035.502,4038.88,16182,40,0
2026-07-30 08:00:00+00:00,4038.707,4073.037,4036.66,4061.396,19319,40,0
2026-07-30 09:00:00+00:00,4061.707,4073.247,4060.287,4063.542,13837,40,0
2026-07-30 10:00:00+00:00,4063.615,4083.156,4062.939,4078.234,16325,40,0
2026-07-30 11:00:00+00:00,4078.125,4082.904,4075.711,4077.686,11089,40,0
2026-07-30 12:00:00+00:00,4077.581,4086.991,4067.132,4068.76,20372,40,0
2026-07-30 13:00:00+00:00,4069.052,4112.706,4065.087,4112.331,43439,40,0
2026-07-30 14:00:00+00:00,4112.281,4120.512,4087.219,4100.041,40473,40,0
2026-07-30 15:00:00+00:00,4100.155,4110.248,4083.063,4108.099,23616,40,0
2026-07-30 16:00:00+00:00,4108.045,4119.438,4106.555,4110.939,11370,40,0
2026-07-30 17:00:00+00:00,4110.878,4111.45,4098.691,4102.55,10974,40,0
2026-07-30 18:00:00+00:00,4102.745,4107.991,4098.793,4099.722,7674,40,0
2026-07-30 19:00:00+00:00,4099.613,4115.584,4098.805,4112.262,8424,40,0
2026-07-30 20:00:00+00:00,4112.317,4117.595,4099.087,4103.146,8150,40,0
2026-07-30 22:00:00+00:00,4105.342,4111.25,4102.537,4109.352,4361,40,0
2026-07-30 23:00:00+00:00,4109.383,4111.911,4102.213,4105.745,4985,40,0
2026-07-31 00:00:00+00:00,4105.859,4107.332,4090.421,4094.89,10157,40,0
2026-07-31 01:00:00+00:00,4094.737,4101.771,4082.247,4084.197,14580,40,0
2026-07-31 02:00:00+00:00,4084.375,4090.633,4074.138,4076.348,9337,40,0
2026-07-31 03:00:00+00:00,4076.282,4079.487,4071.921,4075.136,7969,40,0
2026-07-31 04:00:00+00:00,4075.141,4081.487,4073.34,4080.095,5622,40,0
2026-07-31 05:00:00+00:00,4080.222,4083.502,4073.359,4074.637,7468,40,0
2026-07-31 06:00:00+00:00,4074.691,4087.595,4072.655,4077.803,10282,40,0
2026-07-31 07:00:00+00:00,4077.739,4079.25,4067.345,4067.757,9243,40,0
2026-07-31 08:00:00+00:00,4067.847,4067.914,4054.115,4061.134,12010,40,0
2026-07-31 09:00:00+00:00,4061.076,4064.036,4050.108,4055.053,9871,40,0
2026-07-31 10:00:00+00:00,4055.334,4058.472,4051.974,4054.411,6839,40,0
2026-07-31 11:00:00+00:00,4054.423,4061.252,4050.561,4053.831,9108,40,0
2026-07-31 12:00:00+00:00,4053.827,4059.601,4040.483,4041.02,12256,40,0
2026-07-31 13:00:00+00:00,4040.959,4047.134,4022.1,4025.596,26870,40,0
2026-07-31 14:00:00+00:00,4025.335,4050.469,4020.975,4049.151,20958,40,0
2026-07-31 15:00:00+00:00,4049.2,4052.909,4036.702,4045.666,16617,40,0
2026-07-31 16:00:00+00:00,4045.612,4050.035,4041.108,4043.464,9797,40,0
2026-07-31 17:00:00+00:00,4043.415,4054.875,4041.414,4053.486,10014,40,0
2026-07-31 18:00:00+00:00,4053.598,4055.156,4047.175,4050.718,7474,40,0
2026-07-31 19:00:00+00:00,4050.766,4055.729,4046.87,4050.959,7067,40,0
2026-07-31 20:00:00+00:00,4051.129,4053.162,4043.152,4043.917,11818,40,0
2026-08-02 22:00:00+00:00,4073.165,4079.518,4063.498,4064.014,7702,40,0
2026-08-02 23:00:00+00:00,4063.978,4075.032,4063.169,4074.878,6264,40,0
2026-08-03 00:00:00+00:00,4074.939,4079.14,4055.7,4057.219,17436,40,0
2026-08-03 01:00:00+00:00,4057.381,4063.562,4047.383,4056.484,20392,40,0
2026-08-03 02:00:00+00:00,4056.791,4067.332,4052.025,4062.331,12841,40,0
2026-08-03 03:00:00+00:00,4062.353,4068.129,4059.222,4064.984,9709,40,0
2026-08-03 04:00:00+00:00,4065.062,4071.978,4064.112,4064.112,6714,40,0
2026-08-03 05:00:00+00:00,4064.061,4069.985,4054.126,4068.918,10428,40,0
2026-08-03 06:00:00+00:00,4068.975,4072.317,4060.638,4064.111,12473,40,0
2026-08-03 07:00:00+00:00,4064.161,4065.311,4052.154,4060.935,12358,40,0
2026-08-03 08:00:00+00:00,4061.251,4062.638,4054.273,4059.374,9249,40,0
2026-08-03 09:00:00+00:00,4059.526,4062.411,4046.721,4055.473,10201,40,0
2026-08-03 10:00:00+00:00,4055.524,4057.313,4045.819,4049.599,8374,40,0
2026-08-03 11:00:00+00:00,4049.412,4063.158,4045.36,4062.643,10115,40,0
2026-08-03 12:00:00+00:00,4062.512,4064.749,4042.193,4047.594,12797,40,0
2026-08-03 13:00:00+00:00,4047.649,4053.695,4019.065,4032.426,24850,40,0
2026-08-03 14:00:00+00:00,4032.485,4039.387,4026.628,4036.501,15467,40,0
2026-08-03 15:00:00+00:00,4036.407,4041.134,4030.354,4036.204,11764,40,0
2026-08-03 16:00:00+00:00,4036.009,4039.511,4034.611,4037.145,6765,40,0
2026-08-03 17:00:00+00:00,4037.086,4037.956,4030.338,4030.724,6194,40,0
2026-08-03 18:00:00+00:00,4030.719,4045.222,4029.575,4043.433,6482,40,0
2026-08-03 19:00:00+00:00,4043.482,4055.936,4043.482,4052.22,7263,40,0
2026-08-03 20:00:00+00:00,4052.282,4058.288,4050.225,4055.137,4092,40,0
2026-08-03 22:00:00+00:00,4053.157,4054.758,4049.391,4052.814,3492,40,0
2026-08-03 23:00:00+00:00,4052.78,4055.253,4050.14,4053.862,4320,40,0
2026-08-04 00:00:00+00:00,4053.803,4069.507,4048.706,4049.379,10526,40,0
2026-08-04 01:00:00+00:00,4049.269,4062.038,4042.503,4058.606,14821,40,0
2026-08-04 02:00:00+00:00,4058.919,4065.242,4055.683,4059.043,9548,40,0
2026-08-04 03:00:00+00:00,4058.99,4061.797,4052.041,4052.672,7176,40,0
2026-08-04 04:00:00+00:00,4052.699,4066.39,4051.102,4063.759,6076,40,0
2026-08-04 05:00:00+00:00,4063.809,4067.939,4057.299,4062.108,8320,40,0
2026-08-04 06:00:00+00:00,4062.048,4066.413,4055.705,4063.3,8438,40,0
2026-08-04 07:00:00+00:00,4063.575,4066.968,4060.898,4065.43,7894,40,0
2026-08-04 08:00:00+00:00,4065.477,4072.989,4054.564,4055.272,9707,40,0
2026-08-04 09:00:00+00:00,4055.163,4055.639,4046.213,4049.677,7744,40,0
2026-08-04 10:00:00+00:00,4049.716,4060.825,4045.536,4054.012,10596,40,0
2026-08-04 11:00:00+00:00,4054.063,4084.43,4052.51,4075.01,17144,40,0
2026-08-04 12:00:00+00:00,4075.078,4084.59,4060.934,4070.816,17208,40,0
2026-08-04 13:00:00+00:00,4071.091,4093.87,4061.038,4084.143,28737,40,0
2026-08-04 14:00:00+00:00,4084.386,4092.058,4074.339,4083.553,19269,40,0
2026-08-04 15:00:00+00:00,4083.698,4089.025,4074.767,4087.523,14555,40,0
2026-08-04 16:00:00+00:00,4087.592,4093.76,4083.022,4093.214,8860,40,0
2026-08-04 17:00:00+00:00,4093.385,4106.422,4086.228,4086.246,10946,40,0
2026-08-04 18:00:00+00:00,4086.191,4089.027,4075.146,4079.99,8466,40,0
2026-08-04 19:00:00+00:00,4079.778,4084.859,4076.477,4078.809,6856,40,0
2026-08-04 20:00:00+00:00,4078.697,4080.55,4074.675,4078.112,5135,40,0
2026-08-04 22:00:00+00:00,4078.137,4085.879,4075.708,4075.901,4631,40,0
2026-08-04 23:00:00+00:00,4076.047,4077.253,4065.432,4072.473,6105,40,0
2026-08-05 00:00:00+00:00,4072.456,4083.653,4070.401,4082.722,7897,40,0
2026-08-05 01:00:00+00:00,4082.53,4102.827,4077.685,4101.318,14274,40,0
2026-08-05 02:00:00+00:00,4101.268,4135.669,4095.527,4129.4,20148,40,0
2026-08-05 03:00:00+00:00,4129.35,4136.633,4126.916,4128.483,10035,40,0
2026-08-05 04:00:00+00:00,4128.49,4141.606,4128.38,4135.703,8083,40,0
2026-08-05 05:00:00+00:00,4135.765,4173.262,4134.699,4161.64,20862,40,0
2026-08-05 06:00:00+00:00,4161.58,4178.569,4160.004,4177.467,15352,40,0
2026-08-05 07:00:00+00:00,4177.773,4179.726,4162.223,4170.726,12290,40,0
2026-08-05 08:00:00+00:00,4170.674,4172.859,4158.962,4160.45,12082,40,0
2026-08-05 09:00:00+00:00,4160.507,4167.308,4152.988,4158.009,11960,40,0
2026-08-05 10:00:00+00:00,4158.07,4161.711,4150.349,4161.378,8032,40,0
2026-08-05 11:00:00+00:00,4161.319,4192.779,4160.738,4189.055,15525,40,0
2026-08-05 12:00:00+00:00,4189.112,4213.478,4183.298,4184.102,18326,40,0
2026-08-05 13:00:00+00:00,4184.052,4206.997,4183.875,4205.976,26263,40,0
2026-08-05 14:00:00+00:00,4205.918,4247.797,4203.75,4244.101,31639,40,0
2026-08-05 15:00:00+00:00,4244.036,4265.302,4232.325,4233.028,23280,40,0
2026-08-05 16:00:00+00:00,4233.079,4247.43,4224.731,4242.466,14912,40,0
2026-08-05 17:00:00+00:00,4242.295,4252.661,4236.793,4250.122,10955,40,0
2026-08-05 18:00:00+00:00,4250.059,4267.963,4249.1,4260.701,9264,40,0
2026-08-05 19:00:00+00:00,4260.814,4262.295,4246.307,4247.059,8779,40,0
2026-08-05 20:00:00+00:00,4246.892,4249.909,4242.993,4246.313,4411,40,0
2026-08-05 22:00:00+00:00,4248.49,4254.234,4245.723,4250.193,3994,40,0
2026-08-05 23:00:00+00:00,4249.941,4282.091,4249.294,4278.155,7220,40,0
2026-08-06 00:00:00+00:00,4278.211,4300.451,4264.631,4294.839,20384,40,0
2026-08-06 01:00:00+00:00,4294.801,4303.069,4272.833,4286.809,29322,40,0
2026-08-06 02:00:00+00:00,4286.705,4304.309,4275.18,4278.652,14793,40,0
2026-08-06 03:00:00+00:00,4278.539,4281.13,4260.179,4265.702,11992,40,0
2026-08-06 04:00:00+00:00,4265.592,4267.291,4252.823,4262.436,7966,40,0
2026-08-06 05:00:00+00:00,4262.283,4268.799,4247.069,4267.363,11471,40,0
2026-08-06 06:00:00+00:00,4267.095,4268.735,4249.468,4256.075,9909,40,0
2026-08-06 07:00:00+00:00,4255.989,4265.489,4252.518,4262.669,8427,40,0
2026-08-06 08:00:00+00:00,4262.722,4278.96,4260.127,4278.215,10196,40,0
2026-08-06 09:00:00+00:00,4278.411,4284.86,4271.206,4273.043,9143,40,0
2026-08-06 10:00:00+00:00,4273.242,4273.907,4264.419,4270.912,7343,40,0
2026-08-06 11:00:00+00:00,4270.737,4273.532,4254.047,4263.237,9948,40,0
2026-08-06 12:00:00+00:00,4263.179,4270.863,4249.069,4250.386,12729,40,0
2026-08-06 13:00:00+00:00,4250.331,4274.284,4230.56,4267.048,27319,40,0
2026-08-06 14:00:00+00:00,4267.358,4275.464,4260.092,4272.931,22944,40,0
2026-08-06 15:00:00+00:00,4273.017,4274.636,4229.034,4233.928,22729,40,0
2026-08-06 16:00:00+00:00,4233.986,4243.127,4223.247,4241.573,20656,40,0
2026-08-06 17:00:00+00:00,4241.692,4248.387,4238.481,4247.16,9504,40,0
2026-08-06 18:00:00+00:00,4247.211,4249.782,4240.636,4243.638,6456,40,0
2026-08-06 19:00:00+00:00,4243.726,4251.449,4232.969,4248.895,11472,40,0
2026-08-06 20:00:00+00:00,4249.015,4250.35,4234.678,4240.535,6166,40,0
2026-08-06 22:00:00+00:00,4239.912,4243.703,4235.86,4240.93,3618,40,0
2026-08-06 23:00:00+00:00,4240.879,4253.343,4240.166,4252.24,4394,40,0
2026-08-07 00:00:00+00:00,4252.494,4252.894,4229.701,4232.757,13999,40,0
2026-08-07 01:00:00+00:00,4232.644,4259.565,4231.334,4256.795,19744,40,0
2026-08-07 02:00:00+00:00,4256.746,4261.864,4247.089,4250.351,11441,40,0
2026-08-07 03:00:00+00:00,4250.298,4266.549,4249.675,4266.088,9692,40,0
2026-08-07 04:00:00+00:00,4266.024,4269.328,4260.897,4264.824,9999,40,0
2026-08-07 05:00:00+00:00,4264.951,4280.72,4261.787,4278.806,15046,40,0
2026-08-07 06:00:00+00:00,4278.833,4298.922,4278.293,4297.104,16191,40,0
2026-08-07 07:00:00+00:00,4297.324,4298.074,4282.853,4290.092,10818,40,0
2026-08-07 08:00:00+00:00,4290.147,4316.904,4289.026,4305.971,14088,40,0
2026-08-07 09:00:00+00:00,4306.024,4320.879,4302.267,4315.997,12453,40,0
2026-08-07 10:00:00+00:00,4315.993,4320.683,4308.013,4316.829,9396,40,0
2026-08-07 11:00:00+00:00,4316.818,4327.953,4316.708,4321.407,12333,40,0
2026-08-07 12:00:00+00:00,4321.396,4371.975,4301.002,4361.378,36274,40,0
2026-08-07 13:00:00+00:00,4361.432,4368.191,4339.076,4348.374,37613,50,0
2026-08-07 14:00:00+00:00,4348.366,4353.141,4327.486,4341.783,32359,40,0
2026-08-07 15:00:00+00:00,4341.723,4358.542,4339.755,4341.13,19804,40,0
2026-08-07 16:00:00+00:00,4341.267,4349.901,4329.143,4329.143,17418,40,0
2026-08-07 17:00:00+00:00,4329.321,4343.293,4327.819,4340.414,11303,40,0
2026-08-07 18:00:00+00:00,4340.454,4343.227,4332.068,4335.51,8065,40,0
2026-08-07 19:00:00+00:00,4335.577,4350.422,4335.414,4344.192,12588,40,0
2026-08-07 20:00:00+00:00,4344.128,4345.428,4335.98,4342.307,6225,50,0
2026-08-09 22:00:00+00:00,4347.907,4348.945,4332.85,4341.801,6918,40,0
2026-08-09 23:00:00+00:00,4341.783,4349.258,4331.996,4332.7,5531,40,0
2026-08-10 00:00:00+00:00,4332.637,4347.212,4330.716,4332.324,16613,40,0
2026-08-10 01:00:00+00:00,4332.378,4340.949,4313.221,4322.561,24994,50,0
2026-08-10 02:00:00+00:00,4322.779,4332.639,4318.685,4319.587,14074,40,0
2026-08-10 03:00:00+00:00,4319.808,4330.177,4317.565,4326.507,9029,40,0
2026-08-10 04:00:00+00:00,4326.808,4339.64,4322.914,4339.475,8528,50,0
2026-08-10 05:00:00+00:00,4339.422,4352.365,4331.546,4347.542,12653,40,0
2026-08-10 06:00:00+00:00,4347.486,4360.045,4341.943,4358.106,11832,50,0
2026-08-10 07:00:00+00:00,4357.985,4362.269,4350.221,4355.656,10772,40,0
2026-08-10 08:00:00+00:00,4355.601,4356.775,4343.799,4346.503,8966,40,0
2026-08-10 09:00:00+00:00,4346.848,4350.121,4340.366,4341.276,8720,40,0
2026-08-10 10:00:00+00:00,4341.075,4344.299,4335.48,4335.989,7722,40,0
2026-08-10 11:00:00+00:00,4336.044,4339.52,4328.859,4335.01,8388,40,0
2026-08-10 12:00:00+00:00,4334.952,4337.746,4324.12,4332.671,11610,40,0
2026-08-10 13:00:00+00:00,4332.606,4340.059,4316.638,4318.277,21439,40,0
2026-08-10 14:00:00+00:00,4318.182,4352.227,4318.058,4345.444,18432,40,0
2026-08-10 15:00:00+00:00,4345.802,4359.756,4343.194,4358.351,13817,40,0
2026-08-10 16:00:00+00:00,4358.41,4364.997,4349.142,4356.78,12913,40,0
2026-08-10 17:00:00+00:00,4356.838,4365.67,4351.622,4360.178,7988,40,0
2026-08-10 18:00:00+00:00,4360.233,4383.154,4359.857,4378.568,10705,40,0
2026-08-10 19:00:00+00:00,4378.624,4395.422,4378.624,4388.503,10535,50,0
2026-08-10 20:00:00+00:00,4388.464,4392.17,4385.681,4389.262,4420,50,0
2026-08-10 22:00:00+00:00,4391.272,4400.894,4388.73,4399.887,3890,50,0
2026-08-10 23:00:00+00:00,4399.946,4402.726,4394.598,4402.369,4877,40,0
2026-08-11 00:00:00+00:00,4402.317,4419.417,4396.563,4409.572,12086,50,0
2026-08-11 01:00:00+00:00,4409.63,4434.278,4393.637,4429.931,22221,50,0
2026-08-11 02:00:00+00:00,4429.857,4435.369,4407.949,4410.855,16362,50,0
2026-08-11 03:00:00+00:00,4411.066,4421.708,4409.54,4417.046,9387,50,0
2026-08-11 04:00:00+00:00,4417.116,4420.347,4403.27,4409.113,10228,50,0
2026-08-11 05:00:00+00:00,4408.784,4409.208,4367.343,4375.35,21496,50,0
2026-08-11 06:00:00+00:00,4375.287,4382.466,4359.606,4366.217,18702,50,0
2026-08-11 07:00:00+00:00,4366.381,4367.971,4356.727,4357.952,11873,50,0
2026-08-11 08:00:00+00:00,4357.886,4376.815,4356.964,4369.206,10021,50,0
2026-08-11 09:00:00+00:00,4369.259,4375.682,4367.489,4372.37,9230,50,0
2026-08-11 10:00:00+00:00,4372.648,4382.737,4371.058,4382.518,8110,50,0
2026-08-11 11:00:00+00:00,4382.374,4393.136,4380.345,4387.912,13722,50,0
2026-08-11 12:00:00+00:00,4387.66,4400.234,4383.814,4392.678,15132,50,0
2026-08-11 13:00:00+00:00,4392.799,4404.287,4384.513,4389.541,20899,50,0
2026-08-11 14:00:00+00:00,4389.599,4398.25,4381.148,4393.968,16816,50,0
2026-08-11 15:00:00+00:00,4394.023,4398.998,4369.118,4383.749,16539,50,0
2026-08-11 16:00:00+00:00,4383.867,4385.905,4378.368,4383.628,8144,50,0
2026-08-11 17:00:00+00:00,4383.391,4385.906,4368.97,4369.302,9022,50,0
2026-08-11 18:00:00+00:00,4369.391,4372.868,4360.082,4371.627,9130,40,0
2026-08-11 19:00:00+00:00,4371.754,4374.421,4361.248,4370.81,8367,50,0
2026-08-11 20:00:00+00:00,4370.865,4371.302,4367.127,4368.135,3602,50,0
2026-08-11 22:00:00+00:00,4372.617,4378.391,4367.447,4369.173,4612,40,0
2026-08-11 23:00:00+00:00,4369.239,4374.648,4362.545,4371.473,6180,40,0
2026-08-12 00:00:00+00:00,4371.564,4383.87,4366.663,4380.432,11112,40,0
2026-08-12 01:00:00+00:00,4380.552,4397.516,4378.306,4396.276,11673,50,0
2026-08-12 02:00:00+00:00,4396.333,4414.585,4394.208,4411.513,10562,50,0
2026-08-12 03:00:00+00:00,4411.293,4416.44,4400.687,4402.248,8008,50,0
2026-08-12 04:00:00+00:00,4402.521,4403.524,4395.312,4400.984,5420,50,0
2026-08-12 05:00:00+00:00,4400.86,4405.05,4383.916,4391.473,10399,50,0
2026-08-12 06:00:00+00:00,4391.137,4406.466,4385.1,4403.304,9925,50,0
2026-08-12 07:00:00+00:00,4403.403,4410.238,4398.331,4406.267,7682,50,0
2026-08-12 08:00:00+00:00,4406.143,4410.657,4401.649,4401.884,6642,50,0
2026-08-12 09:00:00+00:00,4401.675,4424.312,4401.675,4416.03,10834,50,0
2026-08-12 10:00:00+00:00,4415.811,4421.148,4407.188,4412.729,8420,50,0
2026-08-12 11:00:00+00:00,4412.79,4416.992,4407.74,4412.777,7047,50,0
2026-08-12 12:00:00+00:00,4412.653,4438.529,4382.022,4437.211,30924,50,0
2026-08-12 13:00:00+00:00,4437.315,4441.47,4408.346,4427.71,34084,50,0
2026-08-12 14:00:00+00:00,4427.764,4439.897,4416.594,4421.994,23824,50,0
2026-08-12 15:00:00+00:00,4421.926,4430.226,4410.918,4420.953,16938,50,0
2026-08-12 16:00:00+00:00,4421.006,4426.689,4396.561,4401.509,13958,50,0
2026-08-12 17:00:00+00:00,4401.584,4411.629,4398.878,4399.659,11810,50,0
2026-08-12 18:00:00+00:00,4399.553,4418.018,4396.226,4413.205,7615,50,0
2026-08-12 19:00:00+00:00,4413.185,4418.506,4408.261,4413.759,7155,50,0
2026-08-12 20:00:00+00:00,4413.825,4414.364,4406.504,4408.831,4197,50,0
2026-08-12 22:00:00+00:00,4408.534,4410.124,4398.281,4401.919,3798,50,0
2026-08-12 23:00:00+00:00,4401.866,4414.478,4401.663,4414.367,3612,40,0
2026-08-13 00:00:00+00:00,4414.432,4449.943,4412.909,4428.165,18027,50,0
2026-08-13 01:00:00+00:00,4428.1,4435.564,4406.236,4408.577,23259,50,0
2026-08-13 02:00:00+00:00,4408.544,4413.98,4398.861,4406.958,14728,50,0
2026-08-13 03:00:00+00:00,4406.902,4412.141,4398.659,4400.347,9009,50,0
2026-08-13 04:00:00+00:00,4400.355,4400.616,4391.553,4397.912,8826,50,0
2026-08-13 05:00:00+00:00,4397.964,4407.459,4380.698,4382.92,15913,50,0
2026-08-13 06:00:00+00:00,4382.905,4385.633,4368.938,4380.816,15070,50,0
2026-08-13 07:00:00+00:00,4380.746,4381.909,4369.168,4370.119,11583,50,0
2026-08-13 08:00:00+00:00,4370.062,4379.328,4364.072,4375.842,10141,50,0
2026-08-13 09:00:00+00:00,4375.765,4384.797,4372.399,4384.464,7759,50,0
2026-08-13 10:00:00+00:00,4384.524,4393.937,4381.509,4392.273,6331,50,0
2026-08-13 11:00:00+00:00,4392.214,4396.788,4382.79,4387.614,7859,50,0
2026-08-13 12:00:00+00:00,4387.678,4402.179,4380.68,4402.127,15059,50,0
2026-08-13 13:00:00+00:00,4401.797,4402.388,4370.814,4373.009,27439,50,0
2026-08-13 14:00:00+00:00,4373.068,4387.356,4357.407,4383.902,27158,50,0
2026-08-13 15:00:00+00:00,4383.954,4385.72,4357.561,4365.331,18785,50,0
2026-08-13 16:00:00+00:00,4365.118,4368.507,4351.348,4367.171,13811,50,0
2026-08-13 17:00:00+00:00,4367.232,4373.421,4355.668,4356.114,9504,40,0
2026-08-13 18:00:00+00:00,4356.168,4363.834,4354.634,4357.138,7881,40,0
2026-08-13 19:00:00+00:00,4357.207,4359.039,4343.626,4349.969,9476,40,0
2026-08-13 20:00:00+00:00,4350.024,4352.442,4346.842,4350.703,4305,50,0
2026-08-13 22:00:00+00:00,4353.714,4362.925,4351.952,4354.758,5117,50,0
2026-08-13 23:00:00+00:00,4354.795,4364.338,4349.075,4356.652,6288,40,0
2026-08-14 00:00:00+00:00,4356.6,4362.303,4329.059,4340.961,17946,50,0
2026-08-14 01:00:00+00:00,4340.839,4341.7,4312.165,4318.29,23684,40,0
2026-08-14 02:00:00+00:00,4318.081,4322.935,4310.932,4315.905,16400,40,0
2026-08-14 03:00:00+00:00,4315.966,4328.195,4313.791,4323.717,8156,40,0
2026-08-14 04:00:00+00:00,4323.773,4328.229,4322.769,4326.832,5583,40,0
2026-08-14 05:00:00+00:00,4326.897,4333.532,4310.917,4333.532,12104,40,0
2026-08-14 06:00:00+00:00,4333.59,4336.85,4328.027,4335.505,10972,40,0
2026-08-14 07:00:00+00:00,4335.569,4345.422,4329.926,4343.556,8680,40,0
2026-08-14 08:00:00+00:00,4343.609,4349.893,4341.879,4348.619,8484,40,0
2026-08-14 09:00:00+00:00,4348.496,4357.47,4346.142,4357.055,7290,40,0
2026-08-14 10:00:00+00:00,4357.173,4358.877,4348.356,4349.51,6291,40,0
2026-08-14 11:00:00+00:00,4349.571,4369.501,4348.543,4369.368,7608,40,0
2026-08-14 12:00:00+00:00,4369.216,4387.141,4365.681,4373.862,13221,50,0
2026-08-14 13:00:00+00:00,4373.916,4397.113,4370.244,4384.74,19052,50,0
2026-08-14 14:00:00+00:00,4384.589,4394.84,4378.82,4381.674,14939,50,0
2026-08-14 15:00:00+00:00,4381.456,4394.821,4379.142,4391.556,13623,50,0
2026-08-14 16:00:00+00:00,4391.842,4396.921,4380.099,4385.919,7713,50,0
2026-08-14 17:00:00+00:00,4385.85,4386.655,4376.332,4378.699,6663,40,0
2026-08-14 18:00:00+00:00,4378.76,4382.927,4371.047,4373.547,6233,50,0
2026-08-14 19:00:00+00:00,4373.594,4380.096,4372.168,4376.109,5868,50,0
2026-08-14 20:00:00+00:00,4376.189,4377.155,4371.398,4375.988,4044,50,0
2026-08-16 22:00:00+00:00,4379.527,4387.022,4372.343,4386.156,5114,40,0
2026-08-16 23:00:00+00:00,4386.006,4386.426,4367.156,4370.459,6303,40,0
2026-08-17 00:00:00+00:00,4370.534,4402.194,4368.194,4401.094,12195,40,0
2026-08-17 01:00:00+00:00,4400.992,4416.689,4391.99,4395.852,18683,50,0
2026-08-17 02:00:00+00:00,4395.799,4398.444,4388.505,4393.278,11612,50,0
2026-08-17 03:00:00+00:00,4393.394,4397.838,4387.943,4396.956,8052,50,0
2026-08-17 04:00:00+00:00,4397.017,4399.698,4388.905,4390.776,6920,50,0
2026-08-17 05:00:00+00:00,4390.841,4401.398,4386.886,4394.965,10951,50,0
2026-08-17 06:00:00+00:00,4394.948,4404.658,4392.732,4402.976,11033,50,0
2026-08-17 07:00:00+00:00,4403.031,4411.374,4395.98,4405.172,9517,50,0
2026-08-17 08:00:00+00:00,4405.055,4405.055,4392.745,4395.225,7425,50,0
2026-08-17 09:00:00+00:00,4395.316,4400.605,4392.564,4395.527,7263,50,0
2026-08-17 10:00:00+00:00,4395.582,4406.095,4391.972,4399.149,9727,50,0
2026-08-17 11:00:00+00:00,4399.271,4405.081,4395.553,4396.812,7106,50,0
2026-08-17 12:00:00+00:00,4396.981,4398.9,4377.388,4384.904,13448,50,0
2026-08-17 13:00:00+00:00,4384.96,4416.537,4381.766,4408.78,17978,50,0
2026-08-17 14:00:00+00:00,4408.987,4427.755,4403.827,4417.281,17738,50,0
2026-08-17 15:00:00+00:00,4417.224,4427.973,4414.974,4427.465,11621,50,0
2026-08-17 16:00:00+00:00,4427.525,4429.019,4422.469,4424.156,7787,50,0
2026-08-17 17:00:00+00:00,4424.428,4426.334,4411.194,4413.891,9097,50,0
2026-08-17 18:00:00+00:00,4413.92,4416.358,4398.047,4406.843,10024,50,0
2026-08-17 19:00:00+00:00,4406.724,4421.138,4400.3,4420.021,7918,50,0
2026-08-17 20:00:00+00:00,4419.764,4421.428,4414.787,4416.537,3095,50,0
2026-08-17 22:00:00+00:00,4417.873,4419.062,4410.528,4411.984,3482,50,0
2026-08-17 23:00:00+00:00,4412.105,4426.111,4409.847,4425.838,4623,50,0
2026-08-18 00:00:00+00:00,4425.844,4435.198,4418.892,4434.451,11090,50,0
2026-08-18 01:00:00+00:00,4434.521,4436.413,4404.253,4408.226,17806,50,0
2026-08-18 02:00:00+00:00,4408.027,4408.445,4394.165,4400.068,11577,50,0
2026-08-18 03:00:00+00:00,4399.759,4404.044,4390.796,4392.064,8401,50,0
2026-08-18 04:00:00+00:00,4392.012,4395.604,4388.681,4393.551,5839,50,0
2026-08-18 05:00:00+00:00,4393.771,4397.679,4386.04,4394.599,8697,50,0
2026-08-18 06:00:00+00:00,4394.268,4400.132,4387.589,4398.881,8646,50,0
2026-08-18 07:00:00+00:00,4398.8,4403.763,4395.489,4395.842,7952,50,0
2026-08-18 08:00:00+00:00,4395.671,4398.658,4386.891,4393.279,8558,50,0
2026-08-18 09:00:00+00:00,4393.148,4395.195,4386.852,4393.493,7981,50,0
2026-08-18 10:00:00+00:00,4393.277,4399.735,4389.783,4397.906,6023,50,0
2026-08-18 11:00:00+00:00,4397.968,4399.305,4388.528,4395.862,6518,50,0
2026-08-18 12:00:00+00:00,4395.94,4401.028,4389.472,4394.064,10822,50,0
2026-08-18 13:00:00+00:00,4393.994,4407.152,4376.065,4394.604,24539,50,0
2026-08-18 14:00:00+00:00,4394.606,4406.647,4363.682,4366.526,25563,50,0
2026-08-18 15:00:00+00:00,4366.744,4377.834,4351.457,4364.745,26616,50,0
2026-08-18 16:00:00+00:00,4365.143,4371.758,4362.935,4363.962,10748,50,0
2026-08-18 17:00:00+00:00,4363.91,4368.431,4356.681,4357.897,9669,50,0
2026-08-18 18:00:00+00:00,4358.016,4361.174,4352.67,4354.419,7390,40,0
2026-08-18 19:00:00+00:00,4354.472,4358.856,4338.332,4345.473,11176,40,0
2026-08-18 20:00:00+00:00,4345.533,4346.616,4328.979,4334.691,7112,50,0
2026-08-18 22:00:00+00:00,4340.293,4343.201,4332.856,4333.944,4276,40,0
2026-08-18 23:00:00+00:00,4334.096,4338.349,4327.204,4332.957,5962,40,0
2026-08-19 00:00:00+00:00,4333.049,4347.352,4331.44,4338.238,16444,40,0
2026-08-19 01:00:00+00:00,4338.17,4357.745,4324.582,4356.445,21973,50,0
2026-08-19 02:00:00+00:00,4356.508,4362.132,4351.451,4354.893,12137,50,0
2026-08-19 03:00:00+00:00,4355.22,4360.466,4351.862,4355.13,7077,40,0
2026-08-19 04:00:00+00:00,4355.12,4356.193,4343.736,4348.462,6256,40,0
2026-08-19 05:00:00+00:00,4348.369,4350.766,4335.11,4335.702,12174,40,0
2026-08-19 06:00:00+00:00,4335.725,4349.633,4335.325,4348.934,12892,50,0
2026-08-19 07:00:00+00:00,4349.056,4363.18,4347.437,4355.034,9036,40,0
2026-08-19 08:00:00+00:00,4355.021,4363.287,4351.114,4355.86,9124,40,0
2026-08-19 09:00:00+00:00,4355.823,4362.03,4353.384,4361.91,7770,40,0
2026-08-19 10:00:00+00:00,4361.891,4369.746,4359.561,4367.532,6703,40,0
2026-08-19 11:00:00+00:00,4367.652,4374.335,4363.15,4364.902,7927,40,0
2026-08-19 12:00:00+00:00,4364.848,4442.585,4361.943,4438.725,35774,50,0
2026-08-19 13:00:00+00:00,4438.84,4466.415,4424.205,4459.557,47704,50,0
2026-08-19 14:00:00+00:00,4459.483,4498.832,4455.11,4488.093,31103,50,0
2026-08-19 15:00:00+00:00,4488.237,4494.274,4478.141,4493.761,18314,50,0
2026-08-19 16:00:00+00:00,4493.82,4499.481,4490.539,4493.448,12434,50,0
2026-08-19 17:00:00+00:00,4493.236,4499.303,4484.414,4487.23,11389,50,0
2026-08-19 18:00:00+00:00,4487.348,4496.869,4472.039,4495.327,14927,50,0
2026-08-19 19:00:00+00:00,4495.383,4512.422,4494.309,4511.068,12381,50,0
2026-08-19 20:00:00+00:00,4511.156,4524.477,4505.384,4523.281,7676,50,0
2026-08-19 22:00:00+00:00,4523.075,4527.709,4516.566,4519.039,5218,50,0
2026-08-19 23:00:00+00:00,4519.096,4523.843,4511.359,4511.946,5873,50,0
2026-08-20 00:00:00+00:00,4512.003,4521.216,4503.96,4504.554,16309,50,0
2026-08-20 01:00:00+00:00,4504.881,4510.48,4484.577,4489.698,23164,50,0
2026-08-20 02:00:00+00:00,4489.835,4499.834,4488.672,4490.896,13030,50,0
2026-08-20 03:00:00+00:00,4490.99,4501.142,4487.881,4499.085,10152,50,0
2026-08-20 04:00:00+00:00,4499.141,4499.402,4486.313,4488.492,7507,50,0
2026-08-20 05:00:00+00:00,4488.759,4494.202,4477.82,4481.165,10335,50,0
2026-08-20 06:00:00+00:00,4481.108,4496.106,4480.186,4493.99,9696,50,0
2026-08-20 07:00:00+00:00,4493.823,4494.409,4483.445,4490.851,9508,50,0
2026-08-20 08:00:00+00:00,4490.84,4498.85,4487.063,4489.298,10302,50,0
2026-08-20 09:00:00+00:00,4489.242,4494.344,4481.883,4482.838,9150,50,0
2026-08-20 10:00:00+00:00,4482.503,4494.949,4480.631,4490.343,7840,50,0
2026-08-20 11:00:00+00:00,4490.462,4491.508,4465.389,4467.259,12989,50,0
2026-08-20 12:00:00+00:00,4467.315,4477.329,4450.495,4474.745,21087,50,0
2026-08-20 13:00:00+00:00,4474.922,4489.469,4469.267,4481.661,27997,50,0
2026-08-20 14:00:00+00:00,4481.716,4516.387,4480.786,4515.78,22620,50,0
2026-08-20 15:00:00+00:00,4515.912,4540.973,4509.191,4521.824,39767,50,0
2026-08-20 16:00:00+00:00,4521.88,4524.912,4502.826,4510.223,16362,50,0
2026-08-20 17:00:00+00:00,4510.033,4520.686,4507.655,4519.85,11903,50,0
2026-08-20 18:00:00+00:00,4519.921,4525.494,4508.158,4522.194,11554,50,0
2026-08-20 19:00:00+00:00,4522.099,4532.269,4518.159,4528.839,9967,50,0
2026-08-20 20:00:00+00:00,4528.5,4529.181,4516.87,4518.845,5330,50,0
2026-08-20 22:00:00+00:00,4519.119,4524.607,4516.872,4524.244,3705,50,0
2026-08-20 23:00:00+00:00,4524.23,4532.965,4521.04,4526.564,5615,50,0
2026-08-21 00:00:00+00:00,4526.445,4527.685,4509.832,4510.618,12160,50,0
2026-08-21 01:00:00+00:00,4510.684,4544.061,4508.719,4530.787,20049,50,0
2026-08-21 02:00:00+00:00,4530.731,4543.142,4518.398,4534.019,12717,50,0
2026-08-21 03:00:00+00:00,4534.08,4538.483,4526.698,4535.333,9303,50,0
2026-08-21 04:00:00+00:00,4535.453,4548.307,4535.36,4540.865,7843,50,0
2026-08-21 05:00:00+00:00,4540.537,4556.388,4529.338,4553.724,11459,50,0
2026-08-21 06:00:00+00:00,4553.816,4567.83,4545.483,4561.151,13096,50,0
2026-08-21 07:00:00+00:00,4560.965,4568.334,4558.449,4564.256,10413,50,0
2026-08-21 08:00:00+00:00,4564.315,4585.136,4559.166,4584.023,10790,50,0
2026-08-21 09:00:00+00:00,4584.082,4602.054,4580.336,4582.515,11160,50,0
2026-08-21 10:00:00+00:00,4582.451,4594.281,4577.954,4588.425,9362,50,0
2026-08-21 11:00:00+00:00,4588.819,4604.64,4587.162,4597.279,12596,50,0
2026-08-21 12:00:00+00:00,4597.341,4601.884,4563.426,4577.958,15295,50,0
2026-08-21 13:00:00+00:00,4578.174,4593.31,4573.231,4581.244,22103,50,0
2026-08-21 14:00:00+00:00,4581.174,4603.885,4579.952,4591.811,22066,50,0
2026-08-21 15:00:00+00:00,4591.866,4615.497,4587.234,4614.491,16770,50,0
2026-08-21 16:00:00+00:00,4614.554,4629.352,4609.071,4628.754,13993,50,0
2026-08-21 17:00:00+00:00,4628.809,4632.235,4615.429,4620.462,13539,50,0
2026-08-21 18:00:00+00:00,4620.497,4627.839,4619.465,4624.279,7234,50,0
2026-08-21 19:00:00+00:00,4624.355,4625.667,4615.728,4617.173,8410,50,0
2026-08-21 20:00:00+00:00,4617.263,4617.802,4602.55,4603.934,7598,50,0
2026-08-23 22:00:00+00:00,4615.78,4621.337,4606.06,4606.291,7364,50,0
2026-08-23 23:00:00+00:00,4606.42,4624.725,4604.604,4624.04,6961,50,0
2026-08-24 00:00:00+00:00,4624.24,4641.136,4594.319,4621.695,26548,50,0
2026-08-24 01:00:00+00:00,4621.751,4637.768,4608.071,4632.209,29898,50,0
2026-08-24 02:00:00+00:00,4632.143,4657.059,4627.599,4643.665,23334,50,0
2026-08-24 03:00:00+00:00,4643.726,4650.301,4633.288,4641.564,13464,50,0
2026-08-24 04:00:00+00:00,4641.509,4642.801,4632.602,4638.927,11200,50,0
2026-08-24 05:00:00+00:00,4638.888,4646.714,4629.707,4641.021,16850,50,0
2026-08-24 06:00:00+00:00,4640.839,4660.132,4639.305,4649.904,18636,50,0
2026-08-24 07:00:00+00:00,4650.117,4654.934,4630.271,4641.843,16367,50,0
2026-08-24 08:00:00+00:00,4641.927,4646.261,4628.76,4638.11,14526,50,0
2026-08-24 09:00:00+00:00,4638.055,4646.158,4632.823,4645.873,11344,50,0
2026-08-24 10:00:00+00:00,4645.943,4650.337,4641.775,4643.398,9474,50,0
2026-08-24 11:00:00+00:00,4643.296,4670.457,4639.032,4657.92,20436,50,0
2026-08-24 12:00:00+00:00,4658.113,4669.054,4645.79,4663.021,19031,50,0
2026-08-24 13:00:00+00:00,4663.063,4681.002,4656.095,4664.823,33240,50,0
2026-08-24 14:00:00+00:00,4664.754,4678.866,4655.506,4670.565,31871,50,0
2026-08-24 15:00:00+00:00,4670.627,4679.757,4639.83,4649.137,36140,50,0
2026-08-24 16:00:00+00:00,4649.048,4662.472,4642.035,4645.038,25080,50,0
2026-08-24 17:00:00+00:00,4645.125,4655.414,4630.381,4636.746,36973,50,0
2026-08-24 18:00:00+00:00,4636.785,4642.358,4624.896,4636.458,28796,50,0
2026-08-24 19:00:00+00:00,4636.401,4656.394,4635.889,4651.875,16721,50,0
2026-08-24 20:00:00+00:00,4651.978,4655.45,4647.157,4652.61,6316,50,0
2026-08-24 22:00:00+00:00,4655.023,4668.508,4652.646,4667.612,4825,50,0
2026-08-24 23:00:00+00:00,4667.667,4683.013,4666.848,4679.867,8083,50,0
2026-08-25 00:00:00+00:00,4679.907,4697.232,4675.337,4684.605,33315,50,0
2026-08-25 01:00:00+00:00,4684.518,4686.768,4656.482,4658.158,42328,50,0
2026-08-25 02:00:00+00:00,4658.118,4661.734,4617.89,4629.563,50435,50,0
2026-08-25 03:00:00+00:00,4629.72,4641.552,4622.277,4633.942,27231,50,0
2026-08-25 04:00:00+00:00,4633.57,4638.026,4623.697,4626.133,18371,50,0
2026-08-25 05:00:00+00:00,4625.77,4648.072,4623.954,4643.053,25090,50,0
2026-08-25 06:00:00+00:00,4642.967,4653.642,4637.014,4638.6,20263,50,0
2026-08-25 07:00:00+00:00,4638.639,4643.96,4629.803,4630.295,20853,50,0
2026-08-25 08:00:00+00:00,4630.283,4645.379,4620.242,4630.262,26541,50,0
2026-08-25 09:00:00+00:00,4630.151,4642.75,4623.998,4636.596,24052,50,0
2026-08-25 10:00:00+00:00,4636.45,4642.54,4632.937,4639.398,12543,50,0
2026-08-25 11:00:00+00:00,4639.352,4647.641,4636.069,4642.62,14194,50,0
2026-08-25 12:00:00+00:00,4642.773,4644.46,4630.025,4640.822,18994,50,0
2026-08-25 13:00:00+00:00,4640.993,4641.294,4605.33,4616.476,52165,50,0
2026-08-25 14:00:00+00:00,4616.43,4640.257,4613.181,4635.469,37254,50,0
2026-08-25 15:00:00+00:00,4635.59,4659.771,4629.272,4652.888,32864,50,0
2026-08-25 16:00:00+00:00,4652.679,4653.58,4636.959,4643.636,19334,50,0
2026-08-25 17:00:00+00:00,4643.798,4648.594,4634.269,4648.314,16414,50,0
2026-08-25 18:00:00+00:00,4648.357,4655.211,4644.205,4654.404,9690,50,0
2026-08-25 19:00:00+00:00,4654.47,4668.309,4653.356,4666.833,10605,50,0
2026-08-25 20:00:00+00:00,4667.164,4669.18,4657.829,4658.776,6011,50,0
2026-08-25 22:00:00+00:00,4658.099,4673.729,4657.805,4672.567,4132,50,0
2026-08-25 23:00:00+00:00,4672.754,4673.444,4653.307,4654.885,5148,50,0
2026-08-26 00:00:00+00:00,4654.972,4657.905,4634.357,4637.488,13054,50,0
2026-08-26 01:00:00+00:00,4637.832,4661.128,4629.398,4657.262,19791,50,0
2026-08-26 02:00:00+00:00,4657.259,4670.78,4654.972,4658.661,12660,50,0
2026-08-26 03:00:00+00:00,4658.445,4658.942,4642.549,4642.888,9082,50,0
2026-08-26 04:00:00+00:00,4642.614,4644.452,4638.856,4640.74,5541,50,0
2026-08-26 05:00:00+00:00,4640.907,4649.427,4635.392,4639.898,10591,50,0
2026-08-26 06:00:00+00:00,4639.561,4641.606,4624.675,4634.186,11473,50,0
2026-08-26 07:00:00+00:00,4634.059,4639.384,4626.412,4628.869,9527,50,0
2026-08-26 08:00:00+00:00,4628.854,4630.841,4622.104,4628.234,8780,50,0
2026-08-26 09:00:00+00:00,4628.517,4631.138,4616.276,4623.361,8405,50,0
2026-08-26 10:00:00+00:00,4623.305,4624.267,4613.313,4620.379,7070,50,0
2026-08-26 11:00:00+00:00,4620.438,4625.338,4616.656,4624.586,8034,50,0
2026-08-26 12:00:00+00:00,4624.833,4633.559,4610.501,4614.222,18945,50,0
2026-08-26 13:00:00+00:00,4614.288,4631.98,4598.104,4631.541,31835,50,0
2026-08-26 14:00:00+00:00,4631.598,4633.608,4602.703,4602.897,20668,50,0
2026-08-26 15:00:00+00:00,4603.114,4609.462,4583.021,4596.256,22608,50,0
2026-08-26 16:00:00+00:00,4596.319,4601.672,4585.663,4591.821,13985,50,0
2026-08-26 17:00:00+00:00,4591.629,4602.451,4590.792,4597.787,9604,50,0
2026-08-26 18:00:00+00:00,4597.842,4604.85,4592.398,4593.976,7765,50,0
2026-08-26 19:00:00+00:00,4594.135,4601.689,4590.925,4594.368,7233,50,0
2026-08-26 20:00:00+00:00,4594.278,4596.901,4583.998,4594.265,5969,50,0
2026-08-26 22:00:00+00:00,4599.539,4613.463,4598.367,4609.244,5662,50,0
2026-08-26 23:00:00+00:00,4609.185,4625.054,4607.087,4623.571,5755,50,0
2026-08-27 00:00:00+00:00,4623.647,4627.257,4600.47,4605.062,12595,50,0
2026-08-27 01:00:00+00:00,4604.934,4641.158,4602.292,4639.986,18964,50,0
2026-08-27 02:00:00+00:00,4640.063,4643.186,4623.659,4629.653,11300,50,0
2026-08-27 03:00:00+00:00,4629.593,4638.868,4624.415,4625.443,8155,50,0
2026-08-27 04:00:00+00:00,4625.507,4627.421,4617.171,4618.761,6480,50,0
2026-08-27 05:00:00+00:00,4618.818,4621.667,4600.903,4607.012,12347,50,0
2026-08-27 06:00:00+00:00,4606.955,4611.874,4597.915,4600.214,11789,50,0
2026-08-27 07:00:00+00:00,4600.32,4605.937,4593.613,4600.474,10268,50,0
2026-08-27 08:00:00+00:00,4600.416,4607.029,4594.828,4599.168,8367,50,0
2026-08-27 09:00:00+00:00,4598.979,4600.792,4577.604,4580.51,11471,50,0
2026-08-27 10:00:00+00:00,4580.48,4590.745,4568.954,4590.2,10307,50,0
2026-08-27 11:00:00+00:00,4590.12,4600.471,4587.311,4598.23,8133,50,0
2026-08-27 12:00:00+00:00,4598.284,4601.378,4580.61,4585.737,11240,50,0
2026-08-27 13:00:00+00:00,4586.028,4593.497,4565.037,4572.552,25875,50,0
2026-08-27 14:00:00+00:00,4572.677,4598.478,4568.325,4591.459,23312,50,0
2026-08-27 15:00:00+00:00,4591.243,4611.516,4588.882,4610.367,14475,50,0
2026-08-27 16:00:00+00:00,4610.491,4616.912,4602.452,4614.893,10506,50,0
2026-08-27 17:00:00+00:00,4614.954,4616.568,4605.289,4606.662,8655,50,0
2026-08-27 18:00:00+00:00,4606.662,4611.372,4600.759,4610.337,8152,50,0
2026-08-27 19:00:00+00:00,4610.665,4618.285,4604.399,4609.431,7895,50,0
2026-08-27 20:00:00+00:00,4609.123,4609.88,4600.01,4600.89,4004,50,0
2026-08-27 22:00:00+00:00,4606.468,4611.015,4601.333,4610.894,4118,50,0
2026-08-27 23:00:00+00:00,4610.894,4611.646,4594.314,4594.661,4504,50,0
2026-08-28 00:00:00+00:00,4594.717,4602.688,4585.633,4588.713,10210,50,0
2026-08-28 01:00:00+00:00,4589.06,4602.196,4575.209,4576.138,19152,50,0
2026-08-28 02:00:00+00:00,4576.077,4589.591,4575.03,4586.27,9255,50,0
2026-08-28 03:00:00+00:00,4586.179,4590.122,4578.693,4580.164,7470,50,0
2026-08-28 04:00:00+00:00,4579.862,4585.492,4577.924,4584.293,5276,50,0
2026-08-28 05:00:00+00:00,4584.579,4586.543,4571.475,4573.571,9628,50,0
2026-08-28 06:00:00+00:00,4573.685,4613.476,4572.563,4612.582,13946,50,0
2026-08-28 07:00:00+00:00,4612.454,4614.524,4596.72,4611.706,10754,50,0
2026-08-28 08:00:00+00:00,4611.637,4614.788,4600.943,4603.109,8368,50,0
2026-08-28 09:00:00+00:00,4602.752,4607.539,4600.367,4605.268,7541,50,0
2026-08-28 10:00:00+00:00,4605.305,4610.055,4597.458,4600.01,7144,50,0
2026-08-28 11:00:00+00:00,4600.129,4601.484,4591.211,4593.566,8562,50,0
2026-08-28 12:00:00+00:00,4593.444,4603.943,4589.001,4601.495,12781,50,0
2026-08-28 13:00:00+00:00,4601.599,4627.653,4593.835,4604.968,22822,50,0
2026-08-28 14:00:00+00:00,4604.814,4632.4,4529.716,4576.756,86578,50,0
2026-08-28 15:00:00+00:00,4576.698,4583.186,4523.884,4524.734,52338,50,0
2026-08-28 16:00:00+00:00,4524.608,4529.56,4464.067,4479.602,61098,50,0
2026-08-28 17:00:00+00:00,4479.668,4486.735,4460.413,4469.28,29995,50,0
2026-08-28 18:00:00+00:00,4469.19,4471.877,4445.393,4457.011,23643,50,0
2026-08-28 19:00:00+00:00,4456.801,4467.109,4452.853,4458.572,17035,50,0
2026-08-28 20:00:00+00:00,4458.623,4462.851,4453.077,4456.185,7808,50,0
2026-08-30 22:00:00+00:00,4439.165,4466.055,4439.1,4461.479,7181,50,0
2026-08-30 23:00:00+00:00,4461.694,4466.996,4435.725,4458.345,9969,50,0
2026-08-31 00:00:00+00:00,4458.406,4472.528,4452.135,4456.548,17207,50,0
2026-08-31 01:00:00+00:00,4456.605,4463.446,4435.934,4440.366,35469,50,0
2026-08-31 02:00:00+00:00,4440.421,4441.683,4396.438,4423.125,27120,50,0
2026-08-31 03:00:00+00:00,4422.798,4434.174,4419.713,4422.689,12147,50,0
2026-08-31 04:00:00+00:00,4422.837,4425.122,4412.92,4424.704,8831,50,0
2026-08-31 05:00:00+00:00,4424.636,4444.077,4419.111,4442.896,15106,50,0
2026-08-31 06:00:00+00:00,4442.956,4443.399,4429.209,4439.397,12902,50,0
2026-08-31 07:00:00+00:00,4439.177,4448.476,4435.032,4443.228,10310,50,0
2026-08-31 08:00:00+00:00,4443.151,4449.69,4433.762,4435.552,8681,50,0
2026-08-31 09:00:00+00:00,4435.913,4445.65,4435.483,4445.586,6894,50,0
2026-08-31 10:00:00+00:00,4445.385,4455.735,4444.754,4453.866,8100,50,0
2026-08-31 11:00:00+00:00,4454.017,4464.212,4452.522,4455.317,8260,50,0
2026-08-31 12:00:00+00:00,4455.528,4461.164,4435.441,4435.648,14799,50,0
2026-08-31 13:00:00+00:00,4435.833,4448.304,4415.58,4418.8,23929,50,0
2026-08-31 14:00:00+00:00,4418.734,4436.364,4416.18,4431.79,25387,50,0
2026-08-31 15:00:00+00:00,4431.605,4438.02,4424.627,4426.123,19327,50,0
2026-08-31 16:00:00+00:00,4426.177,4440.45,4423.659,4433.144,11703,50,0
2026-08-31 17:00:00+00:00,4433.543,4440.17,4428.614,4436.636,9144,50,0
2026-08-31 18:00:00+00:00,4436.565,4437.041,4426.217,4430.817,7190,50,0
2026-08-31 19:00:00+00:00,4430.885,4453.95,4429.187,4453.562,9275,50,0
2026-08-31 20:00:00+00:00,4453.356,4456.06,4446.578,4448.663,4857,50,0
2026-08-31 22:00:00+00:00,4450.329,4456.008,4445.502,4447.138,3750,50,0
2026-08-31 23:00:00+00:00,4447.209,4452.515,4441.766,4452.242,4268,50,0
2026-09-01 00:00:00+00:00,4452.325,4461.724,4446.107,4453.593,12616,50,0
